model,n_repeats,accuracy_mean,accuracy_std,macro_f1_mean,macro_f1_std
hard_vote_ensemble,5,0.9777777777777779,0.04444444444444447,0.9771428571428572,0.04571428571428573
rf,5,0.9555555555555555,0.054433105395181765,0.9542857142857143,0.05598833697790123
svc_rbf,5,0.9555555555555555,0.054433105395181765,0.9542857142857143,0.05598833697790123
extratrees,5,0.9333333333333332,0.054433105395181765,0.9314285714285713,0.05598833697790123
