model,n_repeats,accuracy_mean,accuracy_std,macro_f1_mean,macro_f1_std
extratrees,5,0.9977777777777778,0.004444444444444429,0.9977760617760618,0.004447876447876453
hard_vote_ensemble,5,0.9977777777777778,0.004444444444444429,0.9977760617760618,0.004447876447876453
rf,5,0.9955555555555555,0.005443310539518154,0.9955521235521235,0.005447513868120125
svc_rbf,5,0.9955555555555555,0.005443310539518154,0.9955521235521235,0.005447513868120125
