model,n_repeats,accuracy_mean,accuracy_std,macro_f1_mean,macro_f1_std
svc_rbf,5,0.9944444444444445,0.011111111111111117,0.9944347826086958,0.011130434782608714
hard_vote_ensemble,5,0.9833333333333334,0.013608276348795441,0.9833043478260869,0.013631942916358575
extratrees,5,0.9777777777777779,0.011111111111111117,0.9777391304347827,0.01113043478260871
rf,5,0.9333333333333333,0.028327886186626596,0.933139285834938,0.028575950545407822
