method,n_repeats,mse_mean,mse_std,iou_mean,iou_std,dice_mean,dice_std,shape_acc_mean,dy_mae_mean,eps_mae_mean,method_rank
parametric_inverse,5,0.00024236212836371528,4.291960472444419e-05,0.9339883426950907,0.009943948702686785,0.9569033379360181,0.008254391109290346,0.9777777777777779,0.0016336142913721276,0.020929791413453958,1
latent_ridge,5,0.0007063025998626023,2.0833290689362194e-05,0.4401968202885314,0.014294709661367384,0.5541498836217363,0.015850827348971017,0.0,0.0,0.0,2
