method,n_repeats,mse_mean,mse_std,iou_mean,iou_std,dice_mean,dice_std,shape_acc_mean,dy_mae_mean,eps_mae_mean,method_rank
parametric_inverse,5,0.00032332695855034725,4.87519550198461e-05,0.9579198926098232,0.006292918330683895,0.9774248702216386,0.0035737215393943826,0.9777777777777779,0.002207609070675623,0.021377437434003225,1
latent_ridge,5,0.0005592003376362028,4.764485688861264e-05,0.7301915975193476,0.015919763671028566,0.8398657576306302,0.010119057154077092,0.0,0.0,0.0,2
