seed,train_size,test_size,mse,iou,dice
40,144,36,0.000642338267732924,0.7059280073075733,0.8244034481727236
41,144,36,0.0005333455189967589,0.7268641147298815,0.8384282396362546
42,144,36,0.0005371757554629836,0.7355501040378176,0.8414130680710102
43,144,36,0.0005275518304939907,0.7496176476459292,0.8524505668439901
44,144,36,0.0005555903154943488,0.7329981138755364,0.8426334654291731
