{
  "best_model": "svc_rbf",
  "holdout_metrics": {
    "accuracy": 1.0,
    "macro_f1": 1.0
  },
  "leaderboard_top": [
    {
      "model": "svc_rbf",
      "n_repeats": 5,
      "accuracy_mean": 0.9944444444444445,
      "accuracy_std": 0.011111111111111117,
      "macro_f1_mean": 0.9944347826086958,
      "macro_f1_std": 0.011130434782608714
    },
    {
      "model": "hard_vote_ensemble",
      "n_repeats": 5,
      "accuracy_mean": 0.9833333333333334,
      "accuracy_std": 0.013608276348795441,
      "macro_f1_mean": 0.9833043478260869,
      "macro_f1_std": 0.013631942916358575
    },
    {
      "model": "extratrees",
      "n_repeats": 5,
      "accuracy_mean": 0.9777777777777779,
      "accuracy_std": 0.011111111111111117,
      "macro_f1_mean": 0.9777391304347827,
      "macro_f1_std": 0.01113043478260871
    },
    {
      "model": "rf",
      "n_repeats": 5,
      "accuracy_mean": 0.9333333333333333,
      "accuracy_std": 0.028327886186626596,
      "macro_f1_mean": 0.933139285834938,
      "macro_f1_std": 0.028575950545407822
    }
  ]
}