{
  "best_model": "extratrees",
  "holdout_metrics": {
    "accuracy": 1.0,
    "macro_f1": 1.0
  },
  "leaderboard_top": [
    {
      "model": "extratrees",
      "n_repeats": 5,
      "accuracy_mean": 0.9977777777777778,
      "accuracy_std": 0.004444444444444429,
      "macro_f1_mean": 0.9977760617760618,
      "macro_f1_std": 0.004447876447876453
    },
    {
      "model": "hard_vote_ensemble",
      "n_repeats": 5,
      "accuracy_mean": 0.9977777777777778,
      "accuracy_std": 0.004444444444444429,
      "macro_f1_mean": 0.9977760617760618,
      "macro_f1_std": 0.004447876447876453
    },
    {
      "model": "rf",
      "n_repeats": 5,
      "accuracy_mean": 0.9955555555555555,
      "accuracy_std": 0.005443310539518154,
      "macro_f1_mean": 0.9955521235521235,
      "macro_f1_std": 0.005447513868120125
    },
    {
      "model": "svc_rbf",
      "n_repeats": 5,
      "accuracy_mean": 0.9955555555555555,
      "accuracy_std": 0.005443310539518154,
      "macro_f1_mean": 0.9955521235521235,
      "macro_f1_std": 0.005447513868120125
    }
  ]
}