{
  "case_id": "bar_Re300_p11",
  "backend": "synthetic",
  "shape": "bar",
  "Re": 300,
  "dy": -0.028021688134995806,
  "eps": -0.013771012919400711,
  "seed": 860645062,
  "geometry": {
    "H": 1.0,
    "d": 0.2,
    "x0": 3.0,
    "y0_nominal": 0.5,
    "y0_actual": 0.4719783118650042,
    "L_in": 5.0,
    "L_out": 5.0,
    "L_total": 10.0
  },
  "probes": {
    "count": 32,
    "x": 10.0,
    "y": [
      0.015625,
      0.046875,
      0.078125,
      0.109375,
      0.140625,
      0.171875,
      0.203125,
      0.234375,
      0.265625,
      0.296875,
      0.328125,
      0.359375,
      0.390625,
      0.421875,
      0.453125,
      0.484375,
      0.515625,
      0.546875,
      0.578125,
      0.609375,
      0.640625,
      0.671875,
      0.703125,
      0.734375,
      0.765625,
      0.796875,
      0.828125,
      0.859375,
      0.890625,
      0.921875,
      0.953125,
      0.984375
    ],
    "components": [
      "u"
    ]
  },
  "sampling": {
    "dt": 0.01,
    "n_samples": 5644,
    "t_start": 0.0,
    "t_end": 56.43000000000001,
    "transient_steps": 2258,
    "f0_est": 0.35441536476897795
  },
  "synthetic_profile": {
    "challenge_enabled": true,
    "noise_std": 0.05399999999999999
  },
  "files": {
    "probes_csv": "probes.csv"
  }
}