time,u_000,u_001,u_002,u_003,u_004,u_005,u_006,u_007,u_008,u_009,u_010,u_011,u_012,u_013,u_014,u_015,u_016,u_017,u_018,u_019,u_020,u_021,u_022,u_023,u_024,u_025,u_026,u_027,u_028,u_029,u_030,u_031
0.0,0.10729577197820545,0.24380398480636098,0.43128196969133237,0.6204751510543429,0.7213254951458756,0.8693888526409965,1.0052511793164158,1.0967524275653173,1.203558449532266,1.21980881194287,1.2871560609234998,1.3442091484236671,1.4490691241154825,1.4336354879389592,1.4935478262756885,1.5247065400245408,1.4794670734081248,1.5036377956745668,1.5119532786211192,1.4227486559466993,1.3784681218427202,1.3570222409328228,1.1929247634714473,1.2154580504277324,1.0045202650296612,0.992612662329404,0.9041930662136735,0.6205638141083897,0.6554754009716808,0.40064987434185906,0.2592126149173464,0.1552392410713856
0.009999999999999787,0.08335485153364279,0.23992596956142137,0.4455639954838833,0.5903344838522945,0.6818168174175007,0.8346735571423222,0.9818766342021366,1.1257506738101266,1.2080616172065846,1.226772907999259,1.2862005059125756,1.3861983287743656,1.374436851518531,1.4934318553984238,1.5211931234089349,1.4764321092101198,1.5137157155325645,1.5317800020398005,1.5015276871623333,1.4610789328891294,1.4251146599197873,1.3220421002516183,1.1434566893695866,1.1539065090061706,0.940084154135162,0.8938399466087732,0.8082304657529527,0.6806305211855789,0.6606739951344462,0.4028304083517593,0.2002923115286466,0.24020818759613752
0.019999999999999574,0.14251022490890097,0.3569054701846075,0.44348446898115806,0.5887797264691342,0.6883846954976222,0.8106622718578701,1.0136351835376134,1.0695455413666979,1.2227659946862703,1.2532599567989513,1.2851991507396807,1.3856556401262323,1.4484150606136592,1.4326443085503762,1.4759736032200752,1.4777237971435846,1.4742896816190822,1.4921792937604927,1.479915334697809,1.4140520962150323,1.3894574606966887,1.3394465853363766,1.1770012932637168,1.1455294603632735,1.0149262501632494,0.9521804467658156,0.8057500708643811,0.656215695011097,0.6978833304111508,0.41689882314356097,0.20863628145574964,0.24018927129571552
0.02999999999999936,0.0749822075471969,0.3072942504840849,0.4868955475993191,0.6883957424426616,0.7001967388802641,0.8879745331372422,0.9891704641454857,1.0913768145613896,1.1906347906157577,1.2573552637140137,1.3155088978153469,1.3563562560256575,1.441780008590884,1.4840405281405145,1.4808658532142736,1.4698053811960081,1.5016275457086827,1.5456844262178278,1.435214083535413,1.399240852825987,1.3605259518875663,1.3215051106162206,1.2024563381206568,1.2011051343390675,0.9896098770700803,0.910973155228366,0.8058439277575039,0.571937784763901,0.6898916835390838,0.35031942762159557,0.17686285964978626,0.22590353327270268
0.040000000000000924,0.031755125895712055,0.21893372266938352,0.44173541424674484,0.5801827869456501,0.7200810480272334,0.8580889796808149,0.9732405870155457,1.040192890591951,1.1654194197156706,1.2061350346956046,1.2974656329639553,1.3466113963107138,1.4369413102130857,1.4520828845195537,1.5316141981330091,1.5268098186923553,1.5029915463480463,1.5307251374901585,1.4060178708691917,1.3572158256012365,1.4272612776490041,1.298884947069705,1.1792272860152755,1.1466518885435606,1.0167874108343298,0.943752614054618,0.8073966382274044,0.6217776318242882,0.6891948394850482,0.3219924635589597,0.15972010290803615,0.2646928509528139
0.05000000000000071,0.05367091051330751,0.3720721302186778,0.40690497829624295,0.6290410011598335,0.6964440595159744,0.8201123604933344,0.9525996652500011,1.0687235271498898,1.1704144461858128,1.2458868884091978,1.2956099377852301,1.3110907215116914,1.4553405624273703,1.4798632598960624,1.491944412314099,1.484824594968244,1.376453188490656,1.563649284307355,1.4205219189083649,1.3713909518334482,1.3635954847662923,1.3157909875682132,1.1796054028476577,1.1173828158022139,0.9401304699246325,0.9161248387646349,0.8391111378949087,0.6090188242157581,0.7302101475866034,0.3142812627162317,0.2334396071321851,0.35279242059591825
0.0600000000000005,0.08199380277838533,0.36549018740763367,0.4770350657312032,0.6544857678082966,0.6924650937446312,0.796759631146373,0.9744745436980781,1.0568873543246589,1.1485667776449955,1.2598762944959547,1.2917781958531254,1.3254463466980828,1.430974235050208,1.4714654450844016,1.496433391091243,1.4487377541872686,1.5412658169252003,1.5484028975781576,1.4302539721534926,1.437015022221945,1.3796086867081663,1.3032612960528753,1.182103380370962,1.1002923975660481,0.9182261058873096,0.8996172586212696,0.6977936653302518,0.5790572403064556,0.7072124929197626,0.2968221412051336,0.18376464870005452,0.3446206743915273
0.07000000000000028,0.11791172274414218,0.32839359349333214,0.4134979573293812,0.6303782733973724,0.6856670046351124,0.8250553939571506,0.942681004452481,1.0670329748147955,1.1298037469336544,1.2272265515075298,1.2893958137348018,1.3826457858186452,1.4148048196918521,1.4528694150247505,1.4553556968020673,1.4316415455392362,1.4575780067389696,1.5191567943133097,1.4346037642643525,1.31389287680009,1.3895209345404458,1.3046597859536868,1.133631520561864,1.1082906999631663,0.9827311069264714,0.8528788902986978,0.7746424926216032,0.623076090613545,0.7353792999112065,0.2926503551655513,0.18027192068851317,0.27408233550587213
0.08000000000000007,-0.007573970723461072,0.2982372605276344,0.3668710391803154,0.5978914331764938,0.6663746415291272,0.8339881612828265,0.9508182201188331,1.031727305028345,1.1667970913037014,1.305386060572159,1.337248413792879,1.306238930340152,1.4638219882370154,1.4665297933450303,1.5147746391369246,1.4760092497145845,1.483886060236042,1.501063988899759,1.456153683145062,1.404288869398307,1.3567422380786516,1.2735180580980898,1.2345245727740968,1.105431154110136,1.0021876988320138,0.882040402118464,0.6788472225152616,0.6379691352456072,0.7154698287475681,0.3591475531920549,0.2429000581864677,0.3277890819904326
0.08999999999999986,0.02136202444781623,0.24644209008081877,0.42419712322090064,0.5898738272424847,0.6856255070260593,0.7509641889801398,0.9437908602879926,1.0237405149003351,1.0883475416975168,1.2462317151249906,1.2570458925838668,1.3680582683387512,1.3657732108221106,1.5475708332808258,1.4640133515614218,1.4694754621581203,1.5022428802399004,1.4981510216346647,1.4403166931384956,1.3758710481123309,1.3592880091438675,1.315210660116835,1.1722843298891974,1.0771308214490674,0.9431726668971453,0.8682339332274668,0.7612265682609596,0.6751894771399712,0.729323343757215,0.34117909060974444,0.21503411417637103,0.3080983659088574
0.09999999999999964,-0.04940502585269484,0.2926208064743317,0.3610248551234122,0.6054467605988793,0.6524253006550719,0.842027963382038,0.9347986754344272,1.0491852413745968,1.1096836171391404,1.1939740307906495,1.354466440405632,1.36472745562943,1.42416212733686,1.5064048127165348,1.5335582455318177,1.5155867748077345,1.5043205037914298,1.4826150190971776,1.4243181713197717,1.344858427154376,1.2936416793261203,1.2994242750405,1.2681962067929484,1.1248148289431366,1.0007571810088272,0.8565014036474433,0.7308286030253041,0.5978840512110929,0.6985926305764796,0.3145034904315612,0.17069286583419402,0.3648793371433857
0.10999999999999943,0.05061228932827071,0.3117085757315701,0.37674137184723483,0.590933727106675,0.5832163823399589,0.8022031061972402,0.9128275343431721,1.0145958026862951,1.1723972427695384,1.268360145149143,1.3342302306641536,1.3821867163991715,1.442011030032831,1.4303665917609931,1.4713357836138188,1.5353706737063655,1.5086507352292635,1.538028361469734,1.3901579177674404,1.3412336320976692,1.3517758224433245,1.2947887568336267,1.2659371591305766,1.075641007483466,0.9845673153564518,0.8438366589447795,0.7324270636846141,0.6975104248463087,0.7220626264665656,0.35110052645367806,0.23423584228180616,0.35382315892419924
0.120000000000001,-0.04864470203209101,0.2761990788500124,0.3391053049027393,0.5504237286168991,0.6216049141952851,0.7153108101025268,0.9403962138597498,1.0597070396264157,1.0850107960361564,1.1836957512880733,1.2622879230332427,1.382176183628145,1.3980864774686586,1.44015289723878,1.4524250330765474,1.4687365734258475,1.4978425532616864,1.518216475408575,1.4227844525031246,1.3768150066102036,1.321604052046705,1.2437499599177557,1.1996912954261898,1.0880914753936162,0.9696140015146497,0.84591524899818,0.7836436195694129,0.7185129173553736,0.6976807713704127,0.39965682833217414,0.2260007263261924,0.2843139754794628
0.13000000000000078,-0.11115778705232324,0.329076497981563,0.3210918663549306,0.5541655099694365,0.5555574514339191,0.7648136418628134,0.897779182935602,1.0172304433291572,1.175897731919394,1.2274218758632802,1.3286582432824159,1.395620469001207,1.4438672898654996,1.4755321797752847,1.4658577994706379,1.4451919604043666,1.4945293320482322,1.5188450732634897,1.4474037564603042,1.4488100573385079,1.346702679313898,1.2559652235290362,1.2628970029619702,1.0668867968947933,0.9990763211803466,0.8886167753060893,0.7985388076406149,0.7492582716723659,0.7587614675260081,0.4626138035485583,0.25799125316007204,0.2661441885746027
0.14000000000000057,-0.010238377890500507,0.2307637006950565,0.35390302276752383,0.4939603165605326,0.5947963108560119,0.7609245785980043,0.8749075549114348,1.0488877599453101,1.1021029463549468,1.241676426336953,1.3006223501952583,1.348544103172639,1.4234277138272002,1.499919789707058,1.487251270983549,1.4698110298544274,1.4757675514765043,1.5357634805154288,1.4725527233569375,1.4142056079084557,1.3143662457120369,1.2728422346790214,1.2710842436724794,1.0676748685045103,1.0651505849275582,0.9285896086271379,0.8063051266821775,0.7276427269129713,0.7101589241809667,0.39444401354617753,0.2985557655984149,0.3095373261151856
0.15000000000000036,-0.10377306556599689,0.23957770190121006,0.27296281375394704,0.4872630954257713,0.5593957767090362,0.7042127444573564,0.8542061683699675,1.0110448496469207,1.1263891719598003,1.2456288261679285,1.2765912244381379,1.3051787160366453,1.4318801097868266,1.4580894704181153,1.5128589469702056,1.532227710087719,1.4936618952647616,1.5014141249056383,1.381749604916068,1.4536373132656348,1.3206188166416704,1.3101614174759504,1.3433104193963372,1.1003726010539645,1.0548877491908704,0.8708147547683285,0.8320963108428181,0.7293723745583179,0.7077258384306198,0.42908480088938283,0.26186103575622527,0.25861704849294703
0.16000000000000014,-0.02774975978610249,0.2976953378158067,0.27950448400117084,0.5400415430007767,0.5599772636147583,0.7351061059327527,0.8855272871004715,0.9454876955245792,1.1638206288696595,1.2791898708424894,1.3085583835985686,1.370526169665544,1.4313520337547603,1.5243941669262737,1.5376260616637705,1.492336143684313,1.4483636143601617,1.537549421042827,1.481664851717302,1.3893068063356901,1.3090987287861482,1.3011381011047765,1.2792952964572848,1.1519272785227823,1.041005745447735,0.9194543238449435,0.732953936260937,0.7310218777150033,0.6338272938839979,0.4545302838310432,0.3244793975959416,0.27172959704103977
0.16999999999999993,-0.05424206193304519,0.24242995613278046,0.28682739122723727,0.5365813390936038,0.5767228894399778,0.7333640942811298,0.8504187309448809,1.0446866202214022,1.1170646828869462,1.2581970556029798,1.2927501062768973,1.2957774868923642,1.408364719668645,1.4827604246864954,1.468511945572985,1.520390996830979,1.493382817211512,1.4667621188397808,1.4242100284798036,1.3520946899638098,1.2998841059073842,1.33927967049892,1.2997653799931221,1.1395873795831715,1.075632753202852,0.8789863374858317,0.8132995191181029,0.7509904225836879,0.645362656352889,0.4616588019833935,0.3508788712402446,0.2194517135774125
0.17999999999999972,-0.09246675123618876,0.21369407077228397,0.26051219737648895,0.5020400832981795,0.5623662493421362,0.7188341749445508,0.8463600272349514,1.0282519360468307,1.1292420575681859,1.2749561991583922,1.326647776540445,1.3558018364900926,1.4477170935752484,1.4870423568032936,1.4580677541349307,1.448833951535499,1.4655169894248652,1.5328577898321676,1.4244667582382846,1.3672501341200383,1.3276283333876273,1.2973599655346835,1.3252796091674819,1.107233276262943,1.0525108153400575,0.8894536732947953,0.7943172273162591,0.7775806800638885,0.6353813983269222,0.390375583072033,0.38155382350479855,0.21621106391085917
0.1899999999999995,-0.1581177797535181,0.16317860342526824,0.29240145627285435,0.5724017779029246,0.6121935008792027,0.7008782960267035,0.8663483090475167,1.0160058685479736,1.0890674575038275,1.211459348892263,1.3106745622638545,1.3899158003980727,1.4271496896240816,1.462350904435057,1.456875682730223,1.495623837274651,1.4958216889148823,1.5388562170383315,1.4194841615221168,1.3500020807846889,1.340043503520776,1.2529461643786406,1.3269385214821443,1.1379743717265263,1.0914284138283947,0.8971552330581443,0.797948274165695,0.8087561041554412,0.6464894276603222,0.47250525571428875,0.3321415498904999,0.1597596300499619
0.1999999999999993,-0.039194220179398775,0.21370945368686112,0.25303893616877404,0.47870154929757824,0.5912490571766738,0.7762860774334409,0.9101410189993706,0.9798737807509953,1.0527320512128173,1.22567449506289,1.30186861367101,1.2663957561584724,1.4279488492653603,1.408012721917197,1.4528677470038007,1.4846694514802405,1.4476405238077743,1.5245495535821858,1.4460119829491498,1.4071932761561645,1.3464727464531956,1.2993972417541013,1.2670117849166276,1.1311139376869865,1.114933125260608,0.926414877048575,0.8475973884101696,0.7514774350397998,0.5702021176378266,0.45678208630317374,0.36523840629685794,0.1450312900216311
0.21000000000000085,-0.04331069707240837,0.1721668667465906,0.2866310273041707,0.5045936500474869,0.5653278189239224,0.7132415161143956,0.9497541847650178,1.0240330257749475,1.0810524194159652,1.1995013038631297,1.2997234814670022,1.3431316417165922,1.3901582586633079,1.4236716225375516,1.5067188835746452,1.5049596338895677,1.4319982637166002,1.5297075110487233,1.4203675035907486,1.3983654917455073,1.3415572973109173,1.2745666254984782,1.3347133425629465,1.2148631938471004,1.104805817445952,0.9123891193770189,0.8256072460035019,0.8232381476705124,0.5634959069442967,0.5135680799503634,0.4108581888709566,0.1846945884981709
0.22000000000000064,-0.02749836429053134,0.179112626177959,0.28693304321217655,0.4832484108392958,0.5985421205976919,0.6983186119158123,0.8638715556562104,0.9897911255883438,1.1436805705568456,1.270114489135338,1.2645580777559524,1.400547857719452,1.429621724291882,1.427315063836376,1.4977957417702523,1.5025207132239995,1.4575341721419555,1.4517733404866526,1.3935674370168647,1.4142132494543407,1.337089488979573,1.2721403349132703,1.331653016128619,1.1495516968590325,1.0743002190348152,0.9092806979829395,0.8008214820926033,0.837575283709379,0.5281307395550136,0.488247991990873,0.35508385939616666,0.14904443680122906
0.23000000000000043,-0.04972546609590225,0.1879166948672135,0.26627453794752237,0.5042409146139789,0.6007769381329544,0.7648197586866252,0.8799379695559237,0.991753886246444,1.1055259835526268,1.2450335660924083,1.2832348039714565,1.3631964146700561,1.4315479987539788,1.4718693848598539,1.4392639085909869,1.4384417176205644,1.4955117903549788,1.5416308763552535,1.436547202903376,1.4533513419526334,1.3971680104921533,1.284093992261728,1.304690300918839,1.1340881335262003,1.1534441311321548,0.9787790056930564,0.8115289787163609,0.8832334436313767,0.6153253174319839,0.49298573405570456,0.31701959558748427,0.08517092315184603
0.2400000000000002,0.032793502127214026,0.21781223315693218,0.2913893335273092,0.4757487198649174,0.5759178319603313,0.7540799055798916,0.8650881064467059,0.9846097255027075,1.0630941112152708,1.1918284118834501,1.291883111677782,1.359957008289652,1.385790435046932,1.4485490166723383,1.4737516205310297,1.4557819925148467,1.4802385846458437,1.4703213049609436,1.43323928181968,1.4209022655023205,1.3037344178923538,1.2795241921922857,1.3786990328905921,1.140597227630877,1.10894909704471,0.9548147594706525,0.855847582528781,0.8299091533965341,0.5305995566454232,0.5139523627588037,0.42199431895956574,0.10956424211168121
0.25,-0.037734669958750335,0.20104944588149698,0.3089791230846829,0.5052228401986902,0.6040808231619146,0.7942424190181612,0.9114968810080842,1.0457107748099777,1.105329866224413,1.204074532995991,1.2670510169431242,1.3127179196459922,1.466973790307689,1.4720628011503294,1.4988655636345822,1.4568508814599013,1.4681274580615014,1.5260075710986285,1.413371710102576,1.3858530193832603,1.3452313154184137,1.3179029754347675,1.3873422281491303,1.1725091797456009,1.1367904799867792,0.944550239845014,0.8526259810234307,0.802337632133167,0.5483583469362964,0.48578986344458747,0.37175431718838126,0.171317507879253
0.2599999999999998,-0.012750786820767298,0.2475891283765608,0.29250955187922467,0.5006104785963715,0.596100688636214,0.729078038500317,0.8909145235402349,1.02626807844237,1.125023586318306,1.188096903794205,1.299477299196238,1.3372265969630626,1.3906562563724063,1.5522322659870702,1.4302720759630216,1.4135112956877427,1.5013045874651552,1.4950807911697106,1.4942103175840815,1.4707820009794443,1.4172839656093377,1.3438903853331796,1.3748839874359309,1.1216397749261822,1.0997929233614647,0.9237315287358359,0.8516216924832476,0.7838645254376492,0.49142092065227905,0.5374918860050301,0.39984526201192844,0.12377531137393526
0.2699999999999996,0.0012935882899809906,0.19982450744417712,0.30095539982270086,0.48830088080236056,0.6633176185362744,0.7622861799400803,0.8735414770793233,1.0444998787508362,1.1636486213011203,1.2140394527294311,1.3020253359542118,1.3012934703004393,1.409437473494518,1.4618225355951169,1.4578409052241912,1.4585847591149579,1.4358249867621815,1.4068904948285819,1.4396661152212877,1.3782693462926883,1.3597203999678948,1.2602948511226253,1.363300456628995,1.0992473040599566,1.1083518836537354,1.0291623926251732,0.9064287072332877,0.8157169353374677,0.5197439124054763,0.5005626806945793,0.44913330966489867,0.15854188709569153
0.27999999999999936,0.05335401798484027,0.23954219781071898,0.31790056591034455,0.5017250299879591,0.6757026948049584,0.7776650636822919,0.864480885447329,0.9932402711116007,1.1224729672715932,1.1890389761043896,1.2987259422055863,1.3734619399040113,1.3992949903514837,1.4347787721914351,1.5060151013382423,1.5091498021787393,1.482799631017106,1.4906308209394075,1.4452817568497558,1.4794312001567713,1.333244730702479,1.3102265886499036,1.367937908881484,1.1589449213969152,1.1269008827034226,0.9839067736742266,0.873884706447741,0.7833124214435894,0.49485126523566914,0.5333596507247453,0.39287148638091707,0.13904571885752978
0.2900000000000009,0.05412141162525047,0.15622337128826408,0.33652570493149986,0.5590001543008929,0.7114042040334511,0.8306055437044793,0.9409592048342255,1.0229144712776868,1.0783191298192165,1.1497774069750828,1.3141064029695284,1.304370915094181,1.3922597500933611,1.4163650135447328,1.452366180143372,1.4359839693772996,1.4856316668960359,1.448110511382969,1.4874005067303164,1.3913465768789683,1.385883888994977,1.3386654243362146,1.4032289018785016,1.1586726434803403,1.146870708971666,1.007507673421088,0.9037926227948346,0.8604776994161114,0.4950857901206594,0.5644720170669609,0.4026851711676463,0.13423210720681752
0.3000000000000007,0.04035654298436838,0.23147306782409746,0.2786833081334808,0.49828366755879366,0.6945463090571558,0.8268918465540904,0.8933964791458716,1.036658119801068,1.104866930104468,1.2684898049222928,1.3232653956665605,1.3626276425446375,1.4460849363111252,1.4899013484968886,1.4899209194998235,1.4422906638950241,1.4891386288656832,1.4433924236462436,1.4203599262579518,1.4068945961000001,1.4013158806136845,1.352414235547451,1.3434503741315136,1.2024912075605727,1.1166177401074557,1.0190841700166955,0.8260434384349424,0.7977175398391088,0.4489821821544054,0.49111405910233513,0.39827613990882316,0.10071147355134646
0.3100000000000005,-0.0166440257126336,0.24283877122705652,0.351896591755586,0.5255568416723314,0.692630681411725,0.7655319166628882,0.8940192445060423,1.0135274263596632,1.1312459531316488,1.1562537070306118,1.2641893042115504,1.3077805112359506,1.4177193197229376,1.4795939037366972,1.4755407175311184,1.4879232613275177,1.462591345685618,1.4935135740873344,1.4872874058479826,1.4694385286667015,1.3823347563811468,1.337603736662851,1.376306837924089,1.1723620904943794,1.1434854569772381,1.0009442723006925,0.9566948661024325,0.8267508068220879,0.47939456035344097,0.5482163030087764,0.4552702836369345,0.133278244903758
0.3200000000000003,0.0526976108936348,0.25701907777186345,0.32400933696267475,0.4606094125907921,0.6507785539785689,0.8032844462233045,0.8877282904154272,0.997980837706441,1.120426962644646,1.2176164689283875,1.2992484603414234,1.3678758222140004,1.377612119114868,1.42593708334194,1.4881220226888252,1.483344189120232,1.4951325464999157,1.4192709276440696,1.4382826185310102,1.4240567675201892,1.402993242827463,1.3352990039134134,1.3206338677895193,1.2262602940462861,1.1362603555452702,0.9711877234136767,0.8637759158706506,0.8587000479566173,0.5356913917942375,0.5662989313225084,0.4363148577800697,0.1686416406711889
0.33000000000000007,0.08085892518435374,0.16503828585473623,0.32244194257868114,0.4992173929300915,0.6884263981328121,0.7982652779479134,0.8927092201692857,0.9962091254793515,1.1418286313515709,1.1858736275240283,1.2105761188430013,1.3182717345910886,1.424015919575653,1.4565003201095776,1.4604746874212295,1.4512930576664194,1.5289737012065718,1.4852862674363572,1.4852046418598628,1.4919068761796113,1.3862920484191266,1.3466902668446115,1.3109663734952741,1.1820273301527326,1.1608634502187727,0.966300553276323,0.8714668420289915,0.8622577606292227,0.552895689084698,0.5432038678484007,0.4425825045266121,0.10746357704790624
0.33999999999999986,0.0699175927111899,0.19910222778166206,0.3650347313209544,0.49943876058125714,0.6698940756343349,0.7460299451941215,0.8992618857469002,0.9801578705357756,1.1160314579180264,1.1735558343325383,1.2980931285149866,1.3297322247665553,1.3526370827798608,1.4302085177694328,1.4675057953891464,1.519123259574655,1.476725768419434,1.443487892313663,1.477805447266865,1.3625746550737767,1.369984207268977,1.3230167438484843,1.3151477174893393,1.2077713515789794,1.141626834501456,1.005326838557064,0.8793653290346156,0.8294108546311004,0.5081207504226662,0.5741102279155272,0.3801189018699568,0.05861830132261912
0.34999999999999964,0.0472251077113161,0.23426340280766392,0.3228130342036757,0.5159236176044998,0.7055507955996482,0.7618516095358495,0.9125272455488173,0.9584843537729437,1.1138188430810079,1.1935792645013819,1.2232636537417907,1.3282149489931312,1.3963684797255884,1.4634921257618685,1.4897892121317322,1.5321633253707647,1.533069497756192,1.435714958933494,1.4462435123695416,1.4600589414648772,1.3884099610424132,1.3800471244395276,1.3290584219831056,1.234262143872879,1.2111317284186212,1.0784456112709921,0.8988108327004555,0.8928825360757584,0.5023892325617669,0.5563930120095172,0.41264196142945375,0.09910198524782274
0.35999999999999943,0.04111294462444397,0.17249536723839282,0.33625554174915195,0.5196328974661217,0.6940746466840668,0.8285385134971658,0.9035946293627511,1.03028956385131,1.1137622878428233,1.187974677926589,1.2515569569409044,1.3383383785887761,1.3631886469329837,1.3924454671742865,1.438953857634123,1.513113107026746,1.5148649171437125,1.4886458308789463,1.4925623299091633,1.3778878093891875,1.3702886711886462,1.3446378857845709,1.3500122473882876,1.2470309915920843,1.185080231796307,1.031675540083126,0.9534218436399855,0.8931007672220995,0.4987537132436274,0.6277256713157593,0.44918806735565375,0.10710470199489863
0.370000000000001,0.04921058649993117,0.16585849937950306,0.32676474958427876,0.48694233467349085,0.7045908592491608,0.7544102854270844,0.9764385502465248,0.9698448338585366,1.121963927039405,1.1819411404426874,1.2253219757398799,1.3453938106249312,1.401551349210818,1.4731419513622972,1.5055765835818429,1.4979875207378233,1.496404420320115,1.4639954626995346,1.47595817650292,1.4410416651822988,1.4528342066950293,1.3898976660527855,1.3944785756896083,1.231146832375622,1.1186562526535684,0.9812221788463263,0.9057367877482396,0.9088309414877606,0.6143688601919496,0.5855219642183451,0.38716047067005166,0.12212288304871725
0.3800000000000008,0.053709197973915795,0.1408431867441442,0.3331596664157547,0.4156234802124075,0.6464608583337385,0.7697825575638975,0.9138828453947536,1.0116764356738133,1.11999644329629,1.1456948276805543,1.2797597470684845,1.2806804465141142,1.3550929075364098,1.4048290516255253,1.4582526670325997,1.493507236475051,1.5255333821976924,1.4482323814025244,1.4804802462114153,1.4700986088662618,1.478435892042022,1.3794831965547896,1.4173723159280793,1.2218828911778796,1.1346630908930404,1.0453174206619757,0.9048843433080757,0.8992143312980586,0.5376118182322257,0.561784255665052,0.4244318480341102,0.10268727854721162
0.39000000000000057,0.06771562104782596,0.19629458024151214,0.33706464418187637,0.46021130117238457,0.6597390303476914,0.7867905544906804,0.867193061470243,0.9847062300863157,1.1486170355546133,1.2329979744961934,1.2864231215073607,1.3538143167753238,1.3886127150557621,1.440472237659316,1.437572172718805,1.5282050506993514,1.5198514154741407,1.5009336786342466,1.5034171619366956,1.5056362080654453,1.4112740125407321,1.3650900781456323,1.302949547418999,1.21736107778392,1.1751236523416824,1.024588666755969,0.8941000389306535,0.7909936028451998,0.6034556732946994,0.5947518183300315,0.4076560489843403,0.1572805419952578
0.40000000000000036,0.015565124613286237,0.13385560066120783,0.38405866576333875,0.5004070381779101,0.6692100196056646,0.7838029652713656,0.8969017138204679,1.020694459147217,1.1833034374214928,1.2339635370619564,1.3489358666763454,1.3769937063268125,1.3911542846353206,1.4843263360340713,1.471404743604807,1.5344590148570687,1.4683906205290604,1.4726529421616488,1.4994371845654875,1.502475264654318,1.4084628122459026,1.3522580456168802,1.3507041017998285,1.221762838971712,1.1959613365305013,1.079511741828289,0.9345081886929295,0.8578160666523259,0.5866171912142668,0.5817965177292654,0.4644794432354108,0.11921336935423701
0.41000000000000014,0.01267118936626342,0.11026600053915482,0.3417754333735291,0.45971584140372124,0.6973765470949844,0.8093614613281188,0.9043046859452686,1.0173803747755108,1.1909959443280227,1.1895352022031487,1.3016630108120237,1.3777338414889588,1.4383701291413404,1.4046379547054868,1.397392716274938,1.5551151004960344,1.4967227407790706,1.4989284407670636,1.4358170023534647,1.4653615158603803,1.3822105252310435,1.3866237333647766,1.3007200354901223,1.2008178933279334,1.245613699267934,1.020076596978646,0.9430922055182301,0.8625328501075555,0.595724067764821,0.5115717632453087,0.3867330578593499,0.08323069107978269
0.41999999999999993,0.04598396374609308,0.19726169554010725,0.3670066428177611,0.4615934014107599,0.7043571050009599,0.8115649429184656,0.8877499891705876,1.0237560267969579,1.1047482616160216,1.1650433133330167,1.2864802994260935,1.4255385770430016,1.3918894884643729,1.4697404263352294,1.4431067513760123,1.544627290129404,1.5241109318319475,1.4737344715258176,1.4790661619250076,1.457940673509874,1.417032005240578,1.4139309663440742,1.331988328784367,1.2580028394814016,1.2241205044821004,1.0622972533198056,0.8900514803736909,0.8153632734158422,0.6703456005314489,0.5557981480724071,0.4658227465163284,0.06766129275623607
0.4299999999999997,0.12073943307961364,0.09362432748775298,0.3935086320322577,0.4522478707759786,0.6875904780669826,0.7600670691441725,0.9294814757350001,1.0456964056077038,1.151651244997025,1.1917434716332893,1.2866859540805355,1.3554301945450296,1.3730900589385262,1.4525833634000678,1.4917667813062032,1.4889849525656662,1.4803772805654054,1.5452838139313902,1.5062465288831526,1.4649235744269373,1.3611691950984144,1.418589106995877,1.3914829650433238,1.2847843776583994,1.157624605036121,1.0045203443068436,0.9262895392032165,0.8739282686068225,0.5930397012797549,0.6104513371895879,0.35021377563454453,0.13935882484851253
0.4399999999999995,0.02778642125944374,0.16194543300302394,0.41479983741772264,0.42607338656980853,0.712802482943165,0.8079308778844324,0.9634713297646608,1.035826804300249,1.163945002280889,1.1868382382197715,1.3068582688222738,1.3621198900760398,1.4095296112005615,1.4949770621974958,1.5572254671996646,1.5089587253586536,1.4811633550000027,1.4817644313215794,1.519624905790775,1.4750863849353273,1.482376830274108,1.4264585362750313,1.3232912162974875,1.2332289624929011,1.1542188351096403,1.015150639533469,1.0059361323776925,0.8814027957011017,0.6682811777465691,0.4944769188953777,0.357357612683888,0.1050797960866076
0.4499999999999993,0.10876344456644425,0.1577033406456338,0.327299693700285,0.40260842974017674,0.697191518479218,0.7979718020161168,0.9750373475736946,1.0505895780975454,1.1535974045913,1.2703199223263812,1.2996931632726927,1.3625815002937205,1.3896821543448885,1.4289770687727086,1.4577123448423053,1.4491413713108103,1.535059050798687,1.512617252947329,1.5027558147544273,1.4308742649434114,1.4496613402199652,1.3501516767186625,1.2840488924006355,1.1985308275142605,1.1945208521724726,1.0678626767612902,0.9375196799009868,0.8339366859433769,0.654615431826421,0.4722746498926699,0.41491649168501515,0.11342466142489288
0.46000000000000085,0.055213614904404275,0.11891170539347953,0.39488325007479785,0.4265070118912298,0.7057914885359002,0.7982791576642362,0.977912636540141,1.0237680301892622,1.1838972149951272,1.2061804100058187,1.2832239125931668,1.3684144212465401,1.367907566533997,1.4762400060419902,1.4807910864171319,1.4925942994370114,1.5128215777537202,1.5095805318979938,1.4783788784074388,1.496573015277143,1.433389929709583,1.3408045685889065,1.317608917515658,1.2342092976432986,1.2199916921530227,0.986153199372912,0.9347512710996688,0.8351534549109929,0.7174821315557021,0.6105838063240596,0.39209390332338834,0.16155405191276745
0.47000000000000064,0.13398796087452133,0.08779363063181296,0.33851123365159613,0.4915592611820455,0.7145521647934417,0.8123752784518391,0.9613299375022946,1.0898144866806196,1.1644281598606352,1.2250780647271493,1.2459147778855502,1.3129467276881204,1.3574497963913101,1.4922278312568278,1.4844133787369058,1.491020393227561,1.5140436028799595,1.4718246598987919,1.4595090007943263,1.4495689522331372,1.4385721981001627,1.4055085613776916,1.2978355998419155,1.2446170564110173,1.2231757068556042,1.024993429460237,0.9292033798012237,0.8460257753248243,0.7208348944214021,0.5362833212568395,0.3887262449951024,0.12081808978619295
0.4800000000000004,0.13487181151465696,0.13508312802094363,0.3855094850080636,0.4594816966788357,0.7336985191230176,0.7934965257766399,0.930894869902277,1.1276984903867162,1.153726204186247,1.2075287068124159,1.274611190510101,1.3922935246663513,1.4675938398721937,1.4157287343975073,1.4880701459122767,1.470531293607086,1.4669832423405473,1.4052235642860516,1.4931316240966765,1.4750252564000688,1.3985154956575887,1.420924671385451,1.3008546419378073,1.2463508479083356,1.1362482732840813,1.0386832226923743,0.9147081443808547,0.8454857918311035,0.7137845599308787,0.5868277190192733,0.41748316705107846,0.1892838015035898
0.4900000000000002,0.13966270738407172,0.1322978694736276,0.42700729213973004,0.4795776780514618,0.752507011637643,0.8768189775866346,0.924386441891326,1.1295364539126962,1.1636057102712984,1.189451821282246,1.2929382453386584,1.4030139635981864,1.4276834551785216,1.448673134354443,1.4582358538020164,1.5615915532575193,1.4690272181844555,1.5018079688598864,1.5318055240648214,1.426982093106693,1.4297828681165683,1.4383762546745522,1.2982994509784358,1.195325476183758,1.2144983868046062,1.0377815214931125,0.8936564474966538,0.8259831293579352,0.7775321396486864,0.5788427919098852,0.37353911452033034,0.15478304600575246
0.5,0.10336620488410905,0.11825645908803209,0.35057854245461484,0.4037776008577627,0.6392678433802621,0.8188368906042461,0.9689136831571032,1.0440840512858094,1.1494998075724028,1.237146861153483,1.2781966233889437,1.3711838531683842,1.3909944974136805,1.3901736256425477,1.4990572274051692,1.4791325053917244,1.4739320422893922,1.4293574337408808,1.513876071848075,1.468073154866898,1.4528030951077953,1.3752415887513272,1.290922872837621,1.189064219637386,1.1699957275443698,1.0547199983686177,0.9208069733645065,0.7848230659459687,0.7106441255025807,0.5819820554930841,0.37286581292710147,0.1467953114299953
0.5099999999999998,0.10541567820862432,0.07494410364355539,0.38296332578112546,0.5078233617667778,0.7104546656824643,0.8739928323507341,0.973650458846218,1.0505319379483786,1.179820733924044,1.2506871907557997,1.2487236824062826,1.3652849476527944,1.365208425470108,1.4640299482194463,1.5143293478283213,1.5133215487943064,1.513947355362011,1.4541546119058113,1.483218213009655,1.4950242967177583,1.4474823130546166,1.3851775488463938,1.3063641357824385,1.21266761910391,1.2190626100552697,1.0627942701375777,0.9311787535172592,0.8910195281092509,0.7728155090817139,0.6286452698680924,0.41784024169182654,0.21020905782998484
0.5199999999999996,0.07628116511818639,0.07438397102257541,0.38584759335151364,0.4604041898814591,0.776800886056019,0.8122835354776559,0.9593368884580994,1.102717610751143,1.241536555844262,1.3141511570113398,1.3438037343535207,1.3019455322218574,1.379767447699668,1.4499666972569931,1.4791613925919822,1.495484749282552,1.4886311780195385,1.4975447877764398,1.5097813548047672,1.503618037122674,1.4108302937190285,1.3120068125743958,1.3113437298861772,1.252548265036594,1.2549534127258979,1.0645061796147786,0.9810997618899132,0.8962558750736309,0.7784325749749867,0.6028794541718492,0.39399120880914484,0.15115334081589796
0.5299999999999994,0.1434736765996185,0.11169365812474563,0.3670024040821565,0.4416974724684676,0.7333386600443562,0.8933570339431282,0.952428425077557,1.1213589426297308,1.2016231625359117,1.2344086664213656,1.2650350818427107,1.3796159076593042,1.4548361685237623,1.4250730250995787,1.4985735353609841,1.5364448738785483,1.4925952592770835,1.4575404031568233,1.4691171809163037,1.5163214791956803,1.4398924715457095,1.3882515531599944,1.2479314510141029,1.2934659613578654,1.214758997455634,1.0333327392793077,0.9566875917329366,0.819632904984594,0.7846074995269394,0.6056168727739528,0.3580316194350624,0.1748409347410701
0.5400000000000009,0.12480220335346875,0.08382431965072462,0.41177133919332487,0.44469605288095204,0.7132025421750883,0.8379285548251308,0.9839136590769089,1.1048282741540119,1.1763519357482382,1.2947725412888818,1.3176976325115441,1.3617271022072321,1.390448774492372,1.4342255348414417,1.4658099513855445,1.4641523602285256,1.5636294105361608,1.4947517650292252,1.4893709825631962,1.4736333899399916,1.4377751561932663,1.4055355821359634,1.3045812625722961,1.2841756463818619,1.1704194346621386,1.0888824574252072,0.9752608992548111,0.8177407317313736,0.8004862227979104,0.5508444004332814,0.3705058234942801,0.18235183473678834
0.5500000000000007,0.16862168208903786,0.10774953633059858,0.45268450473878724,0.5458981630359745,0.7514361437310998,0.8993469052279182,0.9436853613272392,1.0755693091024,1.1676013732399544,1.234066069860832,1.2798327683153072,1.346222407990932,1.4611722948528942,1.4082724448293602,1.4851949147344947,1.4659692091198682,1.5081122580716013,1.5223381886752885,1.5224906798638524,1.5419659057526647,1.4297637222832136,1.3917200644349221,1.3089609089177257,1.2631576995851892,1.171762175063631,1.1183761707692041,0.9701854672817766,0.8837694117880875,0.7830926885457433,0.6265867438609686,0.3823823203744542,0.20723389214290047
0.5600000000000005,0.09695065738607823,0.08493387225356434,0.4535013132738446,0.5349184910023396,0.7653713651987933,0.8725085893123848,0.9592673657565951,1.0971236697754911,1.1399028428054623,1.1870414112995917,1.3267934611057062,1.3575120137357435,1.4018042317043067,1.4014152411320475,1.4771020816390374,1.5031892059637122,1.5189105423053793,1.4430871307064002,1.5579730021667348,1.5130113928859106,1.418076782065735,1.3708676491894352,1.3152115712859098,1.3087033155912464,1.1678204770244587,1.0943313437468218,0.9929882216398588,0.8652201275687709,0.7695125519431685,0.6455259654395235,0.40439647516245053,0.2488544079290299
0.5700000000000003,0.11046408217593177,0.07451318836414657,0.4711135922887758,0.5460165774829372,0.7235415505943418,0.8401016176018201,0.9362566286105486,1.0971437244897646,1.2047233018626384,1.2389861728590905,1.3157807892842168,1.3063399370363213,1.4326183514435018,1.4634036639283114,1.461679935254798,1.5054026477874487,1.5333305879507009,1.4796914661885225,1.5146551500327645,1.414251373635011,1.4342372411812376,1.379600557393718,1.3357846788244212,1.2482116034324955,1.147375344541856,1.1071642458421183,0.98117373739389,0.8682280849093151,0.7150034595808673,0.5804095493233529,0.42640784446274876,0.22906852948815457
0.5800000000000001,0.043974822028432364,0.01562767524983954,0.3817090803071625,0.5519974873281497,0.7619025881295999,0.8859855281755061,0.975810431039071,1.0688152592003715,1.130682895859216,1.236590543167232,1.3199521650161268,1.34591949360368,1.37726536881873,1.4095032957872415,1.5118344674254707,1.4873166546706147,1.5309628590327353,1.5054973284574447,1.4705369889298956,1.496782553138193,1.497294682509545,1.3573395316093095,1.290650177185355,1.3204231175636159,1.1969693838681656,1.181391730711762,1.0395310656911951,0.8343645433198253,0.798373250843319,0.6022456150951645,0.3390151455230044,0.23317144522763614
0.5899999999999999,0.07719221190054376,0.0811419969349806,0.4746955582834296,0.5784771973082279,0.6970005006210251,0.8665636469237628,0.9981394066064407,1.1278173626799208,1.1255517328696025,1.2316332806028893,1.3673547771259023,1.360005268154952,1.4553208089252188,1.4310099258264237,1.4572478636802093,1.5493445839799294,1.5374979952847614,1.5365648144283677,1.517350397973911,1.467627223623475,1.4215477468445858,1.4274582096527393,1.2611464733458166,1.3373762600225314,1.215710071237374,1.1831776908575338,0.997449241639304,0.7746289494670232,0.755914651992915,0.5921979382678205,0.37319542420455304,0.1953530252372089
0.5999999999999996,0.08612878979040303,0.08873417871980722,0.4402103063170703,0.506903215937761,0.7158267677728161,0.8303407875687827,0.9152376989087686,1.0478023758785548,1.0804991380515945,1.2355745933134121,1.3212745407696616,1.388018157512591,1.4269066671767137,1.4482783591491584,1.4871515401707978,1.5961890217424979,1.5429970256555385,1.5487968786591446,1.5569027752866935,1.5353834682956053,1.4186892157313533,1.4375396605298654,1.279697486905588,1.2493742066678795,1.2015561527534602,1.115696974841975,1.0429336635972934,0.8216505856978402,0.7795639349302523,0.5797167712696986,0.3584179344596514,0.2292615027675236
0.6099999999999994,0.07838610051880861,0.00013920097355855574,0.4128677280684402,0.5105064737296264,0.7015631872839271,0.8736400719736382,0.9867196052168007,1.074246946548893,1.1365939810843355,1.2467932144480507,1.3298335580787501,1.437330104127069,1.447114730466769,1.4540382344456486,1.5067937865651555,1.525187458764906,1.5419367168185396,1.4527287194952065,1.5313553489323708,1.4872874704736836,1.4615345485570164,1.4323523510284664,1.2887275412619539,1.3308655130074711,1.142269055972651,1.1372759058174013,1.0443575735278903,0.7524920130760386,0.7330725451627292,0.5670855351944364,0.36699547928574305,0.22608944400818862
0.620000000000001,0.04526144555366506,0.024637945336587305,0.34573267634225835,0.5141078812800963,0.6848718472955051,0.872299931521962,0.9443954070568662,1.0264007561882038,1.049912719704473,1.1911513276564818,1.3249039970949785,1.401445076697809,1.3901435722929603,1.4128824245636853,1.4748111038832716,1.501330470051013,1.4741401220159953,1.4733557649127949,1.5702969539342528,1.5190690801057687,1.5320374328228317,1.4989983682477142,1.2155788717348788,1.2767941960670566,1.11176840217342,1.0715773568900644,1.0406486808352353,0.7853396865565434,0.7235412639359434,0.5251211797624468,0.3100164867843353,0.24424042169331048
0.6300000000000008,0.02375914757552151,0.05199294496940257,0.44033796870831404,0.6191278101830526,0.6946794129908581,0.8876560161134059,0.970369646537806,1.0221416783910995,1.1652863357600496,1.269514520296558,1.2832859097896,1.352400095325185,1.388166923508417,1.4100810133609307,1.438757285313816,1.501794288513455,1.5829988226630014,1.537715986212538,1.542548047773492,1.4955192425640942,1.4932792160265271,1.4390730706999308,1.2393740802969049,1.295636580619244,1.104662297548727,1.1834975411135453,1.0738489727093268,0.765974175797794,0.6702186252905965,0.5242399008292403,0.33302081805121253,0.2915613691940194
0.6400000000000006,0.06298105839045107,0.05367128297485487,0.4712150442619164,0.5959997406377511,0.7066434613395582,0.8302564390192609,0.9268114210007137,1.0676343273148678,1.0989840118135148,1.3170812515839128,1.3221294900782237,1.4281351289527349,1.400629895846389,1.4335333620182493,1.4056795439501968,1.553458605613766,1.4931075158686007,1.4874203825434513,1.5372515925781958,1.4714337194054607,1.4276416970625203,1.4640275607757227,1.290901119099465,1.3317777585067838,1.1291443633094627,1.153829425864972,1.042853126467294,0.6816294848693543,0.6411444659895574,0.4815891813101252,0.2777469104439563,0.2827489864971387
0.6500000000000004,0.002049344449546657,0.025653449135336952,0.4637259099786517,0.5956878280486909,0.6743702039864685,0.8242617752599548,0.9644009759111818,1.0948414389987036,1.1728678757369375,1.256441855847275,1.2937490226525474,1.3747193763997,1.440710543904848,1.4792055591866042,1.4494261624587153,1.5064694659774505,1.5783390872689338,1.5179260866432356,1.5104054655414738,1.4806176626708396,1.4832182334681208,1.4521505826786167,1.2059883816501795,1.3397751905393538,1.174298910954258,1.146607439783006,1.0441271515162673,0.7016828069742579,0.6189730274259537,0.5286028977839186,0.320882836527545,0.2446369740579591
0.6600000000000001,0.05728686797475205,0.10895712323787468,0.4917609692574789,0.5922606515406544,0.6670166262863519,0.8494644759103123,0.9873565140266964,1.0405862575157523,1.1022698699182762,1.19247707811732,1.2892824723523515,1.4143116960273758,1.4328035613983106,1.4535895422871903,1.427014076660345,1.5530857117290684,1.5770709542311911,1.5021681965517002,1.47948222874697,1.4822025879226508,1.5094570205050022,1.425218060905363,1.1789634238567415,1.3707524923132157,1.1153185696922603,1.1518215981144189,1.0159644695795267,0.7359553536238913,0.603364009285185,0.4767105335478994,0.276050072954312,0.22537354372082308
0.6699999999999999,-0.001875161871131614,0.10267515437550431,0.3826022664590034,0.6429574088406868,0.6623257905973141,0.8039261315776611,0.9695298114260651,1.0908621653483113,1.1084835404657931,1.1941325217311791,1.2831392178403587,1.3209735496506,1.4143371306928276,1.485776738062902,1.4910887397642267,1.5462695162945994,1.5107891488577603,1.470601231466105,1.4964022766132452,1.4663562341987817,1.4992142343443098,1.4998054102125875,1.2633052581285993,1.3148529335955705,1.0654985822662304,1.1083101345175521,1.0099021056077109,0.6917345308889402,0.5572002958521592,0.41405058175730697,0.23122456384067705,0.2568757305694575
0.6799999999999997,0.012542263475307269,0.19862770673819985,0.39768039093212126,0.585555716009968,0.6829351681857185,0.8867076166292682,1.016580693364801,1.0561436527050976,1.0475224926782598,1.188192555124206,1.2983653861699065,1.3498681263237968,1.3354814978565446,1.4709635758652808,1.461354078876468,1.4653289050154856,1.4634411140064776,1.4591502399885896,1.4301175908654096,1.4845788091637808,1.4642582387854544,1.4451293143569903,1.1635436359282956,1.295222684480045,1.081640887039828,1.1116915368005744,0.9778644662094824,0.6054365698469467,0.5489490316527782,0.45113730617056463,0.28373385435975074,0.30048700959481595
0.6899999999999995,0.028293039163243425,0.1315487989828664,0.44832132181291356,0.6176070537393195,0.6621967961091071,0.8559789541047965,1.0028024807535607,0.9909252287525817,1.0821325667842379,1.244544250681425,1.2788330893814843,1.3379112211790825,1.44410689582918,1.4598586392148452,1.5270237554576176,1.4269836214465768,1.5219445969646967,1.471866222349723,1.5023823284729068,1.4728390355253642,1.4480145366368353,1.4247502105210184,1.178601387346239,1.2910387922611102,1.0578911375231104,1.0850600070276195,0.9712175888506366,0.6428234595441135,0.5248306989610417,0.3907679238087837,0.19563272541196527,0.29854730121156076
0.7000000000000011,-0.00025990519386781714,0.1623371473443042,0.367167433723271,0.6425970619740512,0.6429392911273524,0.8170528075366937,0.9049465538011913,1.0077749549323614,1.108738310825136,1.1938794956144114,1.3424706413304088,1.316958681415807,1.3954460636127564,1.4618122303843175,1.486040467509576,1.4983181154512195,1.5421381988626501,1.5349877130726346,1.5125085597788015,1.432628972595036,1.4779576194351225,1.4170739051831067,1.1730238785316136,1.2212827810406197,1.0754716534828381,1.1049428975629814,0.9802920063082791,0.6440837438185619,0.536175024915313,0.375055766477602,0.21145590090475552,0.311253443155502
0.7100000000000009,-0.0554457008370984,0.1697205699617087,0.41510553846836673,0.6126431403411734,0.6991013648120675,0.8209811229959716,0.9254291120104947,1.016312522068612,1.1415821216604636,1.2746950008063151,1.2936198016995806,1.357578454229905,1.4004492153244474,1.4564124933895095,1.5025383125926157,1.4645821539465413,1.5285845178018442,1.5572491402939148,1.4689570175090896,1.4216623857504163,1.4741954276327065,1.3660123580386896,1.2063231724796926,1.2209571358768423,1.0228629436129415,1.0814368096572817,0.9525030394134991,0.6565054892730864,0.5640739381875012,0.38672438879250687,0.1842721372539714,0.2938765129652126
0.7200000000000006,0.015328879423048839,0.1929078318330788,0.3589143543461046,0.6060521361394756,0.5886943260346097,0.7772560204961672,0.9971345447949301,0.9669768901176427,1.1015248164138887,1.2174572792764182,1.2658194550839903,1.3880429149579123,1.4362381901667831,1.4478779552174341,1.466921144702735,1.5007927437223494,1.4973016079279091,1.5398865480035682,1.5020852556856121,1.455580453956876,1.4664776401107058,1.4307567110327706,1.1672470644372404,1.2523904716616334,1.0173290901657601,0.9899674484551507,0.9108301593642456,0.5752389163483239,0.5825639010762318,0.3504692922302415,0.18013304254125373,0.27111721141174727
0.7300000000000004,0.011774860120255245,0.2556037663056893,0.38469650869931127,0.6763164693611543,0.6383197247802167,0.8321858049460495,0.9603230498361317,1.0092767667811684,1.1015705461143337,1.227880472784654,1.2882686734200992,1.401378050106336,1.4688620482630812,1.4873165716117958,1.5825155489964702,1.492236409710365,1.5184068001256776,1.5044882212935156,1.5006237558542832,1.4788856260524126,1.4367585128442808,1.405880948465008,1.2322893475306858,1.2786238640046836,0.9871541953762083,1.0020223252522849,0.8890836566590182,0.6138580521596123,0.5455172303309211,0.3445983247567581,0.18894190235930672,0.2940102664814998
0.7400000000000002,-0.10450616341068626,0.15487704423124943,0.3688474197972836,0.6241871529272729,0.6422496737036765,0.7615958685424936,0.9487967063982039,0.9797782885615217,1.123860417288069,1.2143214079095042,1.2698802403751472,1.3286275554529763,1.4860478334527847,1.5010452757554729,1.506681141113965,1.5313471158603797,1.5163979187667107,1.477924583030527,1.4763019742074401,1.4259231379829964,1.44411830791656,1.4213029520182454,1.1722550030480507,1.1953305380593788,0.9985266839391383,1.0308149160158302,0.9114816640124067,0.6399634705138492,0.5554406725959292,0.3158947519216528,0.11669681536163545,0.24782056078560333
0.75,-0.060509116102730284,0.1512483824372237,0.30627980687623707,0.6581945904332466,0.6884038068778329,0.8038985906256136,0.858913342446886,0.9725759198992083,1.1055107043973913,1.148695828631683,1.273458581285935,1.3932639866802619,1.42636968334108,1.4448122561530732,1.5051101100029245,1.4892379800864863,1.5045666537787161,1.4729581831128107,1.4607491016818048,1.421564865597102,1.417248567128417,1.3495794056546626,1.1942604740090224,1.1736440242210886,0.9512297162023462,0.972453641363112,0.8850364979308893,0.6111738706958348,0.5333389741444505,0.3583296691361666,0.24299757110476214,0.2479843782386281
0.7599999999999998,-0.12717015398152526,0.18775352751773278,0.27377059812205545,0.5811879639827899,0.6027113425311914,0.7744009242392715,0.875515955947556,1.0375038140951094,1.0915773469385828,1.1817487518819192,1.3085806405396905,1.3915326064583966,1.430830196409179,1.4268311079210174,1.4606729119007236,1.5105558476380367,1.4942514758130205,1.5109021193284142,1.4243434521540344,1.4373605199181088,1.4630629103016513,1.3740682578581669,1.1906341377122767,1.2095595257934777,1.00884724704527,0.9780737866410697,0.8616513285217791,0.6408593318294715,0.6166948633423246,0.34217478201563045,0.18660550089102773,0.2883409886858173
0.7699999999999996,-0.11526747469638889,0.2386000845756884,0.323284343823798,0.6292085230120618,0.5921540665863209,0.7393405035308327,0.8455487910366292,0.9589889050616058,1.0849889461515185,1.1500151789562405,1.3038378925948975,1.3447125059212013,1.362666026785649,1.4511277296096707,1.486697385909402,1.5555785714795336,1.490978105421298,1.5551043188842109,1.5073034698010743,1.428040690245568,1.4577740053591408,1.3834224881052246,1.2075231161034223,1.2213915326958915,1.026502730752182,0.947629683606257,0.8379053500464965,0.6839923902486365,0.5202951878570771,0.34864515419201986,0.26565843992305,0.2668135755729535
0.7799999999999994,-0.09933018865168894,0.20245186632337753,0.3044139551917473,0.614915693131927,0.5782466207190806,0.7056261606123166,0.8806230548087532,1.0169605479774686,1.0751941103761524,1.1857488333897457,1.3567829582532744,1.3865115588766062,1.4212803858498189,1.4128678548271987,1.4919710302435334,1.548750057504901,1.5451702045098563,1.5422921097928841,1.473744417197014,1.4120026356077677,1.4121929016565573,1.381504983407154,1.2678472338399138,1.2161323404806657,1.0540417826293822,1.0169317362212065,0.8145900530655034,0.7547628413039366,0.5990142882873212,0.36014591735366425,0.2610226827562169,0.31298162347526237
0.7900000000000009,-0.04459504842861599,0.23025453843964996,0.2917837857565795,0.6109849439673722,0.5820936008188253,0.7131543886650884,0.8628644458829178,0.9771029940300122,1.0918008301076174,1.1885517988652319,1.2440598330514634,1.3066149102313553,1.4021742782929043,1.4630906499064413,1.49796068426342,1.4857599237204404,1.4944637397812308,1.4952553225167315,1.48938729127132,1.4510296232763202,1.4177250808070032,1.3269432031798913,1.2678200727819993,1.1100748171978754,0.9799114586232064,1.0111773792031258,0.8388807463020855,0.6487023790724469,0.5330560615924671,0.3620077979623176,0.28656713851175475,0.17501318540500896
0.8000000000000007,-0.1314729375406849,0.25734887040941035,0.2852440842244869,0.5497091788649406,0.543977057968186,0.7069583372619428,0.8403995072626746,0.9595580130975515,1.1072714618910648,1.168838926377409,1.2662505086551397,1.305379944619326,1.4596395559046216,1.4916522860327255,1.4436714386425924,1.4773846599425977,1.5068872230233767,1.4969512609612363,1.447075537295564,1.4617075383664206,1.4197324898948673,1.4215175066141887,1.230613346641105,1.1960903962459755,1.0737204536730924,0.9744893209009704,0.8625564482281273,0.746793575889598,0.5534910050935119,0.3480703462512389,0.2553174881622092,0.19954469537697758
0.8100000000000005,-0.14930285493695084,0.21443888437049127,0.272931909883197,0.5744375509196331,0.6173658523070048,0.7397339200792585,0.8045029565327944,1.0049546120589508,1.0906342837225982,1.1786199379945137,1.2568561030983132,1.3427741438841918,1.4175083185342847,1.439608687178562,1.4911506345349776,1.528728174868401,1.5785606982338711,1.522863188817599,1.4170040263758006,1.4017721838638113,1.4524583488660947,1.323280694234448,1.270895028346461,1.1835323293467421,1.0234223733416734,0.9619485541153501,0.8055734974069226,0.6990331538154919,0.5623228687946239,0.3428008638222078,0.2783804633431143,0.17440197237500585
0.8200000000000003,-0.12739016043383267,0.20905055673618975,0.19942526159987048,0.4749944557766937,0.5666708657111985,0.6877288786933444,0.7954014900164278,1.0036756384599252,1.1114822987677453,1.185041175656573,1.2853456613775032,1.375652336603524,1.4411021681978096,1.4240649089316013,1.4743643006281972,1.5352245067226107,1.4772000111751045,1.4627738850066236,1.4466979154368365,1.3691024949334232,1.4531032857317265,1.3683602172403473,1.3354178808649486,1.1946013340193091,1.016766420343124,0.912351303264991,0.8872794070259787,0.7253713603648401,0.5697635876784689,0.34832532192052496,0.3240149733780978,0.16603964058594822
0.8300000000000001,-0.11346622033824538,0.2362501140687138,0.26605747464175183,0.5179541961127389,0.514939418343161,0.7580667553357464,0.8161885121123551,0.9809244014100269,1.1650511846920013,1.2109494040440723,1.248870330581128,1.3476622118735135,1.4406287872992947,1.5070125450241894,1.5232083942398826,1.5285497864042406,1.4907366843711656,1.466650851361268,1.4666124968161365,1.4165848477072878,1.4180019124205547,1.4040947135688058,1.3858633984411308,1.1902570242976747,1.0204551520627656,0.9524628979986153,0.8881712490288227,0.7104981313112769,0.5540339165364394,0.42326655783959166,0.3241289058985532,0.1569134585021788
0.8399999999999999,-0.10956242861753031,0.22185593677381735,0.26230076014077375,0.4623163162737984,0.5646667654140816,0.6892714181715199,0.8411373589023736,0.9937721535201383,1.1172586898459897,1.175191500954624,1.1895563781280076,1.3840540600079476,1.4284531828587892,1.41680488268764,1.4876474451412693,1.5117324846381581,1.4728526478646438,1.4996483722174752,1.4996712223968602,1.4650843483101506,1.4490709013818277,1.3604959352223378,1.3516846932348896,1.1653506219890257,1.015638402752035,0.9070760503509376,0.8634817798630391,0.7861693695027384,0.582465140943544,0.4113408260910027,0.3308694494090148,0.09196615635296569
0.8499999999999996,-0.12757065434794354,0.2663248541988331,0.2722755940663127,0.49316492243274807,0.6000278840389247,0.6900250146218263,0.8264210843992617,1.0269642473636555,1.1594202087057552,1.2131365286288396,1.295953083180535,1.3518827218939222,1.4325739579291648,1.4296186343072825,1.4524830243361688,1.5075312618792367,1.5547604196212719,1.5052684104537226,1.4642429517306086,1.3669993854731584,1.448829738819271,1.32059248011879,1.333845937631302,1.187956427779517,1.1134001467814174,0.9777148076168074,0.8116528249545573,0.8155424666899236,0.5876429830153458,0.4740142254817897,0.37165210891844763,0.04680296254433345
0.8599999999999994,-0.12271233789034425,0.193105375558253,0.15744622777685904,0.5131178085754244,0.6064574766845316,0.7322137608666645,0.9011498049104649,1.0377129968774608,1.0950410702602165,1.1792585307125767,1.2456367853763242,1.3847243575615509,1.4559371581686948,1.5431348188254252,1.5011563575007978,1.4909668954853628,1.4995067622713165,1.5093758372026127,1.4559222330489932,1.380707313522139,1.3877560499163388,1.3515755608192053,1.3915434915069935,1.164542761886915,1.1129651968517402,0.9393424759602724,0.8068389706225688,0.792603621326476,0.4970287605286129,0.4097937182153901,0.3572365840342829,0.05761794741649051
0.870000000000001,-0.08489217749201665,0.2018239010864885,0.24947169835524835,0.499276230378005,0.6070200464153258,0.7172230904895033,0.8688666721459628,1.006120050831731,1.1188698188030017,1.2132368980497776,1.3351475048283084,1.3687805935308766,1.4225693667565822,1.48043564745234,1.4804033782510961,1.4891896855115159,1.4962161520283088,1.5390893156997616,1.485241840322592,1.3689462770810679,1.3716850815771395,1.3130134711708754,1.3690761782890577,1.1584446565893374,1.0265035413418113,0.9555831447705847,0.8716704986475662,0.8221269799802686,0.5699364578240758,0.43188940748721355,0.3909535435757703,0.08196776100946676
0.8800000000000008,-0.10985110522926808,0.20102380175505918,0.2066566086769705,0.46139970578535205,0.6575907254591372,0.7504075291043639,0.8846875485624238,1.057751337227806,1.1564686509248048,1.2004752122289655,1.2995609988520105,1.3780947550593552,1.397438185236173,1.4868133360850004,1.5372730652402493,1.4916200101504091,1.4591994507343533,1.5254551038658744,1.4610813448247475,1.4168011139525396,1.3821141629451812,1.2971230405424243,1.3377910687421377,1.1096411533630592,1.0401430747134852,0.948604478438719,0.8339939168511936,0.832618934783975,0.6170404397912086,0.43219821748675746,0.3876770076748281,0.04412999292126109
0.8900000000000006,-0.016943592498410286,0.2506157994784743,0.22371677065341908,0.4786038708023732,0.6633341682647975,0.7485600269899059,0.8528678068520702,1.0575544999157598,1.1192186030383577,1.2288840738064342,1.3122540997417058,1.3504653944719458,1.4061050169352194,1.3847830726830979,1.4510653384234755,1.512533030649011,1.5699651701209176,1.497514359573008,1.4265927034649708,1.3829079662153947,1.3471440046083507,1.3758198504386585,1.3943019321284487,1.1566728344803372,1.0841171845659292,0.8881384524847185,0.8346880149123193,0.822668479336458,0.5454014915925238,0.45654164839837713,0.4213704616369682,0.05375471909720553
0.9000000000000004,-0.06835431599341532,0.22146949453624984,0.23363224807543229,0.4886744191351131,0.6379157801670111,0.6970814896024208,0.912049606137425,1.0649829525388903,1.1403635718745904,1.2447272884853267,1.316589618431549,1.3596697403556217,1.3851677634582182,1.4642580448274778,1.4777892393403467,1.4945605410777236,1.4796396748091971,1.4631508157525375,1.4356482920941163,1.379763638662945,1.3582713924623167,1.2669912094177014,1.3413342789531164,1.1331179020478206,1.124706271045168,0.9824749662664244,0.843810251585739,0.8488082737243954,0.5093381470393321,0.5186801533382237,0.35809241718657636,0.02844394957354921
0.9100000000000001,0.02161521738397062,0.22155077716968918,0.26600972262690126,0.43496353410078425,0.6584262630092718,0.7355212957757102,0.886619149867574,1.0364929956206788,1.1611822957114701,1.1670036657625813,1.2449172802416364,1.3528045195214562,1.4301854275916899,1.5185236709933119,1.4527785506863842,1.4453534077596208,1.4938618706197817,1.4778989779158835,1.3702160740822722,1.4057394782111374,1.360611354644087,1.272835770989667,1.2947818064424619,1.1272470410911895,1.110552359335862,0.9267025831774374,0.8311940059150399,0.8368238420524995,0.5466558854118871,0.5304267722756674,0.4127278929870379,0.02819510029535689
0.9199999999999999,0.02902709552142104,0.26077356905875915,0.3035341915300959,0.4731047853623394,0.6886553234565986,0.7495436127038146,0.9300779214970101,1.0628709393391662,1.156295141306431,1.2140876370299594,1.272887544774553,1.3609532653931473,1.3957204648695485,1.4314846751576356,1.4875335395882372,1.5056079684301218,1.5323324779745882,1.4592443850316896,1.4469279802099695,1.3944762393934316,1.3815900921667317,1.2318061807214113,1.3614048934934615,1.188112217396492,1.0842800430454924,0.9627118549552648,0.8923976712770572,0.8443366537838451,0.5380777713339948,0.4987378921262384,0.3579372551263306,0.044707300793274486
0.9299999999999997,0.11278521000855918,0.3003441836928936,0.36155514917397513,0.48813593868735594,0.6018266828054076,0.756343594875134,0.8751167199917951,1.069996467695782,1.1216153490960952,1.2392556690392662,1.2859211837779696,1.2973066634025445,1.435164086477149,1.4530650779174843,1.4510328281431164,1.5421504592169863,1.490821241544269,1.505047809695595,1.4927130336347327,1.4182226950291694,1.368321704914471,1.3041697438135718,1.3196860099438323,1.176033972791008,1.0984604920951901,0.8539771365831622,0.8310462070869067,0.7982870891671919,0.6027725307731633,0.5236893985116567,0.41677045177616356,0.07249386429793425
0.9399999999999995,0.04661592799086136,0.24846049396550762,0.308186131437907,0.4963735139111946,0.6898846857741949,0.8066292340634517,0.9366673705970625,1.0723017467159366,1.1678853095824957,1.2065321088357597,1.26943335124113,1.360358622280171,1.3873724725009768,1.4885033814605888,1.4923308938310684,1.5357113749779896,1.4656356987233456,1.501517107949441,1.4391146796243643,1.4001588045988562,1.357397991177562,1.3140409501361934,1.3732283583231033,1.0841570151419402,1.1009074402925985,0.9270794962548319,0.8196382453047967,0.8432620042528606,0.5589336761453244,0.5748794125939665,0.43482815246149253,0.03678008550417392
0.9500000000000011,0.16012926778631437,0.3180557374507602,0.38850814983003046,0.5035487439071004,0.7059402695618081,0.7345574113045481,0.9004618757092351,1.050740993329109,1.1797568855366767,1.2142237384194696,1.3233191908225894,1.3284717148422716,1.3922417201014186,1.4167089021003674,1.5053364745563338,1.4822339928896577,1.5065781992586853,1.458234900801815,1.4225511106377589,1.38951742247553,1.3742570022361142,1.3314644122523378,1.3568176035076822,1.1540176507477369,1.137854932949297,0.9250610361215708,0.7651241625316583,0.8918706572202999,0.6146072624905258,0.5400362531347491,0.45574503603423194,0.10494612099428718
0.9600000000000009,0.14295739506086835,0.1989277493909148,0.37114432925781643,0.5422652841606199,0.7373318219620196,0.8169294649556298,0.9105626497796702,1.0566052336431504,1.1907948192266478,1.2549561211228153,1.300923062422455,1.3157634542556222,1.3953454111925163,1.3910113025263813,1.4699795260779327,1.4265555646764636,1.4426449319755754,1.414956044591604,1.4274078945690407,1.4267259242556314,1.3484969876670183,1.272334297135481,1.36034349938458,1.1860680563258703,1.1409841919599715,0.9190941637056946,0.816298086780511,0.8869470001526261,0.6404227278512016,0.5895997137868929,0.42646755606622744,0.0828951648361576
0.9700000000000006,0.12106760073677479,0.3045756923089801,0.4186424346742812,0.5411522569531091,0.7589280280279602,0.8402717772653376,0.9698054271319758,1.0351191795686248,1.1465302288394068,1.2248666242788353,1.2916400819530554,1.3606385723214292,1.3789123479898824,1.4352851474285533,1.464436191679513,1.5166499092510846,1.4868815330052898,1.454655461819953,1.494377057652928,1.4958551914080676,1.3459895935812785,1.309048881254179,1.3279284325194272,1.1605485764443424,1.135073538526999,0.9345227101739176,0.8251737915293509,0.8932568883292836,0.6082454972682834,0.5621726253966762,0.36611316907687413,0.023567396111688524
0.9800000000000004,0.10028184752906785,0.258519469131987,0.4122655806997147,0.5612891572024481,0.7852067181837471,0.8450525826995137,0.9914687482798612,1.0502081803139405,1.1813673748807256,1.1730737288159785,1.2969624667068527,1.348277412200582,1.417558943392089,1.4778793340532035,1.4883301833393747,1.4848152927532556,1.5387532951776033,1.4755757328569181,1.4644419315719637,1.3880805160577254,1.3549085221922423,1.3432147229811542,1.331298807004396,1.0907735883665763,1.1193032464893404,0.948571444241251,0.8111669027494204,0.8021368168444984,0.7256247858742823,0.5822089888903856,0.3907417825233733,0.09289797061800856
0.9900000000000002,0.1685812749730799,0.26862361727616835,0.3798406914415969,0.5185230646605778,0.7411184863783588,0.8320045220177095,0.9451659410408819,1.0418845871500402,1.1678937908558495,1.1982461294137754,1.299675299838195,1.3639818930969165,1.3935522473763264,1.4759557066459579,1.452897903790634,1.4544896130277745,1.4947680835842974,1.4463574409619424,1.4365578690917973,1.3985825210607457,1.387164814638653,1.3401855743916231,1.3508003124121017,1.1170581559441732,1.1140166013330353,0.9533057739199751,0.8553694228428739,0.8778958015722346,0.6843891131418454,0.5448310916842602,0.47062382358841215,0.12404931398773737
1.0,0.12941774898749206,0.31670878272152514,0.437855130440439,0.4798619411980639,0.7531943222820268,0.8591964183301198,0.9859302237255785,1.0784499884140695,1.1901292982116516,1.2696056229990895,1.306820663454671,1.3245267331019097,1.3472257230952718,1.4012716999211778,1.5026470418291598,1.4324911534758253,1.4266555312831493,1.4283083814107487,1.4261263261461228,1.3989258994203662,1.3729035114820969,1.2980368083360576,1.3521048542224285,1.0974047539522014,1.1588681881911442,0.9475353104220129,0.8233428539815196,0.8815270822575608,0.6340682900336265,0.5745778442373357,0.4186493253276517,0.11095585942109722
1.0099999999999998,0.18940999105671028,0.3248940684164602,0.42456093948319634,0.5158253459365503,0.7817162822482403,0.8411418981399731,0.9899849725727803,1.0568436662493506,1.0987605399474052,1.1845922478606228,1.3113699497314006,1.3305155532015012,1.3506500139838584,1.448045028728876,1.4284783624090078,1.5015648786894207,1.5379522591774706,1.4462282423670259,1.4626388499051575,1.3863581722793163,1.380295629976497,1.3097643385936528,1.3263929495084608,1.168487307459397,1.180601069855917,0.9652273551184246,0.7955485811019283,0.8796835597839705,0.7535627038925595,0.5508219384496618,0.5077893562323883,0.18371758137197422
1.0199999999999996,0.11262199876224106,0.243952905641028,0.4563863363793485,0.5169883627594973,0.7514742197457513,0.8636449444608972,0.9658384398080918,1.0731039490628684,1.18961633864188,1.2106254983715519,1.3472094227194065,1.3317081520418637,1.451479572673237,1.4765658222883362,1.4980228538239224,1.5164260528867455,1.4854277979343016,1.463902046158938,1.40951996661652,1.445595148978283,1.329314915508873,1.2788982337738102,1.2961561853517731,1.1221403975017854,1.1465269675680845,0.9299542235663711,0.8259932267756642,0.8872048985412219,0.8086494756042162,0.6163745448853591,0.4803694854084068,0.1543627876511507
1.0299999999999994,0.1208003929183524,0.31553057912400995,0.44775435569277006,0.4819534446844568,0.7694857933747329,0.8442249402157289,0.9152494315310796,1.1252112976816109,1.204259367691161,1.2245179266183293,1.288824254995783,1.341917780609202,1.3628265444000494,1.4367824651138643,1.4594635946176795,1.4980018246037121,1.449372148969447,1.4545914945464948,1.4386580316995041,1.459812935983582,1.4194465504743194,1.2964150043419673,1.3660601509302748,1.1424403436103905,1.1918400281485326,0.9668307715650543,0.864994698570987,0.8788703349112644,0.7496942055114152,0.5178335598797665,0.43326408316381426,0.12473886267012702
1.040000000000001,0.12843458415497466,0.2654645938246663,0.41524043106704905,0.4868823963172273,0.7117622041855253,0.7854355472895873,0.9793056784442414,1.0159748062763942,1.0995145715655075,1.2397257703979776,1.2998517645439698,1.2823569620799427,1.4316741481565567,1.480635514128137,1.4539813496206149,1.4792022884352654,1.4621450390841668,1.4995803393162082,1.4689893239794278,1.4267555667670606,1.3640441172526636,1.3310616654401886,1.3372927111916704,1.1407516666615531,1.1697148049744006,0.9564163630519269,0.8107469399287442,0.8800020959011152,0.7304051251942103,0.5362048333431855,0.4091037758053371,0.1705748003377453
1.0500000000000007,0.19760694466670928,0.2869484169643669,0.40838846398815437,0.494962360274998,0.7397443453049395,0.8351454918865561,0.9805341781546281,1.016487215840039,1.1349956241331254,1.194442253796269,1.2401090970817785,1.3553271666962805,1.4159086671503252,1.4049220472091157,1.495193585603599,1.4057412118147807,1.504410463026572,1.432881923802293,1.4419397382674939,1.4588236785051971,1.3774840765433474,1.2917453341579224,1.372897712451838,1.1514531425557522,1.1764367308688977,0.9441852348591905,0.8521289258665247,0.9464060156243197,0.8043835049079603,0.6104858342721686,0.4065610890117777,0.16755305548771904
1.0600000000000005,0.15261008097999898,0.21419514546681911,0.42523669077953286,0.5303945873044753,0.7447503223573867,0.8560396331478386,0.9171526614653335,1.0771083174232596,1.1225142921778555,1.307506153769858,1.324714528332483,1.3790762043960798,1.3598885465936472,1.448071516440566,1.4928232773397885,1.4151942510286024,1.4657653406958475,1.494682174599545,1.4605792141372185,1.4218807862965157,1.3965467141450023,1.3579285047176253,1.3200710090226702,1.1337073431556195,1.2318550175448344,0.9397398092506599,0.8150765766845421,0.8487946828094763,0.7690726906942974,0.5876641253248137,0.44655402577269,0.22178677397397545
1.0700000000000003,0.027498798074803293,0.23392574605800542,0.4570487257544551,0.46786538114028814,0.6962599471215641,0.8841201001043949,0.9966055690184675,1.0395359126206813,1.1772523159200412,1.2283284114433144,1.3282404884841952,1.281719441698913,1.4327098677951122,1.441773126349837,1.4647712744709256,1.4628802885177996,1.4632114654092763,1.4528190250988318,1.4676316051351812,1.4136898466973782,1.376168787874633,1.2446023183464394,1.241574133801055,1.1787321671343711,1.1948896641982016,0.9111568803780676,0.8689437703013153,0.9009834230074293,0.7421367589691279,0.6151663811472293,0.4402206074075192,0.18005754297174223
1.08,0.09447389193448982,0.24003573296704953,0.4040668558258981,0.47692323604178044,0.7295946285700894,0.8856561508912539,1.0201563263158953,1.1075908199033893,1.1858875166439722,1.2631976923599637,1.2877482878852555,1.337511215288904,1.4171647536460334,1.4396894606536614,1.5113831271925466,1.4731089191771245,1.4451057543980292,1.496643530425214,1.4458755541986825,1.4530239580531064,1.4052036868998066,1.327209799006992,1.2749498605693197,1.1424422541233616,1.1854047834608532,0.88564421503779,0.8154489340702155,0.798885645785414,0.7819353424567322,0.5510821222708109,0.41382646244117377,0.13180988847180383
1.0899999999999999,0.11562085201957717,0.24706132180412463,0.4523406177231177,0.5020489471593865,0.6887396808876969,0.7832678594145207,0.9609120265019478,1.0777334099641025,1.122021100461796,1.2933694098789708,1.2701035841197974,1.2917955383200281,1.378636471123765,1.4207659602837635,1.3724635868927397,1.4704191995429745,1.540192556215185,1.4516126178617583,1.487333450719732,1.3737577525966298,1.300759185242519,1.329468176146232,1.2967024060620207,1.1307518693658565,1.2340983636891414,0.9680170557222781,0.8110751972726811,0.8249516177079239,0.7661520100861474,0.6461196299554325,0.3996312915240877,0.20513702409030843
1.0999999999999996,0.04305263447359126,0.2209433825105409,0.41620540326590827,0.46054625411226047,0.6715529746004744,0.867217995281425,0.9490522373193091,1.0047233147187513,1.1736529166622223,1.2385112085840055,1.3024803203711077,1.3369292316313783,1.3791111036636559,1.4336966236602326,1.461344594181141,1.5045771484766348,1.467959424641168,1.4236276060139916,1.4838831878055578,1.5001214840533805,1.343226361700545,1.3257330058132981,1.3260675601438552,1.1661076511633035,1.1776772550524934,0.9487084859104835,0.822354760911854,0.8769975320150473,0.8102799248085613,0.5897347387029745,0.3465004634666559,0.1546016114274932
1.1099999999999994,0.022682760180583784,0.18930536054558092,0.417188075756202,0.5124083497149132,0.7660396359763724,0.9119603822284507,0.9613945854140228,1.0759705242022721,1.2295974769583058,1.2723118128723405,1.271626748333666,1.377631505496225,1.4262622278973005,1.4163524122926558,1.469389155223507,1.4328092666186478,1.4975729438022591,1.503880352803742,1.435984804249625,1.4333503436056643,1.336599065255972,1.2715648255922336,1.2447327146926899,1.1197845657491305,1.1618507250081238,0.9384741210984959,0.7859047009979891,0.7712543854618263,0.7486830062021965,0.6325660623017403,0.3639494347833377,0.18160483283810816
1.120000000000001,0.09270793808154473,0.2167076413970753,0.3976270452945829,0.45017762727235394,0.6779016709829269,0.7914817508062704,0.8930625488323257,1.0599200111501033,1.192514857295309,1.2072538469728717,1.2926441275663656,1.3756639410289988,1.399972776756887,1.4548865102888977,1.4723141219235807,1.4800514767636972,1.4628668877026194,1.4573407630714823,1.4689507998174076,1.4614955862149523,1.313259948702645,1.2464263531705095,1.2584775134171355,1.1881892124450728,1.1351394341803125,0.9737706396537104,0.8337699784175525,0.8432773534018019,0.7049185552729221,0.5603677639542678,0.30053868578100257,0.18932937834440103
1.1300000000000008,0.08738116666234327,0.21149810021332896,0.42528848601533037,0.45924927409754274,0.6748040499934329,0.8960295759835428,0.898420657161011,1.0375569927502304,1.1102635121291387,1.2226776474690204,1.325111905783685,1.391288989619109,1.3251901185207615,1.3720707612636402,1.451220395600557,1.4605486989004304,1.4683509465325821,1.4537317674562857,1.4428254804445027,1.4400036620691523,1.311846808131878,1.2585791464171223,1.2264250167550967,1.1072810322127553,1.1549784728891368,0.8715703134660108,0.7493130511776618,0.812313344686534,0.7646832467145918,0.5346619542513236,0.35287402088837605,0.16205618590696055
1.1400000000000006,0.08602487268727849,0.18891334024942777,0.398236421314859,0.48189652478750544,0.6752088973002762,0.8105140894555617,0.9461255587327015,1.0753852275961255,1.1881294994855205,1.2829892140719108,1.361224227627675,1.358087314072059,1.367263060197503,1.4382050380153015,1.4801512788032962,1.4919825879342714,1.5299978256096645,1.5043342008788894,1.4485791529228085,1.451605468016312,1.360810973469392,1.2817627744754598,1.1905904962881224,1.1095788658275207,1.2202334213219777,0.957913251691195,0.8456270572117436,0.7639220242401872,0.7405859662502445,0.5920088534665919,0.3240231425230408,0.19270563528039752
1.1500000000000004,0.0761375893142465,0.15977151473234696,0.358040424025193,0.5108556890691996,0.6780805803397547,0.85573683499467,0.9242719096482195,1.0509427306458272,1.1724749211211176,1.2074518844257989,1.3426825958536104,1.3505285365474402,1.4071872277996977,1.4151125690715451,1.4253347475555747,1.41701568598195,1.4171882205827313,1.4647851917900656,1.5076021731411402,1.468634974032949,1.306039668144383,1.249484760632561,1.1748269911280946,1.0790400813246266,1.1426006790229164,0.9308705106584376,0.8460222245876241,0.7511190339451561,0.7026264452324549,0.5539680877469397,0.2563621546051064,0.1417627607637043
1.1600000000000001,0.02886545154404578,0.17424810756883877,0.4247293331310458,0.5211226354372596,0.6905621502795108,0.8761912058646298,0.9073335904482983,1.0293252171281664,1.1230309180498124,1.2726692952730718,1.308971174550864,1.3328624386941144,1.3997860191696836,1.461324535266601,1.4397341062900342,1.43426562827765,1.4856056772038722,1.5136639986038598,1.4709613247524966,1.4475540506368427,1.2629098055925432,1.1846649398263542,1.2280499724945595,1.0808545293094098,1.1464003124015443,0.9132535043600042,0.8283663989897091,0.7165835168825925,0.7504842984805166,0.504939706670772,0.266030769156103,0.20420493022671393
1.17,-0.0022971978432881276,0.20099321860876804,0.4532599799857304,0.5290077455713386,0.6230842584139435,0.7982171729043483,0.9840426303770279,1.0374921130684187,1.1253639519588654,1.3229184816492214,1.3422783544464514,1.3510180791279245,1.38259021494947,1.4668928942229098,1.532056980916902,1.4573497986381956,1.4664549584208346,1.4660714253958507,1.453355263923205,1.456043842873591,1.278407249353706,1.1859316804697362,1.259150294698254,1.0863140307747474,1.1204936598409443,0.9453644276761956,0.876667106978717,0.738028848791735,0.7198198179203125,0.5858166039335394,0.3184720180694797,0.17837398912153296
1.1799999999999997,-0.006662025865831551,0.16040849422884976,0.4454311946527838,0.5211883655423853,0.6469554022582715,0.845455684348123,0.954649363334598,1.1004104099335519,1.1685904463595926,1.23512036379974,1.3277124673950362,1.380889430667541,1.4380560193156564,1.390104370972067,1.4932932807629762,1.4687594375746174,1.463370660281234,1.4849741961313045,1.5218533734080542,1.4903712169125785,1.3246065165074439,1.2642876034814878,1.227935315749578,1.0707352305011237,1.1447250362617238,1.003757884437661,0.8562053535468102,0.748154529596144,0.6669114267766032,0.5563066184454792,0.31584186143326237,0.1804518438850066
1.1899999999999995,-0.015259717459152479,0.14285197284657064,0.43356710552527494,0.5281319044835023,0.6533357632739736,0.8342045990357732,0.895659982405816,1.0844897107373999,1.1402179888900439,1.2275054998343926,1.293991145428736,1.3705570761219168,1.4098937254237849,1.436561232365689,1.4838124467133027,1.4954170323499214,1.4553194532492266,1.5072997261622423,1.5316196990024427,1.463868968526682,1.3907764114086814,1.289435695129943,1.241288080836314,1.1347324080248162,1.1673094777179807,0.9125981976545536,0.9450424194443321,0.7622693866334298,0.7162802721897356,0.5032083752370169,0.2831640039954593,0.21218593016895168
1.200000000000001,-0.02411844593042987,0.1630256406055713,0.4009380108022369,0.5164583546168725,0.624925448097266,0.8589677783161763,0.9558923420602229,1.039507065770415,1.1632598900806612,1.2426553307453965,1.289155218762953,1.294604722654049,1.3865609735219198,1.4352616950061026,1.4431289783656882,1.4500583963431903,1.4624087854492085,1.455786577033241,1.4680693585193598,1.4779029262680072,1.3253839696856804,1.270597567384922,1.2681936133980503,1.109399336574274,1.1100507442899934,0.9648662230105074,0.8865578856713349,0.7325153182788398,0.6423677964638799,0.622335565629099,0.31263486374884425,0.14583160878125562
1.2100000000000009,-0.012230223851200947,0.12729066245488946,0.39579257291564823,0.4903629116646079,0.5876051342475506,0.7991791557451846,0.915942080722557,1.0939753259125053,1.141841193064047,1.269390510110758,1.3794761600620455,1.3574647009838496,1.3793412507144505,1.404896936789611,1.4691498451707403,1.4911967559237176,1.4549169613103048,1.4636799987258555,1.4677521929432806,1.4832609038918507,1.3672561502158305,1.2738030324774687,1.2130647600818838,1.1280197996543206,1.172474022318201,1.0401952105287857,0.8777915854594425,0.6943671919266835,0.6419143264160044,0.5685787871346273,0.2894223536391846,0.22370977722421825
1.2200000000000006,0.01169261661437426,0.09388410494754328,0.4577157489889172,0.5425039706583308,0.5730265935839806,0.8070629021899733,0.8948855968857676,1.0796236995292212,1.1454276805852457,1.201655896837553,1.3345031785649875,1.3080157162114994,1.398753621286294,1.4457436664620753,1.459662164266372,1.4815206321834302,1.4597790674253115,1.452102776307819,1.4902272439670994,1.4447733441040107,1.3508785935496104,1.2954616701528834,1.1807637116564422,1.1610270912790628,1.1661916680852686,1.0380718905771391,0.8986470321139224,0.7640636254846217,0.6337366814045629,0.5455334173032976,0.22667271395915078,0.24904888852337004
1.2300000000000004,-0.09072575270137498,0.06759529691726691,0.33379705072455595,0.5373843230402352,0.6454491792549738,0.808119867036977,0.9188332476525138,1.0623315270648017,1.1814788019367426,1.2783381774990858,1.297792696433456,1.3591239101699202,1.4412421738957337,1.374910793759724,1.4335186990683737,1.4954799374874823,1.455530256443423,1.4731705590530102,1.5063855234039027,1.4624323933709453,1.330491885455928,1.267173153552125,1.3095884492739533,1.13863639920823,1.1571389144758633,1.0480589378793785,0.9840130106046595,0.7346342330448811,0.6402486897640534,0.5459242175210695,0.29534517959470985,0.2809880077559143
1.2400000000000002,-0.050866110219801516,0.12005599752547162,0.36656271196196155,0.6230340900815993,0.6261262354554897,0.7808196661636231,0.9527923092731954,1.0122597006847538,1.1889925534092107,1.2766855028496593,1.2980374873705562,1.2873961777892744,1.4208364431198017,1.4606086621962715,1.566052034025637,1.4648875194259787,1.4910719005825903,1.4303911536645693,1.5628201956352095,1.526522537180367,1.3804410018800901,1.3043762911118613,1.2674225991209351,1.1520896267879002,1.1288442738652165,1.0813970068382057,0.9691487702325392,0.73392330163467,0.6220994839065743,0.5400601181412272,0.3343377236914971,0.24407251103340655
1.25,-0.04647700909234807,0.10568643752468766,0.29700036478492897,0.5258016545188254,0.6128971490154697,0.8342461755712193,0.9133866053918223,1.0461299589373012,1.1001158312619865,1.187791246654104,1.285761762516738,1.363108454113829,1.4129947962698626,1.4258738115587533,1.4535277156204451,1.4570559958278193,1.454420696168674,1.451992211335349,1.5033758022719264,1.5083377221531546,1.337540935488597,1.2920929550826592,1.2437767012959515,1.2284840730151327,1.1492854212053025,1.1307495573330817,1.017289060346127,0.7275265008076828,0.5813498595958854,0.5209398259008786,0.2982496949828042,0.2469066984805008
1.2599999999999998,-0.03203076314012705,0.046576833768706034,0.3022009514309527,0.5576233153581114,0.6105335006223023,0.7591834514697632,0.8937854042388557,1.0167853360500017,1.0846462349404036,1.2478940525132969,1.2921031711717939,1.3761053081592813,1.372243239815751,1.3983239186386727,1.507415175498274,1.5112976875726247,1.4866618197744235,1.426801588673285,1.4975504383578595,1.5190267634376269,1.3956492618256253,1.2909237549251007,1.2043973421162122,1.202981987647232,1.109181695830407,1.1104738586251288,1.043764003513538,0.7275275865515908,0.5684128631440318,0.48019458317082325,0.2893018209081082,0.22962897419776207
1.2699999999999996,-0.017903331293602942,0.10930925197150618,0.3269282536103243,0.5620125425966973,0.5386695549294453,0.7751730111320474,0.8337524796295994,0.9624368829407794,1.1055041460346982,1.1560432395978275,1.3010434007545149,1.3883518950992215,1.4174997056166656,1.410315628968609,1.4716797963155268,1.4848958652397677,1.4910817493655442,1.5056507596365205,1.4658608453527684,1.4777246840630436,1.3983799563071417,1.3385671099203305,1.1847044018920447,1.255896992279104,1.1621365643394386,1.1047748179522159,1.0028334322568715,0.6564179431153567,0.5499347724302347,0.4428539858747987,0.2702489750696577,0.23216530723560555
1.2799999999999994,-0.05757468065343888,0.026277618980038324,0.31930133310713965,0.5782741717382391,0.6259704209352348,0.8043513253246063,0.8835192591116872,0.9885531319792689,1.1048519839392383,1.1785266052467052,1.3139772651723964,1.341377456343027,1.3974310516968376,1.4353550500906083,1.4874674797479568,1.5399016476190321,1.5720993749429517,1.4401275939614484,1.5291819375422437,1.5496677647787582,1.3955525433930809,1.3512958132496489,1.1786094029475662,1.294781033997625,1.0899948694583457,1.1252692915359597,1.0186353504366943,0.7019315282779275,0.5185464320834512,0.49769013290115904,0.27322208641071155,0.2792144646774177
1.290000000000001,-0.008666570487455505,0.05426580681859387,0.27112855101493727,0.5098198425264185,0.6174590306372885,0.8121731853385411,0.9041908675145337,1.0394194493807278,1.1510873200605334,1.2452604216820953,1.3117402541913394,1.3428005595314751,1.3887304680010077,1.500665009887883,1.5042859680388834,1.563320787556548,1.472576368058038,1.4854964109407696,1.5077252519749835,1.477687058345294,1.4119273476528507,1.344345546797327,1.2538156780931107,1.2464586113066087,1.092219068628872,1.20326695752283,0.9910467747838851,0.7227787342243257,0.4925310589765916,0.46956777333243893,0.2289257150177868,0.2655912568409218
1.3000000000000007,-0.08842933143428347,0.05850752273227876,0.29129891090873095,0.5958775506952875,0.6530043483275283,0.8146016807812079,0.8472087169664015,1.0076783702599201,1.1153162028522359,1.1773103693469382,1.2726554065447386,1.3680093279285692,1.4124980581719975,1.437634877304335,1.439905423655867,1.4483091113600073,1.4955851813029506,1.4627641043772868,1.5160153012686717,1.4898963782037888,1.4283169162081957,1.3083741623493492,1.2444606748411486,1.2699278378854244,1.113348930968531,1.1748316471073286,1.0767059740416534,0.6514738018754342,0.5203737824710387,0.4617910741925418,0.20696653314963562,0.2481593692714139
1.3100000000000005,-0.06945058296890796,0.11837065528268606,0.37529323037251827,0.6083523257075468,0.5776766517370552,0.8082758784713924,0.8424603632483681,0.9784461216904918,1.133726720628872,1.1873160469278377,1.2989676117273128,1.3491859487517652,1.4248087330043153,1.4659958961991706,1.5071445197767015,1.5277362122282208,1.5239493008188867,1.4801709883661736,1.4822892225814852,1.4939381625369978,1.4372510092130433,1.3310408769991815,1.2507541011357284,1.2908015641500878,1.0533331996673867,1.14635895630821,1.0078749720323898,0.6792228767939106,0.4615111875852513,0.4125980832937267,0.1770988647325693,0.22137071147722417
1.3200000000000003,-0.07689141381000447,0.14084809163274226,0.39578910640181575,0.5760333365018879,0.6394181493213834,0.7613061205354563,0.8990327527800286,0.9946852114659074,1.099593415656352,1.1641558253214686,1.3260640599156637,1.3733204791080975,1.4470148503551468,1.4207921023065306,1.4419154705090096,1.4997908906424477,1.478117231377846,1.4781565279935782,1.4905181637591896,1.529673617731908,1.3880055651823735,1.366037761457316,1.236623462381711,1.213047557114282,1.0712747382863634,1.210069154239826,1.0844856009005157,0.6566855079554066,0.5285871973155757,0.38278699297578217,0.2644656165687827,0.24343879248976852
1.33,0.004273698765184134,0.13008371417400147,0.39648291014861015,0.5810133270467083,0.6580859473089,0.7449009426060259,0.8980761665537526,0.9969279788748563,1.0658752748196603,1.1779163448531547,1.3034340254030703,1.3714613936524984,1.4291068598657837,1.5231409343827635,1.484159779816429,1.5602532159798868,1.502076505208301,1.4891608260690534,1.5197393776755763,1.4977968290297212,1.4408730120994289,1.4288755223201326,1.2683506622137792,1.2556519189364126,1.0621349963840094,1.1697180656376072,1.076839645132307,0.6641612316636085,0.4924051629361334,0.41505733910283465,0.21049403882300205,0.23912948579623142
1.3399999999999999,-0.026986524679980917,0.1271220464223691,0.3238819610626887,0.5461111975899994,0.6465595550013251,0.7349373945502452,0.8879446897176259,0.9937059590552528,1.0712474518405062,1.2107708222415625,1.2747277272771074,1.3618082636059765,1.4260594372286268,1.439281754482305,1.4791862298268277,1.5458542459621227,1.5045020765873667,1.5289707269923833,1.5330047632047108,1.4547514074410235,1.468392991877291,1.4163803184272004,1.2341133180400397,1.30983706039297,1.0427468765147982,1.1424284774148503,1.0787976895330817,0.593416613683536,0.4833292854643457,0.38185582755214353,0.17142357986352588,0.21140348198098985
1.3499999999999996,-0.019337874732667362,0.11235606020079941,0.2990289326651214,0.6301249115224763,0.6818082715145981,0.7227357975547308,0.8959937495657909,0.9887100638248653,1.1121741930751485,1.2609021677653751,1.3048482369592345,1.2972142666923796,1.3714886723265765,1.4413498879513582,1.4787273769175775,1.490463800321344,1.5690173304135553,1.5524507377438177,1.499803857323584,1.4966904018784117,1.4749038169530133,1.327046438348877,1.2296951676765397,1.2465586334649785,1.0298026696891616,1.1255850544646084,1.0214946465696535,0.6340282628737776,0.4948907416630584,0.3450396116451345,0.2212841281179762,0.2274806654446669
1.3599999999999994,-0.0454292781407281,0.1108005889682935,0.28478426571726,0.618561096244705,0.5915732938224159,0.7610082481715345,0.880939990071429,0.9447458766793213,1.0879896659279045,1.261843445004275,1.2948822265138444,1.4074816633495129,1.427606674437579,1.4699735578396473,1.5118992417895216,1.571043970322453,1.468810002551407,1.5166958984772725,1.518212957501803,1.4049538898588538,1.4278972513717685,1.3514325912836989,1.300783219706423,1.3481298392363767,1.0102204380204745,1.1205104164579904,1.017368110289508,0.6917041835821818,0.46385063010796646,0.31178808890105497,0.14363848438790222,0.1973551394630984
1.370000000000001,-0.025835993502839112,0.1011297015527638,0.2899258809549234,0.563919985914871,0.6447222121470334,0.7080408708640876,0.8883339978401487,1.0217096483827075,1.072032318284117,1.1787180416832594,1.2810263646598767,1.3650974382945924,1.418950145558438,1.3903324106173043,1.5023011844973448,1.4840443795834761,1.5238048014853693,1.5331386235471958,1.4770160936065468,1.5121393910762386,1.502968980826346,1.3894929147272588,1.24758995328271,1.2445093265400837,0.9909832615833883,1.1936838021781755,1.018239968370828,0.6496560015162608,0.4437344126786894,0.28718980263462257,0.22396431672698658,0.21801777891896723
1.3800000000000008,-0.0005431874490068687,0.20705193103740793,0.26900845878834345,0.6166325272345984,0.6602404783487685,0.7602036822756789,0.9094889373193651,0.9612129108743505,1.0408117830359402,1.19101069109332,1.3142686982811755,1.3731122014538997,1.4273204752541153,1.4837747375132109,1.448678466705305,1.5262640026110272,1.520454027048385,1.5066565151874383,1.5213345256527058,1.4798439931498069,1.4679587797760225,1.3750070106679153,1.217613638442483,1.295663604989023,1.0115906309981395,1.1053211710407684,0.9455459576661025,0.6199839559365893,0.47351410748377015,0.299903132847006,0.22820127556419195,0.29183791375944
1.3900000000000006,0.003622125233546448,0.1452104570815014,0.2717496249387784,0.5917573405870322,0.7022582245345532,0.7909472662664256,0.9068136814976794,0.9785530310787591,1.0911393306830346,1.1742111760513023,1.3115287064862207,1.294302740546458,1.3874712836408911,1.4639495341464592,1.5022888402775292,1.535176474110965,1.4768073031584323,1.526296055210666,1.4984473797811382,1.4277527487469173,1.3769624467087236,1.4132807721930747,1.3346207637571912,1.2897049520532853,1.0470669155648373,1.1027460854554771,0.9530536485506369,0.6230070798425633,0.5094249601458322,0.3258219117390987,0.2485370938742308,0.1914987621192347
1.4000000000000004,0.04391471598434446,0.21342014012228028,0.29800133808662965,0.5304148831793226,0.6485918671310862,0.7484942566159641,0.9052671528095207,0.9820812524142488,1.0745584173785026,1.1959337533728722,1.306397828636358,1.3308542696943473,1.3909614856987609,1.4404656774982358,1.4698453821855495,1.4785219829065157,1.5025559802650186,1.4521681735388638,1.4795741857440263,1.378129409541082,1.4194830685580555,1.395848129924387,1.2538741246033862,1.295881320205285,1.0036709852344305,1.078391800413281,0.9385454630837036,0.6202686884758681,0.5180585807066397,0.28953324920129087,0.21586850095156318,0.206627127379398
1.4100000000000001,-0.05525918066649416,0.2389810899068149,0.30936967944965826,0.582427143095734,0.7141448110042072,0.714230978875237,0.8039471153400966,0.9834755098307721,1.038449234268807,1.2028415867489024,1.2864515406714914,1.368861982710094,1.4368691620902319,1.4771049287029723,1.5171442217446516,1.5243981659339418,1.5425301008705345,1.5008194742596406,1.4657488482227599,1.4509487004595552,1.4691367190747147,1.3823653994233418,1.2876167027618526,1.2638292678068264,0.9634938424493436,1.0476243124006857,0.9443368216831782,0.7027112189664529,0.5871690603124627,0.3632757366230349,0.200110739768873,0.25731535243558534
1.42,-0.007398429243985569,0.23274749192398786,0.3146784187843744,0.5205202789947676,0.628563829332337,0.772135375611974,0.9101050284071722,0.9907411812917547,1.1069302273555388,1.2210109166036642,1.2051507985118886,1.3567116016596446,1.397599989675297,1.514166889213635,1.5020396002202039,1.5064420188306633,1.5144198800674236,1.5179380109792078,1.517931985296598,1.4402830919325948,1.4005150906172488,1.3746188621659994,1.2883506129079838,1.2598929358463922,0.9563393062334038,1.0285255293817963,0.9499768983163999,0.72498819186365,0.6014753793821966,0.33178192189100736,0.247285149925832,0.1750025422479447
1.4299999999999997,-0.019754878566954015,0.2619539586157389,0.31820353693866393,0.5494513461266323,0.6678441181871478,0.6746181143286549,0.9368068158760752,0.9968812482239925,1.101071078356907,1.1603310804834595,1.265642949026686,1.3464149785668182,1.4124301742508572,1.4551823702853484,1.5130348278396448,1.534050857683761,1.488999656586533,1.5125149630707135,1.4880311558833963,1.390421412770935,1.4018832597554045,1.3381008545816224,1.2881851883711255,1.2568412031475849,1.0148823226882298,1.0767349634148193,0.9163577158650928,0.7423010000364153,0.6199120212086485,0.31718302682545246,0.25196257687780144,0.24014322402682722
1.4399999999999995,-0.03618957989496756,0.22243110756983484,0.29437770409088304,0.5796206813299846,0.7120551146826812,0.84123411676825,0.8809179169168472,0.97461317765884,1.0774391017878202,1.1720150759972878,1.288640050784199,1.3466639344462368,1.4382013304153496,1.473878749313269,1.4835230743869312,1.5037056025535274,1.5148376443099902,1.4770437216954204,1.4645590687904548,1.4103949099311581,1.4531834512118955,1.397332484596981,1.326621679398386,1.247622832562015,1.0305850441057536,1.026267113137628,0.9392663535488203,0.7176628951090678,0.6826565770155634,0.3683977431830262,0.29632439526927407,0.24453828134530345
1.450000000000001,0.08472188365922935,0.3226242709535369,0.3141244781474173,0.5386494891947501,0.6570136691576427,0.7288697034493876,0.8976360789976483,1.0140664068508223,1.1194247453364754,1.2269131690347643,1.2766797927561555,1.3545449889397614,1.4004181705018923,1.4763799329938414,1.4540306782675563,1.5306313767841122,1.5282581143518723,1.5036745874436293,1.5113566288235276,1.4609673299054993,1.36660714011711,1.4340330275024957,1.3464787151286182,1.2110079719388316,1.082206761614189,1.061648245279645,0.9324718256128088,0.7915357599566958,0.7193722091097449,0.4159968752819644,0.30819418385205616,0.21510951184568802
1.4600000000000009,0.0521551807615818,0.21630074213921088,0.27698665805921474,0.5708421097005296,0.7095312589634956,0.7353185919387504,0.8410747755727084,0.9666113076574613,1.1352053914527767,1.1746071242976805,1.3008344939505634,1.3922388505890597,1.4848594362638026,1.501370257651604,1.5068819856797175,1.4493412224753388,1.4986010661194307,1.5066288384506146,1.4591211257770216,1.4088022236233475,1.4219601849707215,1.3515635864048103,1.333057180321035,1.2683286322030645,1.0731497934164644,1.0613669370337186,0.9195355386679387,0.7800120675532211,0.7037244280399465,0.4377920085007833,0.3585748010925699,0.1941189162579522
1.4700000000000006,0.05698880941415308,0.28372049829700524,0.3056537466854941,0.492139048191702,0.613967484094874,0.7663125261558705,0.8849404372466907,0.936818780672549,1.1312436011464844,1.235624227023743,1.2810676319115664,1.3562590870371718,1.4910094562504737,1.49037244634368,1.482696310648862,1.5250659643133468,1.5065976546419337,1.5284612271360591,1.4711591766055108,1.4264030682162412,1.422741785975179,1.3775559912624458,1.3860702009801038,1.2636335699860506,1.0283961980918779,1.0307252304293153,0.9145223173347299,0.7954302752558222,0.7143880556050648,0.4872513284597953,0.42509717472864295,0.20600319424057673
1.4800000000000004,0.04513482782959971,0.18753746311005684,0.3109561752252751,0.3940894242859666,0.6334864550888013,0.7132868719809109,0.8943363662084837,0.9549755634407794,1.09127850224964,1.1812730807304355,1.266265520411634,1.3578389122718797,1.3755855900372924,1.4672560393768277,1.48785597471309,1.5045791358875436,1.5139479255253472,1.4887417723586875,1.4619356526625498,1.396654590099869,1.5214837781856119,1.3620297608401377,1.3483152698063,1.2292859062749226,1.0934284190042527,0.9707461156987108,0.9184430224803704,0.7974955242279907,0.6865929923286522,0.44917556448136003,0.43632759491420336,0.18607020673344832
1.4900000000000002,0.07627582825180146,0.18895370624375796,0.29013656870938703,0.45855214214167783,0.6805725046528496,0.7369461253907778,0.8960696091181074,1.0301545858011583,1.0780624079953067,1.2095649973170874,1.2768215620008316,1.4234603394862118,1.4828200598657042,1.4613204133198623,1.463765025633461,1.4500804519218846,1.526899744675568,1.5310768421544838,1.5529441562598083,1.4575407633458068,1.4515045187263849,1.409200429705393,1.3604478504121564,1.28244700007061,1.1432465162218128,1.039982034000586,0.8929816701143249,0.7968902894177606,0.6991803574338694,0.5012561154921285,0.43705147968178865,0.10992813915844091
1.5,0.09372965387075027,0.2644007959692481,0.3744361542096149,0.4494721181167429,0.6708854102324416,0.7462237187458272,0.9120083833307214,1.0644790616048283,1.1226398671140005,1.1804219360725878,1.3028862411784168,1.4400884648433347,1.4491652254512304,1.4960896115692266,1.5337377485084933,1.494658369478795,1.475701906908289,1.5347052851480014,1.4753202128951655,1.3769596088541451,1.462166818463535,1.4591786987164264,1.3830679564541015,1.287345507318356,1.1169047986078722,1.0644769816070867,0.9152122444310313,0.8910272788963646,0.7720644635930825,0.5632260355854359,0.4481472911477028,0.13624787083979611
1.5099999999999998,0.10815541158898698,0.20929161515217093,0.33504603455441295,0.4156853569994232,0.6734930406329253,0.7457878738544053,0.9633228611666884,1.0918206802174526,1.1120309898254224,1.162205199516145,1.2693244022669905,1.3783666287903418,1.411455428204519,1.525995964301248,1.4938195636164846,1.5602395443660795,1.505093255077267,1.5308716321976594,1.4228691912880214,1.3810677262032527,1.4623870192318158,1.3697146639042472,1.3769236567896042,1.2615489515764224,1.160905235318647,1.028710660432101,0.9167535424405393,0.8874417135081767,0.7677890803313927,0.5000350298417633,0.47484019831672925,0.05576325396104594
1.5199999999999996,0.10324589036535996,0.18803984343433083,0.3042909849260905,0.42930436091114293,0.7115475146622393,0.7422640835141336,0.889154942203607,0.9943423326346827,1.1149976683146197,1.2444984085821358,1.3047486030881421,1.4212726481691949,1.4110679579941094,1.500079285415696,1.4711278806190702,1.478883015888925,1.524750790209293,1.496993287595002,1.4417732849878255,1.4286590899427432,1.4249244160487902,1.3966736622862863,1.4033427735418174,1.2320851309599623,1.1600552128553818,1.0025546700904466,0.841828736183334,0.8941501638425003,0.8169716256233678,0.570419989725321,0.5186172461829531,0.08208534234636192
1.5299999999999994,0.07303564623914915,0.2043763937168674,0.2866130758638932,0.42471864402282244,0.7419757211154506,0.8442683070856346,0.9585211371221644,1.0803248090498516,1.1791904504835629,1.2135760777484623,1.3197884994388593,1.3672155263871948,1.428831475632936,1.4169429649366247,1.4974739563588424,1.5122069717427593,1.475178758139092,1.4783512215009804,1.468952774926714,1.3794004884924818,1.4780410893532343,1.3949576932222216,1.400749554365623,1.2984591648517825,1.2108279871614605,1.074197999940874,0.8795662783494899,0.8871270974228466,0.7630270001955837,0.5932774196593359,0.4587517033713854,0.07193855957162563
1.540000000000001,0.13085021469552074,0.25730569366516576,0.404685803607521,0.4023353051468609,0.7355038312840882,0.8313479883728558,0.9435384910546892,1.0331006109592187,1.1568695621177179,1.1949744130292894,1.300645455598596,1.362158260404625,1.3985763808413765,1.4604464193756226,1.4933914911092767,1.4775690735312084,1.5308871273396567,1.5409601917922378,1.4633475997757257,1.373571550116752,1.5138063314433052,1.3798381517128246,1.3242209373218794,1.2898316086379358,1.2016806341654018,1.0641161862446193,0.860522788794936,0.9094471584010824,0.7615356343326745,0.5948591458598563,0.4734345349854078,0.09664033016700983
1.5500000000000007,0.042574134186359996,0.268223579653552,0.34586667730322007,0.3939291574369113,0.7537878334125494,0.806289162282376,0.9113783269306105,1.0733029543028856,1.1430433488538323,1.2513148823121323,1.3582441916889194,1.4110237252282976,1.4078763339162603,1.447956104762382,1.4942143067649436,1.543350885272953,1.5159226145317817,1.5620284771428712,1.464749254218235,1.4225787632459417,1.4391352935161146,1.4393928039802248,1.3618612391101321,1.2737333314828596,1.2039284078367725,0.9583584081881078,0.8520477356445874,0.9171282994125515,0.7705417714569511,0.5985928961915756,0.5087735614124926,0.1083283589558893
1.5600000000000005,0.16072717423937743,0.20462500140538756,0.3343914388035516,0.43739250049823486,0.7205897954308191,0.8174093021136887,0.9463789785446197,1.0493835008379295,1.1759792361568535,1.1904240317100974,1.25154242551846,1.3736104232138655,1.4114509682395326,1.4697270716911595,1.4939154759136528,1.472340474778928,1.469620182567278,1.5678287625828955,1.450111001693102,1.4000439959302773,1.4476164255506605,1.3608788710117958,1.3342896754807403,1.264234721178234,1.210417570393487,1.010887939975972,0.9180520816949015,0.8907633397736335,0.6814712314964186,0.5967105621154841,0.4721712622980609,-0.004240145703926274
1.5700000000000003,0.1968540866199657,0.25539263414617625,0.33307003186389617,0.45529676114374407,0.7711888351608135,0.8191651487526727,0.9465602004649684,1.075282357238461,1.1417312564438795,1.2541816890471713,1.2562758584761506,1.401243381108849,1.4283841404584678,1.5035690026005488,1.508089768962884,1.5026744535309793,1.474541733461011,1.5374930480303255,1.4672099022471627,1.4352671961907761,1.4116988189819273,1.4411338154338333,1.3617383577674658,1.2783392146310864,1.202200755190141,0.9383871872969315,0.9380482893431579,0.9384386652637988,0.7984768436167922,0.6104011525948485,0.4453639527138505,0.05826191493125643
1.58,0.12965013986284635,0.32890547163156475,0.44736575816561147,0.4087734372978632,0.7371760812456463,0.8443657712257775,1.0269923287071832,1.1179547500662028,1.1664421938982175,1.2926100538339211,1.2862661774035944,1.4050407969296523,1.4519655392929824,1.5167336793622113,1.5235482074293436,1.5279111587658916,1.4554233223961304,1.4987053243308737,1.4414348383383295,1.4129232098467184,1.4824326140471429,1.405709986741564,1.3416386347022458,1.2556701678211417,1.2205428299281125,0.9615526715511009,0.8407580088536275,0.8935135221456605,0.7010650300292283,0.625768643622415,0.4582394303716416,0.046357920175460955
1.5899999999999999,0.19240783021852245,0.29246433375748576,0.4620884913395393,0.41941796209911536,0.7142570280943911,0.8898224537531423,0.9680616529433471,1.0494636528474515,1.1798266056565514,1.2372173266691606,1.3326155603719234,1.3466194314355808,1.3906611890888125,1.4729844805479586,1.561388547930645,1.517672708461001,1.5363672703447928,1.489403145960979,1.4400931006020898,1.393767758739709,1.4325149379905113,1.4229166998370784,1.2668750757089184,1.214023821729035,1.1857877178374054,0.9601001065408137,0.8846023675935408,0.9320197135895303,0.7329128754558341,0.63053732032939,0.47305689494825265,0.06762390166183746
1.5999999999999996,0.18713168243165756,0.3048690075514763,0.4889193446205878,0.4519226646196854,0.7573880050527992,0.9088079522103408,1.031388932937185,1.0829789573600472,1.2073755538197901,1.2406385978242003,1.387118485833734,1.369868356208643,1.4193703162471119,1.4380246091750266,1.4407447532771278,1.4701479363040661,1.4525619287067697,1.4795343267213557,1.4333983994280204,1.428368462847552,1.4655009544470656,1.4148946812935157,1.2868321184024252,1.2236980995453535,1.180457750717722,0.910723703618459,0.7964072080006516,0.9176863065968132,0.7459269880598772,0.6424957202587307,0.44274390580418793,0.07160588343194418
1.6099999999999994,0.20119505674288862,0.26287136930397387,0.4776635641732361,0.42822654589156756,0.7447456964798465,0.9208830905338288,1.0022704855954039,1.057337678527961,1.1458522539625797,1.2362250001949489,1.3459724766135983,1.3113467933717091,1.4010545712486442,1.4856050218969443,1.5323697213554919,1.5022896844784022,1.496103681484516,1.5471819649380163,1.4791382797432573,1.388631677392278,1.3647602352265926,1.3758204912055831,1.3400081381866802,1.2582383582937462,1.2152689145819395,0.9256649707433051,0.8382817032687215,0.86118745675192,0.7180473026022617,0.6805657071529991,0.35220208664268016,0.040820224190114045
1.620000000000001,0.16181711502733084,0.29884189533885935,0.5448319398967448,0.4267458365350443,0.7629816265655296,0.9005062296287298,0.9931950048663294,1.056987728604901,1.1999089420026405,1.287376772992894,1.3223526347254713,1.3718756938171182,1.4379383502133014,1.4724032255643802,1.4740750220187946,1.5373424852910968,1.5043934612529017,1.5154855213268144,1.4632242127691668,1.4268936305124948,1.472768737983881,1.40844920676301,1.2609111129125519,1.1558975435099574,1.1967908696362977,0.9225437943426517,0.8288145521211973,0.8821108213863588,0.7300937557176469,0.5857292664411532,0.39765301988692847,0.1317180968970923
1.6300000000000008,0.16187662242235212,0.30074429532647945,0.507730709985639,0.45990849494632735,0.7645726866706983,0.9150588795699448,1.0339432895274627,1.0684761732209807,1.1712858741488872,1.164259721126963,1.3346970921365595,1.379298146153678,1.3926683550040502,1.4283125711338096,1.492994507121792,1.5117745474469777,1.5229757117988938,1.4831371258256125,1.4496472335335502,1.4708709351770062,1.4694793323519442,1.3994046172701569,1.2597557003800288,1.2241984077362402,1.1745044367738828,0.9038183798733619,0.7938222774349176,0.891488415066362,0.7189004625033006,0.6353591517551853,0.41493046869186795,0.09961909872090173
1.6400000000000006,0.15569458681795123,0.2155969043952199,0.5114856499012372,0.5078465840012476,0.7639308178705607,0.9048026577721489,1.028677345249491,1.1052017502981366,1.1747887164668334,1.2390049251235697,1.2815729189029827,1.3722444185417642,1.4677683352384083,1.4889869135265072,1.4711692106260172,1.528231159683157,1.4875529838567085,1.5018344177644694,1.4428201420043907,1.4733614488382933,1.448701023537981,1.3675092718620763,1.2579077501775673,1.179851541593406,1.2177463867503338,0.9688430678184312,0.8814901148114858,0.8347783133251364,0.7211849638989848,0.5649294603280336,0.4273499791517463,0.10635599459245332
1.6500000000000004,0.17273238113483613,0.2768461076483732,0.5270597784651705,0.5029934760041632,0.7183189780921476,0.9182958393581812,0.9804875234944436,1.0907208384774905,1.163484530933413,1.2650952821529176,1.375607951863272,1.3507029454287067,1.4424802767117746,1.4440259941087605,1.5046526152445912,1.4911217895002635,1.5031163302649335,1.574538106332755,1.4500347278415249,1.3797218930172972,1.431161339199575,1.3518211554687047,1.2185756442490097,1.212454080471603,1.2038131260863172,0.9643797169829167,0.7612844790627631,0.8957722580800188,0.736728842807278,0.6054098606138031,0.34449915260906894,0.03956934919586163
1.6600000000000001,0.14283815089594526,0.2518799815067165,0.5001353476685378,0.5374200878386148,0.745687616480075,0.9063068107082353,0.9762140369047404,1.0714095864234043,1.1340674910518418,1.2130452971990975,1.327089586168651,1.4518715473645312,1.444849779408018,1.4751326221596153,1.4762271665478313,1.490885955613009,1.532731761970314,1.5096659947456161,1.45622939897892,1.4522008373591453,1.426522148980938,1.4131977561482574,1.2144418207714616,1.1935938024112742,1.188144425195216,0.9021931308914268,0.8060525162414055,0.8289115593780758,0.7322157531825148,0.5984087319693107,0.3407271342748168,0.12615499624687754
1.67,0.09490837489556533,0.29997057991580667,0.46193155312046874,0.48800834252120756,0.7673414873714967,0.8436617716785383,0.9896838953850227,1.050338271474925,1.1490795385298314,1.2202364131873273,1.3092346380258109,1.3896127913967828,1.4818323919323892,1.473161342940239,1.520694369806373,1.5158323039554193,1.5552133428401353,1.4434419702800854,1.4449936128201966,1.417328941338193,1.4226067128853765,1.3862548371092538,1.2405880078379372,1.218700965368772,1.185434782339053,0.9662783558112086,0.8726586546619213,0.7868679074584589,0.7322581422283243,0.568934642442531,0.3101156974365627,0.05785485655028225
1.6799999999999997,0.1024235959334015,0.24728091094999077,0.4661510688020918,0.5261265458573477,0.678628340227291,0.8854872374410494,0.9828017994972766,1.1014979952845592,1.179477533885453,1.2830589518387825,1.3533292440641467,1.3901624803901753,1.4235564386646882,1.488507250985653,1.5104375710600744,1.4791954427612348,1.553807851767969,1.5005070591957117,1.4589391843652586,1.4486960411548262,1.4197778760648272,1.4378414032162263,1.270290491934219,1.1789644306630482,1.184542513793294,0.8740561475538702,0.8845899425949663,0.7421649616624552,0.7834295271066181,0.5771103240515932,0.31092657283629677,0.11579749186748145
1.6899999999999995,0.07853825420965391,0.25584990356570164,0.46398165124931984,0.5431880584690075,0.6622705465325988,0.8723191589035317,0.973755132114124,1.0595411853160426,1.2121274406969762,1.279811981321517,1.275108009560461,1.3418202684871947,1.4247992486209116,1.4197288736339826,1.4524833475538368,1.5222547784843363,1.5134552463485522,1.4875842916497914,1.4687304145010072,1.4708242893310437,1.3736342281947973,1.3240523203235246,1.1848670384887474,1.2155458944546151,1.1581850079654332,0.9352793551483212,0.8326468706329346,0.7202550448879992,0.7115244829366708,0.5758996540837366,0.3484239495528748,0.08274871738717669
1.700000000000001,0.0819570795613155,0.21552959473550717,0.43986234598775614,0.5255626095985977,0.6715861551699329,0.8964363701555588,0.9576490370528821,1.0331049044953902,1.1411640714488709,1.2573471705327952,1.2846408108474023,1.3593981043241015,1.4436832894325715,1.4434848968332556,1.5811535813767084,1.5005177429325833,1.5126931257850402,1.5102433968915618,1.4729973847910212,1.4643753950806069,1.4310473788882956,1.339340868309854,1.1673970299225702,1.2197745028658864,1.142922366415533,0.9273514118928373,0.8460740181500928,0.7438881997839898,0.722639978066284,0.5335100265509679,0.30503785516773646,0.1314440297636418
1.7100000000000009,-0.07353990995663903,0.22166065696317125,0.43572320205028353,0.5385645325915246,0.6499418169503707,0.832941209494858,0.9558121647508528,1.0289058558639002,1.1581971903883124,1.217084528129482,1.3620458477701405,1.3860616775208485,1.425154958296496,1.4257947654558583,1.449187844976862,1.5209589019586134,1.4973210035324387,1.5689441990797348,1.4742677569485112,1.4636671952644134,1.4281747965900091,1.3709528543291423,1.1999185361613836,1.1524403110125208,1.1623375572846826,0.9486242267868509,0.8676192746708384,0.7586317563133896,0.6268821906586811,0.5397491437477577,0.28818430851185317,0.08960826845948335
1.7200000000000006,0.04535384381192227,0.25732476350903033,0.436118368062123,0.5235854692812174,0.562590397969663,0.818753710318565,0.9315629589944933,1.0734420787516448,1.0703179779872194,1.2418181819763017,1.324928207003895,1.4150373754618246,1.3831142190268237,1.4570499287551724,1.4661487534930386,1.4971679032936345,1.526943773620348,1.5319075609937332,1.4283689263927009,1.4443996832699344,1.41218723677905,1.3606696983308364,1.1854210185907141,1.1980756470310008,1.1674238611372882,0.94480560538872,0.8497290031504865,0.6912767934798587,0.6929411340849335,0.5818540384422624,0.2887638091822041,0.13111916022699197
1.7300000000000004,-0.039373297628941505,0.20739456213811297,0.3886663704689229,0.5640656602827396,0.5773667427252598,0.8013620455926422,0.9014207749555023,1.0466175194227068,1.1807854441189387,1.2308426944245785,1.2744930960148482,1.4066465035911508,1.3826434607695925,1.5124406426182857,1.57939753111088,1.5065246448078489,1.5189240268936208,1.5118564411675195,1.40333863065382,1.4504869586105604,1.400856883278647,1.286084879464179,1.2188767083718517,1.1917868564314387,1.1184544550027775,1.0219555196006556,0.7818270315121127,0.7316422469653493,0.6065067958464673,0.5138717454445567,0.2655921307558001,0.12178751600046492
1.7400000000000002,-0.022891301328714038,0.23322013124984992,0.34587013848655973,0.5841192493475136,0.6579205941422144,0.8771011514135371,0.9441388035157198,1.051807904025889,1.1572285089462089,1.2160392310599695,1.3437141857224142,1.4439393288248341,1.4345069730425357,1.4591387367937345,1.5200305797595497,1.4993802425145375,1.4977254192834875,1.5118377362382602,1.4901635253091217,1.4894041250241123,1.4255644498631703,1.347122723410623,1.202963919430226,1.1598558201721028,1.1191497259821053,0.9510278458977363,0.8429856162560203,0.7204936884955775,0.6752840345763635,0.5661543000334764,0.23461552237314942,0.12739410244499652
1.75,-0.11475896909508361,0.14691612017651706,0.37212166012577214,0.5291262819065793,0.6125716956790629,0.7969623713762477,0.9209089340396202,1.0697222968745719,1.2065016129846913,1.2373549835013238,1.3190408084997738,1.3098248450037382,1.4128002721497963,1.4631947502586986,1.4277486114394027,1.4707691750404694,1.5049646326358779,1.4809958790380167,1.4511048022226387,1.3779217962984391,1.3879692899763638,1.3338663295937856,1.175569838422888,1.1539828115309576,1.114267341437777,0.9553911120926537,0.8419438247683961,0.6505131091334215,0.6170113101139775,0.4103024621303633,0.14828430220402988,0.095990830587192
1.7599999999999998,-0.0923322072699044,0.16040048633350285,0.3216185346780501,0.5166285207019732,0.616618950666958,0.8027147430617789,0.9156813228685867,1.0229601167122564,1.1726231888146994,1.2542766188869594,1.3491789998395616,1.3722936217202095,1.4343449565790614,1.470196750118952,1.4716695366568298,1.4595983289103946,1.484435933098842,1.4777536353401934,1.504846657119388,1.5123795779170344,1.4078546584591565,1.345970273174108,1.181806645975751,1.1234140737365301,1.0648003032478222,0.9873679816782569,0.8144829159268219,0.6156244192426134,0.685251741420676,0.48302309937629,0.22207271736075912,0.12310055843071337
1.7699999999999996,-0.12521157529610652,0.18186046250119506,0.3920262223286543,0.5002944837105174,0.6181142682162051,0.732480769544753,0.913146494947286,1.0884762607537237,1.1457492097587798,1.234183553169892,1.3198347177396998,1.3415525308617093,1.4359090212598158,1.508398056322002,1.4208349826069009,1.456404184028262,1.45523880314299,1.4922139680893154,1.4730464728060544,1.4504365382690154,1.426893608047907,1.323276651976393,1.1912491746047666,1.1452963852112117,1.0575151175015713,0.9560276139324685,0.8654866696078876,0.6685664641536014,0.6461984344919696,0.42278590892684315,0.22418364931753929,0.13910333650359175
1.7799999999999994,-0.10087114666791984,0.11381011884670005,0.35699204787694805,0.5828464608749259,0.5983292641287764,0.7280161845996465,0.8765994425116997,1.1159902685083343,1.1575913816126704,1.2629881276954966,1.303921917846149,1.3697487525429812,1.3819405801330198,1.4378439060420984,1.5017563479399376,1.5440012908407073,1.5012673442952673,1.4640486682982818,1.4765889585708927,1.4463867363133909,1.2929060710339908,1.3480292241794047,1.154392236035318,1.0893538957447222,1.0879060308382642,0.9220466234426158,0.8300445226461847,0.6520558376256421,0.5961619918693586,0.4033955021490079,0.0990607343055684,0.08655109341157395
1.790000000000001,-0.10316676426034226,0.08941476797452216,0.30267524938286056,0.5772113977505099,0.5881423660208605,0.7445925697585039,0.8747871614525402,1.073914305797469,1.141547740176576,1.2513346389005813,1.2686257679700081,1.4303416361189898,1.4469520131222406,1.4860738327593588,1.4762884005193189,1.44792307077241,1.5293371391817494,1.4821307460422535,1.4677514930326914,1.4102173269861753,1.3212215486408136,1.3251533971114815,1.2495790141609957,1.1056070947978882,1.0511977536593151,0.9477569353141101,0.8386223319559641,0.6707713405062671,0.5885923606815766,0.39232997170845824,0.19851486524160758,0.08715418685416226
1.8000000000000007,-0.07482492695586332,0.12738512319477846,0.3460592974907512,0.5609917314544222,0.5910067915764505,0.7338576440238899,0.8783921978392166,1.0574377647119921,1.1333091892956735,1.2217276851872236,1.2669404573800451,1.370373198432193,1.4096611672003165,1.4735705586491654,1.4508313113058902,1.4442607266571603,1.4751939597930757,1.51583955280572,1.4599401903745304,1.462649540904825,1.3327468238113183,1.3375445985874561,1.1367191993074723,1.1077223486882397,0.9864775912085708,0.9312032110614544,0.8249834815567997,0.6420658501143514,0.6288041508003304,0.4019455488418682,0.22851429011906485,0.06035977985519709
1.8100000000000005,-0.0807432779557066,0.11803244513040179,0.27817617851321297,0.5712757603079894,0.5612273996832465,0.7408315782106996,0.8830548665149717,1.060883442265565,1.1736410307816978,1.192031913255082,1.3008833455049578,1.34750932650774,1.4388019272516233,1.4612808148431322,1.4863256345447502,1.5277014010275616,1.4554417667758073,1.4826770819475084,1.4772744682194219,1.458264593700199,1.296083235596452,1.2583939647375966,1.163072906957536,1.0669543264296022,0.980278796820789,0.9676710458742328,0.8062817257382208,0.5982957624611223,0.5854483692000747,0.37826503342660533,0.1794983358959382,0.09139005135649497
1.8200000000000003,-0.09478031428118193,0.07902332923613306,0.2883820605422781,0.5787617466869941,0.5972073322702625,0.7208220900380712,0.8736397845705925,1.0904380013669241,1.1403316356184365,1.1784318058942687,1.259707212320591,1.3483634337287984,1.4142501982913116,1.4840125888718927,1.4667406195240231,1.4459991387526456,1.4676230063138294,1.508663718875814,1.4413778421952745,1.4748425658072764,1.3229025209177407,1.2901402834603084,1.1951471175446449,1.141346837144436,1.0531847978279922,0.956717079366281,0.8784571820397203,0.6332691533719891,0.5883482208942414,0.38847643119491326,0.24381805840586376,0.1861669920436157
1.83,-0.09032078643321537,0.0935942167605269,0.29061129970401584,0.5449580058555392,0.5985738810321173,0.7359351100083225,0.8194853154158422,1.0400142645644852,1.1721119804815139,1.2520890976266479,1.3622967362509222,1.3485554384909675,1.4315262239045177,1.4522203380540548,1.4891542835290692,1.4427974944114808,1.448018024390197,1.475007381398699,1.5122968490585298,1.4648152381895658,1.3155505648962647,1.2818385055706902,1.151559030194398,1.0577240073271426,1.083884494272121,0.9782715903023452,0.8885890855100648,0.6916553126104507,0.5918219823999117,0.3709615469345982,0.24247731551753632,0.0941268217412766
1.8399999999999999,-0.10677174882665386,0.0320226410961911,0.31501001338960466,0.5595708622938239,0.5754679314172856,0.7379441734266576,0.8811730955620071,1.0504066012347002,1.1416559282046144,1.250753248506455,1.3121706112064448,1.378763991109305,1.4758379748724495,1.5119612436029997,1.47836192434483,1.5011591825149648,1.4615716850631433,1.4892869745026778,1.5603362395364393,1.4546039008116969,1.341004203091557,1.1985216598222,1.2076134761424315,1.095351640867463,1.0211808940890852,0.9625706292413101,0.9218292858979825,0.6814928830492475,0.5277822790053665,0.33089336418470483,0.22680570986302603,0.12671661240433
1.8499999999999996,-0.09994346480450028,0.08280001487871481,0.28003621039147336,0.5436622813894683,0.6150866108901618,0.7226719746732997,0.8431604306568061,1.037363822313506,1.1601808483683236,1.210017618640438,1.3079603021047024,1.361552032814269,1.3603776727402657,1.4672246564803357,1.4341180369514106,1.4524986244895275,1.5012712275216717,1.5106897307267697,1.4157516566775739,1.381252956177669,1.3005688338847576,1.2641106612428379,1.3039060775197495,1.0870029569267932,1.0099458932498888,1.0392171511037387,0.8709430131851915,0.6684620073822523,0.4858850094093151,0.37160872188192096,0.22005906518875296,0.09934391228551442
1.8599999999999994,-0.0663484359247858,0.10491009088106348,0.28109425086405326,0.5670147400206174,0.5886023158718409,0.7327734702282113,0.8446248807113965,1.05328188120713,1.1093116128833225,1.244574013895396,1.255975330204662,1.316317759965937,1.3587638571690852,1.467200144628973,1.5099397798688268,1.433102002378943,1.4505285710792222,1.518088737152487,1.4329545743447996,1.4595487660011792,1.319854792752036,1.2382196199448054,1.2437570973488778,1.0638058382088273,0.9713767249842704,0.9880605593749395,0.9176735966991896,0.6807913605456601,0.6416498082329619,0.37694602464701266,0.23507479945013596,0.1649778588171491
1.870000000000001,-0.09884652776430544,0.09514421011049873,0.21241730583849375,0.5985804552182256,0.6427504558383823,0.7123232822693879,0.8494470680898821,1.0748326826727934,1.1509152723957732,1.2188739439923095,1.2644305172509758,1.315596926299286,1.3883512821869926,1.4435502354164513,1.4439510210615338,1.409474581767188,1.4051500293252608,1.4310180120913625,1.4560287971530217,1.4940337526346026,1.329116904107287,1.2487252748316309,1.2367713060423797,1.126424474063528,1.017482430371892,1.0463318733183276,0.9884026930487871,0.6998089094246057,0.5302300304225075,0.41445015086311027,0.299010057266043,0.1008495214092178
1.8800000000000008,-0.06257138037945356,0.12520186175755255,0.23579805821061015,0.5870750218694014,0.654699785125411,0.7339756809839265,0.959611728457796,1.0416092000651949,1.1678805162294676,1.2387451070543816,1.273725063264305,1.3362600111556513,1.4067056557890738,1.430715719860318,1.4325976749278893,1.4419882051261461,1.5331089123586097,1.4729636045103573,1.434352935678795,1.5005521639634067,1.282967267631363,1.2715632802833128,1.2936904173168893,1.1219601357634816,1.028860949766045,1.0452880264660895,0.9078779080810057,0.7054857167372137,0.5296826773325588,0.385944465864343,0.23973127621595833,0.1834284327412117
1.8900000000000006,0.03099012986763371,0.06443973041195628,0.30702904804352116,0.501901032913469,0.6200580621607887,0.7157919042430261,0.9136274012613375,1.0434940209844896,1.1170415963174452,1.2509200098195838,1.3045309125308289,1.2845429629590337,1.3839739224423697,1.4240284355690451,1.5073148612083895,1.4700648555513918,1.4092356635472953,1.4615776874485233,1.482662597693747,1.4877583486997554,1.2784563640048392,1.2613193049548024,1.2756362886516617,1.1027337578074417,0.9974644955108719,1.0901174720155757,1.0076042838386128,0.7687327337761504,0.5433848761736229,0.3784392486753336,0.38054028337480494,0.21751675077988358
1.9000000000000004,-0.005294637863217742,0.041249524351188914,0.2564967032056879,0.5771076679709977,0.6585014378267033,0.7511594162731168,0.8378002765247949,1.0731930820631268,1.1021228722163172,1.1761002573108084,1.2869644057431309,1.3545658851278533,1.3924611885474307,1.4338779564995299,1.4751549227046574,1.4860193942937991,1.5198247298285865,1.45327357245311,1.4886707598532807,1.4851980066219903,1.3323496290283097,1.1929508964002518,1.3566387277482121,1.1531724853681775,1.037626156466601,1.0885128189460191,0.9627874269138406,0.7802489479510609,0.5434144301397541,0.4080901959822441,0.2635143612232393,0.12827100492936067
1.9100000000000001,-0.011554353512787056,0.0924457560576413,0.2594873383176493,0.5540144396693658,0.5924055574020088,0.7255074959865295,0.8523659867181734,1.0514023670207422,1.1124547802273206,1.3046607841057214,1.365712178564836,1.3577200193825913,1.396406468951418,1.5107856241591084,1.4830363786538305,1.4314776933233275,1.4832710580708215,1.432881132813728,1.544732010009019,1.4680512864734312,1.3040981260650193,1.3129100383914722,1.3439119647979512,1.188974610626803,1.0969419428381337,1.1138618984619835,1.0222062920827069,0.7255269048060813,0.5267867165010962,0.3844252063091402,0.3707718005672802,0.2205851979592845
1.92,0.01051610347885221,0.06637635990438079,0.3288965030071184,0.46221239771592026,0.6845573364226867,0.8044229904625538,0.8898558393151847,1.042140256880391,1.1776017729637607,1.2098538006607695,1.309435576759142,1.3132965730479698,1.390516589357555,1.4218317921248127,1.4893696180858162,1.4213936161560363,1.4181159209529623,1.4624268361084063,1.5485156343990918,1.5568392661419774,1.3327818868646875,1.2442129745344437,1.302756103393583,1.1313575051812697,1.0627503627529162,1.1562004442006921,1.0339819301220086,0.8130881140775259,0.5869516914997781,0.4099701233190297,0.3877991582058382,0.16147029309913113
1.9299999999999997,0.008522173551281475,0.06996981835171445,0.31704345315737387,0.51199368355478,0.6722950485067659,0.7573838447732685,0.9163410248102902,1.033783733565172,1.1574807270364047,1.197380486875554,1.370271506931591,1.3499886806370416,1.4117061025110968,1.4481586437555567,1.4609975462361535,1.56543686922578,1.4639779523144545,1.4911471724140144,1.4988664736735744,1.4557653945131344,1.380024671396794,1.3041919772871582,1.3488725191117976,1.168406550984418,1.011606723445388,1.1240427876320265,1.0267824671378358,0.7772591534266915,0.52427322251812,0.45309596323174606,0.38060720794246156,0.20860643837793824
1.9399999999999995,0.08957217663834875,0.15694298692743877,0.25866660983391365,0.5576355092196457,0.683401189281552,0.7749167508265271,0.8865130246841767,1.0323777566624228,1.1195630228583437,1.2523175189348914,1.320424719271723,1.3847830902248512,1.4326800654899168,1.451617148152001,1.4440927867468725,1.4431092608823877,1.5084410744195058,1.5128545143406134,1.5084472979261432,1.5328708360729209,1.347688592656976,1.2100297981821966,1.3326800272568968,1.2238415908836955,1.099235603516326,1.1161765570128441,1.0557380824352256,0.8370837802182053,0.5190293197130658,0.38500438176884166,0.4091304876825546,0.22526567759848695
1.950000000000001,0.07040995359026117,0.1401312023372446,0.30231567755658173,0.5398258879312124,0.7172360619659353,0.7846545829902409,0.9300556926833459,1.0235825989509526,1.112848507269013,1.281861817828076,1.3093491771440022,1.3603247685934865,1.398509877289357,1.4348258244356538,1.4772941964635578,1.4986768467105123,1.533776276870538,1.475519281195832,1.555327065348409,1.452521486611889,1.3901151752470973,1.327275071260254,1.4031466908576549,1.2814703781814107,1.1588688525208042,1.175190190610456,1.01566916094267,0.7893919185520191,0.5410451481019621,0.4275104013203919,0.40509092056953905,0.2496331952911593
1.9600000000000009,0.06069982442554454,0.12763983290223047,0.30030685873645613,0.5620978977519324,0.6641652521895277,0.7593554268897658,0.937991777533848,1.0007929046565562,1.14933947451471,1.191181382152666,1.3165585111405553,1.3040490880041538,1.33636333170903,1.3923565482631854,1.4058239454091437,1.5166932233078925,1.5080814995268093,1.499529782521352,1.546780014585016,1.5197041521787287,1.380751137725812,1.3101512455068052,1.3775556933350945,1.192260962520324,1.102490030164266,1.1793575066551263,1.0713584978352761,0.7971581790528931,0.4611887092749901,0.42830378040371364,0.4577974185921219,0.2802997213222545
1.9700000000000006,0.09491573873422395,0.1422060181457978,0.33769552122200225,0.4982014376400363,0.7495171919910113,0.8061795803497428,0.9213061709525698,0.955088614064891,1.1148208438256542,1.225669681993015,1.3403414819540724,1.340024168664214,1.3708280648423368,1.4882265828657513,1.490984904065713,1.4581632692392985,1.5299750960465128,1.4205250643508271,1.5189225615432687,1.4661044370755423,1.3857996314781122,1.3421903272206364,1.3865402040988002,1.256235789741855,1.0973341828962135,1.1769982345045893,1.0524978400570681,0.8386608484900997,0.5121439251225879,0.4544661376264827,0.4574953906964802,0.29575851317833823
1.9800000000000004,0.1310010985910016,0.15508903892075626,0.36814682894116396,0.5253805975707931,0.7302555605727183,0.747506645498658,0.8755041648560391,0.9963345372133521,1.0703690864237951,1.2362752705992277,1.2820624276028676,1.342507879364895,1.4732795062862194,1.4246430527151293,1.5135049078267022,1.4959653772223283,1.5436130823019627,1.428347154321006,1.5213925201520806,1.4552843218345857,1.424216986764253,1.3656528643959618,1.3439080997940756,1.3107325919165902,1.1338963015805859,1.1190632702280854,1.0703967984738185,0.8641211296952311,0.5308634534371116,0.47233838027258007,0.43702254370597654,0.2564946380215164
1.9900000000000002,0.1362644664866309,0.17635958679951136,0.35780215369102575,0.5260158207974587,0.7483034722022445,0.7760540815121225,0.9126403874061818,0.9844659811136898,1.0932437928356071,1.1612891493322601,1.2854492324190183,1.2960162993563518,1.3801900328656953,1.4837377731197159,1.4294353558292632,1.4973307136141571,1.4715271317170489,1.4105288900076918,1.508166201615711,1.4565852677310454,1.354219269159911,1.278111481781783,1.3578205618401735,1.290636194643302,1.07400982386322,1.1314421908860817,1.0113602486069966,0.8771326528994677,0.4994603137179367,0.43873078669594123,0.4182689914412343,0.28371671650765506
2.0,0.14326307545960953,0.16644305067759035,0.37251500625744116,0.4823224096281651,0.748328266270771,0.8747944659821995,0.9204082249383218,0.9727645654794239,1.1346474027636693,1.1947638320397795,1.287916838842486,1.3361253455667086,1.4353729599171845,1.4163190651088653,1.5146859272118762,1.50337738554792,1.5150606361453853,1.4389106430396934,1.4648443883911848,1.401668084374288,1.4453700333895,1.315537452302583,1.347109557799954,1.3213233125977368,1.1481017986550477,1.1644819172760101,1.04349114727927,0.8760891716814256,0.55902411330265,0.4493518276677706,0.4758741087282758,0.2568885312203285
2.01,0.12737273370189864,0.21935664284872297,0.4085870317958748,0.5186462592179542,0.7545712999625198,0.8457068600186204,0.9918866408684981,1.0009775183018415,1.148054316897321,1.2181707274318418,1.3184107742605358,1.3791172116256947,1.4749095582467007,1.4566312003985566,1.4811916388782058,1.5273389925041856,1.511974615161932,1.4723381761569299,1.502296075675275,1.4518368277963165,1.4695257704055844,1.3568809379711997,1.3653082193790316,1.3106688789779328,1.1155962306632046,1.1454925069090798,1.0515328941494086,0.8567071925226029,0.5380015188385441,0.4551746537304256,0.4542224416666119,0.24736781248263917
2.0199999999999996,0.14764703886268285,0.18204555440117812,0.38683908573918474,0.4737078364113476,0.7618908540711918,0.8619740635325743,0.9420346182841332,1.0111285917022812,1.1368164355824586,1.1811412443605194,1.2976538714834562,1.372273937157742,1.3706729469808077,1.4829576409877165,1.4201931939850414,1.504155008051262,1.5167896569368489,1.4580974995697291,1.442428666852239,1.461006564866055,1.4533008943704244,1.3992316061322385,1.2881260696269836,1.3033857879705013,1.1715946528488945,1.1190905762637413,0.9946453032559828,0.7896405296571809,0.5600562748928908,0.4462689811684099,0.4841308091430403,0.30142511570904135
2.0299999999999994,0.1585397754040547,0.2639037008226111,0.40076180899991837,0.47196869504157374,0.7859051775246065,0.8403493077887226,0.9667596343146141,0.9908816304551051,1.0965610193752482,1.1724745318849192,1.2573413744057884,1.3529043389112023,1.4161636615791326,1.5073067503743571,1.4897993957062887,1.5596639537799053,1.5595432173441854,1.5162684588034783,1.4919610828105372,1.3444481873112692,1.4433045798020103,1.4020677463886502,1.360748044027416,1.3131607072024813,1.125546973340551,1.0995535808472106,0.9644026896948025,0.8443326437959774,0.610205422650215,0.4931863433462337,0.36059593004014834,0.34843484805980973
2.040000000000001,0.20041596972370013,0.2806494633414033,0.4317406069942592,0.4662043903038288,0.7221930285641676,0.8495168389215848,0.9622517399022269,0.954776941475704,1.1087308928525184,1.2273050582113334,1.243286394169153,1.3222213539774275,1.386673564422175,1.447821753710749,1.4953550639370197,1.524865881807867,1.5383879890938197,1.3939546086401335,1.4683447743240476,1.404989106745158,1.3912305790297765,1.3784270277820725,1.2581355453331569,1.2641861489972257,1.101059456490484,1.0371021893575887,1.0104668854813623,0.8506689360394638,0.6252670967174534,0.4919406832316597,0.40482900629164076,0.3019796174793268
2.0500000000000007,0.19506993613516255,0.3101783473569779,0.45860653896115994,0.5383196702001251,0.7129609947329113,0.8690421123050361,1.013420826896623,0.974704144159216,1.058480833658845,1.1146844524756323,1.3113871410387647,1.3018706011725858,1.42072471652644,1.4437946499675796,1.4477005072224158,1.4652404395666134,1.5101067255949399,1.4261808884855829,1.4585818460283841,1.3572998501296087,1.412547547222054,1.311999325340606,1.2753963725097897,1.2357304746032245,1.1097784251394143,1.09668781813029,0.930934313717932,0.8834052531860389,0.6669401671357337,0.48561489992313134,0.42929994450049885,0.3421187063503156
2.0600000000000005,0.2286894156468544,0.2589166893203378,0.4890343300461762,0.4874646471584002,0.8091627241089724,0.8348074914893694,0.9972182713162394,1.0157675188621171,1.0556189320463438,1.1608981193742915,1.2678596554392327,1.3221278049399232,1.4393065023272684,1.4100349847329912,1.4557918652549828,1.4938129679698362,1.5060076782395482,1.4950086138523713,1.5219604900236572,1.324692571219128,1.4150782384533438,1.3979608378348605,1.2970143064791264,1.297966677034723,1.0986809688452333,1.0385532128600339,0.9387984426627891,0.8082803661896295,0.6333271139257957,0.48654226899866093,0.39879140073846925,0.33196208566606683
2.0700000000000003,0.19114398205136976,0.33477372874181516,0.4322812296522941,0.5091260584999975,0.7498761808015036,0.8470149718513154,0.9037212917296534,0.9680988466210702,1.0339329120935954,1.1716045447196444,1.262970189539662,1.3536606410490393,1.4267566540816121,1.4139194659021237,1.5082317262588714,1.4373896090999982,1.5076936313364278,1.430697601547217,1.5335372078291172,1.4213829191316303,1.421794731528405,1.3650015098664041,1.273517722825593,1.2357444552652015,1.0999525967331072,1.0083557748014824,0.8779878349572054,0.7669916676891706,0.5707818364921147,0.5103869881715989,0.37099719104364937,0.3430805885528679
2.08,0.15277541222947877,0.3583712909093919,0.46920252005109875,0.5101034963845865,0.747589894295294,0.8920793196125804,0.9465249160484468,0.9384905801526172,1.0823428688634633,1.1486902258050882,1.2671975154347181,1.3894416400593301,1.3429544383348822,1.5114598591737944,1.5002127175699804,1.5317858039521366,1.503576508500265,1.4270117999829128,1.4220820641467848,1.3530057032889737,1.4095040576111355,1.4047562737081478,1.316854503698538,1.2936068498459525,1.183331796638928,1.0087837476674146,0.8525142351239569,0.8460155686460294,0.6768603462122618,0.49320907878578385,0.3680653579614571,0.34144162398688305
2.09,0.18259316793158256,0.3388035646705281,0.4471231557467531,0.521969578811665,0.7132934409575358,0.8226973848450114,0.953211216206741,0.9862114881077588,1.074514553339097,1.2198043320787255,1.3044687688202534,1.415095696430671,1.4476604292579345,1.4523136434745894,1.503180380982431,1.541118112190937,1.5140007058168958,1.5146584324159227,1.4637032996740365,1.3615464203296215,1.398474410428562,1.3009049056566369,1.2540732473701504,1.3233664268052507,1.1665058742119394,0.9485839498456236,0.8313419825787987,0.894345054082572,0.7106384342756937,0.49232885115143316,0.42111049789717153,0.35451902972851446
2.0999999999999996,0.11643402519180901,0.3197203954648589,0.4272187793053917,0.488729566670055,0.7226622385585518,0.854739676539548,0.9582923912698708,0.9818425331565014,1.098159811344678,1.1495335655615293,1.2123185104183147,1.3259691115597574,1.404890837021143,1.4142143098111157,1.4789953116133758,1.5134658480362113,1.509329940997402,1.4347954557519345,1.4322528992293062,1.3726881905382107,1.3844296791253177,1.3194000155175256,1.2958210466004307,1.2882254720333572,1.1397312694426502,0.9551229973392629,0.833980345593418,0.8147497550035491,0.708004896517624,0.5676838696403262,0.38606708208923896,0.3395896711191238
2.1099999999999994,0.19411808108589973,0.3308579516788384,0.44323658844764097,0.4555864238299826,0.744554144185938,0.898865893905923,1.0019398181092174,0.9853963242264052,1.1185833313347517,1.1833229504387281,1.266461102578109,1.3654494955586003,1.360568201660778,1.4371001053994956,1.4794207373039683,1.4300647009265532,1.5345030093418572,1.4864155745025738,1.395695196672514,1.3902651638492036,1.4486304173950029,1.3813062977124984,1.2777713952275154,1.299252727361449,1.1688558999441008,0.9661659701082379,0.7865476878288408,0.8292643129347259,0.7717896157510715,0.5202099484813225,0.3897686994420595,0.33348247250443225
2.120000000000001,0.054420226664853674,0.35753685955501624,0.48085950841776226,0.49384758069737866,0.6910819222653993,0.8209621898704078,0.9537223593090259,0.9998307809828201,1.1041591084076607,1.1365897613773397,1.2679384593721894,1.3268049630206167,1.3634697323363671,1.4087779075251996,1.4870027172807234,1.471274894848726,1.5356467342390503,1.4005252304783748,1.3858355003991367,1.3092782081526122,1.3976564939731968,1.3747099374276297,1.3070274910773758,1.2752595768530883,1.1847408641243005,0.9680253440429594,0.8109401641487282,0.8334838354521679,0.7158112961856881,0.5755029418439722,0.4010202518053557,0.316965278154828
2.130000000000001,0.07066579645166933,0.2977241351893497,0.3959183359430187,0.4355235050289167,0.7138732716970929,0.8114425747260399,0.9772943644969174,0.9779320447490039,1.0868557881746381,1.184191213443511,1.2622588580536411,1.3615314092093402,1.3545009786602253,1.4727205032060346,1.533768764546647,1.5258823627320264,1.4703852274539582,1.473862214625096,1.465026989139043,1.3808844608603128,1.4534681372324805,1.3043671994883506,1.30343510696853,1.2458440554388597,1.1696176882362266,0.929044520801942,0.8129471251781284,0.8527954970412447,0.8437850149372178,0.6494023504852385,0.4195186914959459,0.2888137567049267
2.1400000000000006,0.1325589511921301,0.28327754524300724,0.4644701654273967,0.4642321188992024,0.7163953832968095,0.8953149948080412,0.9760253381613653,0.9168818368889002,1.1224440931428252,1.1835815487752908,1.2369673638172192,1.3560449330975588,1.4096880042202953,1.465623370583112,1.444638865038039,1.4494403152924027,1.5105694365938447,1.480288953387532,1.4211806822903041,1.4136426873835168,1.4499564228284465,1.3987148843000412,1.2335126839467603,1.2047695294568723,1.1664737339770135,0.8841520591251636,0.8276180044903059,0.8299917684664693,0.8087970136521457,0.6650621162695065,0.40704444788695665,0.2994014363976249
2.1500000000000004,0.08819053520596526,0.30244420714187775,0.4146409305879164,0.4733932426527524,0.6818487361699663,0.8988345108546557,0.9584280071342564,0.9618912145452956,1.0540705927016587,1.2025780815053808,1.3025935042403423,1.3988810902581297,1.402683479984312,1.4623488336603137,1.4676994351223478,1.54865162482515,1.5252320820880714,1.5135922805193256,1.4512159541633542,1.397715740198036,1.4501250246265318,1.4897190880468536,1.275628288693061,1.2382160784168816,1.2134030560035285,0.8962716016415375,0.815551108664985,0.8412612233533564,0.8092350667783289,0.6642551382816132,0.37006601336310607,0.26520616699007016
2.16,0.07478503098310521,0.2941594349408604,0.4242720058643863,0.423576313653614,0.7053461069280507,0.840141611555123,0.9503230052564361,0.9805603666872207,1.1186923482883053,1.204937063711168,1.2735663261227363,1.3645971638882055,1.3958130208464055,1.4369609062512685,1.4526675372574196,1.4916171020897533,1.4475763650303735,1.4691154542858145,1.4431214521787663,1.4062784643616693,1.3777109863305474,1.3219352815703849,1.3059450517220939,1.2626579844645407,1.1815686566770167,0.925800499541261,0.7826284144289442,0.8860972890814158,0.7955115416755235,0.5486477272732007,0.41161227689388885,0.23895290179301623
2.17,0.09881687761915892,0.32660137306027004,0.4303472694883303,0.46982435238699016,0.6774261575657763,0.8538213619120683,0.9490425303129393,1.0188327264108485,1.1594248674696794,1.202717639112639,1.2893853579874168,1.3984305451749997,1.3813065833743878,1.4837860846562292,1.4669776400976509,1.4873761878398655,1.522820562234743,1.494487578255663,1.428254674184816,1.4263206270178124,1.4569764456530143,1.3071306689618583,1.3106239241212776,1.2411882684268347,1.2448920458474704,0.8400084734409268,0.7750360674982355,0.8333075421943797,0.8100869016025875,0.637028231782202,0.43640808215726834,0.29751178652253185
2.1799999999999997,0.02047535754226224,0.29041675860434224,0.45968966861803967,0.48430434260581323,0.6373708245214207,0.8796889760856387,0.9630504844914579,1.008499049157712,1.0866903409074609,1.1867571873082248,1.275093772032407,1.3258578558811285,1.3655962160559076,1.4938381551801458,1.4744890893097298,1.47763368137157,1.5437898204308678,1.503212265518219,1.454682074240747,1.372458900188128,1.4800408077143248,1.3652226408099861,1.285084020365423,1.166840490352164,1.227918880297127,0.8522055450494628,0.7376169986162122,0.8108584212879938,0.8046391496434294,0.6454982844613726,0.45172360486190777,0.26957309655782685
2.1899999999999995,0.06256821836040098,0.2384604549397117,0.41877160617444903,0.49116270762880815,0.6321167475789254,0.8421019411769354,0.9168277987924403,1.042053397776407,1.1343087238995122,1.1945497522613004,1.2775820919934304,1.3965147023316329,1.3941971847821366,1.4892108518066756,1.5154763542043408,1.51219513084351,1.4781820784126347,1.496634903481177,1.472595799908766,1.390141068847461,1.4788221670135577,1.3947547962951747,1.2721638689754513,1.248189939203929,1.2043448746066394,0.8655960568746991,0.7115380650952897,0.7869139117173879,0.7509797810407566,0.5855752637383218,0.44268398085529964,0.22556563160856316
2.200000000000001,0.027892101033995066,0.24529037620678326,0.39485786316667787,0.4689784180537491,0.6473355396021283,0.781891976844715,0.9254552009370905,1.009547683191673,1.137085809683824,1.2547416346813036,1.3313568576629198,1.2714727101364807,1.4049223961068178,1.4183303058653904,1.5273186289945866,1.4786583060376366,1.5302143996080408,1.535340766440336,1.4199811307542982,1.4111611157112636,1.4475362431617647,1.3972844178291444,1.275179420620763,1.2549722066389128,1.2165815196140695,0.862629088896167,0.7566423509929998,0.7506479027886078,0.7928582176654709,0.6410477476770389,0.42288779094766654,0.2137872350541923
2.210000000000001,-0.002305510538454075,0.2247046810825505,0.36528909887123584,0.431476823067788,0.6297776278420133,0.7936026915024524,0.9407458272415323,1.0439902670030012,1.1628272497441674,1.188337323438106,1.2507278935763853,1.306500421374432,1.4289037057193645,1.4462460275471403,1.4853660902706933,1.5002879466375696,1.5273509061093282,1.4103070314687582,1.4888668985204623,1.479761159288251,1.4288828855131097,1.3818351623342426,1.2247966856655699,1.2271603922152177,1.1619467553129215,0.8871818105098349,0.7814348860738151,0.7868221009877046,0.7931576715089166,0.5957855696690613,0.3592995005766059,0.20216424931940624
2.2200000000000006,0.07976712144181038,0.20654623595524058,0.4205887584924093,0.4830905718499863,0.6292746832114059,0.8420717029797726,0.9249255366388371,1.043174044333264,1.15815645766757,1.1931947789181563,1.286414528645459,1.3515457220591869,1.3979818819331624,1.4913665616529412,1.492795010649289,1.4867065771685624,1.5237716547312843,1.487656666319269,1.4538185681939286,1.4736957655339544,1.436435609197971,1.3937860749315456,1.236786205195688,1.2105821447489105,1.1471114190984444,0.8949735615958743,0.7653001383030253,0.7710285037686341,0.7468552223123044,0.6497563524267591,0.36572694682260126,0.19144394449891003
2.2300000000000004,-0.05090350532758427,0.12803092700919,0.35985398001218105,0.5150651367451383,0.6247547791762579,0.8016369345345227,0.9266570363060487,1.0020120009025957,1.080913411837441,1.1202224827332752,1.250953515184435,1.3602403168517037,1.4286935694430936,1.4429676399258,1.4364506483383976,1.5197958645424774,1.5325573963540267,1.4753110974358863,1.4802557600031603,1.4571666411650523,1.438884840933603,1.4063898731141087,1.270131901786649,1.1838664965064247,1.1523866064646664,0.858450328560369,0.7810936088973717,0.8016208175175742,0.754515175953318,0.5846690024887173,0.31574012377828986,0.19755966695015986
2.24,-0.01656424884807721,0.11616042497315825,0.4369701074177453,0.5363445641045816,0.6370610258682857,0.7938320979065964,0.9087086855431281,0.9341231251234469,1.1760142211937514,1.2131823230286245,1.3036992739785929,1.334098561785789,1.3630739466459187,1.4433150440327196,1.4883695182137964,1.5287425345122962,1.4726389715091754,1.487295044554809,1.4314555037048955,1.4285046328823465,1.4915600310841826,1.3647444696460427,1.275057462751617,1.1680075339553406,1.1952893539450706,0.9291460700535459,0.7840414449688247,0.7203393379331121,0.7397618531599097,0.5772754762376037,0.30707072842433575,0.13251713123143966
2.25,-0.07367835134520294,0.11102699511149164,0.3594990596696485,0.510304106982977,0.621142114887037,0.8269044647895739,0.9684890160913562,1.0441008675227486,1.1934841191665992,1.2215942020803678,1.288746940598537,1.4469432943945033,1.4693762763079257,1.392344552284374,1.4282304523291298,1.4973759823973982,1.587089851274251,1.513862053491869,1.4767970421013814,1.4820531762936497,1.4172655281235966,1.4020275216310467,1.1608471066103943,1.14726757670094,1.2099741990576658,0.9117356876646026,0.779870847354432,0.7115091864714083,0.6944227458529473,0.5613592085524141,0.28552413717742325,0.15678475469138506
2.26,0.047686900783051156,0.16006854166518975,0.4142127555827918,0.560702708955123,0.6398320859304768,0.8571954138327924,0.9768940987437658,1.1112544403201918,1.1103711246836752,1.2081607266283712,1.308522959791891,1.3779683815101331,1.3663315142947352,1.4223089834478124,1.498501983877692,1.4751330240415346,1.496340323791175,1.5228010644744565,1.5213380082485481,1.485156334011184,1.4395692567522604,1.4468438171060434,1.2895482926925743,1.1945379128365878,1.1476014758761897,0.8934141416926157,0.830679076516712,0.7352098601852632,0.7529954110641932,0.5253495155466588,0.31547594878798696,0.16464218527229357
2.2699999999999996,-0.052476113656769546,0.089787365541443,0.43236808978394903,0.5549581299855552,0.694123759024613,0.8464553928985242,0.9057188119573033,1.0323845066269746,1.108910317503618,1.1876785102816798,1.3250935735374383,1.3573490927087382,1.4123178891187216,1.432172195867722,1.4567039738600789,1.4939586000569178,1.4935998879449974,1.4719910306830188,1.4445133607904383,1.4700946463162583,1.3610131148769151,1.4066687334389092,1.2478734852707964,1.1538775462991473,1.152865428466445,0.9517173764312635,0.7863280708220414,0.6643632734342644,0.6486603511367028,0.5021042133527718,0.22960709793892736,0.09154329718992345
2.2799999999999994,-0.05151632553227458,0.07799970381864946,0.3737212914191904,0.5839908390180991,0.6703974401082943,0.8043937866812403,0.9614152583434421,1.0951027525441908,1.118010266884325,1.2053283153199081,1.2659046984323337,1.3245686696660888,1.4662952995929905,1.4778420139531738,1.4952582828190915,1.4842980556550929,1.5329540326153994,1.4803603389471394,1.4603437995216941,1.5086446667949156,1.4284383776344967,1.4096676810753395,1.2047603480779778,1.1354688526559202,1.089326725770437,0.9360337460149656,0.799468712455447,0.6778007357296074,0.6993044172590989,0.5130545008134969,0.2536050769048085,0.11857239733028281
2.290000000000001,0.019698584704987067,0.0745830090678656,0.36888452030172225,0.5930734290542189,0.6423654400435966,0.8442991625345521,0.9174870521662359,1.0232204427433214,1.1589538133087811,1.2606727621518532,1.3686819372016965,1.384696242315191,1.4117160569908989,1.4630898920919724,1.4850401460486051,1.4895205299988223,1.4884389687685906,1.4667200889320557,1.4758578274074532,1.5154930432039113,1.3880967745369945,1.4655913042880653,1.2164038471256984,1.1177969014348745,1.0846630753251516,0.9582150254816398,0.862885245249674,0.6764642467384415,0.6423751131909797,0.4732270660620235,0.19427631939137785,0.12307245615010379
2.3000000000000007,0.05971003470480868,0.12386614532730097,0.43952814937540896,0.6402228165553971,0.6695401673824526,0.8065604529426731,0.9706800529817754,1.063010759857442,1.1623639347502204,1.238571786245736,1.2504545784678316,1.3868293475492712,1.4100169905139033,1.3931904881611765,1.4598687165976023,1.4792583621781756,1.4949464486911417,1.4505257404244118,1.4641972348680432,1.490972954044946,1.451057902751252,1.4312419243561538,1.249768077630756,1.148056896736425,1.0326766389971507,0.9479943867143258,0.8182079831755517,0.6614533221167453,0.7186250811127887,0.43997426976459714,0.22670723737726095,0.12046505831029579
2.3100000000000005,-0.041389011023208466,0.10601900123553659,0.3895590085925895,0.6678504636976617,0.6607783413093199,0.8439493523266491,0.8803880632891468,1.0296792211717682,1.1442894125222338,1.2080413322375634,1.323427733325009,1.3654384427503479,1.3581081929232846,1.4752449577824402,1.5040170591167406,1.4848355417076227,1.4968166500922448,1.4498751560118814,1.4861908035572626,1.4666955635730223,1.3978153698066391,1.412676878255499,1.2853532468387596,1.1042659418536684,1.1060675343316066,0.9400633355648478,0.8106826587934308,0.6788305365143559,0.6349372181847025,0.4929410071632035,0.17960246057128393,0.10837513558514973
2.3200000000000003,0.03458317648584168,0.12009417303138314,0.38207783155220826,0.6039478292219477,0.621812053903813,0.8136739700788657,0.9104434437438496,1.0223020607068023,1.15357738966547,1.1769443971560747,1.300536007626761,1.3668151680709981,1.4389072898647581,1.4427470821122974,1.5060792113572945,1.5027679770469184,1.4789315730672103,1.4607230991259026,1.4745749245968536,1.4814289973172434,1.4201406029242418,1.4123966865654436,1.2558995174185958,1.1024058271254864,1.069149530109417,0.9788837877057616,0.8808754154562114,0.7279819479709293,0.6293082080196024,0.44195800913908595,0.24852288675528325,0.08910777149911107
2.33,0.0015063285779286593,0.1362237368838715,0.3412323964430097,0.6604484785131267,0.6369851014964569,0.8049547715127192,0.9284065411791504,1.0412787816496827,1.1782309192119997,1.2345462745461242,1.2921380175138675,1.3762840534186318,1.3951228081902156,1.4796327365886919,1.4487889757677408,1.4521440476809202,1.5206420229784863,1.4405380234853036,1.5083708517186598,1.4924155382549713,1.3899530895289087,1.399134513600249,1.244129796077329,1.1100003750444363,1.0960588798853033,1.0019874368134776,0.8687514415013242,0.664605052676213,0.6571508935155856,0.3959401583055671,0.1944564346195771,0.12154923775039349
2.34,0.004595122295432203,0.14219395378878277,0.32744755289928407,0.700267038448916,0.6697858428338965,0.7970568763506846,0.9121733058688215,1.0202639865396161,1.170887722677855,1.2322548897351142,1.2619908639366713,1.3544588905514934,1.4176342947657692,1.4219156820008727,1.4511173921068152,1.4744542994932432,1.5221548280792854,1.4490286395652088,1.5087268895383317,1.459187836530016,1.427112113374003,1.4418515669504675,1.2702503036679977,1.1816294104157175,1.0037463980722963,1.0138802469648798,0.9675728290056568,0.6028473864916708,0.6776238027252133,0.43342482714181946,0.2664105370448292,0.1440921878784845
2.3499999999999996,0.028162663431329185,0.12486939868664909,0.4012177127558109,0.6400406064888561,0.6910270084370216,0.7365203861025904,0.9177266148251055,1.0203188408416197,1.236092718320644,1.254652883259818,1.2810696749866441,1.3681256677267648,1.3877013048910427,1.4377231682477882,1.4907833444225234,1.4916745042253694,1.4678488292481093,1.5038740356434737,1.4740961754839765,1.4726704185231387,1.4323901523143876,1.3872878161420765,1.2026734987408096,1.1037159673219694,1.008424088462858,1.0111769031842512,0.9357795058883278,0.6714271190365863,0.6399983086869464,0.41948639147591854,0.1944309328885226,0.13487890052336732
2.3599999999999994,-0.06547465506477064,0.09628893947864017,0.3838679029734992,0.6297347633933831,0.6274399481442915,0.7830330978919398,0.8545612684204229,1.07605635972992,1.1240336990547537,1.174050129157258,1.2660351942284476,1.3321949350965099,1.3934964081208199,1.4929672007098158,1.491773744781724,1.4689661993330994,1.5055425094126436,1.49847618435845,1.4711138080581891,1.498999246222131,1.4068961164527038,1.4031002007826692,1.2481201153348893,1.1452753992224134,0.9649857937981952,1.0169299799691238,0.8898420258319709,0.731763961765105,0.6432725201851477,0.3587050085388802,0.23617506980468436,0.09787679618794085
2.370000000000001,-0.0190817523023002,0.17186062168088934,0.29831252525016927,0.5831722688814431,0.6268532026443444,0.7509917633224293,0.8864912444845964,1.0505648472222067,1.1185818895370467,1.2442689867665035,1.310140013987648,1.3684733545045384,1.3786838005093527,1.4333934750816986,1.4663139956481872,1.5256546716303736,1.509528470766712,1.4709896956383437,1.5227403845489533,1.5089761960500454,1.3808955585372362,1.374784459773685,1.2515699191251715,1.1474081260966822,1.0239179285570579,1.0608291939792884,0.9020075497564748,0.6895693230626266,0.6607902706794869,0.38383011130734246,0.25077588722870553,0.11524731304017533
2.380000000000001,-0.013431337822066604,0.11091243997736432,0.3255125077968601,0.5637590048957121,0.6086165771776828,0.7554480585861053,0.8264048853563772,1.052432590286418,1.1298890191054907,1.2442534999813881,1.3110431410537677,1.4076520364378284,1.401849042112112,1.4988104249716085,1.4690072537522911,1.5063163825718535,1.5121510491607302,1.494356914218525,1.5244713973923696,1.5085166345545857,1.3854598397332718,1.4535992992307936,1.3187232191421865,1.1282028404469464,1.0704990566830666,1.095045480455319,0.9560591871686218,0.6753958572645852,0.616395760480715,0.38656417224489853,0.23843330361762746,0.1416852976080521
2.3900000000000006,-0.05772397821270554,0.09811525269144651,0.2571248716830155,0.5342010511002635,0.6233178614768469,0.7489005225616026,0.8500890345023764,1.0229321782587584,1.1926775432254462,1.1815868370380196,1.2973302975092902,1.400426887622034,1.3690141596244427,1.4605995830929095,1.5411206616621205,1.525214943025211,1.5232091954056843,1.4519860099326831,1.4800866192983846,1.5365792355363674,1.3449474664283967,1.425824758130996,1.3472354669313913,1.0977829949684654,1.0404306968875594,1.0540625313893854,0.999423584586875,0.6980462871581155,0.6667480324173966,0.3316943345552718,0.24236532157904642,0.16334815900220054
2.4000000000000004,-0.11711265762891576,0.08269665709577552,0.25951296844725,0.6014495749134249,0.5724002822601096,0.7259095786434603,0.8747121762231866,1.0448068821657717,1.1722628443376777,1.227584482742411,1.3504625263977288,1.3893771736789147,1.382917406253287,1.463654885753082,1.5135571231682323,1.5027255295524815,1.4897270699492706,1.4419240979922423,1.4456754257133662,1.4824502841865361,1.393725705832738,1.4308683203962247,1.2887688772324966,1.1444419222245905,0.9970324554478134,1.030886582055479,1.0066807382430514,0.6867052503380052,0.551212525511953,0.40131704896161496,0.3029058770987451,0.14539174471612817
2.41,-0.05984750555918619,0.1494500498367974,0.2515838342880791,0.5367671834844353,0.587953300058168,0.6899353311026284,0.8936457461994022,1.0551227105186922,1.128430470981835,1.2174733537386577,1.2162881311278881,1.3985780873765299,1.4018994683659385,1.426066740337024,1.5002206472489161,1.4870638691563345,1.4454688124760509,1.505097341608029,1.456390249546332,1.4949852081389174,1.3809361898446748,1.3518568161141904,1.3029556045878883,1.1793433471383896,1.0222398986326071,1.1074818667598654,0.9925565861496325,0.695747339233485,0.656775974393899,0.4147833028330621,0.2553305754090789,0.14350148032746352
2.42,-0.10470706058039561,0.12436266277321409,0.27854841523101526,0.5654788228479704,0.5887226780916043,0.7271752091140641,0.840041744674036,1.0220050839281893,1.1649697842529996,1.2332592442433823,1.3280734287344957,1.3835003327661968,1.4190372134617795,1.467817018255969,1.5246423995806553,1.5268924517714684,1.5168545101187483,1.5573139348179752,1.5740175394864655,1.5053712149871024,1.4267863596226995,1.3327610165103818,1.2789947631769603,1.107275725078856,0.9798751481646432,1.0299105599436,0.9396579392246287,0.718363761996585,0.5622317194496879,0.3608667164568714,0.244215456013859,0.08985477999863607
2.4299999999999997,-0.11414239056495251,0.11003975301521471,0.21958076001696342,0.505853500332505,0.5865304386367276,0.6820755064203916,0.9051101003385561,1.0538586287061216,1.165913572758139,1.2343437541570144,1.3346384863681129,1.3720413820627069,1.3786388691616718,1.457218921694156,1.506133954296421,1.464149557344336,1.4563807784126956,1.5365988358323208,1.5418407121069557,1.467589331974451,1.380009586746565,1.3978091070609728,1.2866716073202955,1.1934056128075947,1.0426304154082218,1.116492764328304,1.0108609923688359,0.6980361604769169,0.5854713219143051,0.4112177622609026,0.28783053273313414,0.1121179794860313
2.4399999999999995,-0.10050526054203375,0.11685547227062942,0.2582554623269897,0.5433622458557189,0.5577899269659788,0.6996767370428383,0.875712498674172,1.0763185596001932,1.1413360577983809,1.222134071898281,1.373699180884884,1.3842904050474487,1.404590629740808,1.4293845313407454,1.573099364618048,1.4965892828705123,1.4247746730250501,1.5331602246453242,1.517900038144725,1.4390515188833448,1.3286297787087027,1.2816701476594574,1.2861227634973342,1.1484682086255964,1.041806085800219,1.122738733804208,0.9885811701263246,0.7749387724324552,0.5416410236228086,0.3948276606217619,0.2702058754691815,0.07972560056009337
2.450000000000001,-0.08931502255016825,0.11922203164046714,0.239497621287317,0.49728082917530414,0.559901621014073,0.7169795616935133,0.8527464233393053,1.0596758252528216,1.2174145035959383,1.2765496017346012,1.3305233251553934,1.3780210056851023,1.4633570333166726,1.4655389066611955,1.5253122457599593,1.452197683308044,1.5052604859841165,1.5597076171573172,1.5266130998927745,1.4949192906555209,1.3180919027334297,1.2731719928060707,1.2974827887877107,1.1405022657752932,1.0240648410118518,1.0813967360993615,0.93547948536995,0.7628021530887727,0.5721525068290108,0.33267012217115577,0.2960547086090804,0.0906463172003147
2.460000000000001,-0.014680941209705936,0.11594885424931885,0.24685151047528398,0.527164607805181,0.5762195535982637,0.7200004093783463,0.8912107060727614,1.1120890502902614,1.2001845547027674,1.2412826587027865,1.4568511927006504,1.3746244998979473,1.4276238542808313,1.4671304102564309,1.5057047806749506,1.486438391759155,1.4949309384993816,1.5154662965973957,1.5442597789269656,1.40135836322241,1.351227033652414,1.302512989954489,1.3104051232484504,1.201508116742608,1.0577289460486055,1.0760549216270061,0.9492469411301391,0.7223684696647162,0.548662885293877,0.32482012184491305,0.3505440881074524,0.14763959181075492
2.4700000000000006,-0.02643317706489586,0.19300889402909052,0.2627656049108228,0.5281920048885265,0.6068810190608191,0.7858237408052563,0.9055468063494915,1.0765224728099188,1.179172293324654,1.2406001316396318,1.3010568261302093,1.4493763076770523,1.4347949251119756,1.481126016098045,1.4702772816352245,1.4574363013683147,1.4589989872869513,1.557764730758455,1.523382670339746,1.3900824713934006,1.357321209659588,1.3077938749022995,1.354963515603635,1.1776021208117926,1.0254235791689492,1.0440322106514464,0.980286200166895,0.7819339388630304,0.5615112396374857,0.3785020253105689,0.3423119531838654,0.046808333802312696
2.4800000000000004,-0.029540118642725734,0.17610398616937517,0.2817597377603013,0.5352142141185371,0.6265227746345179,0.7533344903458503,0.8475286558595012,1.1039009514022695,1.176173881765333,1.2248093377299891,1.3069175694768331,1.363280406871584,1.454294750863621,1.4825903491354315,1.4803188267627478,1.4985332022308662,1.4778709483732486,1.4675628845803617,1.5020385518488941,1.3698832769329328,1.3400092392866292,1.2692586152014604,1.2859128952772463,1.1209096759926847,0.9746560433958591,1.0413123235524349,0.9570736960229065,0.821596850188342,0.5540827732566843,0.4535840090027258,0.3375320643575386,0.024627824332758785
2.49,-0.02629548709687078,0.14890417587076585,0.2751669065500261,0.5197207063264954,0.6764354497216136,0.7432560321802609,0.8502068277183885,1.1140803363659524,1.2283203546295403,1.2593223449316238,1.3206877287905723,1.345824249940742,1.412758053535544,1.4417692364430363,1.446372829089627,1.4720271413717303,1.4884969002336215,1.5367894853248665,1.4794271843457079,1.4035845262527915,1.2157489087730697,1.2886236900088406,1.3938529268313626,1.1456950974317965,1.05294932389101,1.042735239844661,0.9465505774631371,0.8454210694466391,0.5545141383118063,0.3705349872586967,0.31329688492393093,0.0675264613923403
2.5,-0.04240055486595631,0.20264010051935039,0.2570681718779144,0.4798951641588923,0.6634886921311403,0.7851239085798084,0.9159558009649224,1.139988925239147,1.2029167407786439,1.249146388851439,1.3410603814615096,1.3697496963941294,1.3948410852300879,1.4756341949864042,1.5187452193686668,1.4819450646799461,1.4635225828058471,1.5135844380738246,1.4728887540888216,1.3927417511735491,1.302616784883892,1.2503426565353333,1.3580317528740171,1.14134134296694,1.0911453141574419,1.0889483841758545,0.9188558601929308,0.792578608351926,0.5238897172576593,0.4391133817527123,0.32866826092912227,0.040370957917823705
2.51,0.0034189571373825986,0.1971533340870022,0.26911191732585094,0.5214590601816859,0.6534089737957159,0.76157447141722,0.870953765693027,1.0831955752413154,1.1652981354531502,1.2842601896897934,1.3157927619478234,1.3639110854754786,1.4282947636760264,1.471959409843571,1.5691631743243888,1.5040322493118494,1.4830639807136705,1.53038710888478,1.4896534036082976,1.3750840752919244,1.3531509024336472,1.2723298282960256,1.267756763146984,1.1016744913442154,1.0491077011732584,1.0093552539936186,0.9549521587920884,0.820649429994544,0.5531192695833319,0.45940269701548037,0.3834713968311304,0.055674868426631496
2.5199999999999996,0.06713316749404237,0.22357891929959778,0.3316111694598533,0.532008816911476,0.6948858184854285,0.7417276512875686,0.9225427920869512,1.1735770708356763,1.1777569629279907,1.2142068004719737,1.2990261030381904,1.380366712268304,1.4878933337400548,1.5283286813402825,1.5318409974532095,1.4778220184443593,1.4905884937521823,1.5204914958347078,1.4937313297413541,1.3593292840855993,1.3003199243545849,1.2497316926194233,1.3344328340862708,1.156288485035063,1.1103171898245032,1.0631245835170178,0.8940002394260724,0.8573386267189964,0.5960479128621399,0.5325729620255334,0.3967726627441378,0.0643373545274147
2.5299999999999994,0.04852586775224968,0.21610695778174238,0.2771831197954023,0.4690538879855184,0.6746207731728122,0.808690901158174,0.8774505589555287,1.1361281917918575,1.2262255535230144,1.280641961677584,1.3382840941565686,1.4404070916145109,1.4299498301269986,1.4904426943367228,1.5470923828068577,1.5286224772781354,1.4777562829811846,1.5394176624785147,1.4415766876237386,1.4348300782924557,1.2730747275779357,1.2099571195402061,1.4262435909219064,1.1829097841828249,1.1274257018724347,1.1129985115087715,0.9540016578777728,0.8278998320474922,0.5498487497491342,0.5366545754558836,0.44946657258064804,0.07039199128189452
2.540000000000001,0.06761210577859136,0.25759133558512964,0.31862237486152234,0.39731844155126994,0.6826531345174536,0.7155465630667471,0.9466384958471938,1.0989932199160057,1.2057643029046607,1.2014705934828254,1.3151072942183157,1.349243242836438,1.4447150906819386,1.4540883155476358,1.489146846138674,1.4847329441708388,1.4958516240705424,1.5410346180697467,1.5008532368494258,1.423861172015666,1.3840507342179473,1.2561523891171555,1.330797317579725,1.2706297699242195,1.136307813090868,1.047363251009706,0.9220720847843891,0.9201409010626374,0.5692016749635238,0.48143337777427064,0.4506589316121005,0.0735748245050876
2.5500000000000007,0.10344876586493373,0.2916246967488798,0.3160507984626343,0.4413905083797017,0.664019419493317,0.7347785448382694,0.9136027573528438,1.0679296782982202,1.1453292873684366,1.2733808962325792,1.3158062563085486,1.355645253961099,1.4546045013702102,1.4542289562948092,1.524695186019989,1.4882841563056461,1.4778009776321503,1.5645663276012953,1.5092101647431513,1.4025926339300592,1.3540909862199653,1.2734394185926914,1.3809352424889425,1.187776247276172,1.1743109223974795,1.0505594675446024,0.9634696928000347,0.8957103939363027,0.5857298451706942,0.5661773963808104,0.495096554829737,0.03132244875594336
2.5600000000000005,0.07316654113969816,0.2510282001046065,0.3171556012116939,0.46936238822091964,0.6902591474056757,0.8271654586787449,0.9355045963338228,1.0879563131123868,1.1290980299306599,1.2465691151800145,1.332792879570465,1.4056988253716753,1.4583206873175605,1.4859945855534795,1.5125865654728419,1.4894932881560314,1.45057874275491,1.471422699647396,1.4158072021513715,1.3915792433914194,1.3474613826400448,1.2261334546446556,1.3382020281843883,1.2178053052410642,1.195092340831804,1.0070276939315923,0.9374864497597876,0.8748660759186652,0.5408445201705261,0.5589186584693093,0.5181043745979681,0.07279285701892531
2.5700000000000003,0.1188791088373325,0.27639042321432783,0.3444284352172441,0.47357776106516286,0.7703236863460338,0.7627747683680611,0.936490082808521,1.134968470858234,1.1992145636819453,1.3367549603210775,1.3331776263274842,1.3991830933128968,1.4191183536125487,1.4664031047788857,1.5177207413037577,1.5189987102427591,1.4714949789656622,1.5565955374390767,1.4951355976227452,1.4163359936022542,1.3177341748518716,1.2219912763014615,1.4559669021020705,1.2548260132193771,1.2355273395745394,1.0762313612878103,0.9479940268272321,0.9454641037644768,0.5749798307350044,0.6481586304969761,0.49437315675008386,0.034163679964372896
2.58,0.08330024981718866,0.19538190577093,0.3887745181095997,0.47775220272229885,0.718039848956176,0.7799391315455337,0.9092631762547227,1.0845859079324816,1.1917267193231142,1.2528089416332546,1.2811929215000462,1.3367123609321119,1.4062677521278468,1.4429322802657905,1.4646046211730328,1.5308687157695593,1.4915648316004622,1.5081386514988069,1.4505072148869418,1.4243843498507054,1.3363285121858894,1.2349254517040253,1.3792801052502213,1.2464191442413552,1.2281721232582608,1.0635836489364618,0.9423520868604215,0.9995940522103712,0.5400051822286225,0.640619142876405,0.4975169075055029,0.061685337661794556
2.59,0.1269313482288203,0.26493939084129464,0.4062930208307799,0.4332288457555098,0.7130934036719667,0.8761274632447894,0.9150518923758744,1.0753347614765403,1.1307751229380911,1.2409392066138065,1.3223134893575086,1.3083467075196211,1.4072209904038804,1.5101169147876807,1.5332948165509044,1.5440844541659715,1.4784918106787368,1.5082612372206545,1.5382909783378529,1.4405470182400213,1.3779847736875213,1.2917835207999446,1.3916968055816372,1.3145317414150195,1.225320186247911,1.0520329574945981,0.8918942391322084,0.9513070475471377,0.5782664887697914,0.5752228307493373,0.46995897996232827,0.10627042325660582
2.5999999999999996,0.14195975094839325,0.29004037205188726,0.4282004162417487,0.42550514413484664,0.6728803582386441,0.7539283156976173,0.9434232488263066,1.1317805442605826,1.159977115859922,1.2274699598765237,1.3289270432485163,1.3501588829984927,1.4061215231213282,1.452774971175611,1.4993005118312088,1.4760116397242793,1.5259673973532073,1.4981851291825832,1.4848083573139421,1.4221284380052914,1.3679092680448652,1.306761549593467,1.3350720391809472,1.2697501063004086,1.2189002186679687,1.1086688027878087,0.9241328921683133,0.977789885271444,0.6016781534383108,0.6466635647207205,0.5529743302917797,0.09775319595798826
2.6099999999999994,0.06640019869058984,0.2133558200343897,0.36157785902271,0.4378854092676899,0.737321540217193,0.8190357637769706,1.0097349823590342,1.1078345821039561,1.1573084177643786,1.207586464159922,1.3199341673723122,1.359059127462093,1.426064357848869,1.4501227641147705,1.5261256441973714,1.4775275347314893,1.5072757497657336,1.5786669476981656,1.5161304399306281,1.4154660157920906,1.3155370967652957,1.3094853220484317,1.3889988867504235,1.3565352541112288,1.2967968890546362,1.0698665175351518,0.9820641215600371,0.9758641725755071,0.5435346323287579,0.6837043186228745,0.5098319555156249,0.052712047516533016
2.620000000000001,0.13751459330614385,0.252317920427062,0.35536757987563256,0.4078471288582424,0.7244920191138985,0.8269012484121876,0.9048861443695655,1.089534319791481,1.1811404294634384,1.2669854153814246,1.2877394540452223,1.3514513317672205,1.4359338886858186,1.4557217819575448,1.4776670889834331,1.4828765060791114,1.559273910779029,1.4999741247005693,1.4322745996925523,1.3872888420402198,1.3857302759941814,1.2943388916429135,1.3287138133666794,1.2868929424614273,1.2558668476840817,1.0941038684979054,0.8970899701188986,0.9115977751535869,0.5466282049013438,0.6454202532993035,0.5130865306057514,0.07364371895343587
2.630000000000001,0.15560523902058837,0.26993980948414925,0.4330896717652376,0.4573236034942908,0.7282486094150089,0.8038433588382888,0.9351881599236344,1.0662168393189568,1.1626853294560098,1.2988217891822573,1.2828634803764312,1.3767314188388542,1.3878481358265706,1.4753613750500143,1.4757953958513872,1.5069836986533685,1.535704489238577,1.4893737997966499,1.4801792709510937,1.3877401532648455,1.4327129426350704,1.3446597166606586,1.3555669929800733,1.2958262144411141,1.2959052394825228,1.0407713683745154,0.8806007226458644,0.8978677641764783,0.5692951084405897,0.6768054014077389,0.5225133272481537,0.06816227454988069
2.6400000000000006,0.09888130451575697,0.2891400947015219,0.4193476971738451,0.44400408670493247,0.7683874530444134,0.9038864598132855,0.9750163796998282,1.0959728570246259,1.1921946366163743,1.2220048342031888,1.3024143673142758,1.3627405936755923,1.3991943856794096,1.4730820086518763,1.5006713930409223,1.469960041955117,1.509711010548329,1.4959291471213907,1.5318637332683547,1.4848743328932006,1.463889458270411,1.348303691370129,1.3627215534601715,1.243677340126675,1.2069383294361806,1.0022629314483251,0.8948051803389815,0.8817252949938648,0.5479407306036695,0.686904602107841,0.48632844886374005,0.06365147793446523
2.6500000000000004,0.16592718339860374,0.2996407404427834,0.4688865470197298,0.446684292806578,0.7413693751453648,0.8682486435065011,0.9780051520059356,1.100408773632758,1.1400311214717151,1.2001285337049135,1.3251053080803992,1.3880154641331943,1.3768410385662044,1.4217876016075137,1.4793195104228212,1.5437719264994771,1.540082282708198,1.5096684390613764,1.4486283594823257,1.4741380924419105,1.4612926715366124,1.3703835894129786,1.2810879283317327,1.3563148492091672,1.247134865838004,1.000582899583418,0.8504867287048969,0.8295961963017359,0.45236934064566664,0.5977968562762854,0.4652805913007484,0.03170165497904757
2.66,0.13278697300559122,0.22589633744348203,0.48380747066160545,0.5043385761011288,0.8030928457090942,0.8494944360266944,1.0401762425633265,1.0843701428747403,1.1882433966172243,1.255833381781734,1.3508623427376178,1.3761811614258312,1.4378986446926372,1.435316667711685,1.5253654356514188,1.544728500048308,1.5366991065072437,1.5719648392145953,1.415568977003338,1.4372128726907731,1.4745125348457786,1.3886808125609411,1.3133489746476217,1.3587954203125268,1.2530516317281655,1.0059681398604652,0.8812849606410417,0.8865320337562346,0.5493149431059298,0.7001639693345365,0.4385694483795631,0.04991952387881214
2.67,0.14283873336563005,0.27398706525623084,0.43407918352215025,0.47283550811475483,0.7787676823731121,0.9064258535653877,0.999425875037591,1.1003795366731342,1.1280833194718969,1.2238454328369632,1.3335417274580839,1.344234888173163,1.4130103701126182,1.4614571488192674,1.4652373839786312,1.5364389391916857,1.4934843454114157,1.4932839071417616,1.4073103815621961,1.3776616354292506,1.461429056316725,1.3475155754265586,1.2962322101465928,1.3172101996729337,1.2126927834480115,1.0228914159414224,0.8278749208086995,0.820088358323918,0.5618755903742103,0.5703469388827618,0.40912738640473084,0.10384316613440342
2.6799999999999997,0.1533922742111965,0.24575644002687308,0.5222848787354022,0.5205869733668074,0.7805263137862917,0.8976102499107557,0.9977591423696657,1.0877924574782132,1.1721325121683273,1.216886138472147,1.2914620401220183,1.3880050023443293,1.4345838048932622,1.4718963892287384,1.4694427081366552,1.505074032561141,1.5384458135450516,1.477671524465661,1.474526038528814,1.4464326598795627,1.4658516608784697,1.364913876868504,1.2574452721679097,1.2174733478598443,1.1583045221621726,0.9484651673392596,0.8256942889712904,0.8198718697196323,0.4362998826461542,0.5873478348504323,0.39391327569397216,0.020308044693885766
2.6899999999999995,0.1875140674302331,0.2747341432932157,0.4919260057023058,0.5468033405882391,0.7658058123227011,0.8983986700815436,0.9929876097826106,1.0764213481341873,1.1592184387069437,1.2249452758233286,1.2946643489525278,1.333146168741429,1.4635261470709646,1.4828650765573315,1.4649590092789764,1.5527101061051776,1.5577763621332974,1.5068193077713106,1.4268611956990673,1.4475604218194131,1.4669875537740364,1.4020598909499107,1.2614809509712874,1.3318823183437152,1.2020156458302491,0.9892604396971126,0.8122177332915631,0.7898423013370772,0.526702965229293,0.5480459855924066,0.3887088710725777,0.1378857915400252
2.700000000000001,0.14002643753014418,0.19251291574411034,0.44167003856372083,0.5051603601875596,0.7711040972900354,0.9089842804744384,0.9705725237415445,1.0233694876896782,1.1409948164031802,1.2415331503281373,1.3568893648249003,1.4044307904835878,1.4269075834432279,1.4056970649828275,1.5043078091064246,1.526485099785604,1.5004276660014975,1.4970262542622492,1.4349424056300597,1.3689388533604605,1.440862898645329,1.4174902679161523,1.2644661715835568,1.2922088043914244,1.1842538740994804,0.9673633077423104,0.808957062679094,0.7710187245542639,0.5814506494825883,0.5478998410322592,0.3600720038569335,0.11781603211105592
2.710000000000001,0.21840009801611815,0.2623545450505053,0.46342440278709085,0.605980018949522,0.7598403038904749,0.9383928418931491,1.0153945900102896,1.101537150449811,1.1211813052562578,1.1707387964532348,1.2283398045035856,1.362588556083896,1.4495571752297691,1.5011250103342033,1.486922068121987,1.5174463848645359,1.4688967259878911,1.5079279381620365,1.4282376600880482,1.4939996705218168,1.451413235074524,1.3964421298079752,1.2074010459811397,1.2525558243297674,1.1945028395447765,0.8869901500531401,0.8117013722684124,0.7317203759653406,0.551259894212587,0.5163343311009768,0.3190956809377974,0.1372282648695707
2.7200000000000006,0.14840886051138857,0.2824596104171383,0.46923184313720034,0.6098916623048263,0.7057957276200463,0.9001924086179405,1.0011932871135907,1.0652416541038108,1.167585964840215,1.2152679072557235,1.251590029143906,1.3467113708498777,1.4237072635211667,1.452521136287182,1.4330894970806716,1.5095207395514392,1.5284425759753801,1.519349053014662,1.4306211024374829,1.445180617520034,1.4502603090164166,1.4025177016353536,1.1558558061217814,1.22176332551437,1.1599769127623227,0.9068007697555298,0.7597426774920216,0.7214401240912012,0.5869878316601331,0.5298447997927277,0.243575815479158,0.18820999227651083
2.7300000000000004,0.13961779152591397,0.3004480095541891,0.5292836045887432,0.598763098158116,0.7391659998329533,0.8789830495241759,1.0288471306539428,1.0761224045605624,1.1113214892903818,1.233575441481865,1.255424103302231,1.295746984534546,1.4693830434161916,1.447050828894628,1.5192592149965827,1.5525351972897052,1.5203678994148708,1.5052005122872105,1.3880838026347753,1.4376240013784731,1.4465186130191392,1.347403592014792,1.203067848582361,1.190171141247447,1.1273371561307448,0.8922956607109847,0.7579070352068844,0.7177320721867704,0.5456243568811555,0.5015545859781777,0.21935558333714456,0.15002490536441143
2.74,0.1443392181830459,0.3009652629539883,0.5169520125221779,0.566954891882062,0.696714595874397,0.8429603020561413,0.9870821245141238,1.0909587009808246,1.177368479231418,1.2399334486341913,1.3412284164882877,1.347965363466662,1.4223162823554518,1.458421134459157,1.5145751128666263,1.5110611740375535,1.4997374011583329,1.5274274056414943,1.4477423553940487,1.4101315616749184,1.4536036814795068,1.4676843381752986,1.2077567041988098,1.1887863102330718,1.144964705455505,0.856366664887003,0.7592822480599279,0.7027060764210417,0.5930765690791052,0.5148294446783013,0.24678945961672763,0.12862111334811405
2.75,0.1539501344948466,0.21528736053702432,0.5194055792413955,0.6162618144447574,0.7790390695195512,0.8876132064188492,0.9921199354089029,0.9997092588900119,1.1614233265614884,1.2552118789943578,1.3465013369108325,1.3940027117551512,1.4091373694500315,1.461174177013748,1.4853157082680895,1.4705076869567097,1.5286465527870008,1.434967226914263,1.3955379323521493,1.443454270818646,1.473282041924979,1.4433407272365526,1.2265666895635874,1.2229568690079304,1.1035170862771468,0.8676239496725854,0.7700845747090403,0.6353848844736081,0.6121810585383184,0.47188350855024574,0.2771728281685124,0.16320919089271735
2.76,0.07333520871480631,0.18394583633048567,0.4407951846094217,0.5655633732938232,0.7119553202234589,0.8593374876484806,0.992644644102043,1.044329015143659,1.1165482916457972,1.2320575724148328,1.2848612505451442,1.3079445628767363,1.4011422197827479,1.4399151594405768,1.4425391275260773,1.5055474779334972,1.4821019394798518,1.493855384397397,1.4536967422983686,1.4164324532806323,1.4527483297160169,1.3725444277806362,1.1624183591266377,1.1559581037239899,1.064183439268984,0.821227823666545,0.7214622614681494,0.6604721939093706,0.665065917469977,0.5099669983345969,0.2826678389593193,0.16848620872504336
2.7699999999999996,0.12945017132107373,0.24102051798203564,0.5020138013898947,0.5490358309938329,0.7236804856958843,0.8526954418021736,0.9508745683913222,1.0022431314635694,1.1015347631886012,1.184856975242513,1.2587144470731635,1.3488826042246183,1.412704927922922,1.429770777210799,1.478499067833945,1.4709060033889172,1.4536618890370274,1.4228196296532358,1.4179875948121996,1.420086301739454,1.4578011469566774,1.3996503664001623,1.2259864002477843,1.1104086450174453,1.1057860554047934,0.8019460061692957,0.717185549817406,0.6676214105363107,0.6275391257060885,0.46997990557311786,0.2541403503297682,0.19362504264180241
2.7799999999999994,0.05291834981083475,0.20441109885438877,0.44574447290150354,0.5936223711651504,0.7264578143298572,0.8905659446767782,0.9444771187088146,0.9925703957709092,1.131747969769338,1.1426614285848289,1.279286528020381,1.3507627007097405,1.3918260977504868,1.466916231553421,1.4837695491914389,1.4928664451490714,1.5359490281974546,1.5002430923364851,1.4467747897566976,1.477179767002359,1.4589692769999179,1.3876202609446426,1.2165096672206193,1.1504223270580145,1.070082565499225,0.898591778487775,0.8025505021240407,0.6158254214908871,0.682778709023391,0.4622853105643069,0.21249544570164794,0.20702683498835278
2.790000000000001,0.055003855161419105,0.17967376241376984,0.3857982882759076,0.5885130563644164,0.6797390009916207,0.8176379158474721,0.9463230264861248,1.0239725161180415,1.1531117814827518,1.2385645334945943,1.319220764304053,1.3446126971884542,1.4260667217666976,1.4149849790596263,1.466546551552922,1.4482212461491943,1.4729397972713976,1.4917728291221033,1.4085662409737703,1.4583909103874133,1.4310546836263207,1.3939202390234637,1.1587410867895283,1.0951522361850907,1.0347551412873088,0.8671281931459549,0.8283661637885684,0.6924115949493711,0.7104813894690643,0.4729364800182355,0.2302950999171553,0.1623461431442658
2.8000000000000007,0.07163408961333145,0.22543401556011664,0.4586168761074819,0.5954562937142616,0.6865274368395787,0.7851784799469935,0.9452575809777687,1.0003830030284722,1.1292711131589688,1.2104389423304314,1.2070512844530255,1.3340385271051427,1.3228506303196017,1.5211165923018402,1.5394085294805158,1.5310084119704255,1.546441044423018,1.4772949642309985,1.4183020371843416,1.5264154096658533,1.4699588926396034,1.4622567997699567,1.2279092899235549,1.1156199583256785,1.0388302410936703,0.9294632349501212,0.7721257655127186,0.6987992772217719,0.7568179138571344,0.5061206081818451,0.23049496916284687,0.22218205888029863
2.8100000000000005,0.1285874599316606,0.15281117514683745,0.36278705481942186,0.5478148631051466,0.666360007934373,0.8510911617864205,0.935800216637563,1.0134446348178943,1.1174730402648008,1.2256639434847707,1.2147055237058126,1.2688942150781364,1.4346056492201031,1.4248813642653828,1.446510370695055,1.4559098162107258,1.4778525135922116,1.4869470523586343,1.3958953391862807,1.4898661110810665,1.457970122104941,1.3653821556396804,1.1663755728397922,1.1006125214527511,1.0495415132320403,0.8705326458395947,0.8062998465523378,0.619324683137354,0.730912154280293,0.48538590048517477,0.25220864863651443,0.2151363572344988
2.8200000000000003,0.026868141594607188,0.14364108536153453,0.38444908299504676,0.5915111560435966,0.6453269305934328,0.8420578576888758,0.8985781233537575,1.005671743337516,1.1656005464428376,1.1886296739696531,1.2782669268654105,1.3244888732964197,1.419765389383896,1.4489517690986153,1.4767867432685837,1.4839980984327141,1.5279642517484213,1.4922205806532391,1.4325356794109783,1.5128762913286662,1.450941924166809,1.3827136988607753,1.2148078113418896,1.129438240105518,1.0560493965842401,0.882606313592259,0.8542424988850219,0.7016133106660526,0.7362494073932491,0.43797707804107544,0.26889602849906297,0.2049699107046078
2.83,-0.014915296737533562,0.13348486253329891,0.3298092861936931,0.5749265116670005,0.6482015322647688,0.8092928639772763,0.9503782364885723,1.0172464718171164,1.121388697962706,1.2117618800852359,1.2754466381254659,1.3229818569000258,1.3622577203477624,1.400406065876664,1.4808599885122393,1.4802470840683808,1.489168631259274,1.5015810990671132,1.4622405826383693,1.490094172074399,1.3994069897955193,1.3566956222858724,1.1961112833242762,1.1096306384528174,1.0403919234027161,0.9009767327991072,0.8010802873495405,0.7243210531875911,0.7986039375529508,0.499547449925219,0.24384747599477496,0.21084433861573712
2.84,-0.051491248512356015,0.1268744364425473,0.2946725103049408,0.5644733774751967,0.6185935923897041,0.8158586974368331,0.9206404942283891,1.0337456905197022,1.1374770435478796,1.1868658500010032,1.2787142261692426,1.324891498706037,1.3937621188931362,1.3610391225179326,1.420708690033185,1.4344557527174158,1.487973462602515,1.4953959035504436,1.491507704949503,1.5170483462240567,1.4069052226391658,1.3755403312587444,1.2255244653040742,1.1232388478781834,1.1006782468800491,1.016018988539346,0.8606358139466672,0.6737376685024568,0.7838141608722741,0.3797326251294632,0.2668944316280304,0.16220831591810556
2.8499999999999996,-0.0350634050021343,0.08683364529635917,0.32157721962256086,0.5925117327241355,0.6058120078088604,0.7802935085010613,0.9147954630390315,1.0819954940761378,1.1205878968320266,1.163249471598604,1.2443065369687805,1.3585803377854835,1.4519885146761449,1.4747008191949522,1.4856428798459456,1.4746209436683506,1.465517984440116,1.4708939185629712,1.4852645285599653,1.4777684563078335,1.4341966387350027,1.3602822355790336,1.2413938420730912,1.1109410369998078,1.0802530686253025,0.9601010755713772,0.8799612533809069,0.7640919878623674,0.815130794809599,0.4322203437806277,0.2121563073926484,0.17611678053129
2.8599999999999994,-0.09328067944113098,0.09820526733510626,0.3164801191543951,0.5192400326698952,0.5841255226297762,0.7798212933345743,0.9055553341517113,1.0680133841339394,1.1929097642763915,1.2245933429593072,1.3103263519602653,1.3770578975873256,1.3899618697302472,1.4338798484115973,1.4682705855898415,1.5274509574334862,1.404858331364023,1.5149916885787302,1.4977160572519093,1.463172513173324,1.4221758498072041,1.3693616384672367,1.2341672484248578,1.1271890129700397,1.0782777887217363,1.0259602222075814,0.9012881772605132,0.6449021388171157,0.7409816290563365,0.43216073711799763,0.23961056165270353,0.16745762079278523
2.870000000000001,-0.10917775151253892,0.038649307297017946,0.32078847273062683,0.5534013572550625,0.6044330889700528,0.7766196266044867,0.8791708601333476,0.9859973777547696,1.0804616727228469,1.2426067917212322,1.2723436237832735,1.3375999524457132,1.38713643031616,1.4299123923449042,1.461210479788124,1.4739829130188897,1.5157223576912533,1.503396014590709,1.4630349245672287,1.4896582477466835,1.3838162394330462,1.382302567526505,1.1982514145654604,1.0466412014281057,1.0615685123694136,1.0474194950750146,0.8911277479387135,0.7561268613206166,0.7222454629450897,0.40570215021479195,0.2588930323655975,0.1390351500470421
2.880000000000001,-0.10837047724055349,0.07083876848072375,0.32236930589526736,0.6456430021685287,0.6684578652559762,0.852802489904015,0.9216325656129759,1.0340758104671897,1.1315690972645163,1.1720449562295479,1.2699645892267801,1.3221425034238705,1.4017176509727733,1.4183366613027355,1.4915790653623615,1.4519530729409509,1.4831862132561382,1.455740674519365,1.4783094754085713,1.471876807689945,1.3225658142959855,1.3700970021111363,1.3188579956496462,1.1091779820688294,1.0706868462265993,0.9856908645158161,0.9478753291082992,0.733709604534374,0.7147471453572845,0.44473378475148256,0.27479602402454345,0.14428981831433974
2.8900000000000006,-0.0979265652012226,0.023136215674396526,0.2831742254284003,0.6505330976998218,0.6222987309780258,0.7446376230042834,0.9384433961748633,1.0092798541646342,1.139036625805148,1.2218577553065257,1.2441909171566563,1.2670376133802996,1.3730338102992528,1.448647215526504,1.4520451006971875,1.4846842460820122,1.5044335578875654,1.4110159973946796,1.5227647076648487,1.457905128688141,1.395149589448601,1.3727083397394682,1.184217468552046,1.1089016409042876,1.055244121255596,1.0843218219161026,0.9427046904019568,0.72311651095203,0.8150008051741582,0.4831025869006442,0.2815401302914925,0.12501502349693153
2.9000000000000004,-0.07404885077708544,0.04890752610686107,0.32786693567182323,0.5517776262190056,0.560690894409287,0.798071512128913,0.9076168520821918,1.0238675813902551,1.109947686178218,1.2349471447844134,1.2653970438943454,1.3655430177738954,1.4083857519364316,1.4353029320827217,1.4348771049724218,1.4783821419341758,1.4601880612417015,1.5466122601468486,1.5336576768871235,1.5033174808285164,1.3538100831549496,1.3789227618269937,1.2541958934037687,1.0708428305610727,1.0515278247992526,1.0276309897878904,0.9807193092631272,0.7623098512172243,0.7097120202265113,0.4190187991658299,0.27898324853446904,0.18393682492915178
2.91,-0.014764779691784144,0.07054981472164595,0.3072509092216216,0.6176013072791356,0.6770153986855545,0.808732498820366,0.8999690876859525,0.9949075065095405,1.1339709521483616,1.2200102477194814,1.279550472360586,1.3316449139891078,1.4070199202467057,1.446057705076971,1.4368817048141513,1.450473050644922,1.5001607544859106,1.4499143413193352,1.468462873097706,1.4549698861381937,1.2800408915898016,1.360490166667681,1.3017385977892315,1.0966139356384488,1.0586486718076784,1.0983625307410676,1.0019365215512632,0.7300454911486021,0.7387353750090052,0.44898701648777173,0.28946047054037793,0.18249716977207117
2.92,-0.06926899151591637,0.07815761988524136,0.28904526813978937,0.5567886404017609,0.6314858659375818,0.7282151067555093,0.9097407914319754,0.9953137564866976,1.0970348533612202,1.2207951898062517,1.2560790955428576,1.3307649314237544,1.3637125434291468,1.4403287856379985,1.4427855900135482,1.5222379476442998,1.4692093286546903,1.411943121391566,1.5554724074919326,1.4831686517000207,1.3371061162964173,1.3543723142366653,1.2770482397033638,1.09934170121678,1.046842008729501,1.084032659860082,1.0208410204207898,0.7324019108241125,0.7387474110979099,0.4322943408053073,0.30893336744376304,0.19315642747312725
2.9299999999999997,-0.05645055429348136,0.062070931308628646,0.33188708686548213,0.5758171290275478,0.7046005707021731,0.7905508522630059,0.9055056203309578,1.015617689319538,1.1054240454026816,1.1886704031180881,1.2511545950216532,1.2436021466523242,1.371524196290363,1.516316198596916,1.5174385603407137,1.4757645855219217,1.5377747508658641,1.5078684501793336,1.5903493051971727,1.493380528819813,1.3376412776523727,1.3363398149545564,1.2618921382047326,1.078096561455408,1.1224079230313182,1.117686560712714,1.0376105690886728,0.7886545338305565,0.7377344450119145,0.4026571549810011,0.2880849496349129,0.11941887019346135
2.9399999999999995,-0.034554886989584,0.1105087559878814,0.3170575798840291,0.552343446326101,0.6128021681477365,0.7924956324806105,0.8570821986955927,1.013331252274459,1.054613531023786,1.2106256758118763,1.2827308277972949,1.3671677272070677,1.3713392090948835,1.456292898920678,1.4175940095679491,1.5053479280165671,1.4747393721495359,1.4370184137545532,1.5016027626344528,1.5167802800503905,1.3970597555220605,1.300033254761715,1.266171768654668,1.153058254602301,1.0856565963031404,1.1401740838220167,0.9997604805038243,0.763782926177281,0.6748902881778125,0.3346485619248087,0.2904635936243986,0.18922571851163636
2.950000000000001,-0.05077953024123885,0.11361273394989524,0.2758066444093408,0.5690099943770326,0.6508023216017379,0.8203588267400299,0.911245652683321,1.0065317248744312,1.0850374829905394,1.21842033390155,1.2709021113666676,1.3320304923272592,1.4034963235560438,1.4436571407090915,1.4445683452731768,1.5000611387583553,1.4913661915172036,1.442237668415642,1.5784362226912463,1.5382111826931655,1.3411215734102506,1.3705724868144882,1.2636311974772123,1.1047628121726987,1.0500378296218027,1.1179524437664763,1.0213798004757466,0.7101543091872621,0.6940475508522265,0.4424988328439801,0.3495041639469379,0.1992081924366296
2.960000000000001,-0.025127246331613978,0.1839417852804243,0.3733393829424314,0.5648010752154605,0.6219040129691681,0.7932698119145201,0.8750649645911519,1.029423162021582,1.1048015452704494,1.2097711262696937,1.278878975929352,1.3710237602082882,1.3734262143627256,1.4732233568931417,1.460874273102895,1.5002245653007773,1.446637212521265,1.4789541653901652,1.5096999799771418,1.4597214976747457,1.3568711040308892,1.3345481951521267,1.317374713553615,1.1457836739046623,1.0381779323990445,1.100926561257793,1.0214432360740069,0.7455008707083816,0.7616455525506063,0.4345836541675558,0.3219280968785265,0.25507880970014757
2.9700000000000006,0.01929141380434539,0.1639797883031197,0.34650695554236444,0.5498424034337877,0.6103320280438782,0.7395592996302613,0.8782294033232014,0.9878249811682027,1.110317138395759,1.2219442499043367,1.3503292288109887,1.3667822901239657,1.3770667072338627,1.4060636677885712,1.44399216344945,1.4572659435226119,1.4814460083710959,1.4340335441037264,1.5180784623277566,1.458274632617461,1.3247487154041444,1.2964222924993773,1.2927048400524608,1.1506811844328826,1.009831174624411,1.1058192325015883,1.0292905491553046,0.6980467904400695,0.7137668749744362,0.3566882298885112,0.28670341716621583,0.23866037296195433
2.9800000000000004,-0.04290892639124408,0.15718422020406989,0.3314987025871519,0.5536135990914333,0.6077215461640539,0.749004211712449,0.891083907144809,1.029035283431556,1.1313866104008152,1.1919937563762069,1.254558972016114,1.3318772052006154,1.4268671420311076,1.4333439328643345,1.459381096563188,1.4793366765823266,1.4832407398750784,1.4903496484848437,1.5173161242714712,1.4581443332280632,1.3536924422597727,1.2967253873735405,1.3270437375256008,1.2268816462994097,1.054562532077079,1.1225210795233136,1.0619709489412197,0.719590772182596,0.6480692523368123,0.409628445407211,0.371168630813637,0.27868853775992886
2.99,-0.0010426605476341905,0.23081192099804182,0.3490797492444017,0.5542650385229146,0.6825304656282773,0.7745858729894883,0.8448171998934002,0.9741821237975212,1.142652180117595,1.2152060278195314,1.281713926425976,1.409677668243376,1.3825239722919818,1.4632908435249699,1.4395134884792409,1.4494388889912933,1.4669714548226915,1.474045903119177,1.5263745306878937,1.3992928111980782,1.3755801276561626,1.25431062896456,1.3365419231569702,1.2118832993245596,1.0367640767316653,1.101332622990174,1.0444696962673703,0.8138425684138715,0.8197112558346134,0.43949529511698343,0.3451862983093994,0.27378629786667263
3.0,-0.0011093661347730491,0.2001344728549372,0.31958449569270375,0.5503628744219444,0.6200232306287332,0.6903315116006834,0.84080589289583,1.0147233101182624,1.0385363006347,1.1423727629892886,1.2091941182741115,1.3546149905925273,1.3965034516499917,1.3947470455770188,1.4621570684639926,1.455925664269511,1.499674267102386,1.4584644043933404,1.5037740577767111,1.4296871795140997,1.3339451457909264,1.3132123020773132,1.3151862745164133,1.2486912791157125,1.0790490838878675,1.106827437122501,1.0211726864729258,0.7722853301077496,0.7519726927707019,0.46592397862614215,0.4333788288884737,0.29667672905533227
3.01,-0.03235843831839748,0.1865607543194179,0.32682088614812477,0.5363946127913062,0.6533240955291278,0.7726212189703632,0.889904246099052,0.9893077233415607,1.1029273141513944,1.1301873936525624,1.2565209065652145,1.3455484475030897,1.348079861550577,1.4886476454344264,1.4664340298431364,1.4616700450391282,1.5242042982945005,1.4543996378633157,1.4823478650916815,1.4081052814493946,1.300906610557304,1.2628468508766342,1.2909300365790028,1.2078862086723654,1.0241563299459397,1.16345916847701,1.0634408125572157,0.8387012896026181,0.7412507059088218,0.4870144953698521,0.35293814471680435,0.2838848414580541
3.0199999999999996,-0.0604235060685657,0.2224772998908501,0.2561765096441771,0.5248341013224577,0.6217291367079556,0.7505205065358644,0.9185062553364635,0.9740470909774157,1.0617533379041275,1.160497577327722,1.2917165777327022,1.3482755145460459,1.424087140773802,1.418024260118865,1.4569138648653834,1.497994091947469,1.4914670913245507,1.4685555780217294,1.4788819837777907,1.3930441932716662,1.3719397605757655,1.3232855139938642,1.3259388417430533,1.240556534041518,1.0727666475304032,1.1043753781414685,1.054849624675702,0.7406671526101032,0.6878817234138012,0.44926070671026397,0.3649579187954265,0.33426897288000795
3.0299999999999994,-0.0566370829050718,0.25391860638615876,0.3070522248865123,0.5714430291844397,0.5845379755739738,0.7386215257820063,0.838943955869049,1.0045509165020978,1.0845112465868634,1.12705360033313,1.2755354999106647,1.3687982276512973,1.4014286965194525,1.4326072974117092,1.489223338990946,1.4979615931499564,1.5385171518990497,1.4199300140040916,1.4570875496500415,1.4041539159026364,1.3356996560956496,1.3078588902731094,1.3530269271248632,1.27114280172459,1.0716399138437291,1.1037032834754161,0.9895481771932417,0.8442953076779959,0.7481285521660747,0.4957741697783124,0.4442733463613929,0.31948003044167106
3.040000000000001,-0.037635814176179214,0.2788304395641425,0.29487497400825335,0.5295681260006941,0.6224245967269892,0.7602803708164848,0.8603379937178018,0.9738747472478921,1.026650270741821,1.168679984299342,1.305720763696792,1.3864612828442544,1.3977951257568981,1.4224857728564893,1.4844180966402383,1.5667204667940051,1.502887340332833,1.4540292467895037,1.4924523205237163,1.3473736571063155,1.4221090298977883,1.2682069302321488,1.294704894563244,1.2487788748693556,1.1045122835291887,1.125631188250199,1.046380861005851,0.8367953803376753,0.7429415424602297,0.44416629780156835,0.3799449112015003,0.32666269367769296
3.0500000000000007,-0.04646639714289189,0.27941864133113303,0.31806494379482236,0.4390074379587675,0.5978521914439872,0.7341359195563355,0.8886112124996955,0.9056331129214817,1.0830986070153261,1.1868014603705235,1.250942277341827,1.3513059662258478,1.4493134680129676,1.4621623349219297,1.4893790785318148,1.4606092152577483,1.5197142155272596,1.4015632815054975,1.4870249433221958,1.3740773678033293,1.3929673513319305,1.312332107834824,1.2913771088726316,1.2385311513272348,1.1825932643637989,1.0475993599160787,0.9557499122195094,0.8066098185336035,0.7458530246612245,0.4861923837037691,0.44526746102860965,0.32208194385385336
3.0600000000000005,-0.08101038588568985,0.27939784002330403,0.28958281307337136,0.5107022193006302,0.6001174278106419,0.73461764611859,0.8567799960535585,0.9613755772830025,1.1094229878763366,1.2200857539773629,1.2432688572184207,1.328766781047019,1.3735357386406442,1.4350722644014127,1.5119690610224765,1.5011514565977255,1.50532962645252,1.4725215460167576,1.4629828779380394,1.4205440709607093,1.3387420197408042,1.3156115927499659,1.3361466118529584,1.3002721619785158,1.0869887355421757,1.0695748355044623,0.9240960223723794,0.8394189469574144,0.707405428363436,0.46657302613361373,0.3937005367476355,0.29517712749469793
3.0700000000000003,-0.08626013540827127,0.26693690158432576,0.3709677396398268,0.4712281104738655,0.5609643592916222,0.7203528099341056,0.8478237391998765,0.9347366482377353,1.0527638666112002,1.1975249864566166,1.272893857779811,1.3640489169953733,1.4372407038568469,1.4392087171395278,1.5524921540050325,1.5578494877237514,1.5185205234591588,1.4827617345908022,1.5097861834162045,1.368553343029919,1.3917684475526892,1.281363795423312,1.3132766897007269,1.277351533050052,1.1178316724045272,1.1146396667387388,0.9397599951304109,0.8551603158938242,0.7619022524422809,0.5150735584558617,0.4528658176659484,0.33252621684629613
3.08,-0.10018724331630707,0.25440523904195933,0.27323878390217166,0.46794461841940427,0.5425259400839798,0.7490081828071157,0.8701820180090303,0.8937167638508728,1.0503599037288525,1.165628958602388,1.25383026373982,1.4224325036696668,1.3834931855175339,1.447804645326268,1.5208790631322517,1.5479517564307888,1.4909425233041709,1.475084939210089,1.4531818032577286,1.385764245880685,1.373734555047931,1.315733764166688,1.3364730727337317,1.2868531663112612,1.1267147711194814,1.009734739357186,0.9221529217872338,0.8164681548458886,0.7657355254678543,0.5010171085912266,0.43990193631804564,0.2601397844074344
3.09,-0.0546059178269912,0.29687192424452685,0.2701156486878373,0.4498376468406404,0.5847956799740784,0.6862635818739,0.8374926139370172,1.0064593845473953,1.0635712129921115,1.1000268995705973,1.2197307491918112,1.3773393036392962,1.4613159815146566,1.492848678795926,1.461330573304782,1.5278696445440771,1.5277433646825829,1.4544049135191026,1.4949590868906382,1.409452157986118,1.4790059666331559,1.3537171765677207,1.3090715232459624,1.2794231152629059,1.1106394294555173,1.0516482162462213,0.9672518772445268,0.9128544033945439,0.7350473738844937,0.5300412270365235,0.41329560709628455,0.30316314874758665
3.0999999999999996,-0.049671742578378725,0.2958123253989535,0.24960123917386162,0.4503398314807193,0.5327379342350024,0.7400721177624404,0.8589192872875477,0.9385942920490485,1.0760512809820475,1.1777378441275987,1.2491074287504937,1.3669851456944642,1.3611815339096107,1.4361453449847612,1.4660186550276477,1.514798872041657,1.4863978224932224,1.464385998859949,1.4895293570895147,1.4120169507997082,1.4054959948066286,1.2810389556464739,1.3347183424195979,1.285417255149061,1.1851663954462084,1.037072521028187,0.8581701331348447,0.9003526573462137,0.759815363347383,0.5102427682311438,0.3933410235580272,0.2857718519649595
3.1099999999999994,-0.07709951053758582,0.2983928300202,0.22218918621949596,0.43148506558001337,0.6022514311205625,0.6985279651230281,0.843496039313512,0.9822958906569312,1.0985958301262415,1.2008824792004549,1.2644367014406872,1.3803783450161684,1.4691059145103753,1.4260633546562396,1.5646226705665303,1.554757041931634,1.5208752138367618,1.517838003571401,1.46661519466451,1.3942842034310376,1.3822494740386924,1.3434790545889628,1.3421483816667237,1.2858436708590841,1.1261974575084415,0.9710758736826742,0.8966454479430997,0.8922318862756443,0.7838634401883706,0.5192002590413842,0.45694293706013955,0.2642979672544326
3.120000000000001,-0.1038580466549197,0.30672315845330433,0.24770831144938046,0.383747764706703,0.61126570893058,0.7067380917452213,0.7900546069268135,0.9995504668957648,1.058216817709556,1.1957392962706626,1.3479344819036183,1.398771989917305,1.362347080821904,1.454931185742297,1.459941527044111,1.4570377778296946,1.468018579066201,1.5122834235319988,1.4734336813866353,1.394302142299844,1.3934094045055239,1.3303329148129535,1.363943593032408,1.2984032025790415,1.1571855994529514,0.9871277994563539,0.8733298238233642,0.8583375737662093,0.7021672172218907,0.48658325726207735,0.3987418222634961,0.2749897908670008
3.130000000000001,-0.08001744173575762,0.32473300427110724,0.2549769694180346,0.4054730084587994,0.5297470705904097,0.7067223912016996,0.814087015992244,1.0051849291075117,1.0823106255962855,1.1764596312433035,1.2521652263476486,1.4132446985184035,1.4162029617101035,1.4294784152817561,1.5394517914503363,1.4907246503740237,1.5521080246741408,1.5182752848083152,1.4205379384840406,1.2992773134126978,1.386321097291297,1.294061504156199,1.3556733949381674,1.2823269515366897,1.1746956071411954,0.9404457893795789,0.8154966095901681,0.8648357043253475,0.7571234958530152,0.5668212126677914,0.48439263384775283,0.22166929542986555
3.1400000000000006,-0.07085683976031165,0.3233293430853495,0.24831793797704,0.38134624447551196,0.5494249384955692,0.7077449959136771,0.8365496341833791,0.9667719853441359,1.161153418841748,1.1775920901802661,1.2699721176256729,1.4230950282308181,1.4161585828800718,1.4405751000052216,1.4694310814153373,1.4983310502799951,1.4784436207263787,1.5788077972929033,1.4453086622288436,1.4471487922566904,1.4242135325776921,1.310806243026866,1.3273552906675197,1.212416337010072,1.1514228869050125,0.9342369842701953,0.7625686491953353,0.8726179519049232,0.7783592785112625,0.6181500631371529,0.38292987702771464,0.27488522630754997
3.1500000000000004,-0.013366465733915752,0.31531112540738115,0.23953844307583333,0.3993822852540319,0.6308610935170527,0.7585953469472444,0.8840031936580452,1.0016957015873336,1.0803110268621972,1.2275667885615296,1.26125604884289,1.3965832679156955,1.411884380633345,1.4717515593525938,1.4376568254928739,1.529728031764577,1.5511340932065432,1.5491773741245998,1.4394018517897136,1.445179231105746,1.4095441849271038,1.2559933584749965,1.2885494802576074,1.2729677770586223,1.1116355645246179,0.8860457642886668,0.8184347938683609,0.8531510709130321,0.6883299238406237,0.5811148091764085,0.4738108153263084,0.23256498569338174
3.16,0.04717084338630301,0.32833758040671734,0.24716075211205266,0.37549958419926555,0.5990150408494229,0.7099267804751686,0.874316740372958,0.9781963880947935,1.1518881863008952,1.2942774678169788,1.2436396240997474,1.3809817932826711,1.449918094229846,1.4522951494375527,1.4787072933171344,1.5345320253807002,1.536830091091288,1.5589548024155233,1.432302686478537,1.359999594323853,1.3873384137315883,1.3263001314169771,1.3841045994892391,1.2303951373277444,1.1809257116769711,0.9019793577991079,0.7925473170931302,0.8893234985675886,0.6894186932427515,0.561272394595961,0.40962812114162733,0.2633381696661503
3.17,-0.052495109613262786,0.31155142537347824,0.26830906751560674,0.35336962454906706,0.5818234801712628,0.7393996250690998,0.8515081028897818,1.03043210277363,1.1086028205578504,1.2560489965300108,1.2617491731594996,1.3631898472801902,1.358064330394251,1.4747957136987768,1.4925882372621126,1.4309788619439259,1.53976176356907,1.5576578903077263,1.4683104313730029,1.3625332844299007,1.3822418337404803,1.381599140224166,1.3457660695167286,1.246779255694232,1.1683359361799597,0.9103660633895374,0.7160888736613427,0.8137784885937166,0.7383023328291183,0.6554743576427895,0.43501867773201963,0.25382711930438023
3.1799999999999997,-0.008399480630966776,0.27337023172123615,0.3436136970872091,0.4168079601093005,0.6360392466830072,0.7761607030000494,0.9235376892169127,1.0216696288838958,1.092146576687478,1.2631482924877606,1.2303604447170988,1.418382722787115,1.4037592214334313,1.490563920690698,1.5195291253023013,1.4938627481798379,1.5572527772933278,1.5554478523047242,1.3955453720036575,1.411536739425453,1.4387931499855358,1.3146863509778592,1.3194899146092312,1.1918589779153048,1.1572195979608486,0.9058670795086279,0.7453519426615529,0.8423628072146133,0.7354547679981968,0.6019056875374906,0.4510926772273635,0.2430864381215757
3.1899999999999995,0.0035850795539517036,0.24430700866609154,0.24166035290698928,0.4789926759567431,0.6330993269209094,0.7712899861411496,0.9455745880541688,1.045233492071699,1.0880024696271051,1.2173133425535532,1.2552710903629,1.3616298120233628,1.3790606254868885,1.4088163308845723,1.49883258107344,1.4826384774541832,1.4763094981655978,1.517327867699486,1.44966428111441,1.4322186014453624,1.4068594918636452,1.2969041193291488,1.3531948500309685,1.2636909745326177,1.14895321426414,0.8730040241765816,0.8003463820848531,0.8460175955639845,0.7021848890744119,0.5967332956958459,0.45636716494234936,0.2203913172410131
3.200000000000001,0.0251247497263869,0.23822641771597092,0.21856238174770704,0.3645829898034431,0.6447458493948176,0.7359031977960652,0.9389031865015669,1.04230452519351,1.133601900212616,1.1898283375252026,1.2863073927566944,1.400806903253711,1.431544111130689,1.4279588635764124,1.491057139206125,1.5169154805701097,1.4853198830806558,1.4685959903402004,1.3908512910987694,1.3829697196790187,1.4655529204186963,1.2840109310975605,1.3309940268999914,1.2723631959764672,1.2533858098286292,0.9035457638466167,0.7997340175930531,0.8972716692450065,0.6911604995542217,0.6030074280371394,0.4596194045108289,0.23759681586709192
3.210000000000001,-0.017119093731270345,0.2567300361720116,0.29028230457245285,0.43477698603493403,0.6956288441722894,0.8137694741194665,0.9403555597351593,0.9846140549720779,1.115233518553183,1.2161932005342435,1.243882013079227,1.365394096480141,1.4263124441983768,1.4188708878401488,1.4761798008365927,1.5079457151940208,1.4906707672797468,1.4800629576795132,1.3564516302804226,1.401577091159745,1.419868672058782,1.2924711426889952,1.3253368054037353,1.2140621982354278,1.1952208543213598,0.8404479182433667,0.7667990502265121,0.8666443866448297,0.724163489603517,0.6920834464540492,0.46139361529157635,0.2481555333530276
3.2200000000000006,-0.0010336802634416976,0.22439212710176518,0.2850801907800981,0.3810626834273479,0.6589099653974879,0.788927372125498,0.9080302988388186,0.9938305123630705,1.028346426057341,1.2102337503471698,1.2756798842517174,1.3293407579621273,1.4203649794951576,1.4302204579213895,1.5236982020864858,1.4923815470830217,1.462363575440454,1.5026834567300795,1.4159364615018428,1.4248608258706035,1.4308792825566672,1.3461582264389322,1.3555512758234554,1.2138847851915038,1.2790813874597238,0.9435628167600083,0.8110440913963372,0.9304319112100962,0.6609333082139062,0.6307237050224267,0.43516764014174386,0.14576539080055398
3.2300000000000004,0.03712531622463076,0.2055687012843327,0.3695265855782801,0.4301064927755388,0.6455167877620653,0.8123428841362628,0.9103133497481707,1.0827599275909783,1.1253714014575948,1.2349772918580801,1.2483321018098041,1.307784969208335,1.3667787292232694,1.44760649781305,1.5320257573057525,1.550460134358235,1.485304737510799,1.4712519937034456,1.413043432950607,1.4195340906098208,1.3889690186394172,1.3135743986360684,1.3537967080233848,1.2321434329090935,1.2242443842065205,0.9173798834739271,0.8006613718604918,0.8796205909016392,0.6663388784978821,0.7135035980441917,0.4337558025585683,0.20909831249709318
3.24,0.07765768030430693,0.1848552926163841,0.34648763810001687,0.46905922641575853,0.6700286403887483,0.7465317874577393,0.9256176151561414,1.0684540320383755,1.1311905483326699,1.2571383648292012,1.2700908540768174,1.3492248164193323,1.4040069715532997,1.4490475060834749,1.4937686682704616,1.5345994379535386,1.5147988250072766,1.4822223314327478,1.479092346516482,1.4258379226380298,1.4205906895855498,1.3745420980402319,1.3010771636864138,1.1798665237113966,1.1973787497347659,0.9166288871671644,0.7423149162384973,0.8657749310884951,0.7454407389472582,0.6891230138482745,0.5002945682094698,0.24372821930096086
3.25,0.06282080403559911,0.17386229373879447,0.35141026616101817,0.4549960916150038,0.6876524981290684,0.7618199427080782,0.9570982664563279,1.0184100955387958,1.102410754935846,1.2018489869237396,1.3065078451307992,1.3934174004439477,1.4137154314270841,1.415349962635406,1.4794851033039773,1.4674073521468272,1.4713502311205915,1.5063553099551166,1.4926956337862352,1.4935791738239186,1.4072009061888715,1.3749199329381023,1.36529066357639,1.1367923581891088,1.208826926717321,0.9540308914852289,0.817490685844644,0.8556770791225566,0.6851029273390511,0.6679986957170514,0.46682769868397045,0.22650529718053902
3.26,0.060937094674571604,0.1882178140508661,0.2961076033898827,0.44706569756229586,0.6836969331359792,0.8090676075082164,0.9671836760383976,1.0021960311308016,1.1138149586489294,1.1817869581143388,1.2860891301302375,1.3503040795281553,1.4525301391972092,1.4835519525830987,1.5101332011798207,1.5062111373431415,1.5150212748320164,1.49440892172187,1.4332260864198743,1.4123469605702619,1.4061385198209277,1.4118614747848368,1.3741599889369176,1.2529609056463469,1.2738974988299931,1.026190168061437,0.8408071702988489,0.8497604893464348,0.693883138240126,0.6418656088307821,0.47375062171850923,0.24166631307418254
3.2699999999999996,0.0387264485327302,0.22031511671222145,0.3696784609299774,0.5073111203275558,0.6569180008913266,0.8207055467567465,0.9373382636985844,1.0611739080581253,1.130263515318775,1.2127471586140377,1.3101717937812094,1.4255499426883362,1.455526604639858,1.4834552416814986,1.4619792013746766,1.4981806574327046,1.5230237685569583,1.4689530688712844,1.4652627028396168,1.4210871449497628,1.4555184873975209,1.417601051011547,1.283246280779678,1.143152676472882,1.2390454179887338,1.017388337640523,0.8335469912152093,0.852612261651579,0.6747780533740787,0.651699686347362,0.45436660084001607,0.14488495561036693
3.2799999999999994,0.044991927212679854,0.143095266422262,0.395750964436411,0.4900576942854618,0.7343366144811403,0.8242247069389346,0.9578696137517293,1.0445261671566852,1.0763375252032672,1.2063773973268397,1.2698560455550925,1.3384581779066473,1.3898215958827045,1.5271070113816392,1.4942162925420577,1.4960423942847791,1.517575457256061,1.5045278693702164,1.4963354778987794,1.507126886271179,1.4583052255300304,1.3593707599418772,1.2559797968542248,1.18249522928684,1.2134971730871689,0.9995286841196094,0.8954556942041411,0.8230829683560652,0.6528426220255729,0.6727836671476352,0.4524604353499685,0.19034016409903462
3.290000000000001,0.11461626608181726,0.16519887644285206,0.34564901822665006,0.45438704306821814,0.6734381226424984,0.8150669650701502,0.9696276866777652,1.023315147213631,1.155021460159523,1.2435814322749192,1.3726755056923643,1.3299030917526762,1.4107809314624122,1.4845960366085482,1.49947452220248,1.500479931333353,1.5485385620322953,1.538049829627971,1.438631594840412,1.4952706908592597,1.4601538633197753,1.465461532060928,1.3441812475824924,1.180447798820712,1.2283033434600443,0.9520246620807392,0.8699638368586161,0.9032558962327728,0.6502690226758665,0.6581665279573228,0.3972011078285082,0.14007008342116986
3.3000000000000007,0.04545504387208751,0.08135289308724274,0.4453596994146201,0.5364607569002243,0.6859945925175425,0.8049460432892273,0.9658406995420622,1.0563665204630386,1.1551331648441803,1.2767115435501435,1.247294779790011,1.3245806880654076,1.4233077590229628,1.4499502027842452,1.4546366907767303,1.5033757000685488,1.4644161126621589,1.5659351562254868,1.485591802938014,1.503080162443449,1.4534369336790909,1.4313204980809848,1.3134461533912436,1.2129831741963044,1.2093861115945355,1.0340269102970756,0.9601065089170419,0.839137685822198,0.6227040402828984,0.6130811153944384,0.39341048151517755,0.14155158183547964
3.3100000000000005,0.12671644923281283,0.15065927908128698,0.4312997163564823,0.5244431772595891,0.7067686096344927,0.8529046703277803,0.9371343635568998,1.0640151961767774,1.1675431395308895,1.2073461381897586,1.274087661437603,1.3593968688334697,1.3937851325525277,1.4426184440863532,1.4960248214732135,1.4933530046903756,1.570061097128794,1.5230036349135037,1.4407977447651912,1.480391013367005,1.4486717275703294,1.4281592055860464,1.2524097542205157,1.2174081074077816,1.2107549825057253,0.9695442465090249,0.9400678124604327,0.8211410907731728,0.5725587935257649,0.6241026278389878,0.4131630617471323,0.16247169606327058
3.3200000000000003,0.13627640703719304,0.13216430097227402,0.41951833021726964,0.5097007447674938,0.6963244470946802,0.8207033978799204,0.9747215578570534,1.0551394620165282,1.158603480849065,1.2365462379404613,1.34207607492776,1.3645409801608799,1.453950068824559,1.48877931113433,1.5114610928612304,1.4918198028154888,1.5300938921710685,1.523358973227279,1.4843861673547611,1.508942421215075,1.4809464586211378,1.407379047641446,1.3290905349758142,1.2145699285147356,1.1983286764053807,0.9912970347399628,0.9459223561091507,0.8069930529965974,0.5891962319499693,0.5884094737568918,0.38095507211039487,0.09808875836813222
3.33,0.07511672885872485,0.08311119353228706,0.4710874766429256,0.5719421083898204,0.7772835574467872,0.895973801067166,0.9772717523010281,1.0297774022806225,1.148904048445022,1.2250947921644155,1.353921929147307,1.3259560854133314,1.428473632786144,1.4484163278488773,1.461896536560078,1.4718204857124826,1.5000061410344467,1.5361094203879568,1.4992804300121054,1.4682558134142145,1.48158945531025,1.4643877216535521,1.2440222287847162,1.193052410701851,1.1883534738548467,1.0357762987321346,0.9324564683295743,0.7601449617895909,0.5304960307966441,0.5637201519060006,0.31482005114731876,0.15602114072223186
3.34,0.1369844373369942,0.09027615877852188,0.5027489413536428,0.5389606889326175,0.8228690622234481,0.8856490039676809,0.961565685292398,1.0065426049345754,1.1343761077052292,1.2372808721161999,1.3364263526821394,1.2948650441617002,1.3518468045664946,1.4043801579346888,1.488813966655973,1.4558336154074472,1.483200054489888,1.4447252719779686,1.480123525301231,1.4942010037483282,1.4701259322245046,1.3563345782417158,1.1609031023762673,1.2062670480666802,1.176457001330153,1.1237410735892803,0.934744078648661,0.7570472148973186,0.49614961263208845,0.5658121567410274,0.36324644889035274,0.09275972320774303
3.3499999999999996,0.13012230436237746,0.12727622880481426,0.476121606677458,0.5693478632670784,0.8034234962208558,0.8475869461081194,0.970407216461395,1.0625376391211536,1.1171278780642753,1.1830395275799797,1.3347112669299073,1.3903543035137906,1.4041536632647855,1.4595576305443645,1.462294481956681,1.4840627205715484,1.4909154775122073,1.5177542150686132,1.5330309663405504,1.548888154923782,1.443829538803828,1.4566905148381597,1.2386531485569674,1.1682296580324358,1.1492651116154644,1.047181620670143,0.9642803855626711,0.6975624222315172,0.5597291607377745,0.4962370477039417,0.2258149269348844,0.10807548416968639
3.3599999999999994,0.10994748450215668,0.11287958977191033,0.436346852270603,0.5689400948305067,0.798916096211736,0.9083413261221713,1.004461499934433,1.1389949432205329,1.1093815435551384,1.1959767642681536,1.340384562763374,1.359723869824557,1.3923943511170245,1.457488929889607,1.5127141999685219,1.4621470776450844,1.4658773648521677,1.5419199010862104,1.5537407887580277,1.4905906836707503,1.4418313602773585,1.4440704000678137,1.281968787085415,1.1823648263620208,1.1234291875700402,1.048697385970873,0.9828779417151559,0.6763255554514146,0.47015431865683077,0.43718244045138593,0.3095514037866943,0.06108420646621802
3.370000000000001,0.1526464964706527,0.14797563789839507,0.4887813468043395,0.6223083060657167,0.7508634265565266,0.9036309194617496,0.9688863557965955,0.9998459890740676,1.170902212571136,1.253711348931827,1.3405007924989893,1.3717026255912188,1.4612230142948766,1.487920974800223,1.4850355640391213,1.44553069490809,1.4627252215364002,1.487519653545517,1.4889169419565158,1.4765695397638272,1.3982504067041475,1.4219563535841195,1.1958574809690934,1.1421956581379624,1.1221271107346953,1.0561459968166549,1.0110730955475082,0.6690698967207455,0.48871353226701597,0.4591775216009148,0.2013827519744859,0.12089097972795021
3.380000000000001,0.1305485603463288,0.13341798085653658,0.5036633893253493,0.517502230001601,0.7594314985684427,0.8899824861226944,0.9794074828903859,1.0217918601551992,1.1273351801452907,1.246309582280715,1.2729573461552275,1.3286140890263631,1.4123916431201133,1.4145746659684546,1.4724705856884457,1.4621329533426808,1.5003856859582996,1.544478124844531,1.5119651985018983,1.5298608349980611,1.4132410123681534,1.4355117584409423,1.203260260407692,1.1088888463977027,1.0835299381459529,1.075935648505489,0.9622578879176281,0.6451107248308142,0.4665211030588254,0.4130813598498462,0.2094558802043471,0.12091664990393204
3.3900000000000006,0.2004006518373807,0.163330257690171,0.474963602910921,0.5991881856990463,0.7811335900382598,0.8865324525898461,0.9533839965419235,1.0688534428128038,1.1308382807549626,1.2030043986356627,1.24801923308187,1.3485288361979408,1.4086960471893097,1.5351304687563725,1.4800071324669388,1.5047154301418064,1.4721941358286124,1.5192071307827058,1.51809219979641,1.4869513148524691,1.3958389393555544,1.4502211099581142,1.1862430655542149,1.1296923961544922,1.1014987626344817,1.0235480770774417,0.9492511563711936,0.6723712657552643,0.5203430103837283,0.45635489837021004,0.2633999186668431,0.09521752309943464
3.4000000000000004,0.15352121233922145,0.1254635595066696,0.4355574080241933,0.6294677260359758,0.7582157150556735,0.9148231187405423,1.0379812005005247,1.068341819835451,1.1779421746752587,1.3085394952904987,1.3188856709434589,1.351659672259356,1.4674381448505278,1.4457725134792834,1.4843574542965638,1.4592569802162276,1.3882593170985753,1.5396995545670615,1.5010792708139329,1.4661657590735906,1.3736850518029449,1.3224482595691012,1.1600142716983772,1.1503879231887102,1.0645085285677869,1.0445981726487998,1.0170937257903196,0.6241248927872444,0.4703106584979914,0.35392441478751707,0.21214704124822686,0.07000732289640563
3.41,0.1924572260029477,0.18084864861784244,0.45734645113800243,0.6013540927162907,0.7435342030532085,0.8824005274084183,1.0036042740799207,1.0319067263634782,1.1528440039714802,1.2737245531965857,1.2673154343845041,1.3018388918067427,1.419410900120155,1.4580733821456007,1.4681362243222378,1.4701514187074336,1.5077710419609227,1.5465562989961357,1.5317209785068953,1.4575739871505846,1.272094187039879,1.3199505564257155,1.1815975136257137,1.1121173152507327,1.0526149514167176,1.0734161855209838,0.9712115843167148,0.5682758528504428,0.4652769197037051,0.37343906234489993,0.20926014791624709,0.132746028057185
3.42,0.16357053096039842,0.2086470591089887,0.47480229796746887,0.6244747600484989,0.7891273564141559,0.8405620448465215,0.9512730136657015,1.064112291085745,1.1890393109367006,1.2354932037236552,1.3135324460889115,1.3349174466069247,1.47717426871997,1.4042499692350177,1.4681846922524162,1.4605211523409183,1.4881674120710568,1.516893756920537,1.4961654299091949,1.4397301414375883,1.3550141277784715,1.3654973640392312,1.1521213335473373,1.095199539549131,1.0208312143892606,1.0608540399231376,0.953398708182363,0.5793686641690592,0.5558986535821376,0.32050333265054265,0.16390124458901154,0.1227575022384146
3.4299999999999997,0.1396953543023673,0.1974458797422466,0.4596496857865608,0.6134594652600402,0.7859315906750907,0.9070812430119789,0.9931619332820272,1.0407785803545575,1.2092576534131743,1.187537520218566,1.2912011217785828,1.4062352049603897,1.4074125972332334,1.4940123061685704,1.4507235212909184,1.4729421962132923,1.5053042226974203,1.519890737154988,1.4717056590565103,1.4361862666540341,1.3702064229507358,1.353996881406138,1.1154836604533593,1.1064465579039409,1.0690312089810659,1.0814985433425288,0.9539346758460466,0.6250691639463296,0.5916735295003489,0.3691819544017016,0.19035454599196394,0.13909935140425217
3.4399999999999995,0.09165196415283648,0.18000430529490175,0.4681435893198993,0.6374975457986828,0.7952293750005429,0.9006737610028105,0.9958700652609115,1.0908945440605124,1.1346885560493567,1.2431538461450011,1.312344384797591,1.339992597074388,1.434835637192258,1.4620225036325685,1.51160092256749,1.4505949734418355,1.445589425245261,1.5027770190051895,1.502571874871335,1.492546522858968,1.3295440883272196,1.3518855444243778,1.1286264743005068,1.1320924335838487,1.0451980055867742,1.0517137751720447,1.022397980599949,0.6015335531185004,0.5045613243878786,0.3397849317874037,0.14698658374677132,0.10770728242900933
3.450000000000001,0.17743582080049183,0.21273580959040633,0.44189706055187244,0.6315391396388818,0.7028432532830127,0.8730702582752818,1.002421930957964,1.0591213923286282,1.098739234412908,1.2265571337218097,1.298977053949502,1.3534499475959438,1.4097335618396498,1.4653809476152748,1.4927399235864018,1.4548733889488605,1.4635640889586974,1.4821432380886983,1.5130471023339838,1.4640145591500429,1.344997668294296,1.3242193612501088,1.132662715295948,1.1183629727580247,1.012490033715345,1.1260106456333623,0.989993138259541,0.6420854770270905,0.5368887839599016,0.3104417157405876,0.13754547037201967,0.11945653414385925
3.460000000000001,0.12421945106510637,0.24981887877857611,0.42981206319002563,0.6044812929887347,0.7373627673749381,0.8635976864627872,0.9432644561156055,1.0251344478812525,1.143686357509691,1.2272398175597112,1.327386572001993,1.311597997179359,1.4022439900612211,1.3921876624136518,1.4762837330382768,1.4961502324913578,1.4823359658427495,1.499584072339202,1.4734309945919326,1.4546689143127842,1.3539247723369476,1.3483485706667306,1.1486178759065568,1.1224725528170307,1.0054485990385686,1.1181559110692707,0.9596309307575477,0.6232391652702358,0.5554613673481331,0.3334740616503234,0.19660339759141796,0.14836866152429254
3.4700000000000006,0.11022291077920404,0.1831254388546908,0.4336140017756261,0.6558390067698494,0.7622592078254808,0.9159157899831458,0.9942246949424475,1.0277047215485213,1.1892782526877432,1.2574532874173656,1.3189119354672578,1.3762687514135563,1.4130369274159762,1.4807828421915414,1.426991806938205,1.441091684351386,1.4192886573423908,1.4883098883596673,1.505899460148326,1.4460216614770331,1.3385496054608947,1.3417307502677331,1.1923998296514384,1.1453951333552739,1.0415672469331387,1.1180666885484234,0.951872213368696,0.6206920000702352,0.543052851331433,0.3509985220579159,0.17818582179361145,0.0647509310885835
3.4800000000000004,0.037508525359086,0.18148397377683514,0.42348636193997397,0.6022078922701884,0.7006000025554084,0.8724644531660253,0.8937529206635848,1.0698729661978936,1.1540366837725242,1.2647860700331615,1.2913080834478425,1.3431568340407538,1.391946383299732,1.4398949425872616,1.4380027764462489,1.4725872926320878,1.4595421415875438,1.4705779388736893,1.5002405452589715,1.420529783714988,1.3342584156821766,1.3154071582349083,1.1756817465401492,1.1790549251342868,0.9785198520810922,1.0526409841336566,0.9640820377628727,0.6736914373451316,0.5976178360288159,0.3309622260933793,0.15845862339044248,0.06773500894802267
3.49,0.14159917115504833,0.1376012538041009,0.4430405289668275,0.5168248698076062,0.7365162347950016,0.8636894141376553,1.0167976738005908,0.9840355507272429,1.1363688130680394,1.2719696044960207,1.3192769551302004,1.335254009847945,1.4051776231679503,1.457507144203667,1.568555345439134,1.521053701787345,1.4929664395065447,1.4827775171536113,1.498609558507337,1.4070242559285553,1.3326960849258358,1.2761336054988761,1.2470589753454226,1.1736640173214954,1.0089976595964627,1.105411819087505,1.0118866256628494,0.6454613171091635,0.5582819163183654,0.40485647741557884,0.17929668965938242,0.03126844767936999
3.5,0.13447631729788662,0.16252913202150238,0.4341874422830457,0.5826619924069331,0.6672401751694935,0.8154531506864837,0.9617919323158883,1.0903172167336999,1.148152424785661,1.1812279654387217,1.3314667527782214,1.3291279548102406,1.4060777223850445,1.4375418613991484,1.4991236738381077,1.4961463750327701,1.4966540819227252,1.4848088072549006,1.5156666317914167,1.4338373904259372,1.3218161041318026,1.3160765900240838,1.228827963841978,1.1575092811027101,1.0466469486344763,1.060254666539786,1.0227607943501673,0.6705546248512969,0.5543940232704899,0.38795488273764406,0.24008728825260406,0.09548956336101572
3.51,0.09720043073722556,0.19726363354777018,0.39133551668735456,0.5754652443231516,0.7327533246674585,0.7852241957672651,0.8474117997102414,1.0338297290597491,1.1238520714346565,1.221732396067789,1.2772556411495055,1.3773171109547175,1.391422736017724,1.4963679956561553,1.4917403195810683,1.4633386611556432,1.4605962356647342,1.4621215606820341,1.5350121913747923,1.4300111860900209,1.2926869318404584,1.243251994434456,1.2247168260777723,1.1797232689488866,1.0532561934683573,1.0616247364562597,1.0045392316939372,0.6789418393664005,0.6314756441964141,0.35106646715104894,0.20544955368565274,0.015877628658859055
3.5199999999999996,0.06968560212639338,0.21589557895095865,0.4682871403998377,0.5547683969465944,0.7382952215117053,0.8148353237179151,0.9247387383001644,1.099247314366599,1.199844029424206,1.2527233923483483,1.3089798821094907,1.3600534750702482,1.4147149946101178,1.4273573955780192,1.5094431185569532,1.536990156735572,1.4714560818136087,1.4431294258898015,1.5067617877587507,1.4507175471736828,1.3133010276186512,1.2678439651063937,1.2272519752822488,1.1856600948059504,0.9968903211038593,1.1548260860855997,1.0374309903103027,0.7156114391827142,0.5645882020939024,0.37027100260269386,0.20685080719188942,0.05957843127823076
3.5299999999999994,0.05647565974409346,0.20195587084256253,0.3500787550115429,0.5723196513411355,0.729714540300782,0.8375378226835014,0.9419802016710831,1.0832997893832375,1.1714633609728773,1.2306330431052774,1.365516866712629,1.349031450457557,1.3999566863784247,1.4229983115392064,1.431181069231754,1.4403797700341332,1.5117280916124787,1.503733105187465,1.5188278910561261,1.455672070927298,1.3465947527406026,1.2970324874589303,1.2015505943422238,1.2270332300922755,1.042299636559799,1.0417806368845723,1.0170558298853587,0.7758685640190756,0.603291597215227,0.35756523606575585,0.2470616660236671,-0.01575910650489615
3.540000000000001,0.07307257679822997,0.17930591789002487,0.40219720466792214,0.5207198490775664,0.6613707223623815,0.8632174890345075,0.9961904200088928,1.1115935638598577,1.2258241351532746,1.2318627588590618,1.3205003653294418,1.3177910955228713,1.393274737442285,1.3941209266109984,1.4730128141033751,1.51431399912038,1.4834656820809706,1.4819994700977108,1.474753395692562,1.3906258649926369,1.3502087835166097,1.2207833254314104,1.2069204378558316,1.210358301578071,1.0825147770621193,1.1020867830086043,1.0021925647059973,0.6563155553655617,0.5886176274355507,0.3715921785824444,0.26589986348366845,-0.022322437793268163
3.5500000000000007,0.06353355325845572,0.22931871487572553,0.46238572132071615,0.5328342583229972,0.6432262564917203,0.7703579435269342,0.9338924869681122,1.1311386498555358,1.2039643411634147,1.2392069511369983,1.3784417623930973,1.3516226366435662,1.387370973992237,1.4576996312203145,1.436783242071929,1.4835032875556204,1.518316228476374,1.4857412599080437,1.5378443316118893,1.443394173661128,1.3967270233161473,1.2229601491991786,1.2290578917425932,1.241965329549014,1.088281241181837,1.1092124696504602,0.9440777344249625,0.7429133062790931,0.6045938080180966,0.4018732479071007,0.2174325647253669,0.002836691107589942
3.5600000000000005,0.12094309480852107,0.22729111834468801,0.4360343637505045,0.5856575661823719,0.7330284136869986,0.821942734171102,0.9351344279696238,1.059374094903503,1.1789528052586353,1.2669477840332144,1.3073533828020603,1.3951884664946352,1.4207744797501518,1.4492116155815224,1.4706745398713197,1.486360478482569,1.5053717244667806,1.4698988436319127,1.5107494107122754,1.444086468587256,1.338343372015353,1.2803952214751386,1.2477808789535239,1.2638713787512086,1.0717630070903494,1.122794484259263,0.9628342409520602,0.6754067548932445,0.5010774708586991,0.3968751929419828,0.26058134820059836,-0.046396587715206224
3.5700000000000003,0.048296474854709746,0.18886330609191276,0.4333928095203786,0.5650011477240009,0.7248392205172595,0.7498754204158848,0.9292824785177846,1.1005934050555835,1.1934904591184814,1.2740794253664702,1.3158566381404542,1.3538458580423234,1.3492274258909702,1.4505331537573423,1.4886280965989185,1.5557544138348869,1.4514208079632374,1.461831897918688,1.5340170447485315,1.4300112484165945,1.3241703175294408,1.2511840935207947,1.192374081567658,1.2277896790397855,1.085821095554416,1.0675864271635755,0.9219817434625631,0.7293638910446942,0.5068725998748846,0.40483892079361267,0.23713376303024217,-0.07294447479637806
3.58,0.1063321430411005,0.19040770783663455,0.4609121639964066,0.591244628460507,0.7540129601816788,0.8395882152456532,0.9631327790861286,1.1520750047854262,1.1860900082500814,1.2401410100761057,1.2973491284159104,1.3529834347068743,1.4108565944572713,1.4088787948764099,1.4450785603082028,1.4524905403276978,1.5113196514117584,1.476432407699032,1.4697126288058517,1.3863480191523458,1.3654024730270664,1.2613120243609275,1.302587392239703,1.3223755667827153,1.085633911207717,1.0844075325508538,0.9608427993856389,0.688777249202842,0.5173706560817106,0.3516827006223456,0.2691935598736759,0.024208217559454757
3.59,0.1092068128658019,0.2445968751768736,0.43391497916097704,0.5205119304697156,0.6804640724905402,0.8369535348637567,0.9539999624194813,1.119438048491156,1.2138170560890515,1.2596869388705272,1.3615024294448097,1.4182347875628578,1.3969136028385696,1.4206427563623591,1.5297569856053688,1.535980582839269,1.531203237839254,1.4796924964485254,1.5016384133093172,1.3720856780157429,1.3161562776280018,1.245173565300675,1.2615704596142718,1.2899285115394246,1.0358876201282134,1.0560335975674073,0.8991388850307016,0.6857074148887943,0.4967040697685171,0.394266866378014,0.179458942300381,-0.03709705748134381
3.5999999999999996,0.10543782557093205,0.2688658546126014,0.42259050233295625,0.5997543691986831,0.6614817743235293,0.7830609133933832,0.95044040572819,1.0743373026398833,1.1772792816013067,1.3010949404003413,1.278249977870804,1.3559144433942087,1.3938173235916758,1.4250072588750564,1.4710547095704696,1.5134631758962793,1.5268312025571074,1.4719821356747465,1.4592660241379267,1.4119516359742863,1.4107370280362783,1.2758213815235984,1.2230887880730972,1.292756829190758,1.0575350048337917,1.038172845111608,0.8840017662659032,0.6814674301050356,0.4418196641909083,0.350115629173575,0.2276919573889332,0.006638588790510912
3.6099999999999994,0.1043244077615213,0.2763824277590418,0.4586349744072615,0.5227798358457993,0.7613967648714828,0.8326740314565149,0.9348665304386194,1.087259276565914,1.1202939605574076,1.2282129783362996,1.3558115772527317,1.423342138206007,1.4361880313095545,1.4393149505008453,1.4497425121122722,1.483584907746388,1.5287128334196451,1.426557113753245,1.539069373925968,1.445839628983151,1.3980028313433308,1.3036286584977699,1.3030458748599634,1.3335383349268635,1.0259205475737787,1.0039271669274896,0.8908565460139994,0.6867387226042672,0.5034577841074266,0.3625027330311935,0.3069848405410536,0.04168199301895329
3.620000000000001,0.07462920676572715,0.2456135600834939,0.41755435565773613,0.540887379331664,0.7104858588448535,0.8692638488647959,0.94829730185214,1.0891316750551916,1.1315192813798813,1.303003783029946,1.3168577374773658,1.3590410663032808,1.45611711341314,1.4595454285389855,1.4706694768098172,1.5190423768161803,1.5141153078145546,1.4708566684183382,1.4594499175103999,1.3894046038729335,1.3846226986408718,1.2409709489920968,1.2397004168236356,1.2976419909511674,1.0272558422083362,1.0202046583774567,0.9010356498663238,0.6869364365033885,0.48377163927420064,0.4382288680113571,0.2391076573871411,0.11637915348551438
3.630000000000001,0.11767201024637261,0.2585673465180679,0.45336103763755864,0.5780935714286546,0.75391743635321,0.851249990766796,1.0276241638383674,1.1116485168081818,1.1661068645163102,1.2113432050154118,1.3288127632565816,1.3808335110744976,1.3733190648057223,1.4346181112243892,1.440983070348744,1.5158688622955647,1.5075760964698979,1.4960047613847443,1.5279741308163017,1.4267791944085977,1.432513511089506,1.244941168796104,1.2528456820826253,1.249972450782858,1.0065583700753788,0.9838139605182186,0.8326892943941462,0.7336129525593232,0.5151727456172275,0.447655586079194,0.2298771406337376,0.05068469291948069
3.6400000000000006,0.16399366825647416,0.3349543939970979,0.494339775652415,0.5796094634034353,0.7483089518968563,0.8401829509490701,0.9798028028095979,1.0779839422688204,1.1600985380033555,1.2564763633312694,1.2967203122163662,1.3837753459078093,1.4025090534112121,1.4442649600533841,1.4744753204348924,1.530131546883833,1.47776006396574,1.422892083551262,1.4625919936319498,1.3902788267419732,1.4318195661304864,1.2643409238221313,1.2979981425951534,1.277867004637043,1.1027563097340383,1.0377489044207002,0.8396051492128823,0.7515354663505063,0.488610560469474,0.39378029856364266,0.3192825353451331,0.09326234236816215
3.6500000000000004,0.12992502040462117,0.3184893358356932,0.4624550640301929,0.6012756466753157,0.6540093204315113,0.8605258553225904,1.0077128950506786,1.1043113106679088,1.1209782428714088,1.2153245517603621,1.265450287181182,1.3467243433048501,1.3924673511845171,1.4257469207697167,1.4315834710127402,1.5290417133554484,1.485292984990547,1.4620329366579468,1.5229739979060462,1.4358224026900426,1.4609930090002747,1.3135520578142263,1.2321668256304987,1.2573508228289194,1.047743284612634,1.0338451392885744,0.8717696758761904,0.6832008545514282,0.5087768263795536,0.392356247752157,0.2638232242934317,0.10506927633632072
3.66,0.07829720862264264,0.3532292268747551,0.44413247974776804,0.6075730703400828,0.7423733235639841,0.8008565785225293,0.9748909375664941,1.0291508338742728,1.1425669066071178,1.218989099075166,1.3115279079061695,1.392744585510784,1.3913700550371386,1.4278721208650316,1.4939826771822764,1.5178105416183605,1.552620740510755,1.492506092780356,1.5152490283464661,1.440821894180239,1.4525051577085326,1.3190920602308118,1.2703816459885084,1.2876156829322842,1.040692121530191,0.9677843885723312,0.8890598169520013,0.723616105458658,0.4999813993434721,0.360614874932444,0.26495127033136295,0.12677584417169296
3.67,0.10650280993116393,0.2934740957140486,0.40713293219785057,0.603593561918414,0.684032196712254,0.8736193934855963,0.9258830449354987,1.027179019405787,1.1674950758191314,1.2547207035417094,1.3142913316972094,1.3691829743879675,1.4174641266592298,1.4429187102818828,1.4861049326642564,1.5542884562194106,1.547773858609467,1.5144833358212169,1.4294793210355403,1.4004701641443622,1.385292441348569,1.3730612005130196,1.3005735352252947,1.2487973558362306,1.0178063718344457,0.9528608391687717,0.8547719497149784,0.8032942479198907,0.5654949433356603,0.39004760228410223,0.3260548475674032,0.1677760227426428
3.6799999999999997,0.09827421307991081,0.33804319172172936,0.3920153789173748,0.5736341359436513,0.6701468696777143,0.8666315822407766,0.9804406222618891,1.0598858762885452,1.0926346342418274,1.1879526416576032,1.3443116584445167,1.338114903169453,1.4023268530506774,1.4035764595383133,1.4265100596545568,1.4905574421872536,1.5211577861201309,1.4531448155179016,1.4428935943979446,1.4178703858927721,1.381411934673,1.356441373957823,1.2817629509683115,1.3304958533221638,1.0800471296402632,0.9425982897254016,0.8179963373846157,0.6977082218306573,0.5172042488006235,0.4495983595503309,0.313076800530233,0.19962689454350446
3.6899999999999995,0.1275365916366169,0.32188563720560837,0.36526745897059015,0.48936909453003746,0.657678134279352,0.8211022990229341,0.9843920332184553,1.05608364639556,1.168282233777428,1.2154312287264228,1.2876897797825324,1.3461844795532094,1.3950618722350554,1.470483014796082,1.5278127111813513,1.545067020832583,1.55319607984312,1.4552523203661332,1.4063081826176955,1.4084411428577406,1.4851176071949952,1.3796914973533347,1.2501695258255074,1.2583185750259474,1.091160761341035,0.9862251677609101,0.8611878219725407,0.7322886978381574,0.49688170094441003,0.45848754785687357,0.2942514637342463,0.11811013936775537
3.700000000000001,0.08050718027787795,0.31524117851325906,0.3883376168662464,0.5517837629304848,0.7345039484379859,0.8761116473444249,0.9495901998200129,1.0742347068430442,1.1160033355174397,1.2097491650840475,1.33024962224084,1.3896166917288209,1.3458499218037598,1.466419403278185,1.4822871988758293,1.5198154434951632,1.5020520461530125,1.4186923374879519,1.4622214912614113,1.444065169458767,1.4544599583493287,1.3918322691846505,1.2650647188275514,1.244717800763332,1.0567345882185684,0.9247275992574558,0.8529074334895526,0.7694376428871316,0.5963081844829118,0.4245392980219766,0.2969433150538515,0.21996885483831352
3.710000000000001,0.026194393838318016,0.3164307682022529,0.33069776354775127,0.5337723197300093,0.7116788787749861,0.788318153998424,0.9323586809939978,1.0270632637240573,1.1328282173533073,1.2239693492659034,1.3222314136042057,1.363706167517686,1.4442223143440194,1.4534185370370136,1.5085498951137957,1.4969571889241033,1.5525454349116845,1.512548373376128,1.456461879291546,1.406226489279178,1.4902747729528076,1.4299280523985205,1.3233782054612826,1.3102154478337806,1.1375038518900709,0.9283846578985643,0.8022704817433782,0.7850508443587007,0.6031562639779304,0.44087493649858867,0.31451134622636734,0.18485152768533833
3.7200000000000006,0.022579552440830836,0.2839765885129775,0.3428959357042358,0.5285865883035539,0.6428793930136233,0.8119398460452838,0.9634042924198207,1.0664351705429929,1.1238264648412772,1.2136795375319225,1.286931944206428,1.3577782052772556,1.4019110842217992,1.4537758448019769,1.4618192814478117,1.553470824843994,1.4961879871403436,1.4354451656217555,1.4954939721240006,1.4350536632527444,1.3994653091958082,1.381562551115765,1.2637248163599788,1.3086563956534836,1.1286094292798243,0.932265610306224,0.7522868498060791,0.7452985103806887,0.6092057742528642,0.4615277219756672,0.37786946343659106,0.22438244918144357
3.7300000000000004,0.028826997767284757,0.3308572561557597,0.3478244120318868,0.5244250820004681,0.6523994403951762,0.770822489524631,0.8722696942956544,1.006435395609607,1.1105477894748155,1.215309936603475,1.2885969307401695,1.3795523983439582,1.4266504454558777,1.3834645473910765,1.4990841055092405,1.5381699211542592,1.514983191465983,1.477916012043444,1.473469072718405,1.36838015328054,1.4557288428966741,1.4145522741805456,1.3636480971555869,1.296758057652874,1.1283744748836522,0.9556808529178898,0.8064204507014061,0.7567739869365604,0.6541804938223162,0.5311457333858659,0.38587362339978254,0.19203460936104724
3.74,-0.0073337992194665025,0.24609534117578535,0.3089311228153723,0.48646624172268593,0.6526576857364075,0.7739373075906181,0.9376038091708125,1.0543374210978944,1.1586725867020182,1.2105488638658841,1.2981843652837521,1.3658075591129517,1.4090911661290613,1.4903837023846995,1.4305261130751143,1.5171854769630235,1.4917437130842166,1.5128728692143896,1.4923580358471804,1.4493185680437348,1.4683431046261919,1.4216659156279257,1.2985125047581474,1.1953535997928908,1.0881427112308533,0.949377758622456,0.83008451582953,0.7765005211548076,0.6451014726598556,0.5324212896097873,0.36185313367358984,0.1697685601194431
3.75,0.012372581519486286,0.24700578524748235,0.31158233144871006,0.4894832481108446,0.6321670246467085,0.812843658771441,0.9833917724727301,1.1004682500244922,1.194806344811103,1.2065040040098727,1.2361867546871717,1.4000129134006434,1.4567190879529124,1.3827417129790227,1.4848266039039277,1.4764586278007494,1.4996869508688542,1.4696394605986192,1.4562838552913755,1.4390982712738607,1.4406246479587625,1.422055987036561,1.290595281336261,1.2114124516300595,1.1055518830084026,0.9165383490493334,0.8167509888768364,0.7831210235094923,0.6698534514871762,0.47307506100815355,0.36120094938708364,0.24765959141490249
3.76,0.048917630498675216,0.21229078612315996,0.2830234871322565,0.5117926692952662,0.6571131772787612,0.752415368480803,0.9215724684998903,0.9843502183756225,1.0896233667380044,1.1919056933866767,1.254187726536095,1.4371317307893088,1.4530585780041267,1.423814002912936,1.5213362800449306,1.5364565556882608,1.4602335390316543,1.5057471174805792,1.4418518295721878,1.51977285153486,1.4778298200163762,1.4167867689885563,1.3465456850974142,1.2057265352392625,1.1090061019917976,0.9087484333768174,0.7964115984990982,0.7979273823597992,0.68146601310379,0.5321829963801437,0.3488302263306259,0.24276226277725932
3.7699999999999996,-0.013683280764681928,0.26432830733104623,0.2756462131243782,0.4762505970105272,0.6156970590428785,0.7718111945641829,0.9549690762232765,1.0984442169186572,1.1085524695295992,1.2446875353218976,1.290175447606242,1.4075398087625675,1.4108496400726416,1.4894396244819184,1.4726090396381735,1.5146338366554049,1.5081836015463894,1.54280706701949,1.431290478480406,1.4576396329482482,1.4980558856261972,1.4174460398781505,1.3095261107151936,1.2200347652225845,1.1184046536415906,0.9016554295357132,0.7911225570515612,0.785926320229731,0.6684602109053522,0.4751311809669498,0.3393680519911263,0.201837141682453
3.7799999999999994,-0.06076640513019049,0.2702885801640813,0.2746991056060951,0.41151662761252816,0.6415727228201206,0.7148025822047795,0.8815918898555576,1.0449054521039645,1.1642625843121401,1.2178716119309134,1.3114139672588336,1.4027475243989451,1.4220551821886633,1.4740570602717276,1.5130707223503062,1.4869596487563042,1.5004393794475424,1.4741435291338256,1.4146633218044202,1.3848299483455715,1.4594655511809718,1.4245036713554013,1.2511782317436277,1.1635011951126943,1.11289343283263,0.9014428407654248,0.7945560857642875,0.8077569492267136,0.7110950507550329,0.5341884388112077,0.3691921317658663,0.1791504858790024
3.790000000000001,-0.05109219065170334,0.23716496961491532,0.2576401481806988,0.4548909866598643,0.577879480818456,0.75213060325546,0.8534317586337316,0.988103093290359,1.0889415896148251,1.2092254028685527,1.3071362337658965,1.313627361440493,1.3794695047423589,1.4218554613805676,1.4845708734061758,1.4615728849113125,1.4747862344676337,1.5444093201473754,1.4298991536010772,1.511122805685359,1.4371895809370945,1.4230767103420643,1.316985688681224,1.196860874612964,1.1379349701432475,0.842941405862936,0.7288548884809092,0.7695124195241237,0.7407113315297248,0.5256068042258362,0.4046605907299851,0.2243135063630555
3.8000000000000007,-0.08084203763160387,0.2648155166217896,0.27061812775183414,0.46226501738943215,0.58836032312169,0.7536194106844644,0.8407780425239124,1.0172962382530053,1.1375037968684059,1.1940143517477335,1.2676484940510944,1.3310200507903927,1.4121699704402824,1.4519498852052937,1.468338671844882,1.5339085654106273,1.5067507189902138,1.6021223295893738,1.4511311327055787,1.407436593882439,1.4715523203116003,1.425742496890168,1.3617736797892004,1.1663436381492402,1.086541471930338,0.8738776603037341,0.7933924588874531,0.8095843120775009,0.6716846638096675,0.5235017230558598,0.4258930314263839,0.23690788611357652
3.8100000000000005,-0.042630604512945314,0.17351940175770617,0.25403728778003887,0.4018787502370869,0.5688189105735513,0.6987704279805049,0.8934960790145481,1.0723332849779545,1.0795334136222459,1.1765525611090175,1.3180166001080404,1.3253697312881136,1.4094933744288967,1.4051035714290387,1.5651215846922404,1.4967418261755554,1.4977426952721964,1.5153667557485646,1.4422468970589424,1.4000369292298618,1.4200850770649418,1.4440064597774942,1.3075395761856634,1.1125015193218841,1.0868753375246438,0.868493752290985,0.8174410231983985,0.8566976371870203,0.7342762154870155,0.5158195862278429,0.37436207189291065,0.21554650706579745
3.8200000000000003,-0.012500654232550283,0.23870190169844743,0.25234035039772285,0.42308972804444755,0.6302315290912452,0.7265946077198299,0.8878485158797003,1.0060398735718452,1.1408733821854053,1.1674364498187022,1.270438179122808,1.3235056424957883,1.4300203335872337,1.4671987511277687,1.5365919394281047,1.52270375279571,1.4994468421980942,1.5697818181864485,1.483217733737679,1.4125438819242673,1.4499976489113175,1.4190197322928315,1.3267933741731466,1.165035844991477,1.1505061508496424,0.9148480259653183,0.8089670722113589,0.7901234487086756,0.6906851131796888,0.5629944333875149,0.3950021950979028,0.2898070301176333
3.83,-0.08300672522281616,0.19312885682304462,0.33296664270099074,0.4570486048829596,0.5839914840044798,0.7670554455497613,0.9212175396794688,0.9821093664985191,1.1645100326064355,1.2452640059880107,1.2753007425637757,1.3836288892152586,1.4132519269892239,1.452787296374467,1.4889869424209272,1.4752313135635529,1.5111488659395762,1.551076286533946,1.4278408349179645,1.487221901379016,1.4242836722076906,1.3799172760236322,1.3428289069217267,1.1723329870923627,1.183693884005617,0.9311912553854826,0.7612942798811859,0.8232661892084632,0.6954321955403089,0.5871587847973369,0.4202899082021404,0.2628764302521472
3.84,-0.041065006171577385,0.19147954406593223,0.2440220955277871,0.3842439454483888,0.6182237537867973,0.7411923220160793,0.8028505441095833,0.9899225805631537,1.1475950070616168,1.2323020615741194,1.3025919615673112,1.36432933041997,1.3965245316524328,1.4495336129578718,1.475233510583937,1.4237973188777664,1.4576263398203197,1.5123746302086516,1.456883356779743,1.4369920536996454,1.3940361800275494,1.370178018507762,1.3272439390389283,1.0978942006292594,1.1859065205552806,0.9192856792207033,0.7967422452460121,0.9207946137622932,0.7749573444511351,0.5707178652426265,0.43554458777774496,0.32703269472618607
3.8499999999999996,-0.08740102687685583,0.18179101718771593,0.23838772373417821,0.40098483773434906,0.5862684234319091,0.7325924186462045,0.8478209455662999,1.0009255649512532,1.1381042962268673,1.1726720928567973,1.2744727130789208,1.339600567638181,1.4317148245056168,1.5032785527272585,1.452050818622892,1.477824996370857,1.5044798036878422,1.4798267967072694,1.416693562723296,1.4327697593455404,1.4056994892999186,1.363169093965124,1.3355819252736512,1.1273510140437117,1.1528908053353555,0.93192390555524,0.8137514023210408,0.9071664849066308,0.7391165651776345,0.5774682425096691,0.4609233544773852,0.26358810012850725
3.8599999999999994,-0.05542424761628196,0.1798871442158539,0.2934242135187818,0.3778875523987431,0.6208936215855406,0.709732470605334,0.8624955242510954,1.0686153311616282,1.157443191387066,1.2400864238275984,1.3248317170912427,1.3748437311478723,1.4508621532839445,1.488052793985228,1.4952843085683796,1.418554912529191,1.45717235200074,1.5182492439646549,1.5100550386988283,1.4826294860947222,1.3947922967492326,1.3174727304254048,1.357865573749955,1.1126585454030218,1.2233387238154423,0.9357921244139341,0.7869891371776653,0.9000207672055971,0.7413449437337637,0.6216001374126481,0.4815336165765212,0.26295016812026684
3.870000000000001,-0.05620165289366192,0.20089923559822986,0.2816219334062841,0.4514974470612826,0.6200258175260778,0.7603819954065381,0.8953809167303862,1.012488780490919,1.1192778274705428,1.1887407805977888,1.2948408197582302,1.3671094915673938,1.3884431468340699,1.4643571585590742,1.4860932581478181,1.4482710375466383,1.441505215871775,1.4740857092406245,1.4031420394113598,1.4411368581532524,1.368875878438997,1.3797522704742962,1.417048614942751,1.1177532217935016,1.1941799480100936,0.9007475488638955,0.7298741781444643,0.9184966678193033,0.7972090756134861,0.6113345849118841,0.44241335933653053,0.22104433881052576
3.880000000000001,-0.057660540615848625,0.16023959745896427,0.2412244325465649,0.3523802943924254,0.5983369621859269,0.7137430183495859,0.872672656333856,0.9966938677870981,1.1609679213102675,1.2364521251180065,1.2324910486632779,1.3632932862012286,1.4648140141045007,1.4451147397450865,1.4849579762387575,1.4516519659967337,1.4585530834198897,1.5137076680262858,1.4491463628326948,1.5243467539322149,1.3190030846307887,1.3665092439127886,1.2939025680448593,1.0821656043924825,1.2047386722478453,0.94623977522642,0.8215022501001171,0.8910532920751062,0.8003024588052386,0.644024640752087,0.4797973489657076,0.26170676871207227
3.8900000000000006,-0.028341198702059194,0.13495880368153337,0.2334929637768347,0.4275913414310966,0.6052872941509551,0.6955537511917679,0.9198152874968067,0.9827689272926575,1.0794929542707583,1.1863708597481952,1.2797594532263312,1.3061306408666997,1.4223791821006149,1.460088766603061,1.5083443492548516,1.484203383346378,1.4715751763642115,1.493488043229328,1.4836328421506124,1.4820652297274013,1.4042312093561842,1.3609724600617261,1.3975509629618388,1.1040204626890107,1.1629317364233258,0.9424624548392598,0.8885819640856664,0.9591227490376097,0.7250536642266958,0.6326658192581629,0.5089707299683301,0.2386001458352417
3.9000000000000004,-0.07955491721466032,0.07404204601497667,0.18460217045156915,0.34953379342157903,0.586270393738419,0.7383916192684117,0.844074256521099,0.956973199384364,1.1358271132737712,1.2078335580959847,1.3266628741959101,1.337330797694754,1.3869439079309238,1.482510140308416,1.4594890631901574,1.4297262534653612,1.4834497876162605,1.5384542901871783,1.4932749017066438,1.5081480610931557,1.364307387291178,1.3805122061821666,1.3712530805362784,1.0594650116855449,1.1887920587852645,0.9721051947352749,0.9084890852685443,0.9723558662058884,0.7586809843024742,0.6193794908221872,0.5060858589502689,0.30957276305272946
3.91,-0.05665940343793879,0.09559646877990988,0.2850471460280899,0.40121957069089254,0.5636003236550257,0.7550935987454681,0.8758427304171023,0.9636160229887489,1.0258792527161518,1.2347799914510527,1.356652754831959,1.39406272496012,1.4357282043289346,1.4455478257607761,1.4871823687739676,1.4346304021371739,1.4734545894291708,1.4904720819145045,1.5144482419994474,1.457053847185843,1.33602646784585,1.3219690640532409,1.4279579574685277,1.1480833382074525,1.2543240220747305,1.013340707463438,0.9160675110809622,0.9606596965935891,0.7614963773161337,0.7144110355083511,0.5229456557407676,0.29371917816697257
3.92,-0.05055356835231016,0.13233790349026822,0.23796016806733733,0.3868554383247397,0.5859587143432935,0.7412380203543995,0.8640387769787294,0.9987126686873448,1.117891193300234,1.2274226083836406,1.2755467846722888,1.3411302088046009,1.386235178039397,1.4585363808456084,1.483261192581546,1.4801912975276532,1.451530568349451,1.5648411296896165,1.528263295909235,1.4673874138236056,1.3903786154025293,1.376566125363583,1.4603946461809567,1.1369332536484795,1.2380172697503304,1.0557285673412777,0.9912343562593009,0.9481378326283549,0.7621626968600219,0.6991371846226403,0.5952639195269558,0.30760528604935466
3.9299999999999997,-0.037750702126961105,0.06334215092894263,0.20676296357116614,0.41861909390877,0.5630953632022788,0.7357123057879125,0.9101848106388829,1.0138013103910208,1.0977409487610326,1.2360620862916047,1.2715339331951303,1.294822023548398,1.398582136349479,1.4616051808716586,1.4210629589323085,1.5022310771153524,1.552745858272424,1.4989803413775808,1.525482913867399,1.48891323884827,1.3699763059334753,1.2863769065874897,1.421000278508551,1.1444504725499607,1.227586357354512,1.0594811687091175,0.951158932161186,0.9857150674478793,0.8222267725381337,0.6896287892947619,0.5519214698709662,0.26588806157293926
3.9399999999999995,-0.04611154417825282,0.07363274164566588,0.2639221803698322,0.41563884904246357,0.5508417243032463,0.7099808216002214,0.8635694671592496,0.9458124405644791,1.081301754855542,1.1471965923948848,1.2870315482341326,1.3652933150177986,1.3909579012852609,1.473320095033912,1.4669414966305647,1.4634672011457965,1.4497070077297995,1.494971546783101,1.5351517221610653,1.4793177071076047,1.354396226841764,1.3246377146552977,1.4030985858550258,1.1604478258115805,1.2289231917432464,1.0718624358437385,0.9581666423665947,0.9669448249843787,0.7813292050885557,0.6940058033951244,0.5381224415542023,0.27213007996711014
3.950000000000001,-0.06902622269083239,0.06224571969588399,0.30404496754756694,0.3866619258802235,0.642652694749557,0.74764206596131,0.8411412273658774,0.9573433366990768,1.1442431066286132,1.1747439565628244,1.2532592894535937,1.3384057394791473,1.4297995638228,1.4628358380641928,1.4824650036937335,1.4471378568815623,1.4989868091277263,1.512248174857076,1.504020445558851,1.5630016733450032,1.3378955784057107,1.312717839051711,1.4034115330129657,1.2171168313848555,1.272349750495435,1.1337230886257081,1.0354563637408727,1.0436594482355848,0.7579419554629414,0.6827896625770083,0.48340542478166865,0.2520633272903787
3.960000000000001,-0.027401323783434586,0.062015664617420245,0.28044614318860156,0.42570382235296,0.5849469666205049,0.7356906043022339,0.8852205157407389,1.0377863177057534,1.1042292237571156,1.201993681099509,1.3330306787567565,1.3592599496658604,1.3887713728927025,1.4720122274190808,1.4023946026198904,1.4717958466251362,1.500921975300564,1.5306144986033143,1.4920991760313878,1.5788755769036096,1.3554922311159934,1.3972566866443314,1.3753685745331912,1.1914233965194165,1.2495165479690533,1.121673157425306,0.940123083817932,1.0049354474848198,0.8090800377272223,0.685954958674883,0.46156854241784234,0.2791717334924856
3.9700000000000006,-0.04786938231625498,0.048525765775683814,0.2514735458033345,0.4059254591958459,0.6149059787987556,0.69348913510524,0.8848341952102885,0.9727252257627572,1.1072438590590872,1.218159453453578,1.2795339694624415,1.3960646817323632,1.4718030290012405,1.4487926391415455,1.4756281151527644,1.5074915705463794,1.5004102758473925,1.5145867457942368,1.4908920027721917,1.4936913509541834,1.3860060688732807,1.268922915637379,1.3561799055873434,1.2085731379161537,1.277141649521571,1.2056069926696635,0.9839103141846096,0.9922597303132157,0.7585080104700826,0.6524108072643231,0.47848382255189564,0.2693863212218886
3.9800000000000004,-0.09062821671295315,0.06047552959301718,0.32896683426227896,0.44419540123973733,0.5868379486295596,0.7067712004908746,0.858712373792275,0.9601445322132949,1.0733235435930837,1.1691862811593552,1.2774312436144322,1.3848629847031828,1.4602317933920759,1.5006394180302935,1.4662950431647348,1.4722882075567876,1.5072679272361855,1.529633629801895,1.5351738649414999,1.503806201121775,1.374202009527947,1.3025704894604413,1.4207000597350372,1.2379207704337625,1.275596161104563,1.1382594876041654,1.0639257653967813,0.9451718581901156,0.7842947870984958,0.6853916241301714,0.4479544748514749,0.24104547639154378
3.99,-0.014802839247710389,0.05788922383183395,0.3153584860143897,0.4196410952180666,0.6092300074524132,0.7895787998284488,0.9051638369183195,1.0234106543547954,1.0158639309600126,1.1667113360570076,1.2695427002358488,1.3513978629268437,1.3856936689026753,1.4197188794418063,1.4535365079380065,1.4891505573696135,1.4905200271733765,1.4969746425374615,1.5214060079053429,1.511167709720691,1.384574755087701,1.3552602375088758,1.3630113245476578,1.2148946347697918,1.2828642906054895,1.1617101528989962,1.10068815654466,0.9950107149740034,0.7438652755487257,0.700837134033334,0.446201700906915,0.20034680362156082
4.0,-0.009602271016404013,0.051992338068027104,0.3189321826806693,0.4400628784560714,0.6138243090810829,0.7549200964532586,0.8831028491780447,1.0335459813583396,1.029888736792817,1.2210994655751404,1.283686019693402,1.3338470744684363,1.4107967548617284,1.4969050031713476,1.5014465639939818,1.5322035525775666,1.506322657778727,1.5381602463360275,1.5611453767390322,1.5567986115941492,1.4100572384292174,1.324065803214411,1.3402212617425397,1.2307249040824106,1.2077617794117936,1.156778726821277,1.0900607160350348,0.9170327373032059,0.748511785518614,0.6372269285618759,0.49732859544378877,0.24919712498017887
4.01,-0.07870690800886049,0.03186512747362048,0.24492254810458441,0.40682755641050106,0.608802452577535,0.8001101971164134,0.8368074370676515,0.9775527481996384,1.074808758327327,1.2082946127547982,1.2528848365176053,1.334287243387747,1.4132725822742596,1.4475680027788442,1.4801942633865608,1.5266842011835562,1.4829552873062275,1.477116576249132,1.5456764349607501,1.4937074230366103,1.3502190400540093,1.2950844955042635,1.3322365818386686,1.1995076872633896,1.2103118754384685,1.180977653989052,1.0957968828070033,0.8744795763905162,0.7054059969070373,0.6452323210300357,0.3761995413224934,0.23249272848473496
4.02,-0.049830907721778374,0.10304933232054697,0.357494522794631,0.4603668318137518,0.6542773924302294,0.7504927824050566,0.8613740949954878,1.0138097124334036,1.0751525812623859,1.2113368741038242,1.3279330778052132,1.3646610384583904,1.445368945347871,1.3945613874799014,1.5404653314692345,1.4950603304305303,1.5193212608322908,1.4934882023349483,1.5094029194463323,1.519120308800421,1.4147019214353256,1.304784861903236,1.3573121092721392,1.255549221237895,1.1340572287768487,1.1841721420229998,1.018493069490904,0.9064896111967801,0.7236031550123444,0.5548515053830377,0.36724038694297284,0.2297538272215282
4.030000000000001,0.0005620589356653601,0.0985720204604088,0.3004027241489073,0.5053553022561228,0.6443308739821074,0.7491988147566959,0.9011995571698711,1.0149044033079597,1.0874055163029226,1.1986855748009821,1.2906241955972482,1.3384341168203668,1.434735286994163,1.454421912253523,1.451883088344883,1.5062725460200386,1.5268552831848559,1.5104192592751917,1.4864693162000826,1.4898445536601572,1.4069116253124958,1.274770784064596,1.3094654210786603,1.2391614991483202,1.1816243350377769,1.1454562870053335,1.070363860419181,0.9160452050918889,0.7022284012128873,0.5495401374929898,0.44182492355232406,0.27991665164788937
4.040000000000001,-0.08471837268951549,0.07421611535920825,0.33626069234485967,0.4838740943328953,0.6723104298576498,0.7774845356394839,0.9333833107451451,0.9845561036903356,1.0580442665076444,1.1656170074856809,1.2938074756880342,1.3076871005419135,1.477710690914391,1.434524803482655,1.4466167804126109,1.4370711488448369,1.5022641772936525,1.4874465924727842,1.4616235984279784,1.464206448914124,1.353120097406419,1.294750058017182,1.335721696970277,1.2690020155890172,1.1931015288543003,1.1185913327203032,1.0549557995750214,0.8617440238277478,0.6948044788316627,0.538757674714158,0.37450765086057186,0.22189551749486514
4.050000000000001,-0.0047766890132847,0.13367917195020265,0.32804849777889133,0.45874464915428553,0.6103326831061505,0.7962877125471887,0.9150018111325869,0.96583708979204,1.1054864720377795,1.1402455881194056,1.295960078783341,1.366011620183872,1.4054016532072857,1.463694003618132,1.4814368812411451,1.4856985529000806,1.5615549079726427,1.5016037420322474,1.5320337711731948,1.479266435251244,1.3968748849554218,1.3288699250283014,1.282300929385792,1.2707000105961996,1.1957634488705955,1.2148179029947037,1.0099320555452433,0.7535092347534529,0.7096066208810135,0.5028378572864823,0.34150859882086115,0.22418608852618963
4.0600000000000005,-0.0430951682654602,0.10445566306324112,0.3704324505985535,0.46924577389474004,0.5581236155471869,0.8044911089598807,0.9047344011118722,1.0260523359231353,1.0872577922650932,1.2250003300533108,1.2575873062698886,1.3503580644313424,1.4164828592304304,1.44337326966191,1.4741236419150427,1.4623938978221098,1.4539363942172558,1.5109288522630848,1.5026134266518698,1.4518066137361125,1.4171326684652321,1.298268899079907,1.3280517299672878,1.2246582637793837,1.1808727671657613,1.1375786016752885,1.0360501904980373,0.8225897979135232,0.723696585005608,0.48985573262265336,0.336441301358016,0.24199247943809551
4.07,-0.025669143053099003,0.10849509072506137,0.3002033853258676,0.499055329132681,0.625053912094446,0.7508717800605915,0.9075637163659778,0.9947058046975089,1.092220073903017,1.2801776459411676,1.2909310900706044,1.3446502191522456,1.3880641747030764,1.4203888324435807,1.4425750417204553,1.4875754744335437,1.4979182197689007,1.4689378599876217,1.5209761510931912,1.469935057353487,1.3817749802570858,1.306696093690925,1.2847498640426258,1.2566987526948044,1.0763255521821131,1.1298133376427384,0.9795099763881198,0.7909810187259048,0.7170641522862123,0.4763901676752906,0.3447739660732212,0.16804196956306974
4.08,-0.003343423972112212,0.12106023240615726,0.3463090604260381,0.49593834056147146,0.650942914864177,0.7537775115810028,0.8664101637625604,0.9893122574487885,1.1080403552657236,1.1788458306622092,1.235430128417253,1.4007379603215973,1.4820139070450815,1.4625953177813915,1.4388416498942997,1.5374390103213504,1.4944777077978386,1.504232130780126,1.4988167237299508,1.4844708094076238,1.3507557674991655,1.271996684587622,1.31246393379457,1.3021125910331737,1.1024261776923163,1.087213598178548,0.9641841262239655,0.7729936452071549,0.7370617951521492,0.5048151156884835,0.3424267437341505,0.23100998126603295
4.09,-0.02890785656553891,0.14081470022712955,0.39597078226475224,0.5050953365821756,0.5971085746469373,0.8156029267352841,0.8946117964961826,0.9451450607772852,1.089705315130603,1.1913832133832365,1.2602344711528704,1.2978087680566126,1.3714048492780866,1.472531885223793,1.4234072105633953,1.442796097413382,1.471058218169689,1.461232981545495,1.4781540089229088,1.4130519195353406,1.3863307063248744,1.2704319602269274,1.3159989244634123,1.2455479194521355,1.1143685707751805,1.1005026363737598,0.9823059688129794,0.7944666855781124,0.7805012834566567,0.5478667937806495,0.344884694401525,0.19412183960064794
4.1,-0.04309741805782241,0.22241314872173873,0.25367372095228036,0.5026699897877184,0.6215238969337757,0.7833718575885998,0.9239201600108282,0.9526727417677199,1.0571575978428898,1.147504357455795,1.2960836376372398,1.3750814604005082,1.441103957026421,1.419829322643731,1.477504506036234,1.448066263846126,1.4752214890436912,1.4771209466814652,1.4851340091349834,1.410999817937018,1.3753565309723441,1.2394191779316033,1.3064017532436722,1.3150155771773564,1.1286544936835359,1.0733929425206246,1.0067824390813018,0.7791793804056028,0.7505799355215199,0.5029390658606591,0.2859918332847974,0.19776927593696253
4.109999999999999,-0.0052826900560521,0.21837016200702114,0.3457563718690738,0.5142515519090748,0.583046049611255,0.7803732521058442,0.8817411163214655,0.9798760120473221,1.1191219647584107,1.2100364569899644,1.2306383309057187,1.373923767663642,1.47153622426723,1.429299167657141,1.4615047319410424,1.5086515027566898,1.4361186252851035,1.4687968507932088,1.5326652254696986,1.5219383233641648,1.4336217409391092,1.2975053419211442,1.2903553560618906,1.268669442583482,1.1440241811825551,1.0968197739040757,0.9152806527374008,0.8059495079525636,0.7600657968798837,0.4374609700846141,0.3539137385630279,0.1893037261625293
4.120000000000001,-0.017976885482321833,0.1738938023417777,0.3359591877804818,0.5481436593598349,0.67265868496737,0.7701682010389088,0.928766585821819,0.9618255348120547,1.0848615531254264,1.178829079928892,1.2777543723391611,1.3670611180560979,1.3899025176263902,1.4490428207116848,1.4791708487906332,1.510813894034121,1.481935823052883,1.4325088454839585,1.4712363659082894,1.4158492773597022,1.404944148403231,1.2836864711389442,1.2997438278228324,1.297435165760714,1.069120218494636,1.1278359330412717,0.9353619378447475,0.7796004991011537,0.7489568686735455,0.4815474382634559,0.3713120368984077,0.16712018465850345
4.130000000000001,-0.02164165381904405,0.1532331764324039,0.28965302546872246,0.5003263275764842,0.5742832532887915,0.7365235951734207,0.9408562723114966,0.9868681222123055,1.1032939240360504,1.1820256838993295,1.2829186026270964,1.328295502762502,1.3862738265145629,1.4855310481937913,1.4590633092616587,1.475248373619257,1.515781827994232,1.49966733350802,1.4635926674202429,1.4225897184435943,1.431250673706068,1.331244792426622,1.263130781239612,1.2648476319445257,1.1109802770739656,1.108270057658279,0.9394430018169074,0.8030443685050702,0.80452097499532,0.46908058142391323,0.3425543324772623,0.18322716555004925
4.140000000000001,-0.03374580001126385,0.1951390035171948,0.3153921803955441,0.47900236609330316,0.5981892975640161,0.7404423622859466,0.8768680900316076,0.9784022906360006,1.101171188598324,1.1728144402142358,1.2284385844925767,1.3953597139414073,1.393097712869553,1.4493661758167882,1.5006494173200493,1.570646728303086,1.5043550823609289,1.4994867930829203,1.4595054842307622,1.4514325161540251,1.443069661052613,1.3010748562719912,1.307192414458626,1.2190796167339493,1.1131620097798984,1.0151508298078902,0.9148946973221286,0.8232066726469544,0.7904412351726775,0.5056937135573953,0.3549530651206467,0.18432338852693758
4.15,-0.05052262706870577,0.17521051165727586,0.2569090806035168,0.5317272112778425,0.6595778279273199,0.7670960405894548,0.8690953605356415,0.9859524726123703,1.1573133620752858,1.2623770825025065,1.3386991868496743,1.3760429937903969,1.380729582779081,1.445335630840035,1.4662021123403095,1.486703972057684,1.4886652595866399,1.4443174538681198,1.525959952263709,1.4669784050616488,1.3925145856576897,1.352980968114704,1.2557752060572185,1.2800082810705522,1.094687015111458,1.0220353496385146,0.872310012098525,0.7708104225145856,0.7965429524988626,0.4272670454606432,0.3722795209100374,0.13004473515801215
4.16,-0.0532347854914502,0.21409808531501,0.3081678965520953,0.5167895645746521,0.6075269973186517,0.7088149790065744,0.921435744147677,1.0004022492123696,1.1287161237637406,1.234795382855495,1.2311948031165993,1.3615239349499437,1.4046233894430504,1.4209471904539994,1.4743249123226652,1.4798799737423933,1.4897969871141548,1.4584941584451572,1.4357779967455409,1.4687431439324128,1.4146998389072074,1.3283701034743731,1.315474147296769,1.2417717008514222,1.1325351056195438,1.0016668528256905,0.9146513165148895,0.8222220768807147,0.7993271525088058,0.49276569330311976,0.29281571943072415,0.09767129847010445
4.17,-0.08366232633503658,0.15697990192641095,0.27908672337575624,0.47439088404921576,0.5616926633938267,0.7721895788323277,0.907480381956472,1.052285348523736,1.1148970759493924,1.1727976009571264,1.2917449920879562,1.3347124700264212,1.3931565478574472,1.398681372603413,1.5308036753809484,1.513717317390987,1.4871185510294467,1.4583355764701174,1.4898315116032,1.4087640764508558,1.4213180433450407,1.3225900443879741,1.322251773000417,1.2225788253063088,1.0818493739431065,1.0590017754889947,0.9152101012914641,0.777301690361558,0.7820071663981335,0.522676145914564,0.421053596232663,0.07413431437717141
4.18,-0.015047780583207873,0.12964437473348042,0.3232462399946979,0.5229117155510979,0.5977743208724765,0.7452322082718577,0.8755896228013074,1.0208759278032327,1.1170751259404639,1.2437918043871268,1.2505532931152588,1.3212710732031527,1.4311361776823461,1.434129331622621,1.4846070818303672,1.4820268171289386,1.5585863383310326,1.4599296152645103,1.4672448880946884,1.4565110512357238,1.4748777653054077,1.3415757182308543,1.277387917380788,1.2880155112673497,1.112176914425237,1.0459603398777484,0.9586677053876702,0.8187137723829556,0.7241979599050156,0.4920479887045148,0.37076780408016763,0.07780417782421849
4.1899999999999995,-0.047490186942617425,0.20383999204636452,0.3501181279624901,0.5109660957359314,0.6170134419065733,0.7542190800167297,0.8877078709858007,1.1007821675706602,1.1236476977730514,1.2652840667269825,1.3231135720981304,1.4111269243127524,1.350982388383143,1.444877515706889,1.4829247645147796,1.504135071558219,1.5555945175147006,1.488842892569025,1.4422763015543572,1.403427225675992,1.4123491020560945,1.3133346362454872,1.3298509478935965,1.3201159062894545,1.0686191579618864,1.04396809664426,0.9349285800040468,0.8574952535085063,0.8014844262614133,0.5254950402838469,0.3667954066900379,0.04510649517704748
4.200000000000001,-0.0388620086889955,0.1805649466516095,0.3129614828582568,0.4955121196813114,0.5732279215258549,0.7755622663414973,0.9232668722965836,1.0416866250688472,1.1461713425394195,1.226457836948398,1.2514182770180287,1.3902928954173666,1.388572353339491,1.4051824783993867,1.3844252424379617,1.4526485184154252,1.526352222201115,1.5402359203659972,1.4803616440325276,1.3841781646426874,1.456738728205801,1.3337241655437935,1.25526598970075,1.261646265233537,1.0661820691923476,1.0314416836325264,0.9695315573873535,0.7679906516289277,0.7685964915679611,0.550550486943904,0.3567837897496288,0.007289131291218748
4.210000000000001,-0.04183075548052018,0.1313784689671711,0.2921353632366981,0.47006000063327197,0.6000503162261298,0.7689569798074593,0.9132736533261754,1.0629545022721474,1.1843638929266347,1.2084987523005821,1.2824515116230066,1.3772340867309891,1.411211540666473,1.407627551722696,1.5280658223735932,1.5322258120464771,1.5775857219876936,1.4707746616157569,1.4570595120489018,1.409003064016709,1.386750671410105,1.3523089804673114,1.3176429754780339,1.2373852800373815,1.1366834410820554,1.0415314641358742,0.8862479088726917,0.7613466358919755,0.6828057309911686,0.5262244076087076,0.38373506364170706,0.03350229368741076
4.220000000000001,-0.011582804960236002,0.1625157508553841,0.3280970892122074,0.4844517007398459,0.6721544456580947,0.7679125953534647,0.9044507238993788,1.0280466180587144,1.2042868170128116,1.2454248486844293,1.2912683495443484,1.393196146179497,1.4147138297442348,1.4314300353460125,1.4427601550008728,1.5429956414619794,1.5090208224518458,1.4239107582940949,1.4708415032159565,1.4624074047801865,1.4364580380231247,1.2955610643716795,1.2555591166317785,1.1689483835717076,1.0915796089055485,1.065485736135563,0.9311717013343578,0.8256206536676967,0.7065408568958137,0.4982585963337277,0.3763116248058463,0.06941448738523959
4.23,-0.00035785298901221986,0.16059419960875404,0.29837598471655147,0.5031194555347662,0.7259324130534784,0.8177158049237927,0.9355677302065869,1.0701849523051443,1.196656018604322,1.2571763412380335,1.2676626742839845,1.3826791968108971,1.4288616448396272,1.467357434421221,1.4396729982383385,1.45924928999722,1.5199532618670912,1.525053301258645,1.4950979779540945,1.3809897864485163,1.5015731143630313,1.3639397718715882,1.360956309808872,1.267231232329175,1.1193302557140345,1.0105344658762287,0.957808182501548,0.7931215264909633,0.6893102543360117,0.49998565138075635,0.2746059643119088,-0.02586955881275322
4.24,0.015186812169161346,0.19715268029232771,0.3897386250949336,0.5209125443782302,0.6444582230893383,0.8079165294678854,0.914401580401414,1.0798804960824597,1.1911549734768052,1.1353940808633027,1.2867367947428843,1.3395922973702186,1.4046490091176511,1.4697988080018118,1.5058205419796402,1.5406586294471152,1.547394201157499,1.5266904220859276,1.4673312258928415,1.4447431713806407,1.4892481042806112,1.4151954429808968,1.333433915750111,1.228236088102253,1.125878295493808,1.0501580994158668,0.9312187667778561,0.7589474643669455,0.7276152976929032,0.5148750785151571,0.2611705469717482,-0.011741120987408296
4.25,0.018546167421953235,0.16266780162317082,0.42235430276199626,0.55195407435441,0.6615456281733526,0.8219989916569215,0.9579095695691354,1.044604201504306,1.1842330487662553,1.2233096669733983,1.2989229522654344,1.3282306407219426,1.3519968482233964,1.3965829135639325,1.4886097272449952,1.593978141752046,1.5100801775450596,1.4986978114926164,1.424355836910907,1.4118524040815683,1.4985720793564583,1.4205769013046645,1.2987875466837715,1.2405254067178513,1.0524763232695071,0.9990857109336078,0.8787797836526308,0.7768163356014405,0.6806540749643507,0.46095521106759424,0.3298675923744398,0.007772729602337029
4.26,0.002305239651732238,0.14726916754052347,0.40832603546659757,0.5495063150036452,0.6803288697312344,0.8061852804281194,0.9639025316940282,1.1106890857847052,1.1999175614963882,1.2054727299658294,1.3220243784757701,1.3667623757857188,1.4244241147462593,1.4442406326826203,1.4691301351877786,1.4746147603975042,1.4623172326690064,1.4542473013866064,1.5171713738198866,1.4226279709515306,1.502282080146286,1.4229157556387553,1.2660833476267042,1.249817308028757,1.0819555173667323,1.0364112733915005,0.9073832579771226,0.725999975805768,0.5807911214151501,0.4821283690811975,0.26312328700881116,0.02933570446730757
4.27,0.09070605499342659,0.2280926547751134,0.4098784256100822,0.5718038318210705,0.6542375710061218,0.7840071451260241,0.9818882744376534,1.091964100808084,1.253333300503895,1.2707215212666143,1.3355489388955932,1.343386842474533,1.3821985903238698,1.4238921355486474,1.4673437564715095,1.475560180505885,1.4746893775415157,1.4509965265018239,1.4800794353243125,1.4159395969998827,1.4784718878868277,1.4412625462193045,1.3097668283676356,1.2476374720658945,1.0058683575284642,0.9188041849730006,0.8602328989393027,0.7222923623818782,0.6035000582128494,0.4091246924030175,0.2872249742765643,0.04346594084934681
4.280000000000001,0.10914890278644623,0.2453757902568666,0.4596698889937427,0.574957578412973,0.7679544959778717,0.8954006902987646,0.9386854589860222,1.0454553161137472,1.1975744370572003,1.145499038288334,1.3064800259219298,1.3043539592755409,1.4167031834625379,1.4565285192329587,1.5258791936329326,1.5161033416833487,1.534186885971379,1.48805716354042,1.4879826262518232,1.3582947137711108,1.4619209202507182,1.3568886689171231,1.3006205591842657,1.1696091289795523,1.0035334110222272,0.9103203825783702,0.8499719353708136,0.7436146644035956,0.5946778996206363,0.47255646532048706,0.24668760231177683,0.035379290243207975
4.290000000000001,0.06417160358664975,0.2687454261351336,0.4271305480985043,0.6255061228177003,0.7294461688774555,0.7971336054104442,0.9833081242086784,1.0768947672478701,1.1759152519028013,1.2697722965702138,1.3200658125349412,1.3677249575534707,1.4363863355112754,1.4507720583373613,1.5108394789799886,1.5609742248492136,1.5037291639417172,1.4976884386107838,1.4197599495973108,1.414110205531867,1.4061686468187544,1.4286111484316204,1.2386075386277065,1.2002434138923084,1.0903756883587243,0.9946613593376723,0.8411307753107543,0.7102354481082184,0.5378909589405156,0.47681213212794193,0.32863031537220894,0.019277076877251192
4.300000000000001,0.10958135771880963,0.2863641480805736,0.4456925892964623,0.5943659907282823,0.7714235681948014,0.8709985095308334,1.0177595162723803,1.0959827634120907,1.23021650400552,1.2904688914649398,1.3329205763878997,1.2756447485650313,1.3900709785932122,1.519855336905734,1.447109386163079,1.470205769215378,1.5590999304078677,1.5052086952029786,1.4722762467352053,1.4275888032562492,1.4457047525345863,1.4523762246848593,1.2451600548507733,1.2275910669091423,1.0201386644992865,0.9375200306363018,0.8523263804822168,0.7094777895962898,0.5106996316939811,0.4450919951124196,0.2839319207928618,0.08901150299329876
4.3100000000000005,0.1449294078419074,0.2918192641870446,0.515515996744737,0.6455139578893416,0.7037321432633097,0.814175182313418,0.9635752168777748,1.0601423595605164,1.2256772836452503,1.2662479887325384,1.3391670116259276,1.3731530621627928,1.378762398470539,1.50489682205247,1.5012800531622779,1.5218299614317101,1.5167903820734177,1.505900021770048,1.386657183678279,1.378599175702624,1.4398253200845457,1.400223156490965,1.245322057246201,1.1603580638214663,1.025926911625017,0.8891087185259781,0.8343961972448972,0.7162055963866726,0.5492766859315085,0.43522465907040697,0.22708106510115375,0.12420727404697669
4.32,0.11538029865914787,0.2832614448235544,0.4690006871085194,0.6755399510392901,0.700718873464218,0.9118816033486344,0.9853423218450664,1.050607895146646,1.1696539861028854,1.1828271084025554,1.3078617188268546,1.2887947679446499,1.3863596081133458,1.4593641854895592,1.4843585693780552,1.47278478596124,1.52371897981251,1.5257634968891216,1.424707326952,1.395947346099301,1.489641931612562,1.4118702235396916,1.2927648936704792,1.1907981802458776,1.0677939603996982,0.9539242030784936,0.8500850583311752,0.6451953012711558,0.5792316049879724,0.4158358648983319,0.27454810204393904,0.10133653394363715
4.33,0.17136747947252307,0.30675177303155055,0.4825494868990587,0.6156578742894138,0.7530949147488325,0.8611493733558869,1.0114998468968237,1.0297171147544233,1.1388801421419,1.2339901053708786,1.2932910252276146,1.3257023629443963,1.4099301894290455,1.4414283179917187,1.5005855312385634,1.5057154100598757,1.55651388399309,1.5330215113624681,1.4145606152748853,1.3825758843804286,1.4581553381846817,1.407977240113437,1.188908007297763,1.2036860240969443,1.040036582848623,0.9445676989079724,0.8052223773342568,0.7070490945115128,0.5213049205778632,0.33008170692058486,0.22190108078978266,0.05999720830785875
4.34,0.055900960139736326,0.3330387613558058,0.41193224345125234,0.6472199263196886,0.7609977214132179,0.8627654217709381,0.9350335935112113,0.9981677457723841,1.0889915411961093,1.1751703808789313,1.2938926501004475,1.309317015860639,1.3881848444042206,1.3900356543516184,1.5005379433690202,1.4892655505923866,1.4990957273628462,1.4917570495159762,1.4981003543160323,1.4137375547783408,1.4341653445533922,1.409163802594109,1.2358122855153855,1.1463692787696718,1.0296830678042546,0.9502334147327463,0.7976049624351298,0.6218103213377291,0.5815050720027123,0.37743794576106304,0.21694336308154621,0.13989852714590112
4.35,0.14279102902335436,0.30452461680166204,0.5026642958873012,0.6259171157987429,0.7195842749388024,0.8920145561039512,0.9629975044391645,1.1255145838405851,1.2215550248744047,1.2946855878111179,1.299473248975986,1.2841766920943996,1.3672325788276811,1.3909628648581798,1.476028030227448,1.4886961922818889,1.4772801577530572,1.5307898910358368,1.4556319934285102,1.4651687068976869,1.4410937194832985,1.4096252738532695,1.2332776487701198,1.1687093599211258,0.9877628944447426,0.9209078813915262,0.8221339544928762,0.6741936990230492,0.5443559117371658,0.35522769110613217,0.18488529929866396,0.20082621932858635
4.359999999999999,0.10555034886333446,0.29945570993139636,0.4490704724328179,0.6529415309382602,0.7615832934686463,0.8951407711312078,0.9860784901176882,1.079614457183765,1.113370276872407,1.2329110475938292,1.3222956915451611,1.3285674462426493,1.383435697491445,1.4353990075877285,1.4566893529543694,1.5267367880610458,1.521583456672111,1.4879164104587006,1.4425402094049369,1.4222236814112557,1.470744755244874,1.3955552708815695,1.1478508718136795,1.1251420023147323,0.9941490199524041,0.8917617238560621,0.8190988701784828,0.6335021235787691,0.5573750712268943,0.361982310985856,0.24023029578759547,0.17456780347172715
4.370000000000001,0.13059897164128872,0.32365693793995914,0.4398843584697489,0.6716444723693796,0.7582286658873204,0.8591718286931233,0.9606579453021318,1.059154897930836,1.1484363829355648,1.2484548420247201,1.2941790896230456,1.3434720406671805,1.4282324223488718,1.4442059303269201,1.4567505908908525,1.499576761094924,1.506877126242068,1.5128194591294497,1.416122359916814,1.3658019273090605,1.4049655771466514,1.442891307640403,1.2148607977794268,1.1521938111336527,1.0437077393555323,0.8985813061416839,0.7838547070364549,0.6725486171810348,0.5413210811482732,0.4012897675571236,0.19346562188891084,0.21243957666943492
4.380000000000001,0.09220864260475714,0.33724195998116085,0.48559359623376736,0.6535022411172342,0.7537227070657505,0.9159568243159691,1.0132197757172017,1.0880075705984822,1.1636264003312558,1.2628892227424269,1.2619372401595184,1.2959070689839727,1.3631107663969,1.4862542248024353,1.4923422926632277,1.5194579539377313,1.5412275165552882,1.5028492328682597,1.4205814839095057,1.3835702841681554,1.4253315029319975,1.4138545947909564,1.2054165947527182,1.183778551000979,1.0501072258060151,0.9173038087900076,0.795524582045551,0.6596187570279369,0.5347624419921029,0.39629128172928335,0.2203468186296239,0.18239274472736444
4.390000000000001,0.15643088031801541,0.3177866353280347,0.4708994178255754,0.6292688944345206,0.7438371101299461,0.8690104796317307,0.9835487079681539,1.0322184329658042,1.1836683033383124,1.2407852800077166,1.3148216040350302,1.3439907021587014,1.3867998612429708,1.438878371233935,1.4542138990232485,1.4950402600386385,1.521786073130786,1.4651484611892238,1.4131410173257994,1.4085677941172867,1.450440821115112,1.4487780045261593,1.2084493189461782,1.1100202184832186,0.9610117742505934,0.8796188994190646,0.7640491586660482,0.5822022188283628,0.5097199354104156,0.3684122285286115,0.1601703356735449,0.18789802475687553
4.4,0.11023085692273421,0.304178024300443,0.5293786660958186,0.6365024000243417,0.7096922741931425,0.869203842348626,0.9462179907091468,0.9960286766927273,1.129162935425866,1.20899534494284,1.3043001292877947,1.3525670846031255,1.4311532499527535,1.4971258279883464,1.5010487066704201,1.4666960314542257,1.499921907063634,1.5252015822173912,1.4280211255580995,1.4027648951332379,1.369314357303763,1.3551112480390182,1.2285438463362859,1.174547725369191,0.994972974871199,0.9557467186980716,0.8081066214077995,0.6494097093955135,0.503023898037853,0.30533605650611273,0.23184461336964607,0.2919723732990329
4.41,0.11551369898284229,0.33316659054143205,0.45114551794408253,0.6243835633302818,0.6886663260620135,0.8521103827683453,0.964132832066992,1.0130997351328646,1.1853597045446034,1.2666072221105473,1.351858792247179,1.3606751188605357,1.4336613211430749,1.4570954213828118,1.435955279069585,1.4828646639972565,1.491531598962168,1.5457527984891355,1.4416765131562652,1.4274349108160735,1.4220392704405136,1.3912922205486604,1.2689206491613976,1.1779303403219843,1.0266454451797171,0.9078869477350742,0.8208140110509923,0.6735435794954712,0.5164150333277281,0.34086664882289636,0.17205514847429978,0.27449999823608523
4.42,0.12176011633094666,0.3193138972921233,0.4363417438312047,0.6551620580330997,0.7434124540133543,0.9118647314163236,0.915178077722104,1.045308968872239,1.1544878659835498,1.2376217544977117,1.3212010388422504,1.3408047892897605,1.3957219940459762,1.4425074208607742,1.445145812238356,1.480904842539482,1.4879716457796277,1.5620063429600506,1.4465615533640523,1.3909683127565073,1.3925155020641344,1.4378170193892548,1.2078825058614568,1.147757279448602,0.9969161201417004,0.8867906678103422,0.777119467086441,0.648612163728742,0.5304049581707734,0.3747590146937603,0.18159754663053126,0.20746283549342787
4.43,0.11702814725941632,0.315549851498825,0.44000307312969444,0.6226609957237403,0.7549787892112996,0.83501248408785,0.9503057430168912,1.054858961177046,1.1345519436896567,1.2247772859668724,1.2604857591672265,1.3642868231304888,1.4738338909781787,1.4974183292961092,1.481147939035393,1.4570465825071182,1.4899054760269637,1.4681733742812915,1.4097433886496713,1.4096015015181669,1.449214581025157,1.3712353431048907,1.163175811221136,1.1582274104800054,1.0247675799837879,0.9597284628567919,0.7764449125070949,0.6366017654238233,0.49566299180564183,0.3070151874910311,0.17462262044662547,0.23299810016173628
4.4399999999999995,0.07622815696816565,0.3089409510132909,0.43255241133624983,0.6492451496700078,0.6946498300084142,0.8299757573893628,0.978170291067453,1.0873482520687867,1.1265950384570174,1.2001567287017534,1.3125476364402033,1.3925135641819075,1.4388892848210912,1.5037079312913868,1.475941971711813,1.5207839423972298,1.5143951657715589,1.6037404508895705,1.4244279465000869,1.345391372101471,1.4021139047736102,1.398535398347285,1.2149957257821282,1.0936898539200632,0.9354659685799757,0.8875584347579671,0.7499600295568968,0.6115610539533134,0.5421734087477897,0.33680326116421405,0.14623339000605162,0.2832918049820898
4.450000000000001,0.12413179880549165,0.29477582379395245,0.40073724281141737,0.5596356723108219,0.6986647801723489,0.8444415394978914,0.8965862528184233,1.0331368828661178,1.1325441272091785,1.2097591086282855,1.2950844228010392,1.3649651068862205,1.4724579759090282,1.473172564616079,1.4825001748063527,1.489015185261003,1.5297545762966704,1.4814684517771988,1.3939583350649427,1.343649347329449,1.3902929178356984,1.3799653680357495,1.2179124155063432,1.102606293104656,0.9990079169068148,0.8959695283488922,0.7560428482673904,0.6304833855098415,0.5184996534159584,0.35530802155709557,0.18856705899584267,0.28791091577201217
4.460000000000001,0.1343933488588978,0.26784434521959577,0.445086652722549,0.6277598982159678,0.7203452289443881,0.8278187245904848,0.9529208494469884,1.0328077825899367,1.2093939436367163,1.2767603076636598,1.2980734045816908,1.3972460960542374,1.451289087307346,1.4858562375647844,1.4969949320407328,1.511217318900815,1.502836391969164,1.5327071214904153,1.4185699447226012,1.399581059446367,1.357799538529724,1.4403015523763125,1.18142944492055,1.1000696836896322,1.0316537414676337,0.8645010410105219,0.7913408081111942,0.5825264360821389,0.5377805830178869,0.3295237390207783,0.18508337580758802,0.26121533690578275
4.470000000000001,0.12948063756884579,0.31666764960233584,0.42924429139099446,0.5919003671582587,0.7422139763774183,0.8552253109242558,0.9082249423372167,1.0305303393816465,1.1192242933989731,1.1813221585564153,1.3171089200329273,1.3305323564318452,1.415872086899709,1.494998377255812,1.5030422964313874,1.4588408687384817,1.4334321692130418,1.5218404792914972,1.4380823323292637,1.4060896528006956,1.384719895691641,1.3113798381081303,1.1349672787952096,1.099349614881673,0.9647852949632989,0.842918162904722,0.7638955887906304,0.653376175111587,0.5204054815464823,0.35557712130778885,0.17752483761406831,0.3064714758493983
4.48,0.10529601519515705,0.33096879993903083,0.47186646057261933,0.6069443910922198,0.7372276839261488,0.8262569205097748,0.9727320918305042,1.019267737624334,1.184265703068823,1.244093601248557,1.331331627110088,1.3305493271158866,1.425907805741136,1.5438816576206822,1.50145038217159,1.4892790374931735,1.4463563189652344,1.5179789132497197,1.404989462372972,1.4449170751093634,1.3497643786688407,1.3303988897980006,1.1500524252352526,1.0788169633957228,0.9975827152675943,0.8807389158142331,0.7520431392709309,0.5966353624818372,0.5660363784851149,0.3557072082957329,0.23555080038362738,0.2604017010546621
4.49,0.14633719761031314,0.3420321933005268,0.4834549023046247,0.6054103313811027,0.6919977274538582,0.8573821418828242,1.0122843044639243,0.9819399570900178,1.1603678960290675,1.240609605697777,1.3606381802730538,1.3725875352214592,1.4459185932456573,1.4584925627650693,1.492031639904396,1.512017327040942,1.47608901624693,1.4818065616552019,1.4639924158164404,1.4068960803352988,1.292222430190233,1.305052950311643,1.196017370548544,1.1056517111555486,0.9935994831570596,0.8205285898015956,0.748034069068744,0.6279623583854884,0.5568544960726142,0.37017127663945104,0.1845123466043444,0.2619446462402654
4.5,0.10442763730730242,0.31209385352284086,0.4693671457290819,0.5848912712574577,0.7934709976469156,0.894366115112508,0.9348476944337779,1.1020065624702031,1.1677813406095892,1.250882193118098,1.2769740967271475,1.3488731669507132,1.4597175019673867,1.4551412883155714,1.4422208657251714,1.472471712509502,1.4609026682308934,1.4620845053475333,1.3861266174526607,1.3581695191883891,1.2845778924793876,1.2897647833598584,1.162537593999202,1.0474280146650476,0.9978108249085039,0.8676562643929885,0.705811066669971,0.6534295149949874,0.48260421611388404,0.34527295929383695,0.1808514242228514,0.2555826527737752
4.51,0.16240697220543293,0.28659573003654126,0.45401658042100546,0.6214110379411777,0.7509913702963594,0.8492625599174835,0.9343534307906979,0.9929738555507096,1.1308732692647272,1.2244156661065841,1.273099378737953,1.3670247923304448,1.391381263243677,1.4453844233729425,1.4660917109453198,1.4741365100577404,1.515786175063256,1.4883265834090877,1.3969981911716862,1.4149390020428145,1.2807733616136543,1.3090062275481835,1.2212659817698264,1.0737997864007691,0.933586991910751,0.8134294643072782,0.7769941957583644,0.6322698244204944,0.5030368092641501,0.4121162746293032,0.2543607825385083,0.2813969493634674
4.52,0.14553252868032002,0.2934351398987066,0.4686286575300346,0.581034124291373,0.7213093457281571,0.8744025110711833,0.9759693593844079,1.0647440118239067,1.143666640944709,1.246497079392974,1.3060986471399432,1.3402843181772544,1.4294983616223815,1.462386865603342,1.468833722049702,1.4515660091085314,1.4811291043712433,1.5161453567873124,1.4502251093789758,1.365956590139331,1.3494245412364492,1.3117576222815204,1.1979240874923907,1.0052234909543423,0.945085409302785,0.8996954953385543,0.7858794237236921,0.6801131476966611,0.5040517412488497,0.3983457124020055,0.2347329011440141,0.2773622798907333
4.530000000000001,0.16591951830214996,0.2940081834121312,0.4602888398057519,0.6010776974461585,0.7546855254167233,0.8811192408070165,1.0254250513219374,1.067305099515042,1.126500949965704,1.2476901973145862,1.3326620091975552,1.3689929283588647,1.4137543147252676,1.497109673975226,1.4210982568436605,1.4721418465977607,1.4570675984807655,1.4574053476068902,1.3884717097324846,1.4148284790418495,1.2900813250875585,1.272395068616998,1.2230904576125243,1.040713579407343,0.9899291449807346,0.8524611057801463,0.7070979242552652,0.6837123652618604,0.5098679185865882,0.39849098284871426,0.2595413054696802,0.27420619762043663
4.540000000000001,0.17340177964341663,0.24626698169568098,0.479165880691445,0.5788808285820195,0.6738142950338508,0.8933341446881884,0.9727765383389398,0.9858443373489759,1.1492497334838603,1.1947532972248653,1.2743649870647895,1.408206235764159,1.3622199780472368,1.4615943112672922,1.4028124809318165,1.5347395956751557,1.5172865182085982,1.522316365737901,1.4121552397105108,1.4327437986123739,1.3044335625737538,1.1866569332706705,1.1831597117207464,1.0628103981000279,1.0051105407061418,0.8800142878007725,0.7356007845078735,0.7411959141486284,0.5748460788561256,0.3823508096957994,0.26661771025405906,0.3223761330971503
4.550000000000001,0.1282204520633387,0.22700825669738658,0.4190804338401589,0.5839352623224773,0.7175987608071391,0.8205360880931559,0.9950960989508576,1.081412145400408,1.1281758663076005,1.2546988116005167,1.3241198242046142,1.3263149798211662,1.3925038857869898,1.4524431546884093,1.4234385311552058,1.518529337830706,1.489991155297184,1.4700733701685107,1.41972467240029,1.3538094402820935,1.3110512142656947,1.2148859868308106,1.2080305702597811,1.115862179161315,1.0591111957742632,0.9308420770871455,0.7861591382516232,0.7166348555770908,0.5353873972206113,0.3847057297648408,0.2649771679403865,0.29950700043621603
4.5600000000000005,0.11426954350821583,0.21201475609804105,0.42575738309627514,0.6203070608843615,0.73025564072368,0.8838886571912523,0.9530996121211434,1.0174359336697385,1.1182536284583058,1.209083067744511,1.3080067966609867,1.3979874037560103,1.4068049702465824,1.410724067883319,1.4552941832553847,1.5081500689366012,1.5203311602332907,1.445068931312058,1.432766357782702,1.3575225509587563,1.3166602859907954,1.2944373958940791,1.2113702748044093,1.0826384225490637,1.0962546838648515,0.9288567855366135,0.8039792921885249,0.7206974186535826,0.5238951646928236,0.4183361303395279,0.26000967131468106,0.2685680480517442
4.57,0.14998766601129873,0.22125246148806854,0.4431478633104364,0.6087373053018394,0.7137481459686663,0.8604855355354237,0.9975409850195681,1.0213846817096555,1.1684032631923331,1.2374219201168122,1.2989887591535225,1.4128657546761239,1.38911053012448,1.4576688793680956,1.4617754983652838,1.5105878567711926,1.4499322237359515,1.4795212448914903,1.4623256394478554,1.4238909536744433,1.3059825762356867,1.2073252131163583,1.218358109155023,1.1110073922665513,1.0982854450696944,0.9526171562389264,0.8313542038762315,0.732440161162511,0.5105262364273693,0.44681362094043225,0.28984069326989825,0.22905938660212222
4.58,0.09340350695673302,0.26030103329605636,0.479061965460274,0.5888801786497099,0.7566046971544715,0.8627592541391164,1.0161156312315824,1.0145703570898497,1.1503664539594778,1.2056447147916947,1.2899666554728308,1.3516792872337464,1.4334005775209617,1.4135391984406998,1.4584164811897322,1.4836331732686288,1.4782858991144128,1.4514243167028644,1.4821910573192443,1.4460959338996435,1.3055373607543197,1.2386504064450983,1.2352700070693552,1.1356328665040312,1.0802033894651013,0.9730946704256254,0.8463154134907872,0.799234474770121,0.576767384194245,0.4830725344780333,0.30258322338287524,0.2768270385493683
4.59,0.17056217852459157,0.18026735970118946,0.5101386048446879,0.5257242562444973,0.7240438107389779,0.9178358469314091,0.9707645496992938,1.0457334420127296,1.061794819127452,1.2350287992630689,1.2728054214738334,1.3831152885308398,1.3679108646561111,1.4496290898476962,1.4729435490593357,1.4664250507805698,1.5159541131977243,1.4168584676526468,1.4767752836006207,1.4546611714201891,1.2971955382321927,1.2959270991145961,1.246511630715595,1.147350759876009,1.171678505966669,0.9995387329324871,0.8366721184750943,0.7434402218969209,0.5575218757695707,0.4736229933666877,0.3278273665847372,0.22378957966504873
4.6,0.14413470430601602,0.17902749663149145,0.47054253325017087,0.5589285590978237,0.7543146427588884,0.8469416198146453,1.0099140380283933,0.9946686525323338,1.1326915826395134,1.2201842231735978,1.307926524270042,1.417579429567348,1.412226930630628,1.4063583592456326,1.4687373647564101,1.4789885059832153,1.4338547067727216,1.422951272199173,1.5084652508769192,1.4627646363459448,1.318180347347321,1.2252828373009341,1.2656935803600993,1.134565134659895,1.1015308056124145,1.004496331502713,0.909079281051593,0.7285582664874783,0.5767816871327539,0.46903275699913627,0.30458568182782375,0.2915721961371748
4.609999999999999,0.18275667456706346,0.19882981630679433,0.442924685776269,0.5860535577454304,0.6932858188877119,0.8390944419956823,0.919374933490175,1.002986217198125,1.0868880574354707,1.2985215283709426,1.3171862702927328,1.365607158115733,1.390306252000948,1.3717494813059925,1.3975904887787305,1.5067756535656458,1.5381598460319408,1.4743573776908927,1.484252117183165,1.4216917936000806,1.3756207764912862,1.2441109008802278,1.232987283776132,1.16306571215668,1.147578472323387,1.070388220498774,0.9109149879857742,0.7586596644380231,0.5286120879219613,0.5609284011908838,0.31594538102383896,0.2685758600399608
4.620000000000001,0.13636505639683566,0.1747433815669377,0.4626008929654236,0.5337752747044363,0.7306120733994421,0.8568096741597145,1.0165752327504864,1.0336000738111804,1.0947815401314387,1.1630872912143282,1.2873671400356466,1.396193414261325,1.3965855400024811,1.438297595401173,1.511161620031022,1.5112051174102443,1.4902783993934066,1.4474298062003725,1.4741814075328594,1.46007406298228,1.4239193572979838,1.2528485046027404,1.2477771693204183,1.1950118138998904,1.1736819443076554,1.0402248131524958,1.0068967836169893,0.8294264639578351,0.5631091032644255,0.46015508884169176,0.35042732994252734,0.18683995593033173
4.630000000000001,0.12210610522645474,0.16785030469782278,0.4235252975803445,0.596297939038652,0.7659049680959442,0.7906089927198402,0.9412476146301729,1.0060186091378853,1.1038953785093415,1.201943966861285,1.3255568723176718,1.3538882813144502,1.3952527705925775,1.4214691841329334,1.4960242586318793,1.4878302563316876,1.4464993944999536,1.45390845877265,1.4778933137478525,1.4864242603709645,1.3411943313587447,1.2873397043059542,1.30913108462975,1.2225199162539981,1.1264704803828645,1.1013575801153774,0.9814526016167128,0.8343923943600304,0.5994077309714991,0.5302452906421652,0.36320604945049684,0.18332358827012132
4.640000000000001,0.20849273777706695,0.08620786027494648,0.3688230257828363,0.5271568431377766,0.8197052064128728,0.8591960403081872,0.972767103244309,0.9609427326729687,1.0902850894719849,1.2123760360813458,1.2971458125568434,1.3938610961848423,1.4034342639547206,1.44057599768808,1.452459321437423,1.4437815465477515,1.4562776108885147,1.398287282853862,1.486208169634839,1.4220636784332328,1.3094109364860678,1.2916345944723797,1.2604400291106692,1.174418565254582,1.1063444178282693,1.0715774505633822,0.9707317169644889,0.8172851347855051,0.564319455283221,0.48798780116279256,0.2976834696787806,0.1630642584626552
4.65,0.17459239223029,0.2119458646244007,0.43444658856764085,0.545697717025804,0.7505845993109951,0.9013812559207917,0.9767548417961668,0.9276682200067006,1.0981946117401216,1.2352692465166688,1.2983141021521023,1.363177673416517,1.3497126648080373,1.4377345862889204,1.5145397026265541,1.5389424828173743,1.5116284736816534,1.424553103015062,1.4934693263134904,1.4712079597184533,1.3980310003196081,1.3038384510823868,1.285012661918339,1.343913336638555,1.1585937648760773,1.0493924390404006,0.9365761258431216,0.8128092663816411,0.5233716908748824,0.5154813113223774,0.33248562119349,0.13620444496785145
4.66,0.1623288187750779,0.12788080738663896,0.5002833210284385,0.5745343867156929,0.7311816339784193,0.8848025008449637,0.968319302295207,0.9695558532278377,1.1208455119638907,1.242285540753558,1.3511056053073522,1.4051108472488363,1.4207259138079944,1.4522907786060935,1.498033908592212,1.5491005684523946,1.499756357649069,1.4899547360326943,1.5278459279500738,1.4928345981031403,1.4141470990780045,1.267699191566742,1.2524939448445125,1.2099398215168806,1.155282037662803,1.140810619659082,1.0077905745114393,0.7602643502915418,0.5525979531871569,0.527748267828152,0.3466452147551175,0.17961954198241678
4.67,0.13423432843289732,0.10343678269067766,0.40981048974952494,0.5492983954412003,0.7118872029565031,0.8721485500012128,1.0013383870374202,0.9825459928477258,1.1004029112372429,1.1686548561667778,1.3248188484413435,1.367109202721359,1.3854428865596342,1.4428818211920131,1.5388533464513063,1.5220675541455393,1.5318746482960233,1.5151225519217515,1.453464417885348,1.500146516563251,1.3822401675138583,1.322543515789678,1.264728624632601,1.2325859920919444,1.157058514301668,1.0840159461561392,1.0207315771128538,0.7524295601376442,0.5438885339566262,0.5187529908246903,0.31773334863057184,0.13382990875423603
4.68,0.17362276907542284,0.16095739548270524,0.44123899954894313,0.5638557753477602,0.747633259602346,0.8449886647725536,0.9821465459690242,0.9943703620209982,1.1015598669103,1.2283611537830055,1.281500640230713,1.3960756007781179,1.3339361203859095,1.437181757131839,1.5247569629530366,1.532467341235237,1.551858870219595,1.4603447690633504,1.479187744601822,1.4790064534894145,1.4174028180093714,1.3715659504345574,1.2822026944979992,1.205098149701574,1.1023963601968818,1.1279665921854303,1.0319006933170596,0.7331771943050023,0.560759188158485,0.49732973265030167,0.3281402720308735,0.123806463645881
4.6899999999999995,0.15259318206056405,0.16406972780445,0.4139689793301581,0.5833598190802158,0.771971718188612,0.8378833443816363,0.9249471630918311,0.993413815040792,1.09784746364897,1.2132096766647629,1.2370443753385398,1.3454764682370484,1.3448802662531838,1.3981654808347175,1.4481914863402114,1.5398216959476596,1.5362421741954384,1.4738812310815,1.516239780648187,1.4699482994043005,1.3831731075904803,1.3771112793630322,1.2482746815837968,1.2905894326169927,1.1329710931461325,1.1269641982330754,1.0637505627781716,0.7376424372893501,0.560310396965874,0.4574481279957582,0.2595103213276248,0.12950090650023566
4.700000000000001,0.14770777574385527,0.18980021273209197,0.40739091262343763,0.6132726589520007,0.7465972813596479,0.8537466645684378,0.9674751815713156,0.9997773048373736,1.0709464368403168,1.1611200110440325,1.3079936709849425,1.3931142279736766,1.3526495596316532,1.4037076181649006,1.476649950962275,1.5233169900851449,1.5274563279057265,1.4755134485814774,1.4719234912385641,1.4481227730435418,1.3703602753345507,1.373145021815453,1.2121838931240885,1.2668578135581645,1.1088147214802893,1.1254973091026415,0.9953455527165094,0.7585052891494635,0.5622922507509874,0.48922596714078936,0.3388802038409039,0.12722048285347515
4.710000000000001,0.060245437678056034,0.16425737369969826,0.4532766591280888,0.5570636145426374,0.7367513498318252,0.8853115498279605,0.9413967014093473,0.9605313571102718,1.1021419257075862,1.2346978210134976,1.3089915323655281,1.3424204995695908,1.3581436045842068,1.4253676380595819,1.4996621081131873,1.5181647301004773,1.5167208742281852,1.430366073354413,1.4855018765289336,1.4851577939503147,1.4578866828877943,1.376748085004111,1.2073383625241403,1.2489466285311288,1.1385742438773947,1.0915766857653915,0.9762799251743919,0.7028740160458992,0.5970167859773948,0.4552546415293188,0.2921464359621319,0.14754354426490837
4.720000000000001,0.08206331327145126,0.22240421810108787,0.41291619745728675,0.5491975946011213,0.7088182199256743,0.8455397063282694,0.9175710572802265,1.02393633460497,1.0528646392479248,1.1951299782067986,1.32318628897712,1.3597104971682636,1.4331011569528374,1.478697524182996,1.508847061545399,1.5193083892807686,1.5181164090107182,1.5128839607672404,1.521624486751505,1.5062844095502288,1.3007986592155865,1.3082560940621075,1.2212645487158065,1.2526396779514248,1.1423802875494091,1.0839055848126309,0.9559314533059291,0.7103404138397398,0.614500861037079,0.49499453560211065,0.27687524501221494,0.141387251944655
4.73,0.06734687450182872,0.19871245038954463,0.4173987365831537,0.6276577800323098,0.6935830759580403,0.8545894445962212,0.9496657851473873,1.0025732303723414,1.1030663369258231,1.1526438000669914,1.2875396309409604,1.403390670211033,1.3742773772276118,1.4207594705110096,1.456089317027025,1.4752113864485052,1.4842994060432344,1.4978820307478755,1.4647235587448035,1.4776983394890553,1.4688949234764517,1.309323379808266,1.1807253933260569,1.2092007006228818,1.1068508606174787,1.1162019791015156,1.0534425429965533,0.8075514015961148,0.6138499760384478,0.48363069674100284,0.2669062784790393,0.14230090259906705
4.74,0.07385341983809598,0.17762496057404645,0.37346670196986803,0.5367889993596158,0.7387553122983289,0.8184952795188043,0.906540204757876,0.9745023436670337,1.1023524828329112,1.2317322638901103,1.2714356934338393,1.3597079749561587,1.4443268515611203,1.487943895012614,1.493433886212459,1.5099321420042884,1.5584925906160452,1.5304916786364497,1.5148944857926907,1.4176549775618659,1.382846772413839,1.3158030585823417,1.248173141111418,1.3164658344375513,1.1245793384729699,1.0891190418232801,0.9272960723783711,0.7524434786507559,0.5761952462507802,0.5125067630219602,0.2909218448071171,0.10111892919797322
4.75,0.09665585263032468,0.11083654151747899,0.4109213702731819,0.5878029749182325,0.6476035497405705,0.8204386751348067,0.9170100648275628,1.0189537005114482,1.1047750430663952,1.1268896064326577,1.278974998733118,1.4039309425948645,1.433213372028088,1.409271732375585,1.5293942311139161,1.5172511271989946,1.5338990983887217,1.4950945135532752,1.4736185107978375,1.46420733663602,1.4017288098489904,1.327273551229059,1.2600030254740406,1.3028232220621259,1.0828834691114333,1.121518685500896,1.0188480329952472,0.7485831750261858,0.6302620978025604,0.528160342244343,0.31505721090632643,0.16811530937939734
4.76,0.07344569842752657,0.159657246637609,0.3783805904894583,0.5462673365464985,0.6985368951473738,0.8390903147901534,0.9323051233719281,0.947152652246361,1.119500665486495,1.184242234970939,1.3024671847033658,1.4007405091267704,1.4027040719742805,1.4314163507504232,1.473997652695815,1.5340982636699265,1.5534276606147337,1.4538246477335444,1.4751251554500289,1.4945957601036406,1.3829069913333645,1.326833118745013,1.277311064444725,1.2281896027702905,1.1293193296338633,1.1176346794659324,0.9813687606531266,0.7437514211057049,0.6510668089962806,0.45496554923846366,0.3079070553371168,0.1419992830718401
4.77,0.0796158384476629,0.18421594367739083,0.36884137981719384,0.546020599074348,0.6832302681998517,0.8556959445365706,0.9642010761598753,1.0401361725035283,1.1460720740846235,1.2027727856667643,1.2937084682760849,1.3823742407160373,1.4318496534659546,1.4314564612655238,1.5154331054312413,1.4582823687797806,1.5003897086990718,1.4694758583210308,1.5340090526078811,1.4855858940126005,1.4146687842216505,1.3499424417112802,1.2900486143878105,1.2747071566880686,1.1434879669226032,1.1293399832718234,0.9742360699327293,0.7587742814782431,0.6566685041766928,0.5124759069836246,0.2391005190016851,0.13313831563547016
4.780000000000001,-0.003968351755312552,0.186414958798107,0.35726618906908203,0.561090807398549,0.6600262700537282,0.8229011935503969,0.9293333185985448,1.0238744182613928,1.1551020955094278,1.1676218470390771,1.3268891881983684,1.3730511016667255,1.4234248680952697,1.4768479645044017,1.523389772796988,1.529216580778852,1.532879494627392,1.5750652718532288,1.534595961263343,1.5018652144191689,1.4361275004997753,1.3926572919333036,1.2797392856987324,1.2555453924469087,1.1154502421555448,1.116516162021608,0.9722528195192176,0.7724286852083041,0.6895470945475218,0.5115944830513927,0.3529860326210554,0.09159239607933549
4.790000000000001,0.024159945616907864,0.12768483128336253,0.36203780963295146,0.4922356483824424,0.6699604294775723,0.8028940576555789,0.9233139638845634,0.9667837895949057,1.1450666237102771,1.2698864387590945,1.309774287988505,1.3772471485125801,1.4280452209021073,1.4346409660741262,1.5120855809564335,1.5045637714088609,1.5049936218615856,1.504206237240903,1.5126400789206962,1.4219260969244325,1.4113146437427517,1.337409631251919,1.2936973493289374,1.26315006986934,1.1260709334704768,1.0412091099376415,0.9535348490135337,0.7833244180022401,0.7510611709046866,0.4888106943785111,0.3535036307272513,0.0770795897694499
4.800000000000001,-0.019130548778439872,0.1765854933333998,0.3472316787527661,0.5279733557606455,0.6755009326347138,0.7853586590871181,0.8893848974924906,1.0395836069688789,1.1176883083262583,1.2656626417946302,1.244829044678024,1.3163040774883732,1.3752461163908556,1.502531419942709,1.4742846280298956,1.4856013274078685,1.5458567132111845,1.5071328309721628,1.4565730445576424,1.4515080732465147,1.4676873821236183,1.343078758758412,1.2412407271678016,1.2467292409167494,1.1879889306879872,1.0899212687711475,0.9290447825112014,0.8358508018926377,0.7381571342828385,0.5738672066158064,0.3197874579709511,0.11691631762203664
4.8100000000000005,0.019957893379225433,0.14242764817775402,0.30642571941062346,0.49362443761958874,0.6205789604893993,0.7828858452013446,0.9028221013358142,1.0369396908924222,1.1204758876045395,1.2020377277020313,1.2370277984407583,1.385146726858129,1.3995752510276436,1.484552170819669,1.4456524107815072,1.534358729469619,1.5168239593072936,1.5388525406841473,1.484660563072902,1.4935163993109952,1.4245012452540942,1.33287526497002,1.2402444949876719,1.2016073820337911,1.1977376561410265,1.0883304737638284,0.9466933728170904,0.8096995418453066,0.7619610283468656,0.5606884448764654,0.4186452437446984,0.10653408658350719
4.82,-0.014701543197285784,0.14502993650621912,0.30792584519721583,0.44983783926491655,0.6034243578314138,0.746837196271421,0.9012243404351737,1.036885396403072,1.1618807467237555,1.1703985337709262,1.3106717838057966,1.383892915996935,1.4791583046200902,1.4279128528293503,1.4826468723994959,1.5137112866386313,1.5274723347469816,1.5071004258134428,1.4833782994141547,1.4933285062292514,1.460184512115796,1.3774320803973004,1.3131646422712209,1.2197870314900947,1.138981706229905,1.0921418928982851,0.9818715953316112,0.8675423186948314,0.7669806404186598,0.5554383831887375,0.4066271093924017,0.08864155219357026
4.83,-0.04593637711928202,0.1265204160902429,0.29227721662191997,0.5282300495392633,0.5903718419957195,0.7277222938615446,0.915865041998129,1.033796711720413,1.1886200108349059,1.165643500197278,1.2378591499703953,1.3450550039830367,1.3803891751814161,1.4502692660036212,1.4739818154325375,1.5034435509632504,1.5065360724786239,1.5151129310353328,1.514989629457334,1.5198457799682359,1.4780084491015835,1.3455842402890301,1.3315578009449411,1.2248116386508556,1.2027193904627635,1.0836477398139657,0.9725248574815084,0.8823568598547251,0.8434619357913514,0.6263368833245685,0.4205161883105534,0.1043933120805159
4.84,-0.10335618829923826,0.17611263330773158,0.22598194394493681,0.5017916092104163,0.5934496062368156,0.7748963573537357,0.9203212922788718,1.0228173112990884,1.1862903925339379,1.2588294752025109,1.262719970652981,1.321727752084847,1.417539090248764,1.4935389055773463,1.5293340895868153,1.4625189815012924,1.5096288378070304,1.5149872888234188,1.4973996353063421,1.4671284714405777,1.4450884305431133,1.362118753577011,1.3062082218460331,1.1765291998097291,1.1529306397977264,1.0923558416185888,0.9780877631362248,0.8909089013945375,0.8086778473915675,0.5775544557032899,0.3946139365778525,0.05325752081716262
4.85,-0.09487393238865015,0.13362141565877075,0.25344230102697307,0.4218527364723531,0.6132086626349469,0.7623833403862394,0.8873428327891639,1.0450442445625596,1.1357003535190753,1.1896666788643424,1.229603119381905,1.3987923170395284,1.402245596182282,1.5078996552400548,1.5108534654596517,1.5136538976496183,1.5378149436409567,1.5537335780204182,1.5176511671519488,1.5580729454869768,1.4642017480392062,1.394116993587517,1.372260958125949,1.2686115981875434,1.1980303526880807,1.1408894090802288,1.0037664328350964,0.9278327604764235,0.8043750373288274,0.6301179232201649,0.44278774777072616,0.024662341628350536
4.859999999999999,-0.08797495075587794,0.07393341079395226,0.24351542003597257,0.40531697361300256,0.5188518377188832,0.7286680988066895,0.8646389572319838,1.0489390693014091,1.1437873963570855,1.1938850518481119,1.292034792605316,1.3401219039225467,1.511675918049626,1.4249946951882477,1.488717148941467,1.4949244926653902,1.4848366477551196,1.5046424115423152,1.5262443907454344,1.5330722424197127,1.4316426954278467,1.3741105862313867,1.4127626957153911,1.2822098496640417,1.2050072078540277,1.060214924889049,1.0161331317159616,0.8992164458525215,0.8341398939626097,0.6678860907317595,0.5017290799696749,0.11181558771377911
4.870000000000001,-0.011727443891607382,0.013267308720929658,0.26789538619895176,0.37130177190941666,0.5494404827241389,0.6947958796476876,0.9259350936905364,1.0154971245406053,1.173487405592344,1.2386290225689969,1.2695839055959357,1.306052548017985,1.4171378964336356,1.4283522952912338,1.5175108200662388,1.5405557605528277,1.495731684936322,1.4975508665168473,1.4807068547751023,1.4779271434712344,1.42314091890969,1.414486228439272,1.3685007814054144,1.2583214191760004,1.208832510048011,1.0724964159939574,1.0606767683085812,0.9290440381581849,0.7977585830018191,0.6544479369892423,0.4276019280848186,0.06370523150462383
4.880000000000001,-0.14364688654885865,0.03064685108668134,0.25377287709990004,0.45819448673983354,0.6055735176729644,0.7069415004302069,0.8970175225349113,1.10497167438315,1.1920268192332089,1.2557023928536615,1.2676423010043145,1.3005806507562472,1.4197947037352563,1.4558021343548468,1.4589257411232166,1.53553509879788,1.5146386205669473,1.5231968864202683,1.4918786722813948,1.4378749204966998,1.4409715905055709,1.3606150625827855,1.3497141323587871,1.2598874153470978,1.275308839850168,1.0875783282162246,1.031102100633045,0.9732388918627306,0.8513962526763028,0.6748631900162709,0.4238003420233963,0.100172684891106
4.890000000000001,-0.09251919404562593,0.005569417445099143,0.2039994295562042,0.42734603666808696,0.5996298819630421,0.6905426107111087,0.852695814406567,1.0898064829230327,1.1795365861345788,1.221399238414753,1.345461343579203,1.3149732574171034,1.435148740010743,1.473103224202273,1.4980154889664787,1.5239526623351256,1.5332931654780526,1.5417370189749657,1.549017929603141,1.5129840013558684,1.4480920489688671,1.400570221140335,1.352837845184678,1.2835764713898083,1.2742746942627357,1.0975154114919807,0.9969647181951982,0.9317417096703502,0.7683969314273862,0.6967497098173346,0.44274131102452147,0.02534104467614942
4.9,-0.16893148071943317,-0.029901191785906,0.23907243443958925,0.42651056244477237,0.5575028888104403,0.7396983685779805,0.8233765805321099,1.0531404018877377,1.1946681345061654,1.2464861939166498,1.2990115459954086,1.3681486082040695,1.4182659753929883,1.4233510961826394,1.4220223701851995,1.5503548071314608,1.4887221633552945,1.5596488506086363,1.5549680881019639,1.4880834815286217,1.49551434529084,1.420723346207561,1.3550892759121047,1.2570791015488088,1.2378717824931895,1.1241542332734826,1.0230138894593905,0.9742647538280745,0.8111738344941566,0.6626488506522978,0.5116332326291989,0.053369308165494164
4.91,-0.09039768982682533,0.031609528708807566,0.2794723535935415,0.4056240008455405,0.6002229731363441,0.7440877317015029,0.887646971593064,1.0892519033738843,1.212951523222673,1.2206057017830352,1.2704487753601459,1.3458759723146418,1.4227722502873936,1.4412921520488762,1.4531696414136728,1.5165564293384048,1.5712439927171402,1.5489979677961037,1.519581002906463,1.5112375724069478,1.4395311188176545,1.3904471487336332,1.309623605328777,1.3026412425007396,1.2384183877339399,1.1088666762246078,1.0495536435190735,0.9163072386460482,0.7788294802458763,0.6560348333860534,0.48957496909648957,0.09591775718707611
4.92,-0.05096851105768331,0.06718738517873399,0.2974070265092647,0.3492417878096216,0.5721132609231089,0.7574250543132472,0.8793471997986123,1.0820673616765908,1.258568697761882,1.3040576444655843,1.340771100953,1.3780991095103587,1.4427083833834398,1.4057695141743736,1.4698517457742701,1.5012844138380899,1.4798930568913593,1.5656574834934067,1.4983112615377692,1.4623060519192315,1.4086329395077029,1.379084509021699,1.3448744528096785,1.2481657983499048,1.213616482923673,1.1305368238332336,1.0197536620796654,0.8833334220191814,0.7987698445474826,0.6897705173497234,0.4571068180260537,0.14105335083023254
4.93,-0.11103685780605545,0.05459945266176748,0.3072168112441074,0.4254149463668051,0.6042771629570098,0.7210975273640183,0.9398843674432726,1.1325807721432266,1.1871981386408081,1.2532298525487175,1.2839010262070967,1.329451356388287,1.436455815250515,1.4278544410335157,1.5164147216090333,1.507804080595574,1.5518961832031821,1.504438886768948,1.5016793822511008,1.5339291754994955,1.4614529426795322,1.396452413638912,1.390296917606915,1.3343630809175009,1.2291701096885548,1.083725580491705,1.0398408261072616,0.9597179197758615,0.7519081410745331,0.6801777247561223,0.45734469254298765,0.1219932953105721
4.9399999999999995,-0.03294554853501408,0.0407677840703866,0.2918205130146469,0.4100685333602531,0.6845510826725301,0.7668857954655658,0.8302147184798059,1.0474593255906863,1.1858286442735928,1.2229090135119094,1.3446926006436881,1.3793121077281034,1.4164448385780275,1.441089067680893,1.4535797025096169,1.5181943690061708,1.4931112405999218,1.4805654343713142,1.4955359260946361,1.503370857003905,1.449352713716045,1.3659246800824068,1.3404887586373981,1.2803007255709395,1.259533627857594,1.103793393280494,1.003513680235346,0.9224716686195482,0.7265325611089912,0.6204968165967897,0.4332626327120635,0.13994286672303688
4.950000000000001,-0.017877520183050437,0.04840494449311136,0.3135969909439348,0.42781147780614903,0.5817459631718644,0.7465419836700077,0.9067494375059314,1.0879387848822766,1.199823424254485,1.2888965878570895,1.3067598048418858,1.3398255609947594,1.4011408286619238,1.4388264648975058,1.4322577042461047,1.5215508381980396,1.5650979226928419,1.479266575354302,1.48682724812717,1.4742541484780585,1.486525559022744,1.421813796957757,1.3649536586473274,1.2880925868822155,1.242383075189269,1.0970150664638723,1.0059524522404208,0.914734271514063,0.7141819452959748,0.6266527499956285,0.49223789578411276,0.14574107978457373
4.960000000000001,-0.07620106055407704,0.04894381471213436,0.3104726549863585,0.45200077769672853,0.6235568579989981,0.7209929944974072,0.8955183541976482,1.034772917405144,1.1672361447968498,1.2526549943685905,1.3216518275552256,1.3957891675711547,1.4553485831848907,1.4750485236907676,1.4063727275520392,1.4920693373493812,1.5627347485481637,1.4546132241369114,1.4656776026818976,1.480452911387247,1.4535023709210755,1.385665181048159,1.3546697495554298,1.272998708463188,1.202998334470267,1.101749426788157,1.0274938751026461,0.908823970072257,0.6568542280125675,0.5803989267136093,0.4787861016168286,0.21260369200149515
4.970000000000001,-0.036490481973165456,0.10809923993875638,0.27235365022479086,0.3951692029426522,0.6017770535661114,0.720085257950217,0.8432268525415008,1.0684513587772415,1.2010815848817653,1.2618125533898898,1.3241535485518174,1.3154799679644005,1.4136543819448584,1.5097767807585039,1.45996030532784,1.4782951508491842,1.5222997313698363,1.5413320902669492,1.514023545408814,1.514636369207063,1.4674445722046388,1.3432884777887464,1.3036681934932757,1.2246300148915705,1.1996088172820383,1.0778562814211736,1.020032295807598,0.8790745499385797,0.7294834082631626,0.6687270740794307,0.44466292121104095,0.21063085780560029
4.98,-0.0072612123965463665,0.0992078749217996,0.3232607036065285,0.43403348059446417,0.6028793220107102,0.7362765567918501,0.9329643730812064,1.0777503052570183,1.1594830249089694,1.205199039404884,1.296852335187747,1.3404366173804765,1.4189531996393283,1.470796759229258,1.4639214046839817,1.5387352507224907,1.514395946485151,1.45514171984831,1.5121283750199073,1.4929042928192586,1.4738732988891834,1.3964923604538688,1.3151219681027675,1.248092293598096,1.2556273525382404,1.1357479179799626,0.9661315683729886,0.8884502394829779,0.7744339586079452,0.6857946715611755,0.4686628821664254,0.21740721425043985
4.99,-0.008077992842933085,0.11272570083749331,0.3418032144601352,0.46206561285724934,0.6225709926018547,0.7511541461970841,0.8706531842214451,1.039504450271493,1.1705988229398365,1.261022497873629,1.3602987879183979,1.4162997469501144,1.3989389410922213,1.4712283914796742,1.4903426897213579,1.5034794901615658,1.4900825403682867,1.4428703955790596,1.5452883676320621,1.4815218354611472,1.4473951541897105,1.425725812530813,1.3793196066326088,1.3097770839192333,1.1844294019982504,1.0786139078126395,1.073784168206674,0.8797837172679182,0.6621407209711843,0.6402840131371196,0.49905709765266554,0.2171841149080568
5.0,-0.06662806792712173,0.051249864604827784,0.2677031653943469,0.4370048174061532,0.6559317009062926,0.7465136852551092,0.9091906412825363,1.090941546274505,1.186095187867278,1.2357443090803497,1.2903262090542693,1.3950432725263495,1.387138678331318,1.4888971702149885,1.4258394854761056,1.5000285050048423,1.4868628850269954,1.4700441285591772,1.5382127638159555,1.505606733633499,1.4166345026547402,1.3982939193133435,1.3528322530719048,1.28920925056606,1.2527950229155715,1.0890627146868763,1.030485117295148,0.8983023184243761,0.7140522852619867,0.6587659172384476,0.438635157396059,0.28382754395015763
5.01,-0.04907423989859399,0.1546741292758594,0.2516034913515577,0.4409368772950587,0.6743409522879217,0.8020102156421676,0.9199428971710135,1.1270265831934856,1.0806864288773816,1.258729062512737,1.317612044601664,1.3694445819583112,1.3681481724716693,1.4626026039972908,1.4357181137985795,1.5135233189474984,1.5209825967528448,1.4229716381810502,1.471974751400891,1.493678067714628,1.4692819110871342,1.4161774199390533,1.3149854273190618,1.2789617429721245,1.2097197637154506,1.1037577157780947,0.9588603823808757,0.8483450056172465,0.7108924539846749,0.6309990874236324,0.4352838662522242,0.34506754166095344
5.02,-0.031810834790596904,0.07975749406899506,0.2607722850267249,0.5258965788905037,0.5943472725417314,0.7731099105570626,0.8895716120247927,1.0858409306823984,1.1430052935717312,1.2522475154666535,1.3187138405174332,1.3772664886292674,1.4531932821751274,1.447706737513059,1.5094976769432693,1.4858760195181462,1.5243741020169301,1.496957860698469,1.4832265760830436,1.457261307518058,1.4430245097243373,1.3776606047028628,1.3486653355995588,1.2725368237382613,1.2300532714188854,1.1298671993542841,1.0154964721915039,0.8918202376243195,0.7404631232385811,0.6370327635550862,0.4885003809052061,0.2790935242089932
5.030000000000001,-0.016490558263925943,0.06056145436394771,0.2794947617954761,0.44715254365541013,0.6212858408958312,0.7562771842097498,0.8565953673038537,1.0352783033691533,1.1095768042826641,1.2759889469689085,1.341811461823588,1.3593473856809457,1.3807436108168338,1.4325948173251957,1.4594103857836507,1.4733686221378015,1.512177002556215,1.466502693693342,1.5177890341601497,1.4323736875358686,1.3899316000852846,1.3879921742403978,1.34134028349614,1.3400516319072062,1.2039535453616776,1.0763101077949613,1.0117911370366928,0.9281223158827987,0.6931995573151319,0.6214301628658637,0.45576608383027883,0.35014529677130274
5.040000000000001,-0.0014539001746814925,0.19295136458498288,0.27559937666446227,0.46126944857652796,0.6255977859669796,0.725372953038379,0.8884474329107847,0.9859330404173906,1.1359163747975756,1.2453470039234231,1.3062418586507607,1.4016807671619969,1.4231512007245501,1.4153754451609917,1.4800379087095117,1.5270607782384424,1.4987463411054638,1.4261147962228047,1.5182441246152216,1.5395065145091964,1.4557302306520248,1.332034664377667,1.2700512466434837,1.2667399734220803,1.1645626310497401,1.116340206412205,1.0047370081047318,0.8781400889813828,0.705293783970724,0.5777392157544529,0.5164015011750234,0.3208575628691993
5.050000000000001,0.03387382080669124,0.21408738649214565,0.2783136741784559,0.4189098329100408,0.6259976283100915,0.7341501638999027,0.8559033240733962,1.0330138076886828,1.0493071353376062,1.1855850710770433,1.282475642891164,1.3954022002061897,1.4124628367135097,1.4326694977711418,1.5111762261284587,1.5240757566643972,1.493226381446511,1.462481340556919,1.4703370471633197,1.4401566722378984,1.4405461016741623,1.3479908715503344,1.4088745089017018,1.254238902184069,1.195626296730729,1.1342286817659786,0.9606325566348668,0.8619699204955151,0.6992798960899205,0.6653845481893224,0.46006570087943144,0.367421551116847
5.0600000000000005,-0.06854935935462014,0.22298111032871745,0.23129118295479742,0.4030053433231195,0.593610895584429,0.7183844071388034,0.8458015134450536,1.0313721077140932,1.1390488845665143,1.2030923673110903,1.3694928498200842,1.381721885791617,1.438704039558438,1.415259540306091,1.4528178641178742,1.4274222659480094,1.473117703794522,1.4084565984258468,1.4628882201672369,1.4821158920149908,1.4332379955206334,1.3752280233910306,1.3297986047875654,1.2837485313847443,1.1599440526066764,1.1206132428937896,0.9770436952545798,0.8898617124017693,0.6768762146892263,0.527204010459406,0.4436447563173363,0.31975313273381034
5.07,-0.05873408905310816,0.18683772505138407,0.2676862805110585,0.43714990286841826,0.6366452388411602,0.7608338984657066,0.8714132202837999,0.9773058431367675,1.0676837315553587,1.2472663276000542,1.3076527985401158,1.4123487049991157,1.4407561535946198,1.3960042249594098,1.4969777100983448,1.5151912969380792,1.5112490171804982,1.466533362860742,1.5025023567591897,1.4755691315808948,1.4568164422366383,1.380066590073127,1.4027519257353604,1.2797080103093885,1.2054789471160108,1.1066169177752783,0.9953935131607131,0.876691948365027,0.6725176190004758,0.6269227977270359,0.4598255365993396,0.34985969335690004
5.08,-0.053191278539197424,0.15713687150927788,0.24256151849718766,0.4551174981305053,0.6522784304337707,0.7435645518603543,0.8829270262516579,1.0479878250257784,1.1259106371453722,1.2640277706680028,1.275745235473574,1.3265605146364046,1.369934031855524,1.4213848609232278,1.438791637392804,1.5085982331525842,1.5207585020866197,1.4406513612456435,1.4430044511271634,1.4991206450731676,1.430893225904916,1.3740545018272319,1.351498090866041,1.1950261535732358,1.1901840106870392,1.0283392529737765,0.9579410140714217,0.8840447009104709,0.6338790982927806,0.6409258427652762,0.4633315872033569,0.33618660515883625
5.09,-0.07092757857920254,0.14600419090724798,0.24903317327137897,0.38080425518544064,0.5393711026508751,0.7035034894693171,0.8439452438170653,0.9866876409845093,1.1044484359588993,1.2074837566458034,1.2909230276481987,1.3741941346153692,1.4267058282849407,1.4498423192237486,1.4366086487675662,1.473823237126385,1.5103463362547318,1.471933285330057,1.489935004483222,1.4560694496912534,1.4599480774258264,1.3923333720482571,1.3292095762901543,1.2250854478308892,1.1003776498305833,1.025184636576504,0.9128331459554614,0.8396770872391981,0.6771755264973794,0.6018803127208204,0.41991392642928727,0.2616113303727553
5.1,-0.11736929386454861,0.1424586481048481,0.23899763322478554,0.44933081132785196,0.6209589535162578,0.6859735230849126,0.8493456977242022,1.021239793216377,1.136697584586679,1.1823729943774162,1.2709660927586428,1.4223824939010428,1.457549578407473,1.4485063113798662,1.4707117062789137,1.486854911399283,1.492150029728568,1.4894824122762766,1.495870696376924,1.4960884558009633,1.432179988246002,1.382548147026317,1.335896844134758,1.2115983362965668,1.181009858469845,1.0312916993344372,0.9616894266763971,0.8565138573610275,0.6303063124215024,0.588797102889497,0.38188677577074476,0.2214521908950089
5.109999999999999,-0.08868802048135156,0.1498546456546451,0.1797377635691269,0.418221837572953,0.6094134817020924,0.6491981316318252,0.8516838171269002,0.9831898561389626,1.104670883433228,1.1884742931682244,1.3396241544248528,1.399528631292327,1.4167181649912182,1.4581292456219666,1.4813766725366113,1.491244650036856,1.520969125725556,1.4657758800814527,1.4595271925242133,1.4510048619169666,1.3890961766857033,1.3652165950109996,1.286098229691378,1.2277480266114051,1.1647583206508478,0.962898084940312,0.9104404934150889,0.8003917183375854,0.6279492155758017,0.5966949564952915,0.49431721101388765,0.23526091901178975
5.120000000000001,-0.0713582067271285,0.15690387055056648,0.24039049926060566,0.41148799244756457,0.6334482919083255,0.7553292627817172,0.8051842104761566,0.9548223833093843,1.011206918744077,1.2174207702986422,1.3261926413462166,1.3700509509705376,1.423386495023522,1.4206874851796476,1.4468377518910454,1.5091088591161876,1.4107940266813213,1.4567015743654714,1.403065865229088,1.4249753432003018,1.348883193935415,1.3228156213941544,1.317341011085761,1.188875569042712,1.1553785217802575,1.0299124814861196,0.9651212197845818,0.8722603202562306,0.6417426819158316,0.5415429716869864,0.40699547830073773,0.18373929480957174
5.130000000000001,-0.05539411526036324,0.15315104289038595,0.27414452142478457,0.39625931241697715,0.533957069543777,0.7052917047137998,0.8417887672212458,1.0116436516081233,1.12674419015012,1.2110989636104792,1.307323905206153,1.3657148303044797,1.4826679991667333,1.4638216765196987,1.4235039912124714,1.4412580367727448,1.5324051635806761,1.4624597837984914,1.4878123903099594,1.440106720399852,1.3906486411948773,1.3191030406037674,1.252330374060904,1.1822237174807495,1.1839579730511167,0.977114078743435,0.9168959673184935,0.8047387119622307,0.647964015728028,0.5504424438712197,0.3792614618438855,0.1504994821007026
5.140000000000001,-0.07607592233097665,0.189839837711691,0.197726726707068,0.4461655586899026,0.563443391349226,0.7249236542190677,0.86433978418883,1.0430521709255989,1.0782787767976785,1.1980820446388294,1.290340980174304,1.3537614538190508,1.369383832976288,1.4251521331875654,1.4760195794865039,1.471080641569002,1.512865137946587,1.5157987286467656,1.439155583550193,1.4397157872046877,1.3870981976319525,1.3126496706005846,1.3172684229641964,1.152793551933398,1.2035869161136157,0.9960715423800096,0.8384566642683277,0.8261535043772699,0.5906274940576105,0.4709417030723859,0.41684548232785795,0.14420729355070994
5.15,-0.004992414445493094,0.24476680424380767,0.2512385917492224,0.4201513994093727,0.5150784762630957,0.7440931927276403,0.8518241071148897,1.0166760463374767,1.136748517391473,1.1863558394721392,1.2977687718855697,1.4021738818710823,1.4018605044953456,1.4721859755376008,1.4935896997824267,1.4593361272308771,1.5348908110153248,1.5220888808874085,1.4226232006834647,1.469477375316083,1.3787870334975065,1.2942751512531547,1.3119826871532214,1.1191270752131595,1.1559928598722125,0.9426564578789562,0.8820503696799858,0.7675018269654199,0.5159332483038154,0.5259976473029002,0.36960717153607386,0.16335058900869492
5.16,-0.13539909136604394,0.19653926143184802,0.21536020185158233,0.4644224168181776,0.601040865128124,0.778961161121891,0.82607233198588,0.9461442667258814,1.0991374042500766,1.2064649583523954,1.2985871847815191,1.3039338812909436,1.3944234224430838,1.4711643092400828,1.5178943027417027,1.5281530834955068,1.5206905838339326,1.5201805443552625,1.4213945097362168,1.397929254417345,1.3030850511827763,1.3363265071718458,1.2990974637304262,1.1434035618346328,1.1554581477285657,0.9958651591954317,0.8256531423200191,0.8614948294636944,0.5619333959199986,0.4885480389100295,0.38046065554762076,0.11483241768394149
5.17,-0.05879150475419016,0.17147988671213443,0.24263187725262725,0.4120909131326078,0.6020083829554971,0.7133146420042408,0.8513556876544679,1.003697820182871,1.1041576619849995,1.2608638034507464,1.2742873216071038,1.438433683345782,1.433390651623336,1.470322353723601,1.5026022080281067,1.4913933981849732,1.4701712566731049,1.4422358610023214,1.4704548293056865,1.4600991600693456,1.3311999006494153,1.3039286269653216,1.2874433779405927,1.1157794691139522,1.1658244595469955,0.9673094514329365,0.8564799528740009,0.8673933869018007,0.5826189353033578,0.5001097727476673,0.37917067495312573,0.06951320227339845
5.18,-0.01904389799804747,0.23411168892407752,0.3018715153744611,0.4608529949064728,0.6042808348965388,0.7686446616073066,0.9234133864991496,0.988757370777928,1.0851936219875682,1.2697824655148757,1.3067832319902546,1.4112618908736971,1.3722761982093656,1.4278519005939245,1.4453134364404856,1.457211282137907,1.4831127189358513,1.4679941648381036,1.440952990838285,1.3958008349271955,1.3400442114419127,1.306948050434777,1.3509234687279632,1.08476172569949,1.0838196567530212,0.9353118476048702,0.8085690322334247,0.842115006955565,0.5744720310471947,0.5062575517804285,0.45608602313013497,0.11578479715360038
5.1899999999999995,0.030861587419987756,0.19088452841337405,0.29636083635925115,0.4387941953856518,0.6598173263911014,0.7755190135625858,0.861730104981019,1.0232566793551607,1.1257347515451404,1.2138109522505462,1.2885058387250385,1.411713457674246,1.4184513305532713,1.4474848291497178,1.430161126214487,1.500208224359269,1.4542017722175573,1.473783712198353,1.479222372378745,1.4149894931644396,1.3265640983014757,1.2491350479585581,1.279509030354997,1.0612414817687668,1.0977809449135227,0.9619642247336988,0.8136109559361387,0.8167316612789449,0.5500265100623052,0.5089932093194152,0.359325354154359,0.12048513974306893
5.200000000000001,0.03900817041982964,0.29616470479472806,0.2973743079205,0.41242884664172863,0.629621149849047,0.7824460828923478,0.8929957883722365,0.9876846355767428,1.0937773972975535,1.1844061448538934,1.2770809400136944,1.3845449498631306,1.3439531500333934,1.42305505185382,1.404141822490756,1.4499934401942343,1.4754285105767528,1.472660976201519,1.4615827192173962,1.419242580323697,1.285910684498934,1.273483431977368,1.3426007177042778,1.1246584377933746,1.1232250179274146,0.9264597675695321,0.8487827009920281,0.7784572188042065,0.6263786003968161,0.5231625294404878,0.36348876706324634,0.05608856446625374
5.210000000000001,-0.013645446548534333,0.22652491903681102,0.32171452680098844,0.43241615244765674,0.6944104759445201,0.7959333235796532,0.9153468983806333,0.9511480816654997,1.09877110936757,1.1908194839502018,1.2810613811349525,1.3523413344908886,1.3684673007378945,1.4060479517514837,1.4784481212448226,1.5041656895133935,1.4945538877501894,1.4375886707314705,1.406101553104631,1.4020169169074315,1.2617700413403563,1.2418333118981628,1.3620509153589737,1.1433190795900927,1.1426552176748674,0.9181596977949539,0.8029563909196642,0.8207294972853126,0.568549241760785,0.5011256153841094,0.33928060054953874,0.058152265292592695
5.220000000000001,-0.01777379996923075,0.22788075775648264,0.27394970874932373,0.48294901931580814,0.6240422412587909,0.7129821550395916,0.902183571746848,1.0229640535830504,1.0716721986513733,1.1329443307891363,1.2921473375028336,1.3921644848666004,1.3804555554678792,1.4600055568165335,1.498882799682952,1.4892573033597938,1.4541175239401403,1.4840128919029978,1.4350084514671662,1.4375284438213451,1.3172499636949455,1.259651123756021,1.2683614636440645,1.0648129587559139,1.154008176586188,0.9191929302322759,0.8339851106588203,0.8288725108834163,0.6406715882103816,0.5144742389812448,0.37420075799526564,0.11839702540224249
5.23,-0.02913365615132305,0.24682061981231534,0.3600919539227244,0.4594067539763067,0.6613393705591569,0.7705673902879069,0.9121961375270929,1.0315069301474817,1.1276079764900515,1.1885657787104722,1.2980128583059003,1.390442281370991,1.3939478707580217,1.4154392631239152,1.514168267675708,1.5280358475597922,1.4828070940808848,1.4828133912994181,1.4530251230786506,1.442349369580531,1.3077632344057746,1.2808967905148276,1.3749045378035802,1.1346555571874126,1.1168106621080955,0.9573259370860231,0.8297488756494453,0.8328783011449699,0.5367684943810915,0.5173217519614882,0.43750703350153214,0.03763686124070642
5.24,0.014062746450335145,0.22152553476027656,0.31567274502098064,0.4598375457647156,0.6500809356910394,0.7136746818023554,0.8902930578350434,1.002376168657872,1.0850427286044582,1.199342834369185,1.2855351907349553,1.3528995732385063,1.4770861005375862,1.4462744556530107,1.4393259486521346,1.4806327845939886,1.457836418735177,1.540299794213234,1.420737148962453,1.455235603504832,1.382030537614273,1.2184598806779583,1.3234312998165874,1.1808351135811255,1.1449971657940028,0.9092198410221843,0.809314651851596,0.8188204379928707,0.5996468441057216,0.5398728171163032,0.4065569125255936,0.0504333991593053
5.25,0.004544317416574251,0.19557486193613172,0.38983184982500774,0.5360280518943087,0.5994560492574147,0.7705015910557459,0.9463284181254191,0.9924438837623716,1.1357412990487372,1.2336960273070987,1.2753411766777059,1.3781250935590206,1.4444837728946156,1.4474361792434847,1.516126192546031,1.447514848440368,1.4607426474801382,1.5399700522906008,1.448316436629051,1.3645981517474608,1.2874619959415856,1.265913632262524,1.296811181948888,1.1485973038971726,1.1788864107925756,0.9288824734597593,0.8472796963359478,0.7377827347817292,0.5766486037414182,0.5600531399252141,0.41183109517968686,0.09236982808787823
5.26,0.0859994513201851,0.2657826800716075,0.37340700852571734,0.4525644901909397,0.6504986735368751,0.800204928249781,0.9603303526038772,1.0252495192189797,1.1411453637742357,1.2152025161114917,1.2456517801115305,1.363027379596436,1.4413735454387975,1.4527317759506875,1.4655309016990838,1.4705846319601035,1.462249289657342,1.485076701294287,1.4440141273272824,1.3716304811052857,1.2942664629392242,1.2355043405462816,1.3175343530432835,1.13676320083961,1.181212228884746,0.9932596303562089,0.8439615392147553,0.832155547414556,0.5536742923062097,0.5727078014532286,0.43684482598192026,0.01889420497248148
5.27,0.07768158994833221,0.239063162882295,0.3859676250798353,0.4976837449717441,0.653447751866805,0.7590703348700311,0.9185527345799724,0.9866982694295118,1.1012897225945188,1.2403419246845702,1.2581518732818904,1.3592611525870966,1.4048023933688354,1.454752288012943,1.468637432872137,1.4997532290865447,1.4712445240036494,1.5419765349614492,1.473661522063633,1.4247385952791638,1.2848847240586443,1.2506704672468891,1.2962790035460792,1.0672163707405926,1.1430216653363339,0.9691149419358837,0.8893335972080217,0.8570467275338132,0.608868919154607,0.5641825091084803,0.4168750262483289,0.0332746978161158
5.280000000000001,0.06416880803921345,0.2271765049057156,0.4128073689929318,0.45022146555776144,0.7335329025807439,0.8264650178113486,0.9388107102625665,1.0071030706892217,1.1256385245911023,1.207583279726994,1.2746621297459584,1.3460507193434912,1.4201985830405275,1.4738868539995795,1.4260505597160433,1.3957460237563173,1.4235573224229774,1.4707260979940815,1.459107456913357,1.3732234684845943,1.3203575967743388,1.19934570380015,1.3046085682915955,1.1513639896696195,1.1376404347953608,0.8831003191382962,0.8797703976014694,0.8131711679477238,0.6001565045743534,0.5408912633754447,0.42474516311036625,0.04786890587532771
5.290000000000001,0.05644136976836523,0.24835701437867497,0.404578330256833,0.5062235380996399,0.723485401990391,0.8072665411074108,0.9648505601124016,0.969076428566618,1.1203429320640967,1.235343364972097,1.267813448030833,1.3507708436500931,1.4292115907457603,1.451845843203611,1.4810149401676844,1.5041326769133843,1.5095980930212232,1.4944515202981563,1.4769751701875786,1.4536456853281292,1.2896930571236669,1.2754259011853626,1.2770263441296579,1.1226274654776822,1.1458438298450486,0.968786234922325,0.8839615827245574,0.8847177124613068,0.5615028591562903,0.5650626898166435,0.3592649484020018,0.059061497422825966
5.300000000000001,0.06305653949792674,0.22793686200652574,0.34001489027904164,0.5139092454837088,0.7536809460516802,0.8546424634524349,0.9478495398933873,1.0131759400240206,1.1086095025234632,1.1783693730204754,1.2636938103972863,1.3436721798160276,1.3620074235191997,1.4797043804036543,1.4888339874827108,1.4623221049711286,1.522237233268028,1.501919920614185,1.4236355926717654,1.4511286484827914,1.3596251260384558,1.199750474174039,1.3088166662117615,1.1728321408142413,1.1301161210552384,0.9849339200907812,0.8457546399370774,0.7572834252339662,0.5444094090373195,0.49123341337251986,0.3240668795925257,0.08817160372852138
5.3100000000000005,0.06178904229291356,0.26656483005758297,0.4151798718417565,0.6130806732282218,0.7355807185210076,0.7952446714607228,0.8870470374343621,1.0076714251115266,1.0761988009141932,1.1794323735998724,1.2844604989221424,1.366474602606275,1.4058239869987461,1.4664100021032471,1.5049134458656321,1.5238979725774908,1.521625317111461,1.4883227319963415,1.4816746396730596,1.4056624159357272,1.3550486715547807,1.254214023170384,1.2802749446752768,1.1612655407452561,1.087198294691344,0.9855348556062329,0.8984200800687205,0.8738250614240803,0.5700948008610391,0.474623306261841,0.3514149944918155,0.024023849930297346
5.32,0.1243129542748347,0.25404991604188226,0.3780240623800457,0.4805278896928241,0.7508307348427413,0.837358890238985,0.944335296786454,1.0329917544784082,1.144617212002298,1.1587319794138073,1.2646257596535002,1.3840204446810564,1.3891172827863103,1.4384177443423434,1.4697179512142005,1.4748342967179418,1.4693365738106832,1.512372163377229,1.464407769042657,1.4271970555727405,1.2951123188976927,1.3398830368649255,1.2660282107332852,1.1474303202098504,1.1181081576626748,0.9788940986136643,0.8778709656927184,0.7824551431555049,0.5115619586677005,0.4932332421432644,0.31972176097489435,0.029503723330109265
5.33,0.09221265624793137,0.2794896664320777,0.4475009340183081,0.6061216553702392,0.7442312725746973,0.8820971871798772,0.9521036544388706,1.0631833596941174,1.1655786465759388,1.2279369221719232,1.2829659621186766,1.350169883717629,1.4139506940929207,1.4915751227531537,1.5310069851148946,1.50256512254363,1.4554380737371888,1.5331768609079015,1.4880441186476763,1.5008078860599423,1.3897512299447126,1.2688643083484212,1.2761601596186773,1.1789452016807587,1.1164334169733456,0.9534913138169485,0.8505129951250714,0.780787309290475,0.5219919644840312,0.4791388745276718,0.3156140558287208,0.04766161964364357
5.34,0.11867483131041509,0.23439347564310326,0.4964434051377,0.5902366019637091,0.7710434453047418,0.8234073767172213,0.9678551694203463,0.9712723663375362,1.1683908520877153,1.1801397642524423,1.2485640902727444,1.3693603144578819,1.4388416801063986,1.4269325914318833,1.553844019843027,1.4961796618694008,1.4448499073399514,1.4561812898630473,1.4651930907106092,1.453046775957451,1.3370801216761503,1.3414023257487973,1.2191619355158996,1.1531105473069672,1.0965666827514697,0.9504815658517887,0.872420882830963,0.7149975747004104,0.5465901416997713,0.4723020888524671,0.2538016792351994,0.07754667111585299
5.35,0.13980643304960483,0.29446326805336953,0.4362467389369926,0.5640712584117205,0.7761068012476061,0.936591632313764,0.973386906446297,1.0575208563653131,1.1296076559566388,1.1670185242693747,1.2063538298363659,1.3646833031415113,1.4267573082393055,1.450106526577847,1.4630818004700472,1.5197295006411438,1.4838450546211688,1.5758737957762943,1.4706088255911653,1.38849475448781,1.3563551678743246,1.2728901034471032,1.2500251716408557,1.1721721307368407,1.1225487202112148,0.9500404156095783,0.8777862204481377,0.7216499594927162,0.4791428391018495,0.4728896327819574,0.2893899366317633,0.09423379743283805
5.359999999999999,0.13971437437894604,0.27932101013574906,0.4748693662880179,0.6218837613240029,0.7528218211559699,0.8610808886951147,0.972531035598873,1.1094340293570144,1.1550334294701226,1.1559976014602442,1.274398241843935,1.3271048907548357,1.4606879377489816,1.4518032219059478,1.4670574636686173,1.4661508460962231,1.4837203077115007,1.5560277817111396,1.4843245779941125,1.3520732291680566,1.3988343369495158,1.2775600365424047,1.218555294361592,1.1573910109860974,1.0487520571443134,1.0160824286175087,0.8202079886471674,0.6984160987248293,0.5583084120199894,0.4638536191684477,0.2986247382824803,0.13007223961811398
5.370000000000001,0.1629760241394918,0.3755350349618008,0.4387686174551142,0.5632083547775503,0.796702735118382,0.8671071728261749,0.9502114716091425,1.0608032686433344,1.1111706191757047,1.208685652930477,1.2631392312441203,1.2881154418864302,1.3729617240094767,1.5297731866500526,1.4547986595029951,1.5323822271949425,1.4766021256043298,1.549061126914839,1.4375106558206212,1.456832846963034,1.34380064092587,1.2860636918594437,1.2045824773285072,1.1294594813950165,1.0529521898646097,0.9324785546122879,0.7703248780142146,0.7121842647894318,0.5596848012417827,0.37050376827845954,0.2948884814100683,0.17818243618489804
5.380000000000001,0.13326452127223976,0.37336574328952626,0.4730502441579384,0.64137120115946,0.7689936002746647,0.9174244276958511,1.0521410715126411,1.0499730834130565,1.135627077411496,1.245337125846667,1.3746140923517094,1.3783733769842723,1.4457012656032557,1.416592907937349,1.4287216376798222,1.4936586597062689,1.5137376860934681,1.53638828833026,1.445219914063086,1.408264612834568,1.350526962049469,1.258811619541651,1.1909634444534425,1.1267651527957714,1.0130906204927819,0.9114550300398253,0.8363777589863767,0.6812943632230503,0.6039100644291896,0.33123582578450395,0.23947075472571655,0.21055928388298426
5.390000000000001,0.18301170573846642,0.27949383591744825,0.5285243758676006,0.6382564001361601,0.7801234187787054,0.9431778851800451,0.9824859591960908,1.0159279064608264,1.12585643034082,1.1784890724440469,1.280835560495419,1.3799211489058625,1.440335286627945,1.4849811047020913,1.4572757992065655,1.443322849982546,1.4595184401851087,1.4956049266312874,1.418591731759658,1.3855315109874526,1.3189558723831598,1.3067221739126376,1.1619213965543058,1.1051602815649284,0.992812929984092,0.9135956575074136,0.7742705830729836,0.6265556231370238,0.5776911675419005,0.3468968813768747,0.2399191206662404,0.15645925333073232
5.4,0.1810605857123441,0.35310854038688355,0.4374425264488779,0.6443741039178064,0.7861858994726868,0.8877971005715637,0.9995610562420587,1.0789086153052119,1.1513272033362993,1.1985520878670501,1.2832349011257884,1.3469707053275737,1.3986748899847319,1.4575089846987377,1.4912895054741213,1.5241696400922098,1.4616550642706694,1.5366397670034642,1.4654232801655065,1.3458166536224492,1.3270222945035872,1.2507395008567241,1.2027004332762568,1.0563802903034538,0.9380335692911033,0.8940722388726732,0.8287142905943496,0.6360551741451306,0.5736148230345457,0.34745278666590174,0.18052597972743545,0.17809727587516028
5.41,0.2008776433502762,0.35693037193313965,0.5219635330698967,0.6626085787145297,0.7953207066102229,0.8650251213832264,0.9919684586597651,1.0285249383429218,1.152466783916762,1.1980267175308204,1.2370594406568565,1.3534843037302668,1.4897869427410948,1.4578970511004905,1.4583302572048653,1.4915498573140722,1.4615283963983379,1.4629653521633748,1.443191315898037,1.3761234258345316,1.3306268291430843,1.3140086604317132,1.1886928697264583,1.0691352731908532,0.9764860075854075,0.8760593949025058,0.7474993398899695,0.6508951676520751,0.6189727163197651,0.3140067672738311,0.1925093164136345,0.2553209521193642
5.42,0.21638474399747115,0.3504463335816469,0.5177761280202049,0.7048526542630376,0.7897725839312507,0.918199950806596,0.9845841261690504,1.0611296234080916,1.1819795601314687,1.2141610411353334,1.3307463673229531,1.4276613031707261,1.428243026901186,1.4667491062225146,1.5461961602298806,1.4934309625958138,1.5739488229777168,1.5082660449515095,1.5048449612441988,1.3841934661578723,1.373894106183685,1.305850681451798,1.1019469786940175,1.1213622264593461,0.9711562148519343,0.9525730162528723,0.7968871089420259,0.5776110357405451,0.6929895328200352,0.3591822164429254,0.14977593795972405,0.3093638513675609
5.43,0.17191939078491106,0.3700866237145354,0.4612173920674326,0.619045363216103,0.7646346514603451,0.9146996795807179,1.0324957826696717,1.1358563819855696,1.1752376071584458,1.227185696415248,1.2748861162338412,1.3831959115744994,1.4262606029775367,1.4450194085887356,1.4251775050307303,1.5052994201452274,1.5402423226636,1.5225049328817954,1.387042102908593,1.3898841810346716,1.3774597863866669,1.2739749277668981,1.171473086265852,1.1196038589308221,1.0111263686069765,0.8592089390987581,0.7754163234770273,0.6104522088686805,0.6654319034464409,0.36744804508056433,0.15801005189916684,0.27936352621049004
5.4399999999999995,0.18850376858653017,0.37902164602105887,0.5054556572945688,0.6233932598183395,0.7589470274538296,0.9178378280386983,0.9711668641525587,1.098229245394971,1.1444581622937302,1.2769102362657627,1.303870418357119,1.3643685437682993,1.4507511243894011,1.4620761892640335,1.4647848243029853,1.527890309966508,1.5193112078252333,1.544508375495926,1.4300312989109696,1.397676785956679,1.3272034628866798,1.2979660717805148,1.2160700184903228,1.130818593619388,0.970961796719028,0.8640581245043947,0.7277955435692409,0.6267974640808726,0.7365639097126386,0.3840971689561159,0.1583655058990971,0.27554821348224956
5.450000000000001,0.16754464607356914,0.3937764492708804,0.518051542141409,0.6709748835220426,0.7245096477923333,0.8722868158012292,0.9733982521756086,1.1131000130159252,1.1334105643014913,1.15430328692304,1.3110768958200354,1.351184378461281,1.4073819240247352,1.5002814797060906,1.4569772859822345,1.4551699493718915,1.4849082823323423,1.5354602460852538,1.365939744665636,1.4065199302814333,1.3703472556477012,1.2809373391397498,1.174261606905414,1.1440377630016327,0.9470928110392799,0.8688515365094374,0.7433936930542199,0.5835328030494663,0.7350532537998042,0.28059039389859186,0.23449063264950396,0.3135311545272322
5.460000000000001,0.1551951795718303,0.39888268852102143,0.47485137845823244,0.6194673507822446,0.7591026848598125,0.8405498883925435,0.9836083183736961,1.0843779930557593,1.1771615660827257,1.1637348585822551,1.2858614084900073,1.3944727005932411,1.4712685004295685,1.4883359641406904,1.4323511601866559,1.5006155731703572,1.4937732214007213,1.5437127307798273,1.44713178875429,1.404552015357467,1.321991877325102,1.3049347965251599,1.1604586210417862,1.1011309458617236,0.9382987056996014,0.9032344674292614,0.7529782520469017,0.6066254843246263,0.7742840040427205,0.3133505899524939,0.20620448075505354,0.3197379669399576
5.470000000000001,0.18132071553421997,0.3583530856717797,0.4500335852345163,0.5873758985384289,0.7159580142408508,0.8651030231597339,1.0204875405867382,1.1040899269292197,1.1987920628603794,1.2438125519114387,1.250182917890967,1.3256838310302486,1.3839491566564086,1.4440250164226658,1.433295826975646,1.4479481585804548,1.4969842289379143,1.4864533306100616,1.44318850479796,1.3928213856000804,1.3408092590692149,1.3187597495906973,1.2220657950220806,1.089298847448872,0.9402108080777865,0.8735858310747119,0.7334802434281229,0.5775935800507574,0.6879602010532446,0.3025764984522511,0.2069203021425892,0.342998263898267
5.48,0.13760173740202605,0.3414909045294791,0.4644104730288238,0.5989198485598438,0.7549467079943044,0.8741872347090086,0.9512435403191667,1.0820359692350026,1.1699324430155444,1.2587235685721039,1.3041842589845605,1.3912503831635579,1.4126176456066037,1.442557483330977,1.4633729348175784,1.4912719347124317,1.4986246486377393,1.4681119646476999,1.433321775582547,1.3907131952271372,1.4049286605553328,1.2791089019144,1.185476300325272,1.1360808858920377,1.0075870368572322,0.87821198290755,0.7139744694533147,0.5891633895424959,0.7930290581412928,0.38847832965564955,0.18698972349459142,0.3440000526236957
5.49,0.13716918955453797,0.3853602962241753,0.4687450289097773,0.6765574662205283,0.752917950305109,0.8443022657281369,0.9297997376901881,1.0728455965276955,1.178601854212606,1.2170057850436427,1.2687139719225515,1.3784321931442443,1.3876664402005603,1.4158239996785915,1.4726296760175945,1.4695767562169475,1.4753168137237187,1.4956044388816434,1.3881467665201317,1.3741131991413362,1.3666951847404385,1.2987046517350698,1.1464178168359556,1.1339589235217702,1.0386363619803307,0.8814958711432095,0.7172493496305109,0.6707113947309684,0.8014502263941269,0.3325793257102755,0.16483734318373705,0.32659720410160836
5.5,0.13785074204677028,0.3488289082697801,0.42314712379875286,0.6148143490126734,0.7436553753416869,0.8727909017134808,0.9921871381929742,1.0989110703794098,1.1366400020089509,1.2802694437245659,1.345927884637226,1.3987239251840402,1.3926733310808612,1.4302442479489224,1.4471139791566388,1.4967238584335085,1.4405301797443548,1.4903098998376352,1.427624276862282,1.3479310806606477,1.368217442845769,1.3399573016528645,1.1984511012542278,1.126698672480181,0.9915983194454036,0.8219414671304188,0.7422944377563957,0.6492319446058659,0.8337070854189057,0.3783475058104268,0.21499273464099639,0.3436907705448889
5.51,0.05160821284948865,0.2658214507327258,0.4384080527900467,0.571951367383512,0.7217964632430269,0.8004422642753779,0.9747750525968197,1.0699120203072439,1.1875744477701082,1.21640638109546,1.2739442448009266,1.3716820762004176,1.417305328903225,1.4266223194232426,1.4773862918894667,1.4959953387109841,1.4754682821197624,1.520333113083608,1.3668413409934073,1.36934029491573,1.405203607470514,1.3026806902400119,1.1599737159438575,1.1206534970803395,0.9895707508397811,0.8349851484024424,0.7349806349642911,0.6448578926455525,0.8269973969971592,0.3617119800596932,0.22871614445528082,0.2785526410244407
5.52,0.08723327016891567,0.31150900938729514,0.4061290702668024,0.5726728340960885,0.7126974241776977,0.7921569243420866,0.9874078898247911,0.9862294572879193,1.1277355521628472,1.2381875946322363,1.289520318040218,1.2961204755467577,1.3675885308283893,1.405255876474854,1.4924470123954483,1.5002700609482649,1.4716501087838072,1.4874981524379882,1.4119478258325011,1.3898242125445393,1.35451181566478,1.3385191103457021,1.216388814079356,1.1172992387938894,1.0776893165424806,0.9248332871942389,0.7589416204134828,0.6998502071548167,0.8438541602374282,0.3968117495102129,0.21931296012203572,0.2653375587171765
5.530000000000001,0.08830058642632985,0.2605900551103743,0.41184662238933584,0.6220953646827533,0.7114336437999866,0.8053919602184891,0.9696282171467137,0.9807507284699869,1.0630154054075345,1.1930902637249787,1.2767465044851067,1.2902685964093858,1.4118984860858366,1.4201542160136233,1.471612107594061,1.52810748513212,1.5757113253040609,1.5337678871873353,1.4581161019697269,1.3534121175548273,1.3241121772343272,1.3521363916006799,1.262835092650707,1.1866850210112942,1.0801915312567185,0.8937994856162778,0.8183364947416928,0.7206236561160657,0.8121315232579711,0.3685149754677268,0.20083460804075706,0.2787763050387597
5.540000000000001,0.06998211560610672,0.30449217913865656,0.36031327101315785,0.591486086890339,0.6595372698256562,0.818513285607982,0.9302136294562702,1.0558259708201239,1.1026239373063007,1.2215249939785544,1.3292946245087134,1.3403245240738726,1.4645422021551247,1.4197759721626069,1.4510025468709347,1.461380060700616,1.4911584211980893,1.4421837549458232,1.4401830219783367,1.4364376126000864,1.3895765770494974,1.3306216662708574,1.251693870615713,1.2068319006283228,1.016902688383193,0.8919219873597152,0.8666659595532925,0.6756732854433958,0.7997935580794138,0.45287891433092803,0.2980332540967942,0.23741665547230048
5.550000000000001,0.06976524764126305,0.2601637354441692,0.3527509323480401,0.54862289350857,0.6760125320178832,0.8359726630588179,0.928837092569593,1.0569500958157827,1.0892664227202058,1.3166177775375487,1.3291104299772676,1.3469723838988914,1.3835826176023118,1.4854703902837063,1.455000544978254,1.458024000138938,1.522419389965418,1.5117771606247077,1.4523560250329872,1.3721842619110038,1.3867564361418627,1.3319466610840722,1.2428527530269897,1.2064973775904715,1.0506247431309992,0.9357705966792842,0.8330045865245347,0.6740343663962838,0.7501575724702689,0.408523339569009,0.22205311272318676,0.2201724298106905
5.5600000000000005,0.007565680693353139,0.28871690415304324,0.4069830567577959,0.5981702888154334,0.6694634560671036,0.8161594698130179,0.9506297732073415,1.083785943467569,1.1324099106277437,1.24757375107141,1.3418735897366711,1.3279143381668874,1.4308108723707382,1.4581683172200328,1.4674845609853608,1.4990799072355985,1.4700619174846612,1.4474625216195554,1.5072386079178528,1.3733767416301899,1.4068488850171839,1.3964774134205744,1.268327232508968,1.1912380740201716,1.0164726003106934,0.9400335675675625,0.849268776949743,0.7591341490587612,0.7409110910343488,0.41623912881234837,0.24849167269121902,0.22540294546232048
5.57,0.03645874890568315,0.19964507914154392,0.41775790628463877,0.4976296837630055,0.6526044003314452,0.7838302797526464,0.9369002102282574,1.0650518655688415,1.105093041615894,1.2090629685883933,1.3276550154026172,1.3450985730646206,1.4280327400728716,1.4380438623981102,1.4786860047933172,1.474742735681311,1.5067348949772648,1.4856449111822563,1.4200146851435769,1.4121618691532025,1.4116148302762634,1.2941939602522867,1.2012526320118464,1.1394252519499442,1.0380751380759472,0.9653308232294339,0.8931278818517785,0.7532503234800003,0.7517917321091251,0.4026686260888464,0.23719290083444894,0.18988488139060786
5.58,-0.016268517759284153,0.2085522849305249,0.4021733451150616,0.5942128377366536,0.6892079750286639,0.7802331186107369,0.9078726583023239,1.0474017938414848,1.1707994889277769,1.2300831239186487,1.3109717585693863,1.31323852261483,1.3995742083742468,1.4563688257948597,1.4196150642208618,1.4693927510328697,1.4516756812646072,1.453983994318712,1.5144370371968785,1.4485094089473942,1.424988285239148,1.3522567321145018,1.1771658352452972,1.1906339771475063,1.0346097333074902,0.9337669648840793,0.7986629683739892,0.6737672851826884,0.7367347488079692,0.40653333096483074,0.24465480910220122,0.16810875642947037
5.59,0.020584414498316907,0.21220840597199722,0.38959826655307567,0.5367771870630923,0.6148299016607858,0.8960488242195792,0.9484609127320891,1.0074091298751109,1.1377407562398036,1.250470358198009,1.321429032050157,1.3302668948948482,1.3901964253296948,1.4281224832470123,1.514635264323948,1.5057344811215887,1.498654001916665,1.5039395559082178,1.5037850299475546,1.4056776817789012,1.4237326579862453,1.358352246447381,1.2136821234179533,1.1719058918312324,1.0491612195843925,0.9340988823128337,0.7952529319289674,0.6703352192721845,0.7293802812545789,0.4349093725889646,0.2824587569506513,0.1129014017612258
5.6,0.05597194532814141,0.255048382385619,0.3560551383585548,0.5721806100442449,0.6585827303934862,0.8445059487607953,0.9416519433113765,1.0038634221489895,1.1296272053126837,1.2250717352084526,1.262187643258174,1.360761747125165,1.3895641359650681,1.3499238990348654,1.4871597162850323,1.4909177986338062,1.4984608592973419,1.479347773137826,1.432720855738091,1.3579286191164261,1.3863325566696774,1.374264858511377,1.271906966135418,1.1864133902629863,1.0343772181097315,0.983244459839415,0.8989895520477501,0.7200523555367718,0.6778339172878484,0.39135588952576256,0.247421415994121,0.091811922563871
5.609999999999999,0.019630257298993793,0.25733994437144103,0.45861410858728135,0.6090043807532529,0.6818166209713109,0.8670680657601404,0.9397955673741822,1.0192348294440547,1.1241281131527319,1.2052395482313585,1.3465376682767087,1.361808614318733,1.3413663128795552,1.4048661174312338,1.4400913062143574,1.5049308728402186,1.4576875264137363,1.4230347018709657,1.4589707475016351,1.471350352904064,1.3718277040740445,1.3037968099602995,1.2687119725979228,1.1978368288201362,1.004471573594325,0.955716277758071,0.8498922787532328,0.7545533802889487,0.659285693353356,0.37856351102495983,0.2264238144159921,0.1230513553737253
5.620000000000001,0.048388808920614826,0.2237162364571259,0.33584104869764514,0.5258131927779122,0.6837532011113013,0.8414479360217747,0.9568070237416332,1.012630923988286,1.1323844729873964,1.2640867173317378,1.3175595196705678,1.3405958888103968,1.4377871716491801,1.4262924146541245,1.4574117975835703,1.4764429137572588,1.4946292224316404,1.471577713511393,1.4185080872854428,1.3943445430806587,1.3812582292227635,1.345614600680774,1.2616674682464606,1.232210851609556,1.0219249889635902,0.9268390444880943,0.8775477136263187,0.7415546273973557,0.6211213091032378,0.3901420969963413,0.23212477546213753,0.11579617610228722
5.630000000000001,0.03584684911068031,0.2501386108968762,0.41345632603247734,0.5864604358454657,0.6643935329918976,0.843895675035315,0.9170896255805732,0.9903335150942062,1.0647685595809129,1.1981237682390145,1.350071036915141,1.3964318613737414,1.4143652778036782,1.4308444915150578,1.456022963328447,1.4786550948343637,1.509366890249607,1.538816912816725,1.4817888897296883,1.363921965851249,1.4261085175651247,1.3285538666999874,1.2346067565030576,1.199934470954263,1.0305453551131127,0.9501572650435176,0.9236696599602576,0.7307254124178428,0.6154544194516247,0.34184117377776435,0.25315322936026263,0.09171460001038657
5.640000000000001,0.04355566561222077,0.21601622050772007,0.34978578530432436,0.5838438503431671,0.6607466936272425,0.8526719065114664,0.9759480132605404,1.0480539926512875,1.1385693336225327,1.1777768540553937,1.2838908053698188,1.3593775975474833,1.3433062435282999,1.4320599142788772,1.4545946440514843,1.55575384800555,1.5021376160928144,1.492483313952061,1.4272225628071329,1.4665603963286342,1.403039932616101,1.37230135217416,1.2676524041810107,1.1845438537896187,1.0685612897178731,1.0438197773678668,0.8864645780900009,0.7199304850042063,0.6541775152652898,0.42002412738500616,0.30234987921677575,0.03463656048059103
5.65,0.023876241105505028,0.2560014252638929,0.4134914512395016,0.5381643912911777,0.7232371418342325,0.7964254612596632,0.9730180097034381,1.088627182668515,1.107660529007823,1.1743384787822322,1.2604133360193137,1.3738240016840704,1.3690845551485533,1.450288612574318,1.451113181608253,1.4825843793230362,1.477688701000756,1.4230840869912222,1.4899008457776695,1.4166378903111556,1.4351028880269268,1.3921489690015634,1.2416946803249842,1.2236473590967079,1.0232397047646813,1.0293557774783435,0.8826588639731221,0.6864570395415455,0.5760966883562787,0.3821075786204149,0.21243888424222318,0.1536711233021351
5.66,0.03227501734659988,0.23471470286899726,0.3909723501544337,0.5698688836417662,0.7030468568137236,0.8298629297151667,0.9159642459021095,0.9402341306817068,1.0869019627287577,1.1974915653465397,1.2877178495590005,1.4051631082698146,1.3779691720831182,1.3999646600919935,1.4822536913765383,1.4907271605465222,1.5511373866561566,1.4721076264251778,1.4856869266055268,1.471980712349689,1.4175096967051533,1.3256485302293122,1.2328032334266212,1.1501925581412205,1.05352972675388,0.9220097482791916,0.9004971307188623,0.7015126858596346,0.5787658468119627,0.4000584172983971,0.259754716405995,0.08612814797947041
5.67,-0.0040113822632284885,0.20876379756077082,0.4151850419224332,0.6056613686055189,0.7107738791135289,0.7960621288599598,0.9606810917781576,0.9592698841775746,1.0747763352943283,1.2043545361607897,1.2634920034321413,1.309472474203989,1.3642786739820842,1.427359713199748,1.4985968163364505,1.5471794792627989,1.533459667106513,1.4496550264122046,1.498321287164942,1.4304502688368008,1.395969472180579,1.3618768283716334,1.2484619207368486,1.233619746203947,1.0120500603094575,1.0214408143940255,0.8872885391484969,0.6980210629636248,0.5769195172837472,0.42295343665899177,0.27859374366891404,0.1331534085843764
5.68,0.03507002944465831,0.27366187167703204,0.38321438778220496,0.6023064988245825,0.6653140662686636,0.8003028829510945,0.8885057593224839,0.9178122188324283,1.0995928568313285,1.2249940586655008,1.290548217689642,1.2940221899412587,1.396263405808925,1.4182408274743457,1.4767364910480811,1.4902298012286774,1.4645860367486314,1.3751517803728093,1.48576496304735,1.3977105445784084,1.4167380502972224,1.3723186734666046,1.259336633442256,1.2222857521804733,1.089960777544305,1.0026090871458988,0.8953617354282497,0.6920895961978,0.5395040525867306,0.4255439017090363,0.26034436012101625,0.05901104289848328
5.6899999999999995,-0.010227484209830374,0.2012843825704071,0.3537622763727013,0.5704602032104176,0.6038456730865764,0.8046553511524797,0.9036804130769269,0.9515161661161025,1.0638017272369904,1.1358764672847452,1.2768252651532457,1.3524749817577324,1.403470330367929,1.393550492747293,1.4321044031610826,1.5699664653254592,1.5139662327382593,1.4579678722404146,1.4684087000605563,1.4042826887698205,1.4456358081986485,1.3820507742548034,1.2569201152356115,1.2245151176653208,1.0813164973126042,1.028268621785227,0.9412608135976321,0.6713966516594885,0.5244030675543244,0.3988173172554114,0.27382405793391296,0.0783696778906012
5.700000000000001,-0.032211563256894164,0.24220866625589754,0.37630475590633794,0.5315373801284569,0.556264306170338,0.7392127910155633,0.9099433227041975,0.9624163594892323,1.0795983040760668,1.1673425573011955,1.2769060433033819,1.373845871228277,1.4439601659040044,1.4292162963153006,1.5607787838845593,1.5167562271337074,1.5315277245630308,1.4317985492502965,1.4060279877876445,1.4162632499868264,1.4479396862020206,1.3564683461020326,1.2743993178863986,1.3088887599846286,1.0207762851885522,1.009213170930863,0.9144583780792737,0.7214424332111495,0.5544288324139031,0.4532244172403488,0.3345413206211689,0.10861100145128166
5.710000000000001,-0.05595950210275291,0.23803728302078292,0.3972916248373598,0.5847548982215397,0.6407955699609084,0.8181370140078614,0.9234266872641386,0.9624930953119103,1.129097090170561,1.1958261856021308,1.300055949533931,1.3605238416933523,1.3950530163015586,1.4715071542037346,1.4372146662767544,1.4954700503952085,1.479572564872202,1.4668828615773402,1.452603461387277,1.4081678476843627,1.4369494559102152,1.3680427865062499,1.2571061179144483,1.2504219563702705,1.0952245461918138,1.0494330565078434,0.9309022681278069,0.7435868608500094,0.5817495334548612,0.4595504894670248,0.2962581748396134,0.1220916093413399
5.720000000000001,-0.018083096267349184,0.2680870598339287,0.25748550466519005,0.5105732439938061,0.6738883635066515,0.8104124308100452,0.8802180517402743,0.9514568532231852,1.1003892845044814,1.1229466006127462,1.2039680883415427,1.3220032942215716,1.4074701657754523,1.4681889875580985,1.5279253533155066,1.5219371452737926,1.5409918118270993,1.4650295075731152,1.4719173966577417,1.4159356965899952,1.4708434290688421,1.4216013993938437,1.3501372723135248,1.2726522614311655,1.0438277697300038,1.05648695289383,0.8952121755984322,0.7262720321488081,0.5548141986650574,0.46002423616356,0.3037640575919285,0.13017276394552804
5.73,-0.005284255850784389,0.23474707062820832,0.3535219136053224,0.5781607346307708,0.5859476488287916,0.7079154031932287,0.8741302416643562,0.9662000374481354,1.0942223459340072,1.1515108775734109,1.216934397581901,1.3468984849292887,1.4248030445322581,1.4019622290522382,1.515223680993523,1.4784653492533153,1.4617319150358061,1.454326866899401,1.4998417749605304,1.4424660363692223,1.4817022074970194,1.396257355146697,1.3545533151280955,1.2341149850839637,1.0239432320254032,1.0066439792986224,0.8730624508005852,0.7474152007832336,0.5349784205578488,0.43663406669495197,0.2961580533713217,0.11104435530029759
5.74,-0.041287438748591844,0.22079792413501917,0.2859880335473107,0.5406127743943895,0.529204481535403,0.7083016689467374,0.897571879011963,0.9791902030851253,1.0946761616396203,1.187228874013733,1.2728865957969717,1.405676337024573,1.3751999274108517,1.5016261682657541,1.5197902093937397,1.48240984412703,1.5019265539172855,1.5264182453141248,1.4629948304389664,1.4551073286303218,1.4530045711770172,1.4524508953257032,1.3421362973723356,1.271121934273347,1.0692000718167358,1.0526832423102894,0.9166703387101143,0.6808904066383633,0.5117660173092203,0.46015429089087473,0.34335278347135756,0.06035794826549576
5.75,-0.027683245032420915,0.18963136651286808,0.29701894364156256,0.49090458369340106,0.6188046009550393,0.721802615647774,0.9070791859906296,1.012657096397258,1.0350395003797925,1.1292505564696251,1.2621303411269904,1.3896812950882855,1.3932888178281486,1.4636814057634413,1.518145685439763,1.4795173006814355,1.5448517969593205,1.5178935768301514,1.5350083198191256,1.4073883712346442,1.4585240736912644,1.4416298956808227,1.2951508151803843,1.284125914639456,1.1136943503119026,1.0691133044729606,0.9612105878519523,0.8152046350993681,0.5382385127924567,0.5061586842672464,0.2495795602397386,0.0682028912015342
5.76,-0.07859899108078493,0.20628734660064835,0.282671325844586,0.5300705136408733,0.6228089656348572,0.6946800860545203,0.8470454037868684,1.0294116346718782,1.126170733614762,1.1874021955975533,1.2457679189855697,1.3972142052922596,1.4430115667570194,1.4700141735451193,1.5165987317041396,1.525932220804683,1.523646979829505,1.491479900978473,1.5243774281976625,1.4755391961000974,1.5328445318867014,1.4251351545742452,1.325506441479198,1.256079582975441,1.0859018102200364,1.0521857979911204,0.9494150809944983,0.7395029772827878,0.4810649918867516,0.4674695038182152,0.2729686706757563,0.015551142043974163
5.77,-0.09476017612224066,0.13447903691465143,0.26942926235311565,0.5008781934860571,0.5501099883498262,0.8117394747490733,0.8646738801640114,0.9875424327621102,1.1349313868042408,1.1656195643251015,1.2379523561565338,1.3984443736267538,1.3937299172814372,1.4404213383231859,1.4984276113703605,1.508723360192251,1.5501277604212131,1.479415873356514,1.4663223424810312,1.4851178436313877,1.4863300384346882,1.465739487914809,1.2817877058783866,1.3118662960444598,1.1125952807854358,1.0342868749228251,0.9346529033380814,0.7769116729526371,0.5042157582965721,0.4669571828374895,0.33755044290538994,0.07862918356194515
5.780000000000001,-0.13760813536720362,0.1882924984659935,0.24396144324407998,0.4993579135941692,0.5652732228655887,0.765407051237577,0.8369805414478163,0.9442003038618799,1.1431868737491877,1.206896732687768,1.2631795401697228,1.3847022924901202,1.4038976074605338,1.4335818623505223,1.454583043669915,1.527622764195089,1.5513968094695367,1.5812489879181268,1.528140332263633,1.4357615208820826,1.4855695917845415,1.4881905097502095,1.3412519234358307,1.3095461592080182,1.1224927371660882,1.0480757750867338,0.9454175212668608,0.789891642289315,0.5262288479557473,0.4503151456290806,0.3435833493420243,0.13359542471310495
5.790000000000001,-0.0604435859752049,0.13407117441237199,0.2713594822565107,0.47007922038803546,0.5724817351980508,0.7044707176517873,0.9119357514912166,1.0084260720576128,1.0809786234739513,1.1620023062083564,1.2876747873533878,1.3918945122555773,1.3803493215656506,1.4126921543968969,1.455540667264557,1.4904750292777098,1.5726699983474046,1.5614063478449072,1.464281192198877,1.3993182431307023,1.4359047865028398,1.4149357036870744,1.3233561863654506,1.283210823247466,1.1972685018857756,1.011518987221198,0.9951840638499284,0.8119040439721903,0.5408830709876838,0.5125463101146515,0.3547466455063856,0.1425842485875733
5.800000000000001,-0.05203965445544665,0.1575344090667607,0.27025921343105647,0.412568558816627,0.5866463293598061,0.680346389254986,0.8973898164082824,1.02033929403165,1.1314171551181356,1.1792671374435413,1.2887289062634468,1.363148037556909,1.4410921208940775,1.4065264363065266,1.4917346319796578,1.5177698028127247,1.565427455279796,1.540176221212487,1.5070968790360626,1.4411685684066222,1.4403115758135074,1.4333998239118264,1.3548456690340789,1.2768784689264374,1.0859003793440332,1.0287490963214743,0.9469219226593527,0.7568857821096813,0.529048169554124,0.5183174990270862,0.357962381811132,0.1528575389696364
5.8100000000000005,-0.0972600211980067,0.11540778639157864,0.18141900804118344,0.43982269772336086,0.5638192810329447,0.6868792156054614,0.8641435922845857,1.0093806618406547,1.160530079726225,1.1603014580817508,1.2376764379433263,1.3107309967937066,1.374275557328208,1.466445006140605,1.4982931089303542,1.486771291889115,1.5362283866819892,1.5259565673719138,1.5194691571259353,1.4429113685129464,1.504893657798572,1.4320899366759503,1.3058214331706919,1.265331637977555,1.1475855254772576,1.024472858830926,0.9620809950479347,0.8227413743557964,0.5596950764933241,0.5404097543429137,0.4597129453849358,0.11676785838818342
5.82,-0.09874195156890782,0.15739701177531937,0.2812309573713119,0.48699329063155455,0.5823807562044542,0.7059115536139282,0.8826762967688816,1.0464420293120626,1.1653734852787714,1.2350598800122472,1.3299753233897271,1.3291221869469376,1.4174448663425994,1.407448827399658,1.4605190721182433,1.4977994043226202,1.514262105916312,1.5793431232845632,1.5183149277366565,1.4499476657951615,1.4854310007446976,1.4170934282242493,1.3746568619209334,1.332105389528962,1.1419639723630126,1.0098488968968742,0.8853109128145996,0.7986063587667087,0.5811063509877462,0.5108346304895003,0.3714454214246138,0.10568972817408724
5.83,0.011139813577437686,0.1650983005717878,0.18473537890021913,0.4876081469930252,0.5759541996133022,0.7086861070106859,0.8430124939833273,1.029218274358016,1.1735053362488035,1.1827376891685661,1.2881946787944378,1.4309360655806957,1.4545956843618306,1.490936491981198,1.5033917488822057,1.5018641080819204,1.5100667102246959,1.482164964996312,1.5317200886372475,1.4330506283773554,1.4434171978947115,1.3562433236267093,1.343736017558058,1.2955493068261803,1.1327948708793227,1.0349036313203945,0.9345723382070525,0.795926597586417,0.5904103617331162,0.5139194881072344,0.3335090956201509,0.14364844296318222
5.84,-0.03855888756009694,0.12475543158713788,0.2442588107813174,0.46367252630800027,0.6050312720205495,0.6903383812813161,0.8738239474215451,1.1041335533716146,1.1430658534202465,1.16628359369209,1.2858636369287735,1.3556483971760667,1.496408000041594,1.4898581142846725,1.5390667257343313,1.5012049555151261,1.5473330703624282,1.5228996782902617,1.458278246669753,1.4353313473142992,1.4094886759225183,1.3809473119657016,1.3440048873630843,1.3248047652772232,1.1604580222827423,0.9759374392799376,0.893727733215827,0.8443837114875936,0.5860492469724008,0.5153297528684202,0.4018750324636692,0.14354858310958174
5.85,-0.003431972510655008,0.1576417932186862,0.21811904740571697,0.4103978528908454,0.6421231771485035,0.7629654031619094,0.912376596825217,1.0693613145064524,1.173079194108318,1.2290396530475103,1.2884125692100032,1.431413672843281,1.4745481381104535,1.4723783743777015,1.4457186966032285,1.5082350970797822,1.527704422583896,1.5518948814323845,1.5019828839347886,1.449923780679942,1.4065636598927929,1.373978393002035,1.3694231739119704,1.1624757416077287,1.163514599234415,1.04151636295494,0.9252762160415916,0.8072233815580838,0.5851751343852597,0.5274509321743656,0.44011047281447685,0.16293184754406217
5.859999999999999,0.02023440152645865,0.1134127930044437,0.2687218569440204,0.4226569623207759,0.5998785547119811,0.7236107093702114,0.8345347702930617,1.113955628325426,1.1548040388824796,1.174977605494293,1.2997763192932827,1.3665049994545244,1.4187304766890367,1.453648499431601,1.5108971024619828,1.5378500693530945,1.5054336666028407,1.434027083525893,1.5028388193653563,1.4045573841658114,1.3682217862345656,1.3826174694954818,1.3068550789926925,1.2370820672659142,1.178356828881597,1.0400823513375983,0.9425257711310528,0.8466796887825853,0.6522869947045588,0.6044749521557311,0.4540684278297865,0.20262831666318998
5.870000000000001,0.021853837971423935,0.14051400827772814,0.2971783450324011,0.41779606953503773,0.6253038879648372,0.7448064783479961,0.8244049108202787,1.0654113714219935,1.225537229395715,1.2603331782501084,1.3012811542867806,1.3642142195656777,1.4239164586799413,1.477357190617484,1.4642087662277457,1.5582917977588508,1.5408680496536404,1.5360456942615106,1.5462986549424367,1.4637415157561808,1.3997833756929472,1.39283433023353,1.3738586591189372,1.291347404282936,1.1696624442813286,1.053205295785678,0.9085908163768488,0.8679637067154803,0.6680776845898424,0.5723119915297061,0.47111522009975354,0.20291229783640904
5.880000000000001,0.038245312102148085,0.12640920004642722,0.28469077227436296,0.410726698289118,0.6573466107909082,0.7839992805867803,0.8380856233960785,1.1012918117172599,1.1696241980298359,1.2379290239957366,1.3490580666236143,1.3888426700931906,1.48008466555175,1.4674266188505927,1.5052189262747426,1.5645384113563934,1.5493946637938742,1.4833203027470259,1.4338577150675895,1.450654141670278,1.4270592713723125,1.3706828276091454,1.3420913074138365,1.2611835505018436,1.1795136298015416,0.9854235335930249,0.9489791274201054,0.8748249749272049,0.6042827760027849,0.5577926076068456,0.43011177188466837,0.2621622517436684
5.890000000000001,0.09030858480333585,0.12360251012819938,0.24706862228336438,0.36531211122276774,0.7351328275285203,0.7619888218434281,0.9048388444209268,1.0680754235852392,1.1723463420579152,1.2743303428036081,1.2841019455639193,1.356180376323385,1.411077815662606,1.4260732715953788,1.4867109148306836,1.5419276837466291,1.5367832090369815,1.5042726047385466,1.4532735625182527,1.3807170008607437,1.4714616382539265,1.3566609533008966,1.352609978747899,1.2833420888137295,1.19152256231443,1.0550057368007342,0.927892713239483,0.9665298567594723,0.7071405764797626,0.6054653541232562,0.43322251781779403,0.2126998343068594
5.9,0.05743881256187467,0.12264188276075114,0.27456493868573,0.3475725322415748,0.7096598732723988,0.7915196909049516,0.9784000398467332,1.1158920864204267,1.191152702153511,1.21833526528901,1.2526131161101697,1.3220154937893862,1.431180559351078,1.423877730175967,1.4636786150492802,1.501608209154127,1.542959124604888,1.5121560776574559,1.4576888295939003,1.5331475749276566,1.44913673707295,1.3473336362383181,1.3978241035583006,1.284152033533277,1.2400952849476332,1.153200822738514,0.9618784617358207,0.9282705749566746,0.724475150626228,0.6529508235800238,0.46541511791415235,0.23625507205726726
5.91,0.047692699089826686,0.08703664732386601,0.23301371018712563,0.41743690632499375,0.6944217285535762,0.7984220020386475,0.8788663707813795,1.0926594935759217,1.1725554861764402,1.2197249964851986,1.2870846313683757,1.402911025676408,1.4319950571066051,1.4630416139735303,1.4538911939599604,1.5135564513589606,1.5415273401818737,1.5354921630558966,1.547504752985105,1.430407462473256,1.437785386940972,1.3942706813665025,1.4101986503254358,1.3415867523371796,1.1992234298924611,1.0720656769981733,0.9822356389381248,0.9286814321054706,0.6847504920751976,0.6318435984783287,0.5175449353303524,0.2739908430436032
5.92,0.1088066929879024,0.0830660086679613,0.34074656480723886,0.43390409407532854,0.6798396064906598,0.7839858273587853,0.9183680093823372,1.1021652665972748,1.2213126184942757,1.2418834994690164,1.2509187006544207,1.3497751705931043,1.4304992215748078,1.4524664828775289,1.453627467291116,1.501163089724369,1.4503019558320174,1.4640729728309354,1.5366338966370185,1.4966596088887425,1.4111569627780842,1.4615951612388693,1.3716042297779056,1.2652637578032473,1.1895279010727562,1.1299659518091167,1.0165462913495782,0.9635209292529023,0.7051311819141944,0.6584327872629572,0.5128292998423133,0.28953747201732005
5.93,0.04750533782929311,0.10421918046824138,0.2954260199075971,0.3835186346737053,0.6443555484760893,0.8115839942078213,0.929224080900178,1.0602665764523547,1.1916366437421566,1.2287815075716022,1.3117488308981529,1.3789036981596332,1.4367661780701397,1.4211585902617305,1.4541525949854393,1.4962710181342453,1.4906472803069593,1.5265171263400872,1.4699874318344477,1.4603287714676805,1.4571166710375372,1.3645660164663438,1.4108216345241738,1.3327638935802277,1.2539568410311457,1.1370428432190405,1.0314361097681444,0.9267392124807845,0.7880300193385117,0.6656525489052403,0.546247209786847,0.26658769553390155
5.9399999999999995,0.09694877570658231,0.046789672121132844,0.3055608033817273,0.4095355993290805,0.7330400308357783,0.8032429067245103,0.9752562656147584,1.0992071376322912,1.1803057007188942,1.2935953278416248,1.3114172261046733,1.313955009955385,1.4401853857998401,1.4757818646365441,1.4703627213268733,1.5055469110909099,1.5319696895316586,1.4990238775248592,1.5283232084634288,1.517351105215438,1.4141553634751998,1.3323334439042047,1.3764178867801269,1.3179007222373094,1.2542319533422581,1.123740617958579,1.0618865013094556,0.9706154823561476,0.7558349729456073,0.7164185571263347,0.5243617237897344,0.26624188463488674
5.950000000000001,0.14022139803689704,0.08048226808736228,0.4169673484787732,0.4910933261827658,0.7018343392107075,0.8123128486288642,0.9402072354082185,1.1538731124674504,1.1246424905836165,1.2429648896508934,1.320290341875246,1.374926905576461,1.4462009967857699,1.4858159592440408,1.5100943677443752,1.5362686519330326,1.5454217200072984,1.4892243235090383,1.4771886289338507,1.5021376354724367,1.4621710260252887,1.4458092624540069,1.3761427220492146,1.3579151663858815,1.2548810286177543,1.1658485608743563,1.0800835838050085,0.9884010038766757,0.7519947598134697,0.646671585174414,0.5168189497078349,0.2512864819579742
5.960000000000001,0.15916862724384556,0.08890194603572528,0.45742001123258585,0.392128265964547,0.7088802973873807,0.8566005697822113,0.9225948463208642,1.0655818374853183,1.1429576007994036,1.1313655889352263,1.344018496247113,1.386339583612288,1.4067821849518987,1.4595172881229235,1.4919701607320326,1.4842050768146642,1.5360260261091623,1.4653092507204513,1.4749501038285597,1.5031881868287842,1.4606871753066553,1.4188853661819112,1.4165903772945774,1.2898757468461775,1.294878720092288,1.191643173826624,1.05848125631732,0.9277807343527803,0.7037150437421368,0.6764921284144465,0.5182491541112968,0.2931059549996308
5.970000000000001,0.1571611327545588,0.03300456904709937,0.3756126130694706,0.36978861007387903,0.7397586437691317,0.8242797150433336,0.9407253563604584,1.0437013527564876,1.131039008021742,1.231432142421551,1.3678992818581626,1.3919473170994447,1.4420587032320533,1.4643210138668568,1.5135367075777368,1.538867472523265,1.486186591778742,1.4952627074420832,1.5309532549185205,1.5341016824558986,1.438927780811436,1.4553740292497348,1.3969139715610308,1.3759228492561233,1.292673221195109,1.1730740669706874,1.0860712514195832,1.0127310757340362,0.744148932011465,0.7010993588232022,0.46605704346646465,0.2675476292867816
5.98,0.10515351386707011,0.1176939397128644,0.41650891198812107,0.39780612768050755,0.722422261288349,0.8450812762679364,0.9694555972184065,1.0745709407787183,1.1751998100544014,1.2459646302495428,1.2927043297884915,1.3433098221840658,1.3669703735854217,1.4517655691180016,1.5189552156085386,1.5649728901766868,1.5395657759479038,1.502649877653771,1.5346927233567251,1.484592975173296,1.4700986777616434,1.433963408197978,1.3767420306903349,1.3200462113227138,1.3022621346998273,1.2157304011285814,1.0808715718237958,0.9580052722258526,0.7405219761119617,0.6595883598821857,0.45642727601820554,0.2701839492041705
5.99,0.14562274090513716,0.07652593945365016,0.41035145161131753,0.4100783249118738,0.7325614297164402,0.8230602190814211,0.9434840578801337,1.0305084557531776,1.150119309658578,1.310844185256075,1.29912016133643,1.341230636469402,1.4003734702820307,1.4657149022641613,1.446094161397852,1.5005024330406043,1.538754706286972,1.4384274927163474,1.4875841505383647,1.5370711321668058,1.490709064120259,1.4317441629807048,1.3465862719653512,1.2995768298368164,1.2674832167131822,1.1835805856472719,1.089194199805084,0.9515051834124837,0.745773226191104,0.6534603449885023,0.46802324021929165,0.2659840142307997
6.0,0.10617069586094557,0.02794636666329585,0.44324288039932397,0.487459059019856,0.7103229093956294,0.8979414118833977,0.9944212848966294,1.0589320926216503,1.089632125403618,1.2608779687985185,1.3387100018582887,1.390518203414095,1.4190763999640574,1.5063261522628744,1.5112502217071822,1.5110838100287323,1.5416364969693084,1.5163833649553935,1.5145634210657493,1.5154311869888097,1.487007757952045,1.3855413823421414,1.361052534815474,1.321016064450234,1.3102559961542706,1.2433023105277425,1.090080578024607,0.9006040053582546,0.7372051270465527,0.6812952213709599,0.5083754096515428,0.26023225254574045
6.01,0.15147940615032485,0.04620104368146381,0.37451433497288644,0.43180500582108894,0.740875900100525,0.8735658166320746,1.013853375201051,1.0392564617308797,1.1484759665592854,1.2232968576411751,1.2874564088524094,1.3632463615371782,1.4510192203259664,1.501434877782614,1.531148116695934,1.5103348575818798,1.5702587714599958,1.5227851316896388,1.5372441513050599,1.5275572997314142,1.5302065602035138,1.4395141643034697,1.2932835547211874,1.3256825569143813,1.2390672034214787,1.164652280784701,1.0614438077743975,0.8815681408563348,0.7196324003906035,0.6562346632068732,0.4850035755423374,0.31440809156747695
6.02,0.1507284731677325,0.035360112316892796,0.43730869832239744,0.4374983763224903,0.7995047634704197,0.9150779917281565,0.9202449174590431,1.0037146371612162,1.1543566017518128,1.245545960925711,1.2931025458682135,1.4103493324080607,1.4276853511158687,1.461534960594247,1.495223194078061,1.5308914121995734,1.5633412168418697,1.4760966422260462,1.5262694633538239,1.5105535921725448,1.446813224390275,1.371525916795071,1.3605324013345654,1.3668940581183169,1.2415941916720867,1.2023774391312614,1.1057270293074168,0.9031200260930586,0.7579689850320394,0.7327119599140932,0.4502438378386861,0.20864159225381362
6.030000000000001,0.19484489419646905,0.08996002974362736,0.4392898590862666,0.5027555669600698,0.725682830655788,0.8831299734421502,0.987796323895285,1.0307326858614065,1.1155405208696767,1.2512359875786907,1.3135788105339226,1.4086660342252262,1.4657232464360217,1.4414875447335,1.4870817653348234,1.506371750719616,1.5052159737531123,1.5074016988210883,1.5036106622683187,1.4698383232016257,1.4773662207205827,1.4276305794487822,1.3014079747329608,1.3226521820071626,1.1952877491328495,1.2323581892512259,1.070268392776543,0.8489409768118162,0.7424530209795283,0.6007803813299768,0.43700904586558137,0.23879448457081476
6.040000000000001,0.18588169465062304,0.046270717431698145,0.4762253494519802,0.5424789992775583,0.7919377378971931,0.877490298927928,1.0527360517254476,1.0475403504356824,1.1531772372450677,1.2444426076849189,1.3056775057284835,1.335620506195507,1.4430715242219252,1.4571756982394934,1.4423059883944422,1.5335599300577971,1.5243217253898163,1.4846551411010718,1.5105809267986567,1.4982472099426887,1.5065826007160124,1.374740964936092,1.3043588112003368,1.2984598167928323,1.2019747224150041,1.1425201120901514,1.060179643837968,0.864380735927,0.7157455437809345,0.6550366586486589,0.3388047482176358,0.24963815823747112
6.050000000000001,0.22083569631255617,0.11027783240749608,0.4818548339781922,0.4917223485692353,0.7621491487450658,0.8223787173909259,0.9652451344292701,1.0269799442896241,1.0623882983309136,1.2019988304910134,1.3007610304774884,1.3495988225433257,1.4234915964539014,1.4718186154821136,1.469847270007355,1.5101255544548438,1.5451879195333422,1.5515578261991225,1.5001236329032661,1.5334673812467055,1.4800313158706329,1.4339440392434915,1.2556002367735433,1.2833963959621357,1.1784148730712054,1.1707451121933996,1.0838414935583291,0.824286153691913,0.7606756528239098,0.5868116208710284,0.4170965951970371,0.2820559391729816
6.0600000000000005,0.17693814622343718,0.07059400003331148,0.49587067693479625,0.5790023219695141,0.730822483138478,0.8827874119433313,1.0452917116614708,1.013766523835572,1.0884695019058144,1.1921410494026177,1.2537288142669731,1.2992087229079154,1.4159419179266073,1.4408585455249616,1.5073018172788508,1.5436920806974488,1.5222824540751103,1.5129937139110665,1.4725570198860665,1.413703279345041,1.4856969778603129,1.4024738252263187,1.2088409574060492,1.2937681260363507,1.1688060479235394,1.1503209135233738,0.9838819308108373,0.821502903139348,0.6594519662032299,0.5500446285542625,0.2767939844162319,0.23457673424458164
6.07,0.1730537173961096,0.07553753120677384,0.459938582236242,0.49493821705569635,0.7677604369769053,0.8505583999708284,0.9450341275224795,1.0386466855937992,1.1259795690521124,1.2184947505881079,1.334648935399664,1.3909167263996163,1.3971685172822055,1.4245828483159535,1.5060279603030073,1.4800240910586913,1.487474420526053,1.5674961140441401,1.5083886440329783,1.4865433906407974,1.4328654112333266,1.375672438648429,1.1570185890113232,1.2799990874772542,1.1320144560310277,1.1166938170013387,1.0530318786588626,0.7492845034618582,0.6763906489301331,0.5339876404039724,0.3318551785983301,0.23928969900627917
6.08,0.17898436306486892,0.10826871753271083,0.47225079686749943,0.5856951236910031,0.7364908971965741,0.8966045135655721,0.9869002502152892,0.998659283855884,1.1029022733900544,1.224017959443991,1.2886942288283942,1.3176070230527694,1.3630242474210177,1.4201610638440954,1.47981855818388,1.5100481458477928,1.50183234982801,1.5248363110006307,1.4723526472340647,1.4127319876579625,1.4238915759231299,1.4177544946830176,1.2341053177157761,1.2706129851333647,1.1887756087261558,1.1572154934342407,0.9874443921101571,0.7503332499727954,0.6167996426984941,0.48179065998716447,0.24075837503634281,0.308539853614925
6.09,0.08311611426672433,0.17108209381853343,0.46418682190378013,0.5353859259036757,0.7474268758196895,0.8836360512939265,1.0074392471267637,1.0470083750684862,1.0735613527365826,1.1877089791747033,1.312702732754958,1.374619399489368,1.438401720880708,1.4580858548864426,1.5113724766933396,1.4909961226844857,1.506618002808368,1.4764129883862032,1.497642918300703,1.4662397295362328,1.479631267033496,1.396014260578186,1.2045925716530488,1.240126833783379,1.151234483460332,1.1339512060605947,0.9642036106545351,0.7414115005977652,0.7104165460854828,0.5402624025143435,0.2643009389184603,0.21796612500675333
6.1,0.1719579778605014,0.1642204593407496,0.5374296703589507,0.5594986828630988,0.7005281357521724,0.8841070332276296,1.029958476075608,1.0249008642315194,1.0625299992600976,1.246084284849936,1.2872420706352623,1.3496029604616813,1.3994641915709811,1.4831114480428487,1.4893220590228695,1.5100191406856986,1.5248876715424977,1.4274446137920045,1.4575661788430483,1.421807395801374,1.4687723695598411,1.3575152752594057,1.2590519188549467,1.260594311164049,1.0799318274009944,1.066937996028788,0.9811699144837114,0.7536376731530291,0.7036687511301589,0.45371376459220364,0.3179862426469421,0.2501613032552127
6.109999999999999,0.12031682321512854,0.17823938936666692,0.4373209625334437,0.5659438836763268,0.7404823993228052,0.873977259065711,1.0194576216655673,0.9721057623346683,1.043220720508923,1.2202913121628094,1.274155054166201,1.4123321833438012,1.461882013392218,1.4886373039429173,1.5246855160525596,1.5875116602751778,1.5368117689126053,1.513727808462836,1.4834052387859091,1.4914650007480994,1.3729059234195398,1.30667097441047,1.1611247835523653,1.2333243042617892,1.0923078988840362,1.0948498593019342,0.9433881832205009,0.7106069997286341,0.6732304608456814,0.4608503889870762,0.283328398926461,0.23219199658109718
6.120000000000001,0.11227673988263318,0.18447788077266317,0.4585357800585494,0.5753418587195647,0.6870507846406175,0.8756791106639096,1.0334192835167029,1.0057515893972004,1.0681799902474651,1.2066557982004609,1.2727575318499635,1.3459408248718905,1.4064385231067578,1.4478633359148718,1.4704054298485314,1.5139494137835445,1.45528899295818,1.4944217421194717,1.5016451419946313,1.4414924739066415,1.447575795866335,1.3583820660002792,1.2681350446224076,1.278494823938161,1.1244300481478202,1.0838548018277292,0.9816210796876682,0.7277244392266653,0.697569902755101,0.46920525314235006,0.2727775512359798,0.18739067300894308
6.130000000000001,0.017342483296396843,0.11923640689702972,0.45687145354623615,0.5997810610255764,0.6938777251737213,0.8544941800451179,1.0225006382645718,0.9644153733581878,1.0460968490806641,1.1995383385144227,1.2555578480710303,1.3616680600248885,1.4348419324740447,1.4381312615894826,1.427148439504804,1.5328617245495895,1.4961692690032673,1.5186572771231053,1.526868159200838,1.4727501909175438,1.4071078267354826,1.3284916663819077,1.1593187690299467,1.2098576121271718,1.0702525918743306,1.1000365569992845,0.944588648309827,0.7366537109172859,0.6204650061665092,0.4617019881827618,0.24080374800637297,0.1556134848895084
6.140000000000001,0.048316434011178445,0.2185081903588529,0.41367745767529124,0.5967862667587369,0.655496000306355,0.8518030728191609,1.0026392952296685,0.9993551651393547,1.045457151004718,1.1575679024923557,1.307332876258143,1.321623327011525,1.454473753982878,1.3958384652232612,1.4483231166722224,1.4709907862168277,1.4361716837674887,1.447349734412757,1.4352930957571042,1.464963462396415,1.3843200179595887,1.3084717970756592,1.2379348729479926,1.2303530458367036,1.098088825912847,1.0739528671792709,0.9523377261606645,0.7205097524040287,0.6700357838828831,0.4783863813682322,0.26124697952351617,0.1714203859659464
6.15,0.005391006042268656,0.13792685422889225,0.4393078246144406,0.5539816739696999,0.6292635419761567,0.8505318953690054,0.9702465144715463,0.9835874593060903,1.0706857433363268,1.1882080188553228,1.2582309842257997,1.3524910237454728,1.388916528537145,1.4449040109411522,1.4832529910961607,1.5399861543280198,1.5576089862447964,1.4732521938470269,1.457870939466848,1.4132400158987837,1.3672892070685534,1.317487238640671,1.2168716085116837,1.1900662527978076,1.1460187770192714,1.0882989880142315,0.90668452516548,0.7423309489586758,0.6424071328709117,0.4877172228997152,0.2708198787265405,0.14057626678537774
6.16,0.000534164629038934,0.17769328216688354,0.41630793365643914,0.6007551285630867,0.6362724687752291,0.8486557012590514,0.9484367012287495,0.9816924719409879,1.0932904760984747,1.1730388897657065,1.3097841550275529,1.330830799444439,1.4754287558107433,1.4794697036637816,1.5021080540099658,1.5065840778812898,1.4704792528761446,1.542742765356544,1.498112344380074,1.4919330305822178,1.3250235740689578,1.2641651931784879,1.2279093165720605,1.2383157170814096,1.088462480261691,0.9841898291738572,0.9595561677825729,0.76982340324321,0.6891356079798266,0.49308321012557993,0.30027920877194353,0.17159757504290396
6.17,-0.07067484876688301,0.11430768811761503,0.37576217618411195,0.576109412527463,0.5683681253903204,0.9025559835019302,0.9379345524055595,1.0154455078801723,1.0759805582065656,1.110463820300157,1.2604061195943994,1.3642745850030942,1.404949198067575,1.4543063262235454,1.4642922264973446,1.5126021812157475,1.4691894064563071,1.5166797302337565,1.4969804057694636,1.4724971629683623,1.4264747149578272,1.3064387698592115,1.1779578946225677,1.215792695987755,1.10587770967823,1.1115383887751313,0.9752644357831197,0.7643108330597962,0.6611321191040782,0.5273137515291209,0.2791855815497242,0.10023545804317255
6.18,-0.03499524569677126,0.14743349653455154,0.3256764457051385,0.6001395179165132,0.6101807418944232,0.7920271571875318,0.8753374523072917,1.018558883097734,1.0967487352957468,1.1890220184226388,1.2245005992877762,1.3841084744625858,1.4142889937804803,1.4185384154811413,1.4881005241573497,1.4982341940942203,1.491469295065684,1.5019682798756682,1.4937413230405208,1.4495786716315724,1.3137468278743598,1.2893565508252345,1.2238781468041369,1.2144635112018416,1.136129599504368,1.038587775207985,0.9370203566889445,0.7224338770087568,0.6113883372019059,0.4605314910988115,0.2891609936906016,0.08871909970481032
6.1899999999999995,-0.07438719717558649,0.19733828375810059,0.36884298570527635,0.548283978477881,0.5662972094164576,0.8070302696189219,0.8574197370768717,0.950854650414356,1.1148090640063382,1.2005241864100353,1.2705348877222307,1.3548225338842097,1.3603751550479743,1.4471027228911628,1.491065418493996,1.477233006740023,1.4547121421404992,1.4442662741508074,1.4981943424869864,1.5065452378386186,1.3852193725902582,1.259104237035311,1.1625493192705862,1.1309969512652187,1.0693945343816023,1.0606814394671875,0.9057973511208216,0.7709125736234423,0.553186751750187,0.47000842970919054,0.27538861921462837,0.03279669412924343
6.200000000000001,-0.07167899771953443,0.1237860978023108,0.35974592265112565,0.5589693884354605,0.544673922053489,0.7340921264981107,0.8649538884484991,0.9622667889417005,1.1233938296477624,1.2042672709718958,1.3113072792699463,1.3221615805710478,1.460568694317479,1.4777670764858883,1.4464775546280615,1.4785919156557232,1.5273562210225384,1.5174892428027038,1.5140068066699643,1.4656634870313832,1.4203309998580207,1.2822196421535739,1.2267699777645922,1.1888968183705697,1.1235203905879247,1.0503705856472494,0.9616033890145148,0.6974018442286573,0.5793785037117433,0.485918826846607,0.2667269568319674,-0.003001590686332355
6.210000000000001,-0.10966399231818326,0.1508735549631692,0.3419771930613064,0.5281838975130815,0.5901287986564187,0.7839082938441804,0.9386513797499341,1.0211172485431688,1.1269010003872288,1.2073396528320592,1.2608823426567488,1.3422538703608715,1.3820940477119428,1.4463741856408696,1.4352221248185606,1.4618025002098138,1.5007371853264104,1.4551557814828362,1.541604241627868,1.4948023517301392,1.3627973149244705,1.3544266574680461,1.2494573757502987,1.2031206053264842,1.0416641930956883,1.0462533106527936,0.9071235914958407,0.6935476341735511,0.5562097055859275,0.4897871834461577,0.24833198082898994,0.08982731574063975
6.220000000000001,-0.11294218918180059,0.17182917096565567,0.32353314250489007,0.48194978428447477,0.5684076689899107,0.7468870449269138,0.9387411105174108,0.9888661058970337,1.1257123888593092,1.1727181028855935,1.2464552424707556,1.2693549076437547,1.3992379657285776,1.452362648330684,1.5219232904840057,1.4963056275011963,1.4693861705221651,1.4388135767991543,1.4942254167815836,1.4350905336070061,1.3454837420514296,1.2810120487067465,1.2355935829095739,1.1776482436244748,1.050946308586831,1.0671347622546117,0.9353580078068768,0.7018571805601245,0.5474869443683457,0.47685291970163135,0.2932141702915299,-0.05029028788630784
6.23,-0.10370737171825453,0.14212398254767797,0.33026411055230753,0.5485787241914062,0.5756834221824915,0.821609297309931,0.9297123884383975,1.0374961193862886,1.1795076109885791,1.212637973789244,1.313376328987203,1.3341764984276399,1.3560476477338612,1.417981382491422,1.4785183397870871,1.5298678035638045,1.5146710577796183,1.457439770862179,1.4556263113734778,1.4465667334490462,1.381722675416435,1.265640430699786,1.2128867396957774,1.215229013381698,1.1356142925576849,1.0179271713583582,0.8909206392809806,0.7392470582719071,0.5388521199160862,0.4424381362080025,0.2538462539193311,-0.0005039452663744507
6.24,-0.1539979368864487,0.07076706234939874,0.3012077270192102,0.5262501701881361,0.5616090291820443,0.7924709376929535,0.8620047618921265,1.0523932137323646,1.1360932792159877,1.2359825802740505,1.2303897089736346,1.3188803503911217,1.3873860295180485,1.4071446278508901,1.4679641512601518,1.4376952535848144,1.4940559762003882,1.3872711940965645,1.4964134037058368,1.485131415818034,1.412703907396535,1.3308504239561265,1.2575699362320127,1.2030798968965546,1.0792869695399374,1.0244705941147778,0.8701306971391417,0.6764269912022193,0.5388859283012205,0.47074385739979535,0.19991377972479185,-0.047935547889131264
6.25,-0.12946736558106461,0.13959013453838937,0.3700588100055058,0.5542178464009481,0.5870545784497218,0.7198389665137888,0.8393719051380919,0.9909453719947561,1.1273570587212902,1.1972489553137096,1.3539588856063138,1.3266089815300637,1.4388376416207471,1.4469335022598697,1.4844473513583825,1.4729384487336827,1.493004833578059,1.4693950645885718,1.4706659280904384,1.4181492079133535,1.4474141370293263,1.3099850251152185,1.2262988357640905,1.1648783648138323,1.0837132027406886,1.0238642080057363,0.9366339405778986,0.7073003872061638,0.48320762967193276,0.45082761672286326,0.2801289227220771,-0.04645049011722768
6.26,-0.06841685609117809,0.08823383468442428,0.3022320084321173,0.5835126853703572,0.5861912285814203,0.7349540378256613,0.9457385887284616,1.0771419803572169,1.1877004247816594,1.23295930309115,1.2750000462527804,1.3085058450341602,1.4160693969412028,1.4021597778833346,1.4397298680534827,1.4719890091144292,1.462002735625828,1.388534639222463,1.4528404089354892,1.4742600593819197,1.355102189058131,1.2798323985252398,1.2168414865939494,1.1400065975041238,1.0139176901788485,1.019317756293906,0.8974681993794978,0.7020167044577043,0.49113362069322797,0.4124911882100856,0.19555793618201459,0.0048915599678953925
6.27,-0.0923488484039726,0.14200698676283005,0.289166189533793,0.6022314395353912,0.6640982526899899,0.7946726957224715,0.838268033064731,1.0525404606112434,1.1630723267460865,1.2487897808266317,1.3391090239502572,1.3611151033903368,1.4015236840003928,1.4504568459407694,1.4898493459199702,1.5067867928318461,1.4982791059127218,1.4822266494737046,1.4134940570804297,1.4486394778234404,1.3178304222636372,1.2918992430390268,1.2378012153700884,1.2529153944419273,1.0716740854608444,1.0034258217842058,0.9046243107715979,0.7159274031619024,0.5159071798026217,0.43128082876873286,0.276593152123849,0.009719242530458177
6.280000000000001,-0.10466533831345647,0.16411637093633252,0.29348934621047235,0.548359641175807,0.6277759832734158,0.7583778387941844,0.8538833934000898,1.0313439001299698,1.2087808859209157,1.2575427889830528,1.3357923123105688,1.332769795620888,1.397815923264905,1.414774596021913,1.479721954757988,1.5407771774073318,1.4702648655719393,1.4825169346906744,1.4506598292096309,1.421420009905836,1.3250444109394492,1.3276971288270933,1.2869464321593667,1.1864389417321637,1.019641669544166,1.0479208755366354,0.9340675002515779,0.6803203862417216,0.4984184190516527,0.4495584832957354,0.2191545869649098,0.0006295408078730493
6.290000000000001,-0.03761072590911757,0.16131305464738543,0.3295066805098316,0.5500498312190154,0.6197009387914137,0.7389702254297524,0.8504421397123187,1.051613496431938,1.1503398186210196,1.2377565071498393,1.2646467177601486,1.2951803197888143,1.3805799455574992,1.416083370177118,1.4425555720133325,1.4963127007013572,1.437724621671985,1.406886554886244,1.4195672820263294,1.429380929427452,1.378867904584546,1.2907487921049614,1.2099775317153465,1.1895925195311858,1.051743899301876,0.9437043581810819,0.8950147361501246,0.649723417779119,0.500757838341979,0.450349292381412,0.26543808358377274,0.030104843026453693
6.300000000000001,-0.022466748481169176,0.19637993833723233,0.33563333566587444,0.5835011149107818,0.6325304998702097,0.7619560928640786,0.9268493704849328,1.0760970129196514,1.1836574612225121,1.2575485421152468,1.364772393776173,1.3800982970845783,1.377693187117615,1.4277108142320536,1.4612784941880932,1.475001800617567,1.4426701645574125,1.4766601161692716,1.476531287988103,1.4730538698734674,1.3476137331249103,1.2884749681351924,1.2419094324625273,1.1408486059909198,0.9776610634042205,0.9739637192624042,0.8362093434265225,0.6406111521305079,0.4919386176172296,0.34943472743016235,0.22972132049423935,0.07179769278098855
6.3100000000000005,-0.0137027468131795,0.19151682971715794,0.32484640155754085,0.580404517817763,0.6135708570086187,0.7162265350226505,0.9491737338057831,1.1254186724225173,1.1972831859773185,1.206588870721316,1.2971044841008543,1.3336747077044555,1.4277581503604568,1.3755426598798355,1.4128251196733481,1.4546371231537174,1.5077916864344774,1.437435786779249,1.4455702382455993,1.4822245790780997,1.32296340010572,1.2600462441806373,1.2740080140147851,1.1836767379669189,1.0322876269405048,0.9780239161722072,0.8775154880427505,0.6972918994770363,0.4625135427599677,0.3188315086806631,0.20213865190781347,0.04193975008966037
6.32,-0.03361316341014251,0.19690456233532055,0.3282168924826868,0.6427633654923381,0.6941496641928286,0.7434688124440723,0.8433122407543574,1.1278919856742529,1.207520118151013,1.23335748529473,1.3612980068407579,1.3606032485883426,1.3842345579310629,1.444500034429766,1.4983959711482702,1.493796107417298,1.4707601280764941,1.42296567563344,1.472394435992021,1.4606956463185585,1.3336847747368012,1.2757416817965321,1.247872954203567,1.1186286444596494,1.050933637007883,0.9392840298466375,0.8859817908356661,0.6672351320869081,0.5388072016848151,0.3790666570112285,0.2730708359700438,0.08461084439449205
6.33,-0.016193940576320422,0.24343145424636237,0.3205360938016597,0.6216275666162902,0.7021905725443106,0.7443789915120679,0.9183295530838612,0.9909595605682857,1.2124322094816486,1.2873149188860167,1.294322100087023,1.371728348520577,1.3914057993632902,1.4425656386762529,1.4616541522139745,1.4725223795404148,1.4581488083848912,1.4467825671946584,1.4567051743461361,1.3862561501546926,1.430404378395648,1.3544884427909085,1.3388405203743778,1.1688378244888098,1.0359418402313725,0.9594785290389911,0.871846147695783,0.7223858799299103,0.5259868439386425,0.44351261497242733,0.24105443052101438,0.10326588700600055
6.34,0.00801383764213112,0.16080614047688405,0.36367181872714255,0.6634921512047475,0.6838123818575903,0.7514381185886104,0.9092260938541201,1.1240943254312608,1.1703903184011542,1.229471254002575,1.2597450991863013,1.3480000824297764,1.3898510087054112,1.4143455226637567,1.4624069967622655,1.5037615283684336,1.42914269840714,1.4621100162741487,1.4276564323625855,1.3812473936592335,1.353475694644935,1.3072688099919028,1.2661433741001167,1.194033344957324,1.1131172216810865,0.9347447305219664,0.8791585345081615,0.7083379530281023,0.5358121919961798,0.3986367756072623,0.23567119166390582,0.1794431327145635
6.35,0.05458951856649591,0.2547407087122143,0.34231091476918313,0.5882109423137974,0.6735381520943098,0.7501834892706437,0.8636866119140059,1.1009348062091608,1.1669458564035984,1.283056996948611,1.3045729639112846,1.3716467308437001,1.3621208386659143,1.3940580100945787,1.479481465876632,1.459831213983536,1.4641507760323396,1.4610807712044636,1.3901831047586033,1.4168102680050711,1.3104800149572842,1.2893136935963978,1.3395962990887054,1.2169041706616879,1.048102354928523,0.9731533765093219,0.8067544784571031,0.6860703350158889,0.509907391398032,0.34521266391612515,0.28715913473602067,0.1869346151241759
6.359999999999999,0.07280189413952544,0.2557386975772418,0.3798474537807863,0.6604243121088036,0.740632182096681,0.737885624664391,0.901433280398981,1.008627164928914,1.1570147526248171,1.251291243443869,1.3028727029108067,1.3365134390643145,1.4151857928017164,1.4485310555276052,1.4775984083731017,1.4668115704922189,1.4667012445057241,1.4352029017987586,1.437685193436933,1.4533375845553516,1.3929255283997872,1.2922126466415627,1.3055033108633685,1.15808173522647,1.0267247105717963,0.9658247140725684,0.8571585657606284,0.679719783369889,0.5362606700424357,0.41064639649506596,0.3269224513681766,0.24360561081576795
6.370000000000001,0.04207265100501208,0.2873659730927765,0.2967767195842854,0.6480889365435312,0.6672393199815158,0.6993420961212564,0.8937877865693207,1.0445551471386345,1.1509658529478155,1.2603951631120052,1.3218981525956457,1.3363225469171325,1.378574320768715,1.425899664328205,1.4735893315897854,1.4555019110523597,1.4456929797672669,1.424448600558791,1.4400082707055446,1.4335449015474433,1.3760560440041152,1.2644424592196193,1.3277560404828688,1.125232933553722,1.0184060398859014,1.0246078812047001,0.8512557201649185,0.701518640286594,0.6057411991475028,0.40636940283517603,0.29204902078910244,0.1908943979983044
6.380000000000001,0.07686692312545909,0.3278583311495179,0.35202832968135345,0.6215499418140291,0.6216560158010843,0.7687398796942898,0.9803157876168226,1.0562254460841018,1.2236323960794027,1.2399697701683616,1.2918417623993053,1.388699079698366,1.4727225914187319,1.3989485942164583,1.5067326947389765,1.4777217932585685,1.5134473374048643,1.4175118340746564,1.489827549696013,1.4279240749048372,1.3933743485664905,1.292361219352838,1.28527563703245,1.1504317254956624,1.0622914347178405,0.9623599825648173,0.7439481043005445,0.7581795194610698,0.6613556968602945,0.41962415901933486,0.3272057349973493,0.27373958984514235
6.390000000000001,0.03417068324186992,0.26600277823783586,0.25264326374253665,0.6188771146509519,0.6745267538787064,0.7762900590195605,0.8905273207685414,1.087864989228451,1.13716609415441,1.2198738361448567,1.2716808531705195,1.3502773590283188,1.383867225045174,1.4114942186316635,1.392848421833629,1.5086557118813797,1.4914704105467147,1.4453564971069228,1.4691935959268005,1.4307708286013632,1.3433114955447303,1.3009911792300082,1.3136932287364813,1.1578092835360254,1.002807439098399,0.9760890052419319,0.8454112619194497,0.7000900861406263,0.6358972155900146,0.359961630367472,0.30132522672785617,0.2646790515966818
6.4,0.08407147228298248,0.3052930275870196,0.2622767313797566,0.5063262711947625,0.6486123544790858,0.7460146976527763,0.8813827146611944,1.092035312029874,1.155142959696584,1.2538527657167653,1.3238061205803633,1.3746111820881124,1.3806150978998204,1.4541350022597401,1.475982702817618,1.4648636090042009,1.4725256668585966,1.4280072080628041,1.4197654359214715,1.3444283085793785,1.3534193645803476,1.2560018789558114,1.3727343283965148,1.1842926399988356,1.0216106389829198,0.9444309415903573,0.8423720356216402,0.808951738368898,0.7011456162687905,0.4578641956563092,0.37383656994803544,0.2660734775878461
6.41,0.1179492373479354,0.29822768900249275,0.33096965888479096,0.5747338506624922,0.7216901882056687,0.7961813544457574,0.9457419042012639,1.068308387173749,1.0729353641432366,1.294294500294939,1.2830732477844131,1.4149176351777992,1.436129158188314,1.4332982810961015,1.4370506351483718,1.463773397485983,1.51895982081486,1.4722165814383419,1.4525645698802254,1.3845801146857752,1.3999060904313039,1.2586558120108897,1.3135037971744004,1.1138609388527851,1.0234817611158982,0.9279620484793948,0.7844272986605819,0.772169912496342,0.7451274448420958,0.4458220496937919,0.38083921803651233,0.3037887558456334
6.42,0.09089539906711877,0.3190142229454308,0.3341300969493547,0.5228422801361413,0.6801528243708477,0.7375684831605384,0.9261752926751435,1.1075065105710902,1.1366072163506309,1.246529445402495,1.320425813051628,1.3353850019591176,1.4147364545828243,1.4351506479723473,1.4235779224781098,1.4496856879237245,1.4402559644111887,1.4592518082672377,1.4451841111497947,1.3455985784307563,1.3177953758903438,1.281964086533207,1.3128448758708187,1.123207571177237,1.0846225812286987,0.8614385855818165,0.8153689046685068,0.7849753975520186,0.7258258036806567,0.4285880980230387,0.3522177148797745,0.2978653574758613
6.43,0.07978316431946955,0.32554046535171316,0.3055966622414287,0.5357848781868495,0.710614742970478,0.7446051386890162,0.9038473844387016,1.037117647778746,1.1372078099408929,1.2188594685186227,1.2493982650396707,1.370120510154911,1.3972071672847441,1.419295059993068,1.4759883992167409,1.4940088011674433,1.4591167098922755,1.4811850370415713,1.4450698611611186,1.3659511499398125,1.3407269037377967,1.3112639008156304,1.3358084675206148,1.1221090343067603,1.0615137627045843,0.9409744020433757,0.8367518057114881,0.8022213968525642,0.6929006305564342,0.42350892896629594,0.34417267851879013,0.299729131742395
6.4399999999999995,0.06618845238008422,0.31061798922622086,0.33333004605569994,0.5718463775653291,0.6867562024845055,0.8035793439245505,0.9133713669746643,1.0888823982281364,1.1191602225685848,1.2422395220282711,1.3377476223098534,1.3694317013678572,1.4251970382865549,1.4747457167934055,1.5102746640667915,1.4958717092251501,1.5248500855040503,1.5053184476138044,1.4358534964294902,1.401059850064991,1.3597733385954802,1.2659651628683084,1.2988724505143145,1.1398453601276022,1.0510661618075599,0.9329853730642735,0.8182589592177671,0.8434263037210743,0.7719043771878896,0.43155282627061514,0.4201763356649081,0.2946696435683611
6.450000000000001,0.10281132930351211,0.31646187430823847,0.3028448281553817,0.521619046330375,0.7174609995610323,0.789704180050739,0.8787721562310686,0.9819272217386841,1.1224247507485052,1.2056344790520659,1.3431367677283466,1.3271762544164072,1.396638588860474,1.4738502439728978,1.5233442819992054,1.4864604201241032,1.4977403951415391,1.4428252324789927,1.435584556082628,1.4032490110116433,1.3878385339488855,1.3241902817832056,1.331999316331102,1.0483624656208081,1.104187688982215,0.8894502296373747,0.8012445215833599,0.8549967927855632,0.7784628816665834,0.458743630441069,0.4256430748976924,0.3322664629885431
6.460000000000001,0.11343274809958992,0.34159699631578594,0.3066263667319725,0.4903323668317162,0.6676555854044103,0.7255258938990381,0.8948086379525045,1.0823248164349168,1.1350992378755111,1.260539253679077,1.3140079983476682,1.351497021638368,1.4430317118241511,1.4714881686827284,1.4774092067230131,1.4219244290883084,1.5226721966694596,1.4962636445471127,1.3958393518524796,1.342329092814721,1.3744211538140874,1.3202694095491825,1.310899108677902,1.133368533039362,1.0274034887784103,0.8637284188276655,0.7660475822026926,0.8344512926491847,0.77135845699436,0.49365969694691025,0.37419692996092685,0.25516147941585354
6.470000000000001,0.1589001494027419,0.31007566399228326,0.36934023395934007,0.5140005717710733,0.7591352409238805,0.7045929783430082,0.9726499468570742,1.058100063886162,1.146065270727941,1.169579543714184,1.2787138843770243,1.3491320822722837,1.419157255883527,1.4748405613519708,1.4815176919012458,1.44561517252163,1.4412211435679445,1.4708357999154509,1.4256502233253832,1.3949002667751689,1.3515053820867289,1.3004906014801878,1.3915669687976746,1.0906537439175437,1.019224684759786,0.9009445921623165,0.8217581124001955,0.8223160257806847,0.7497560524156651,0.48107220353610386,0.4576513076246238,0.31174735964584976
6.48,0.10667184577864484,0.33405330616825546,0.34816067301766396,0.44604284586323223,0.7467118354083667,0.7685032358404242,0.9545001469658221,1.1002963042126908,1.123193345310775,1.2172036971201994,1.2941077159163588,1.3425118857233318,1.4055812021442913,1.502196962293313,1.4903507783567282,1.5357013064327856,1.4923556443721313,1.4881213715919424,1.403684654182245,1.3725124464700367,1.328494380602911,1.2858520253849919,1.3546005975870055,1.1530974260728841,1.1026959673754986,0.8511780233814266,0.7688885048133555,0.8268312532790064,0.7177832063024403,0.47371448055783866,0.43909718219352883,0.3270239732322917
6.49,0.11509091548658863,0.32986020944943595,0.3520475342620726,0.4722715518561121,0.683059285736668,0.8693259706908061,0.9764362595651422,1.0601034275714625,1.1433974048133173,1.2468630876365674,1.37295785041366,1.3503080879231826,1.4261415348001318,1.4487428257733281,1.4597072590274296,1.4894243922162032,1.5179223226361798,1.5297588393390902,1.4511968815341703,1.3500386926306647,1.3176465941063362,1.2568078787255519,1.3200251388029567,1.1213825964272355,1.0841583082631137,0.824238289361286,0.7281703420053453,0.8741110378615629,0.8112391680394342,0.49348284920360114,0.34736311142105347,0.35365516563327
6.5,0.12586599387571437,0.2830256138572572,0.3648444454755636,0.4132157393094825,0.7051371108491541,0.8153860315949106,0.9493113011716646,1.0234697204274332,1.0717399953716182,1.2481927918408042,1.256711378157641,1.345032624512565,1.4554785611884604,1.5023619249364053,1.4676659250370214,1.4718461442691961,1.450177982163988,1.4269646260892284,1.4526356970849998,1.3476964848782247,1.3131127203111201,1.2430670461194337,1.3023015232855446,1.1121446100806662,1.1329253355749822,0.7867523809295721,0.6998885493673266,0.8513623378891321,0.7584561132149618,0.447934765286249,0.3857121719668171,0.30480059188253716
6.51,0.10653295684749178,0.3387726603832341,0.3706850994065708,0.45760984743470084,0.7101769438788207,0.8328732923430869,0.9228533616337491,1.0290144357108073,1.1736624550300059,1.254330246965236,1.3062683778689679,1.285451608247161,1.4068533515241683,1.4521657105250605,1.4787420302084506,1.481337717623333,1.4660587681841608,1.5457237035304727,1.3713984732074558,1.4108565581928167,1.3890310864799615,1.2533133101410516,1.299707855436423,1.0662907557861108,1.0717450791127343,0.8224214515110296,0.702408411187591,0.8625968870649806,0.7529563085149528,0.47928340610325104,0.39851633391988234,0.22846401566486796
6.52,0.1096469601411848,0.31706276981887394,0.3762949943390655,0.43341804410340634,0.7213245065879771,0.8143848197377191,0.9376267820463728,1.0173934723300015,1.1066160097100757,1.2746720494694637,1.3591788420111748,1.4377172812873527,1.4249556023197263,1.4391904398732915,1.4443695015974698,1.4667357409207733,1.4569261380935694,1.503536580024334,1.4283993959857342,1.3709320352712957,1.2919569407126978,1.2774676974709145,1.3700205985745353,1.0401077275152908,1.097808986605582,0.8483972263109563,0.7126824114419529,0.8573120288540738,0.800630808165236,0.5148616427330377,0.4926137910550441,0.30465696809798476
6.530000000000001,0.14426294171757986,0.3387654080069837,0.39723474684692606,0.4196252241163546,0.6946096938800755,0.8463347721836306,1.0296452555740745,1.0526480985053965,1.1038686112969653,1.2380815366702749,1.3228655216332756,1.367589408948358,1.4009466015637564,1.4701228511821973,1.4478363890964614,1.49902924169644,1.4392208384905645,1.5139176485426256,1.4311521945688428,1.3841167654759707,1.3156720611207753,1.2366014258975582,1.3280356499250974,1.1017116896629664,1.0879553139412965,0.8684242497848317,0.7029222377375236,0.8532711800092726,0.7410821751153508,0.6095853634788224,0.43255718320151587,0.30356531155396305
6.540000000000001,0.11804609138605848,0.26952142291550624,0.4056634439543741,0.45720015308766965,0.7256605868244935,0.8140401412467949,0.9515415495319303,1.0168378710668078,1.0486473013081032,1.2067007401323604,1.267006013816204,1.3644387081132818,1.435174559117104,1.4759937087957375,1.457359431603957,1.3906064546790076,1.4867771862567705,1.455478020805118,1.4479229475995143,1.3736545863517675,1.3045693793224122,1.2296909157888483,1.3424898839822235,1.0160614968897381,1.1051872760431751,0.8579541272828802,0.7149823183837529,0.8688195624960902,0.7597861745568466,0.6182447841075851,0.4847410522223934,0.2239109477572836
6.550000000000001,0.09733485325996885,0.3162543990040218,0.43991987012525313,0.42947865329119367,0.6878442902127893,0.8389066772943841,0.9644608751430884,1.0376645608740054,1.1427961740784551,1.2340037837834947,1.292797986642717,1.350396282504395,1.4206474743585908,1.5028543312882512,1.4732731230413518,1.4712803360995947,1.4712467987952598,1.5259614194228253,1.4416757606492847,1.4182621499818566,1.2816160541109214,1.231728250187087,1.3307542171373319,1.080298061902523,1.17686916031095,0.8555722335059718,0.7397868404433071,0.8793276000375432,0.7306056669743444,0.5919794445783342,0.4528310652207954,0.2767170249529106
6.5600000000000005,0.11296805668373829,0.27577123340068554,0.39180655005116355,0.43047091955002353,0.6487978023971249,0.8597528939137791,0.9881715721361102,1.0195562882103617,1.0931108029630046,1.2714128047868716,1.364709471881896,1.341595001982341,1.4084506634408354,1.42784353308572,1.4698471003182474,1.4731801647749097,1.4633539005138079,1.4818834178273481,1.3921602728117244,1.34625241045716,1.335171109607969,1.2670920323129315,1.3207746274668373,1.0549385575916734,1.121798772373055,0.8746477985730778,0.773355134875127,0.9224332973729265,0.7524291330937347,0.6772360235440646,0.4384881943944754,0.24061936274354706
6.57,0.11441301357298128,0.2770663861298461,0.4529795174525634,0.428545335531262,0.643480235805977,0.9026686648739907,0.919157258262708,1.0007211237252716,1.1327208946013472,1.2162225967617217,1.3546993079785576,1.3802928690097185,1.421720997876106,1.459756859886044,1.4786449318177255,1.4496201716668264,1.4349211029658928,1.5067087325040025,1.4660410975007498,1.4210499851566558,1.2479450122148585,1.2587495434699236,1.357891826292762,1.1385484323497972,1.2219305370194145,0.861754261034298,0.761066306171718,0.9191925544076055,0.6945762663091536,0.5782415998411663,0.5033404077998392,0.2353806499003941
6.58,0.10792957193546263,0.2454749456582826,0.448019181642925,0.434260330205421,0.6289970508104,0.8608006830580144,0.9398466202125201,1.0687667198512478,1.1207433082531963,1.2571212809100452,1.315340925068748,1.3857006211020588,1.3912977597117195,1.4329963908151226,1.472579807645917,1.515901544596419,1.4828680044119555,1.5078455455437607,1.4700375552564198,1.4471767934169444,1.3144258418596406,1.2992325562985292,1.3384517820904887,1.1236382766777373,1.2346769798944819,0.8672787396272565,0.7835009799801744,0.9517484748923901,0.7025837216597041,0.6427960448152321,0.4825120780482163,0.26341310382395644
6.59,0.11154408350913313,0.23724384867719361,0.4120776659267496,0.4573764731515714,0.6349730909039595,0.8948299439197228,0.9735132150890795,1.0110104132144446,1.1250188603862452,1.1949224013021693,1.2667715534030202,1.3372851374847077,1.398006976475316,1.4616957739162502,1.4636003932630006,1.520776263158855,1.4871831933052317,1.507980808728523,1.4170377444016662,1.417177945818838,1.3210902685634924,1.2187016737152405,1.2987644981583677,1.0971741889979139,1.2029919873378494,0.938268583090617,0.749833217367052,0.8857157703621055,0.6619340791825136,0.6282713538062955,0.49219954559416795,0.20202530412161765
6.6,0.06827336450034242,0.24380404369312117,0.4643300375032386,0.427384417215723,0.6768664860639071,0.9158553535146974,0.9917760442487891,1.0047691308555116,1.0750444687220972,1.2195438652989536,1.3293682236304392,1.3325440772159332,1.4336977979542136,1.4840729670897488,1.505429948871513,1.5022357665712742,1.5005602221666154,1.4914137473221767,1.4252899926813347,1.46916589470494,1.3270321983350768,1.2832647794086802,1.3129073035903995,1.1319030479012615,1.2482431040446997,0.9307268715113355,0.8093809709139883,0.9469688082076994,0.6868254327199844,0.7876975424020078,0.4655865966332484,0.1669130774157604
6.609999999999999,0.11219090336796095,0.23380621256182407,0.4555013399164673,0.3624281505907151,0.6532014655272638,0.8591039922540376,0.9242139191230706,0.9283922428616715,1.095347308426,1.1985308263221457,1.3029178478636358,1.3966691115377945,1.4160479621152418,1.4368108817688425,1.4835323907209694,1.4316090578358935,1.4698113618919535,1.4943188079678502,1.4288518459252053,1.4987554011730198,1.2718811692385774,1.2388501316786917,1.2882910246178183,1.1400648729701113,1.2626470990529948,0.9689409862212508,0.8351687446211136,0.9468586224506113,0.6607435449358791,0.7433953449684609,0.49297609770013445,0.19255362177358715
6.620000000000001,0.04215721604674025,0.1604591637729521,0.449807458194003,0.40961671800904226,0.7096871102133981,0.8237127618899495,1.0107581984377958,0.9931763011433753,1.096116037889633,1.1779197694363992,1.2540308894619867,1.3097842431950562,1.394229604589136,1.424943309240372,1.3742509629533537,1.467195457611943,1.498823814069666,1.552192397219441,1.4454239065984775,1.4880831214405117,1.351281667167034,1.237023167539816,1.3168925245042926,1.1792678257194413,1.3081124805243838,0.9377713225866449,0.8481879988383666,0.8993905837464775,0.6357286192541953,0.628847287218847,0.5046568403129943,0.15779297076194182
6.630000000000001,0.0300503413608455,0.17865970667678957,0.4283258889457831,0.41133353984664717,0.6362248612527586,0.8767783552269403,0.9986914701991625,1.006582416227612,1.1393691374477364,1.2016594472400985,1.3233530181803694,1.4005409881582356,1.4105982408210314,1.4694790686565649,1.474437431034898,1.506983596157963,1.4901908687260743,1.4781909674817686,1.428552528091404,1.4132675776953345,1.360775755854893,1.334216295656681,1.2520322372720198,1.1283533184617893,1.2685884896915547,0.9899086597565896,0.8903029267504695,0.8451053047045025,0.6289405366003081,0.6776726487465594,0.46979647667277924,0.13568172780755958
6.640000000000001,-0.012696439260707694,0.16047619866800977,0.4474861435046101,0.4145233761194403,0.6564988195704257,0.8785195110438102,0.9119677376046135,0.9781020227023044,1.0870186837410398,1.2022896472149234,1.2609785608994992,1.3498065866673439,1.4284230615839022,1.424358324683188,1.4630560009315847,1.4679981107600386,1.4854536020369613,1.467361079467402,1.4681623441932068,1.4968549074382713,1.3480615915548935,1.2967272872563236,1.307998262466699,1.198601570349788,1.2573989682843492,1.0378905795570543,0.8718453170957982,0.8428558529771613,0.5852747670684352,0.6852699975535247,0.4366267734983058,0.1650125191431424
6.65,-0.0126482653603465,0.15847563371198867,0.42404717033707356,0.4421000828981485,0.6438091188240703,0.7531514909640401,0.955655465295865,0.968516994948968,1.1015390026822767,1.183406812282617,1.2895087252530537,1.3522063459082576,1.4412200119837606,1.4939078090713878,1.5062317163676768,1.4553187707182356,1.4499701627341428,1.5171128156725184,1.4192296696346631,1.4659550698651265,1.3796716435008718,1.298772279402427,1.2743652563015009,1.2126348933956237,1.2632843213099707,1.0384607810203788,0.9022199872802431,0.8668516532850741,0.6001113430770065,0.6931658210469058,0.4180434982641282,0.06953114715705754
6.66,-0.022088384409203198,0.060757750317343644,0.3664425555967968,0.45555293934613017,0.6492636516613607,0.8391505923600233,0.935188253544128,0.9702876479959376,1.1063596957703612,1.2558210468015187,1.3189629825390174,1.3827864875438958,1.4250770560688697,1.4750737515078864,1.426000604676632,1.4454964697312722,1.5132631806630048,1.5209158174513924,1.4228642479853562,1.5147113236427558,1.4234469771229339,1.3564063503347206,1.2553366736218592,1.211652604635788,1.2404951428222923,1.0792598288987287,0.8724963811723823,0.8100272435489444,0.5749448132282151,0.6899506653127256,0.3624538236179439,0.12319393148815952
6.67,-0.07854664188117191,0.10400798790417733,0.4435987661727114,0.5104079225606619,0.6289265445677914,0.8115612681893887,0.9400151733396886,0.9513757549831623,1.1052931822538652,1.2437906465263895,1.287884899158004,1.3682948318867536,1.406572312321008,1.4273681051273854,1.4848776506296741,1.5165259349713938,1.4649259907778478,1.5193478276850514,1.4776964511861408,1.514439842059721,1.4485811402179005,1.28064803570457,1.231993177934246,1.228845656369234,1.2363362230853274,1.060545854502351,0.9236585877293543,0.8310728119810841,0.5033404867231506,0.6172088454117128,0.32041491929313237,0.09996955025536634
6.68,-0.04453115571207229,0.10848213533123743,0.4305580340335393,0.5034759862177302,0.6201904743687172,0.7993908110654198,0.936444732067126,0.9929426892879224,1.111088204601133,1.2410777351395283,1.2993828433327685,1.3512081990838989,1.4279553898103958,1.4261215695803946,1.4779797800137338,1.487379776546486,1.5042779931787895,1.5181164218362218,1.4843179817742542,1.4675566574636625,1.352846568729039,1.2831588822245652,1.2060544742047372,1.210262991710873,1.1799881980257596,1.0599547696796328,0.9296963431401005,0.7637319259436314,0.4900358421598608,0.6442996478333757,0.39752031424921247,0.13161175314170445
6.6899999999999995,-0.07488245749167786,0.06887100245591511,0.3814902592517487,0.5045213383097411,0.6156391177415129,0.8555153406669287,0.9561883590251381,0.9909537400598369,1.0553830201409509,1.1844229120931025,1.252870209077181,1.4156824505243726,1.492537221917513,1.449259311383916,1.5010580273609018,1.5514018633345419,1.5206694419632287,1.4797669200115493,1.4830755775610185,1.525764564698025,1.3721112467745864,1.364426685061727,1.176065909366315,1.2397415787840143,1.207663742112199,1.0340272615408161,0.9404494561229493,0.8058311837813724,0.49346670255207864,0.5964313117397373,0.27578759917000606,0.08128598512921938
6.700000000000001,-0.038561516563717105,0.1511307269278665,0.3644783328958896,0.4987271644070774,0.6810499527592263,0.8822649581078291,0.8497710069801453,0.9419798846653247,1.050163790799845,1.189263917971024,1.2493274928675377,1.3533301041662993,1.4106854569860052,1.4976254167779728,1.520152430563089,1.5325095978978376,1.502899248579864,1.596861028936578,1.4765851272346324,1.4934254429729856,1.4315019787748815,1.3361043008521567,1.1991895123746341,1.2043084156392219,1.159354574492806,1.0347046581729549,1.0091011115292337,0.7142264441405479,0.46525264873181443,0.5844744094053921,0.2377057794693954,0.04007915438969815
6.710000000000001,-0.05080693504954068,0.11356132645189865,0.3665458386158818,0.4935340686243105,0.6404803041524543,0.8388763391283478,0.9500625082370043,0.921926289336142,1.1279250242561574,1.1936546687734404,1.265376848491277,1.3846142851331318,1.4600143479494356,1.454690672306099,1.5426138400840137,1.4728754315318666,1.51154701211275,1.5411665446136467,1.5109049861778368,1.5411578650545361,1.4166046433155057,1.3238285173982103,1.1843339165584008,1.2027500447455006,1.151963961037114,1.0693832772939271,0.9713518886370348,0.7088774949792168,0.47882332942909,0.5579868377997811,0.2330588194388699,0.014545087018463566
6.720000000000001,-0.031452448315726016,0.12778137296571843,0.3510441039558244,0.5502415761648798,0.594794589185817,0.7916081322512495,0.9590787166603939,1.052473387516054,1.1133937864197172,1.1230343087802492,1.2772204100642002,1.4007343879460883,1.4671591549792364,1.4344672885585192,1.5408995229799505,1.4849935110665087,1.5213373702297823,1.516682071641729,1.5072016261923058,1.4804090453189114,1.4315675839404183,1.319545232687,1.1540507968706815,1.1730679281206735,1.1273379058349147,1.093639460793962,0.9091796924367914,0.6725497732472678,0.5301190826089254,0.5182471423797406,0.22788149595205356,0.09243672745128588
6.73,-0.06449213866387382,0.134010737767454,0.32524557070826127,0.5781799577647648,0.6189019387185313,0.8182276965537005,0.883177790883856,0.9827067040083219,1.1478706958824954,1.1924927735313744,1.2780047469965234,1.399190455600582,1.4274437070363355,1.4547726887263244,1.454603062870447,1.4691918297787545,1.5047361907323573,1.5763032490956894,1.5515175587214236,1.4308052689838817,1.3670364611867354,1.3151046586748658,1.1615988705718725,1.2490164848113268,1.1460965623988315,1.0547777999848,0.9775868831873394,0.6435200344722489,0.46840208628920005,0.5035429793312646,0.26017627339421745,0.07776855722854525
6.74,-0.16309091227255068,0.1251826011442079,0.32139535162716676,0.6197774981729449,0.6129971819724918,0.8340492503883856,0.8456723607536113,0.9765885717423866,1.1285411496764781,1.1950311146680583,1.315347109712761,1.3625760486961402,1.4063983860353466,1.4472664429561297,1.5286232311747137,1.5065206153897446,1.4496699037371212,1.5372727989015746,1.4552467825384656,1.4523917142277825,1.3896081659217954,1.3512842317007956,1.2012333650475835,1.1861310656883166,1.1057629517299135,1.0693586644934205,0.9793530113288409,0.6780759377606049,0.47036702579767303,0.48022922582611577,0.1310582599196987,0.0737391264451574
6.75,-0.03536018618048321,0.13345517727542658,0.3671626560540315,0.6055543155634712,0.5795179934982606,0.765811754072504,0.8970184212672775,0.9974279929866735,1.0841150037928038,1.1506670352978603,1.256039918237944,1.3553108878141407,1.4694349554413004,1.4587232196438287,1.4959980261823869,1.4872068503215532,1.5008837107665183,1.5315646163337784,1.4749704747445578,1.4860840026734392,1.368532030247693,1.3357042752993962,1.1732038248510475,1.1288574817326418,1.0601046724352536,1.0376638750214942,0.9370929667775307,0.6666869282242263,0.5096880535322098,0.46822643889685606,0.14121219581223052,0.11175656857831202
6.76,-0.05681801467668035,0.17459147994907784,0.33144720392748694,0.6628625440715448,0.6245354288840734,0.7710198558063169,0.8579210798154285,1.0202637156992784,1.0629561598188597,1.251221291858072,1.2136809046502566,1.4280684072239396,1.3927245035301818,1.4678603694155,1.517896323159035,1.5206918223262018,1.514986251476374,1.5392605495976197,1.4539244527163577,1.5055473636600814,1.4119174052221801,1.3962817411033632,1.152377469946976,1.2482270742435748,1.1210403136916538,1.1052705201662048,0.9129947171397822,0.6254346725180874,0.5650583412267315,0.4215895401301664,0.2057446215979527,0.08917905897082525
6.77,-0.06825235296617277,0.16132235524451222,0.2773265960485562,0.5819040350828104,0.6064664780523016,0.7717233691045977,0.8600232838441566,1.0633032899267127,1.1302348683208778,1.1968194021419176,1.3148834661638684,1.3804292090431987,1.46595194692028,1.4730867493248294,1.5135286415546896,1.524329884675408,1.4621027626460144,1.5298251486650378,1.5005395434397002,1.5852224678392743,1.4535171271748375,1.3195039589969517,1.1904126870637681,1.2040605386339642,1.019628292262357,1.0297378646450142,0.925069678038146,0.6182395761429562,0.5681966535894137,0.4499869489684264,0.1591659206596978,0.09347710668126272
6.780000000000001,-0.06452760281527478,0.11547511831052187,0.2678108504859041,0.6367775894564373,0.5925747103668461,0.7164667952857844,0.8552511819282627,1.0641479006244403,1.2073833291407472,1.2186524967884487,1.300349329159416,1.406890395131762,1.450355285507916,1.507986672032525,1.5027270112066782,1.5658369914298012,1.489550096104705,1.584267551731625,1.4628399399383087,1.472464274419391,1.4288182583083158,1.3887588029278486,1.1738434517264333,1.270431600289281,1.0747938922779194,1.0496286516438598,0.9788031023973588,0.6649845919949483,0.5881651524883883,0.40383624038877675,0.13575316796966314,0.048730332280903815
6.790000000000001,-0.05893233575926311,0.1586788828033804,0.32483728002964285,0.6539349149703374,0.6572913493232504,0.7480345799572683,0.9332971215826118,1.0134804505810764,1.1268776331512758,1.211103253273313,1.2889270222400842,1.38109081976354,1.4464385865109868,1.519659064303469,1.5037845676076171,1.5127241840697236,1.487280029592569,1.549759924695859,1.4935398947417762,1.4843913103435322,1.435003378654421,1.3762263527903362,1.1688116188188447,1.2182614726576926,1.0762352287273989,1.054428158883571,0.9495158614811798,0.6105376190064754,0.6721873708364786,0.39159189075561773,0.20053480769246226,0.09225080998365824
6.800000000000001,-0.06919372128758432,0.1525256882871402,0.2811486028021526,0.6594837183656469,0.6005772160379511,0.7225394849423968,0.8545549982717087,1.0117563502274658,1.1793538008774604,1.2111157460544257,1.333061658297042,1.3903726082567014,1.4518279244589707,1.4520361947675642,1.4887066658952643,1.4921084229626336,1.530336738845612,1.5203664045592895,1.4938703752408709,1.508522480222865,1.3857371819107798,1.3761856354342226,1.190766150593812,1.122213045192266,0.9679324381144074,1.0462271999094668,0.9607750158825805,0.643095249745341,0.6229229062285055,0.3428704479019324,0.130675319888209,0.041210577151935886
6.8100000000000005,-0.07472925428609169,0.12788658911934037,0.2594178156853837,0.6173870819084334,0.6471365343883618,0.7011458000363157,0.8320692437982551,1.0156860447537825,1.1363849250040734,1.1541341251569817,1.289072624810136,1.3642212508157094,1.3901115588782884,1.4679143570356779,1.5013289039260715,1.4922208634621703,1.4952960111103186,1.5522261992677697,1.5062535327383901,1.4886880105627192,1.3475192629751285,1.3922851769349138,1.2081529272840736,1.2204673310090417,1.0676994367212003,1.1037385012052559,1.005807694723995,0.6680674473216696,0.683470700139809,0.40789795258943473,0.16495170888040717,0.14727990908436206
6.82,-0.06385011978510548,0.1253458181254028,0.27958905327018896,0.5939859847262405,0.6287845790779935,0.6825106761663758,0.8143716008155064,1.0937679272001222,1.198614679565887,1.1490549107766033,1.280205458510481,1.3547303202636118,1.4067511002239945,1.3962380726722476,1.4755844391582984,1.4820460044660164,1.5309793615321345,1.5420656486783126,1.5556902692085581,1.4902446427938887,1.4593449682419772,1.397295197897849,1.2837817976900308,1.2173146450071117,1.0602521054550675,1.1233394029341583,0.9481197395922497,0.6644462081589201,0.7271306085735725,0.3594777788237065,0.24376277280472938,0.0860073273348682
6.83,-0.05079044303868052,0.12889024597112117,0.22610115122028515,0.5688146633298921,0.6286878129645659,0.6841615160451613,0.7972115525839346,1.0299005679601014,1.151272990043125,1.2378477379226656,1.2748992907137529,1.4008982445249962,1.4358563055846763,1.4667889275488144,1.5015700596419452,1.44097511117173,1.4631682279513971,1.4730918150936665,1.5472819155074926,1.4908747416372161,1.4444333405994367,1.3098729071635455,1.3171147536487302,1.2641699694329105,1.0265946145057387,1.0392869470319064,0.9536994961841582,0.6449901548673384,0.6960469321161007,0.3802039269448677,0.2373273877032589,0.0879430335749459
6.84,0.03432036245025199,0.16842030400099536,0.16708678332222027,0.605891515218627,0.5960986115709417,0.6743987975687676,0.815506198796799,1.0785542801245769,1.1852355855740535,1.1980132455968147,1.2961429485225333,1.3400675449571333,1.4515127420389546,1.450264745107321,1.474649214634062,1.5219485604489922,1.4812340432716375,1.4743175620728137,1.5114992592027077,1.4831166165753376,1.4865255393702324,1.4001295259498168,1.2626403474423393,1.1810488211810022,0.982732548538265,1.0798168322369381,1.070021975064793,0.6986803042016343,0.7060393311999295,0.37572217004521724,0.3202067416227737,0.08780681809266068
6.85,-0.007157413037546424,0.0626078651437155,0.22705948415238242,0.5688327404735807,0.5931972318719072,0.6833395954531984,0.8276791343192207,1.077446899351691,1.1756640514152452,1.2846969253250438,1.3205499467039232,1.3696520337763392,1.4440863900713874,1.4530407993164642,1.5412093016403945,1.518067508691018,1.5672675870755883,1.481708476347486,1.4587297845461797,1.474592801821734,1.4749027273974427,1.4005960374275073,1.2916572388202485,1.1751790396959823,0.9977621297537134,1.1031659600653128,1.0608181903859222,0.777892391238255,0.8039483833900811,0.4557126764072863,0.30222620937570627,0.060570340886159264
6.859999999999999,-0.022064543079153225,0.11777294005385361,0.24581448688446617,0.5886288682256172,0.6079904260022293,0.7254411305802632,0.8768978547392615,1.0947910910386227,1.1471494138707583,1.2381115054207306,1.2493296740445636,1.3540103272679715,1.4608094686882798,1.4933587796089984,1.440220832961107,1.5287772251888119,1.4972873261372512,1.5404079503771961,1.5005259354971536,1.4652073550386533,1.3695594544518874,1.4321093950231314,1.3407499541314123,1.3017625537335615,1.0638565248548295,1.0668103130883233,1.0393674107536819,0.7309390535949876,0.7392296691008889,0.4206560970700847,0.2926724469012282,0.06242902261107522
6.870000000000001,-0.0055491473898555185,0.10938306211699667,0.2502134892514594,0.5144832320915929,0.6271547249077523,0.6309612602831416,0.8389920070276434,1.0205573181761212,1.1891345797138781,1.286965248361942,1.3016058709791365,1.3651525406900586,1.4398217759152168,1.4651923069038215,1.5022393132477638,1.5486153802916487,1.500108391483089,1.5167920410963516,1.489944031187389,1.4644541863266634,1.4019365127644638,1.4366857308474632,1.3607393449721166,1.2899586185827217,1.0262097351277477,1.0918313400616637,0.9437257918498264,0.7515109377701796,0.7670279949756966,0.47908243850766663,0.3273088507747484,0.041087267196602086
6.880000000000001,0.046752835328620145,0.13808749052634353,0.2603787813348261,0.5260559308268166,0.6877043760451769,0.7077079312932724,0.8689280528981289,1.049184584633911,1.1929514102107075,1.2203877562878016,1.300214965890597,1.3848759578722143,1.4447572576826642,1.5330860530108028,1.5220965364188141,1.465775442315667,1.5383418761645993,1.5154701144047136,1.5199925989470338,1.4657056766238599,1.3350680826188897,1.3905472157586933,1.3552870059671185,1.2622327441337975,1.058625171575524,1.1410219942229378,1.0879413013290575,0.8295141121967646,0.8206580216217846,0.47105521365959957,0.35089811110190283,0.03660189015590785
6.890000000000001,0.021053042814677105,0.10642719492929821,0.2678520906506197,0.5339760388019271,0.6359815833681195,0.7608820015402947,0.8604898017236607,1.0916989821989516,1.1911469290668735,1.2687255102736579,1.3249886376019553,1.3353832964376708,1.458808261945354,1.4723481950936783,1.482425750704559,1.4929027007374454,1.5408513695273174,1.5460898564504513,1.519301739968551,1.4799483386722363,1.3963062360029213,1.3952768995644909,1.363149843902387,1.302339806908111,1.0994856908454427,1.1470361787823824,1.0961280768089379,0.7985164631144853,0.7623100136080979,0.4223608867220127,0.3429142394943213,0.05057710876313632
6.9,0.04468347205471604,0.04985246863645788,0.280910148566938,0.4230402918750175,0.6620859911736379,0.7160308971152407,0.8921336351562399,1.0982736903951833,1.1110055654369786,1.2524800681181059,1.3230219913954575,1.3618344863730072,1.3875043766899293,1.4979668357450266,1.5292708480154666,1.529774091334137,1.504348899129974,1.5174670300321216,1.5180647919323547,1.438021850473327,1.4075744294375072,1.3851213256359074,1.3711263802384523,1.2818137691388594,1.1261132312417774,1.1574435785975974,0.9901991018625442,0.8271018696095668,0.7875254482245444,0.42910520092548915,0.3417730752617524,0.06937997441665646
6.91,0.03583859100315341,0.12400282579215789,0.25829277060862477,0.5219125368449236,0.6858629908388472,0.7496473160000398,0.901842220065077,1.120179877426733,1.1953594573067772,1.2124423961458908,1.3377395249714334,1.3409951956771873,1.4077924274742506,1.4815018049713482,1.4583115923074643,1.4781806554936583,1.5265445336874348,1.5237653166763252,1.5244711495876733,1.448316904597555,1.4977240796763855,1.3660200740210182,1.3882610638152555,1.2935968665663984,1.0689516891460649,1.1262251889746926,1.0176049195306316,0.8630359864925949,0.8260452781780082,0.45473187640800045,0.3893954340169852,0.05593856104615965
6.92,0.07714345280651953,0.08531956637629409,0.32178622195673634,0.544066583761933,0.7164049745415473,0.7584756243310781,0.8922489346108989,1.1051041595528897,1.1702012919494413,1.2307392910084571,1.339562040199396,1.3735037893975084,1.403078758349296,1.524623753734707,1.5139713080003978,1.5324302718216811,1.5289159550229265,1.5541833891832595,1.5426204226037021,1.4836175870233774,1.4430737772317292,1.378372642117987,1.3985242917114327,1.3233897300575665,1.11326896931395,1.1355717692489156,1.0593742263526023,0.8557436315040258,0.7311790204030564,0.435584512703348,0.36171295951628424,0.07813974784894392
6.93,0.08922262023092792,0.13950103585309406,0.2955381651362284,0.5330889028806828,0.7498042728739648,0.792727502408229,0.8922554357112069,1.0463176395695222,1.2124877701352488,1.2667189657693574,1.3264983623823527,1.3856886520646177,1.410037503890173,1.4821374922305448,1.4750424698207911,1.4706061037290517,1.5699338104345963,1.5545604856262594,1.5042356146616962,1.4446548809166166,1.4467110911176975,1.3468594670965477,1.3197275712894998,1.2529854605640718,1.1156468968850202,1.1436614642382439,1.017709386101173,0.7700486845258898,0.7454775952540839,0.45974886740839654,0.43271247425786935,0.06927326226021924
6.9399999999999995,0.14600832222874047,0.14442656164384723,0.29504908388123574,0.4737279758499694,0.721797167445064,0.8308929872065277,0.9307452328195984,1.0938646194203796,1.1958620023053812,1.2890571063906762,1.289243099756543,1.3920881680292143,1.4444102398734215,1.4980197405177795,1.4754345070899524,1.5241211366915066,1.49480764728966,1.4908357470337898,1.5505865684184563,1.4755445447866324,1.4855160299592087,1.4104804473245907,1.4271180496760523,1.3126024676721064,1.0391710780880103,1.0754000821071048,0.975518127872147,0.861777386612391,0.8161186956880129,0.47064276422729723,0.4526268872858916,0.07364596258734606
6.950000000000001,0.15579690857874956,0.22168408345523752,0.3255406362756847,0.45609095065752636,0.7778678272778017,0.844064798084416,0.9447722225113939,1.1315258991646555,1.1918032754333017,1.2571572860387266,1.285451968565363,1.3502680683188393,1.3976739365576825,1.49416807725929,1.4918705825492964,1.4761722975863936,1.5647884975280502,1.5804451925123284,1.5266144125414163,1.413047331663495,1.445398184362797,1.4102909488753468,1.382643089371468,1.3323904281006633,1.1127225390060649,1.182380796519268,1.00847393301437,0.9059989695759494,0.770110864109615,0.5159984815396326,0.46233354977648544,0.0930545019143817
6.960000000000001,0.16191309201053647,0.1784812900446284,0.4150341387051181,0.5376441861860243,0.7883465275298385,0.8522362805695534,0.9563100131934896,1.1159767920063668,1.123561848296167,1.2883779298172842,1.3828924965326985,1.3807080781755527,1.412767741565306,1.3900934499236426,1.4876692047827158,1.497562036132705,1.517618910652104,1.5224821830453883,1.5218647252101383,1.4458779447524188,1.5026427634774369,1.3990316481743537,1.361997410800427,1.2340322072264074,1.1333753499298875,1.136405066636101,1.0120828956400618,0.8215539803300219,0.7394111524229676,0.5335484173322633,0.4433422239761375,0.12299218089916314
6.970000000000001,0.17511956132727435,0.2210862677592266,0.3786597397213933,0.5267578469031653,0.8091285746710201,0.8595798760734592,1.0243981412157246,1.0583100700489274,1.1843291323402898,1.2217407736557084,1.3296999938182847,1.4311415674550343,1.430138426287969,1.5095516918760814,1.4604459022349174,1.4760560145086072,1.486187223964681,1.4529203984951653,1.46507964982764,1.4112154940896517,1.464542622744832,1.4001864463864153,1.3947642453933937,1.355314973618134,1.1116700909972383,1.0760287710619887,1.0339840543785854,0.8553670013326182,0.7168505513696579,0.4957846291237231,0.37231522928699934,0.14442386964379694
6.98,0.207071961431964,0.19610164423595935,0.4600384952867485,0.5151133024507402,0.777997989419429,0.8589263195422435,1.0160580455647206,1.0650478585524723,1.1651031901684512,1.2392617513900783,1.3235961921106805,1.372522123216485,1.4169388429623708,1.4807859378766728,1.4615870764894003,1.470652227138436,1.5191604361667739,1.4539452705278495,1.4839706314901773,1.4406793842013916,1.4472082935087796,1.4251125160650404,1.398338453326073,1.2460407435051792,1.092760176077304,1.0939312781573822,1.085454831198659,0.9008026647932866,0.6373614069791731,0.5178373760380383,0.42735777048216006,0.18223537160656822
6.99,0.15381012407159556,0.2821297783666612,0.4618525705835469,0.5523114613218403,0.7541865126159776,0.8955557897777777,1.0246938823299874,1.1389245375968573,1.158409589511795,1.2668923534981014,1.3467063180560357,1.4390273351489855,1.4397489048392684,1.474130560745176,1.515871443285646,1.5294323057759396,1.5610874171222098,1.4794382623916744,1.492783919492104,1.3662931013671717,1.434699767361482,1.3962675403019698,1.3067120792498397,1.2982257501213375,1.1487794481653446,1.1075261941132237,0.9981647790631816,0.8565348596164892,0.7374159342536273,0.5274208128181948,0.4766746046674167,0.14055366062772787
7.0,0.15683930500876903,0.27341837709722705,0.4983920543649286,0.5107852218199678,0.7922349659821322,0.9157406278719046,1.011981369213994,1.1006962371919804,1.1614277208422967,1.2414204965641722,1.2929729402872434,1.3717534592528289,1.4086280096008206,1.4566901608854352,1.4946984661448197,1.486069507764745,1.4560490454542339,1.4668689235867274,1.5206200934037526,1.4872532936762684,1.4228683858730067,1.3714824485457178,1.375780763186778,1.3175805714129623,1.1125485268385433,1.0498154174159393,0.9954459831977328,0.9024968555039659,0.6611676318155384,0.5131049309209076,0.44886065139175235,0.14533686330156365
7.01,0.19370667198838576,0.27144154997149605,0.524684083782247,0.5494528937892442,0.7958872984937325,0.9314974623400577,1.0387904916678106,1.0995190559626526,1.16029731894115,1.2193718871316175,1.2886648717310576,1.3954371477335237,1.3531523623452737,1.4009955541628671,1.4955854832363653,1.5042650091215193,1.4763717545211201,1.4492426193435244,1.506320211713568,1.454005484892435,1.509461125693848,1.4166703584415494,1.3727059065346499,1.338263034586334,1.1755379497484406,1.1147881754847135,0.970058029132003,0.8580422535502099,0.7379032675391787,0.5333595644228378,0.5055825399392533,0.2705863954492706
7.02,0.1971815670036199,0.3204818526861864,0.45694487741284007,0.5204840889636424,0.7603656657600778,0.9172786889143637,1.0144456874428414,1.0696441395316585,1.1729926739912861,1.2345474818616669,1.318952762927157,1.3551452640633062,1.4326941666245747,1.4938939019310484,1.521747182398559,1.5143398282611134,1.521219827343242,1.5160132631128704,1.5089098132094043,1.3796906510009803,1.4610205272745358,1.4336392731113512,1.3509257928772667,1.3292603375884817,1.1179173433402312,1.069907045928792,0.9585777330393814,0.8793680554032003,0.6725804722607774,0.5502548598951846,0.4367653941501014,0.22513735135040694
7.030000000000001,0.20516735583005327,0.34388915034153955,0.5325350332071305,0.5060848956342472,0.7263632469010501,0.9266071686575121,1.0658470834997285,1.001993509839067,1.1471266991552915,1.2540655065917303,1.2763884632583973,1.3843296016509146,1.332383993930853,1.4443339492468394,1.555029922123736,1.5162061054825708,1.4942864927288924,1.4886401616264906,1.5314184225021505,1.4538303015351919,1.5162869361074416,1.3843151519583905,1.308465530112132,1.2951075323254553,1.2177990890918395,1.0778718531753564,0.9535812795411478,0.8788918924353235,0.693497095520359,0.5177169145980111,0.414219692932969,0.2946781365860639
7.040000000000001,0.14815057895755201,0.34175915892463915,0.4918523203700976,0.458927666379733,0.6999703554166861,0.8803658584531833,0.976469739800625,1.0890063587420327,1.12945352491053,1.2304400384248768,1.3204894229644302,1.2817080023354819,1.3662028707283995,1.4091189446972805,1.431621095192867,1.5399908946989453,1.4813416879273862,1.4736840714849195,1.4875414672109861,1.45611756137016,1.4424862298478358,1.3987806753428504,1.2583547387048726,1.2709969896274176,1.1510956126571186,1.0817788927954275,0.9733359112730163,0.8723463162808487,0.6693030597330821,0.5892678747469469,0.433894393301804,0.30558024870238587
7.050000000000001,0.0827973017159071,0.32003366172476433,0.4411763233069555,0.48277572477492303,0.6869788908131342,0.9234756345106879,0.9623997360564382,1.0217625197574354,1.1254649584613081,1.1560315315020866,1.286796965493002,1.3290803126857633,1.3733835745994791,1.421251640489099,1.5065068455541797,1.5093243622149817,1.5356308892352342,1.4844021341030589,1.5137628790397695,1.4219319087355895,1.487621549534234,1.478623472301929,1.3253352302488728,1.3244382649846747,1.1647922694307886,1.0796044784153702,0.8616622100865836,0.8455209592970085,0.6934757041700047,0.5765451870025327,0.44065112874303464,0.21586850793746512
7.0600000000000005,0.08626579363253829,0.35180228209881415,0.4928321074047612,0.42162693106180343,0.6403316284236453,0.8625944058831195,0.9989641001621827,1.0026805943702384,1.1500957201315012,1.2330982215797965,1.3350801739193705,1.3349699314512602,1.4303849519988538,1.4670464428991925,1.572880244603064,1.4874592688883366,1.5206793503732654,1.4286907763543781,1.469010143440579,1.472808244382579,1.510893146455334,1.3626201104007059,1.270451547669409,1.2998849979601628,1.2012121331933279,1.0616207499158294,0.9377677339545893,0.8916855568648342,0.6671259980234124,0.5575322111408377,0.4280730912690335,0.30488403312709517
7.07,0.06657393087641861,0.3260560373974957,0.47360418969952783,0.4524486654684131,0.6553557236824687,0.9163307045956042,0.9625400640177121,1.0064046080584494,1.123184155188593,1.215143370554002,1.3145766894697555,1.373587469521358,1.4644573398753682,1.4291859989685731,1.4779890751103815,1.5650051931288231,1.4963489046845444,1.5029329323933445,1.4496049935864548,1.4704015496912979,1.4688401173519088,1.4227871475774025,1.2629236165450146,1.3029811754698644,1.2309414998736556,1.0503331878047055,0.8925789230939127,0.8507431052728452,0.5957484555967101,0.5781485777639858,0.4549855963301625,0.3117273671757402
7.08,0.022820298474685148,0.3905157030571493,0.4383669721172828,0.4726703792685415,0.6261868392089062,0.8265432090278222,0.9301532258047002,0.9609904657438164,1.1267944169449664,1.222240910585812,1.2958239023355358,1.3933631884929434,1.4356074337247462,1.4386638043255253,1.4949239284178937,1.541623059632908,1.5836255841496008,1.4576493178957561,1.4516051417499092,1.400681797621815,1.449284704719603,1.433473291606747,1.2594265560194633,1.2693964174553858,1.1426275211899166,1.024297188469855,0.8583970642059436,0.7964706098621411,0.587779286565361,0.5822537270167292,0.4220788286983497,0.32537472244431814
7.09,0.07171692121703871,0.3673176979705416,0.390517388164126,0.44327121126095687,0.6607341855782297,0.8512903654138771,0.9618815586697319,1.011901612734248,1.1141685159552603,1.2051697172841764,1.316630094237334,1.3663441493481356,1.414425537455358,1.44149768863716,1.4791499096219023,1.5498167572325483,1.5518695187136924,1.4553439592590889,1.5114581908973104,1.4014121215306892,1.4582372466905422,1.413295055289094,1.2453801059798046,1.2702134661590643,1.2012897606324984,0.9919914295279503,0.8954271819477564,0.8378729661161485,0.6129232678188886,0.5670323535145665,0.3895519368740885,0.28982867830778547
7.1,-0.027278955419539105,0.3297957692972594,0.4231494748713906,0.4691952612233849,0.6151489094203891,0.7673657143587004,0.9200221775905151,1.0025437683404268,1.1251492455508025,1.2553561609955164,1.3061514143218687,1.3727346560116973,1.4144303853500753,1.390840906837358,1.4825603417112851,1.467891458229647,1.596857428186074,1.4034853631470527,1.4324099669514565,1.391985686897661,1.4817933366250067,1.4206334810312957,1.2304831904023859,1.2283503689633741,1.1909925971094704,0.9791328198723745,0.8715268264115842,0.8062554108625297,0.6346342280564679,0.5536518974386723,0.3927117569832724,0.26646430319182074
7.109999999999999,-0.0433124268653158,0.33515132012324406,0.42238227013123253,0.4716332679221387,0.5552841470727384,0.8181959921065107,0.9285279275965701,1.0637387904331679,1.0465354950347134,1.1497087113982898,1.3094427900604397,1.367833875731585,1.402203374914499,1.4871373538450368,1.5217779644262543,1.4656905235784836,1.4983670764670933,1.4720672452458436,1.512755328212492,1.4226271715949161,1.5288552036457388,1.4402740157351372,1.2029438351583328,1.2301498454826088,1.1681966886127635,1.014250540135916,0.8238651123749073,0.7518690871518585,0.5908427946093169,0.6049292628826188,0.386079549063634,0.20889531491547098
7.120000000000001,-0.060937159062636206,0.2982107899212394,0.3579531448816507,0.3913538136020134,0.6472330924010306,0.7721142404576062,0.9041506915039531,0.9734141847690181,1.1010934283732325,1.197762956456814,1.292694155416688,1.3940987805643974,1.4193315761952365,1.420468877783338,1.4695179938590426,1.495784522327099,1.5593392433291178,1.4561012484330857,1.4525731268392732,1.3976079750786847,1.4831816694037554,1.4233424581451675,1.163021194652326,1.2600379647820728,1.1936950822037,0.9772106769193407,0.8688857062974136,0.7435848143483991,0.5698640642671519,0.5604893044412431,0.37925874965405126,0.2891457696149045
7.130000000000001,-0.07889292589262117,0.2820650921760927,0.37323497243859255,0.48727860187603944,0.5244553467089355,0.8021745486748659,0.9494821844337731,1.0263926288676835,1.14038146929777,1.2060194157556219,1.271433784951613,1.3615764652188038,1.3890462011383795,1.3971943658194335,1.4718318445855783,1.5285481594968788,1.5342840355206029,1.534881944007237,1.466266047219984,1.3835322648469595,1.4586497332440935,1.4152520102626747,1.1983820069899978,1.2027040217826297,1.1784053800277519,0.9085592699126923,0.7867634225138999,0.7433536100779824,0.5355077089083031,0.5397199904069668,0.3909989875109395,0.3278559394166583
7.140000000000001,-0.03395190167898499,0.32234554498794404,0.3396167033038639,0.4330124803939831,0.5326471923250202,0.7444676432480264,0.9063311406600044,0.9967825456351486,1.1047909176822233,1.182950603049925,1.2117884837056387,1.3692272528617089,1.4380238336544153,1.4631444784876009,1.4926265020368155,1.4904794727143604,1.522499953669389,1.4652566087406644,1.4082426009826752,1.3750517428395157,1.3953318682398017,1.3692882349385318,1.1175258479869385,1.2153693579415201,1.1807437821458568,0.8969319433780751,0.8228291277127755,0.7526181810952315,0.6091009801102413,0.5180423526620849,0.2953275651365901,0.2540459221018348
7.15,-0.09180030658959767,0.3189148105004068,0.3786040486314717,0.4593753108775585,0.5685552055796198,0.820872945644355,0.9122726967854944,0.9884068178354287,1.1028226227566635,1.2296263710343742,1.2875219082465579,1.3630305394966773,1.362997780718136,1.434834298612001,1.4893184272710724,1.5066092375548128,1.5248724060822698,1.5088813817975932,1.4482006692190401,1.4218857989301141,1.4285175548678601,1.401244934073689,1.2265749402572248,1.1690473933067311,1.1314097450233822,0.8823617954778289,0.741854694616682,0.6953122466798908,0.5868082560764354,0.5397773143401886,0.30149139066105946,0.29198500711369163
7.16,-0.1107266293446665,0.24946375266799217,0.3328111699016353,0.47113557941176654,0.5709842327609249,0.7681219252351711,0.8624206020330044,0.9836924211091554,1.0723820362850065,1.2199857625926074,1.285876644070335,1.3655367965403133,1.415135106761624,1.4355678810796693,1.4476361991376936,1.439508908407463,1.4736970085250563,1.5094193372925218,1.4151063408413593,1.3285481020698602,1.4381875469282144,1.4168983044269226,1.213799957711072,1.1469934277068077,1.115310767076322,0.889163481623261,0.7414274150313758,0.6866444975170409,0.5274454609674295,0.5482574351415859,0.29570692713592406,0.2606536493953462
7.17,-0.13589871730291814,0.2671007136772841,0.3058953858824006,0.5123946376503787,0.5576285088721683,0.765777289199136,0.8804070311058713,0.9958618481995736,1.1224173167123632,1.210100371350925,1.3025363246709465,1.2980047192743869,1.4068895632295466,1.4126192545468852,1.494314028240459,1.5185773565384106,1.4697002953034535,1.4659241629467006,1.4208106051075313,1.4296700420887483,1.3940783012458704,1.3546906553494622,1.1871636331805273,1.2029798454261518,1.1519285621539193,0.8731754333237318,0.7200293116301411,0.6421483496201202,0.5223048291432288,0.5074891615357808,0.2200522963052416,0.2618820209109237
7.18,-0.034306286273406414,0.26939446604557504,0.2681634828385929,0.46435298509078604,0.5621871841158351,0.8070275047768173,0.8564145817458065,1.0217928647340777,1.1228373893132595,1.1506189144152577,1.2132227516247445,1.313379966506188,1.4562019269870987,1.4255037892729738,1.4402487223242162,1.4375265708290421,1.46904909787034,1.499041943128524,1.4037901151711965,1.4448855976532677,1.3788945870843978,1.3559261919780918,1.1983697403110802,1.1369053826778541,1.0928193958718149,0.875858227229069,0.7117446874068871,0.6638602878750228,0.49047980347996045,0.4821922000540968,0.17836757865569997,0.247633108528082
7.1899999999999995,-0.048814228416513825,0.2879392205810078,0.34901474508126845,0.48593464734222624,0.5679320277267056,0.7405858455841846,0.8953346692011692,0.9672547691540989,1.0627319129644626,1.2301686172406614,1.289465480129577,1.3310313658594906,1.368737675420419,1.466008304330885,1.536733356661246,1.4824876846546673,1.5000963926983326,1.4876503732640998,1.473775929677898,1.4245528688840357,1.4234904019933823,1.3592532506303177,1.1903917042037555,1.1194063847736442,1.1347555428695848,0.8610291144641639,0.7370173334227978,0.6806682827974317,0.5606289331734015,0.4641718571786046,0.2354448579226325,0.2108271050530763
7.200000000000001,-0.10746033417841179,0.2437793171363927,0.3243434906007073,0.5035623374524776,0.6031937715755967,0.7441004379328489,0.8625523819941522,1.0266144005955067,1.1500715286214633,1.2081185798122582,1.2796682065115612,1.3472174517405384,1.3777036229104254,1.405931605430582,1.4702792486376293,1.482455852239452,1.510509994726125,1.4451071759576666,1.4223999004145353,1.39146087055684,1.3803120719175468,1.3747975782288098,1.1859990631969792,1.080010651405107,1.088796263648803,0.8376651158994829,0.6915516746558771,0.6874248447115427,0.5397693397151127,0.45502950742375986,0.1820307905081441,0.25752287017854064
7.210000000000001,-0.05678298995031554,0.2693687260096559,0.278504102851909,0.49982806943463753,0.5975074367470482,0.7665775883235986,0.8520392088853547,0.9710504468942189,1.1030432270699946,1.2295737393271573,1.2436331621640166,1.3666134559075322,1.4091031128974192,1.4871967083618605,1.478559927836125,1.5302825293629916,1.4711724322127635,1.4490892193551974,1.4148349917831704,1.3987425046152908,1.4064632014378147,1.3110726868454239,1.2202387768747172,1.0845886802537077,1.0481852981503166,0.8228109101465709,0.7190479065257541,0.6450086322196311,0.5584322103953397,0.44270006817851404,0.24312993894312857,0.24465438409045465
7.220000000000001,-0.03616569937896804,0.25401332039220526,0.308260957455602,0.5384343948471331,0.5856034411464255,0.7494104114092492,0.8509775513608824,0.9756683211948105,1.1230142424495908,1.1926279006353653,1.2870430869333207,1.3793236039462506,1.403036135287999,1.5005702543118498,1.5047516048697285,1.4769831622419796,1.4181799108499,1.3744252763598088,1.3981041384328066,1.5033107380348518,1.3977019302260403,1.2963855249935337,1.2273335315401006,1.0668882228671963,1.0866658038805839,0.8737220184879404,0.7567282229111107,0.6513230529886849,0.5377521607745038,0.5004770996250272,0.19920217994991196,0.2186509030798242
7.23,-0.04996365544813812,0.17328604221829,0.23572148341205967,0.587604188205245,0.5935984447827717,0.7102737864269105,0.864032973292042,0.9751854353670811,1.1444213536752008,1.224246311664182,1.2508598446702643,1.3429712678513601,1.4292810208021005,1.4596667805991417,1.501104337342656,1.4913745839641557,1.5436465083004727,1.4628001464055296,1.439589098289063,1.438826610092964,1.4105680139841175,1.2874188093937577,1.2295938583497137,1.1022458449845662,1.1043796073425651,0.8763770357981991,0.7597615180289621,0.6220207787977705,0.5270334426538559,0.4899905532224773,0.20465340682042824,0.25695013486040097
7.24,-0.013505656061495726,0.20698690096013955,0.26755980689508996,0.5561142012161647,0.5560012829635205,0.6915299025904865,0.8181813980208882,1.0288602509930478,1.107911056044262,1.210936431889612,1.2747531305423079,1.344256945683524,1.4073924593834655,1.428503415878213,1.461246788370043,1.494475851868043,1.508001892365802,1.4993171162675798,1.4140559072958363,1.494644882002641,1.3883270345727114,1.3030015485647275,1.191221091806627,1.1658495413983805,1.0599425304684702,0.8506228818758514,0.739955578394215,0.6460294917160069,0.5859202224428124,0.45811019552428295,0.23935343005745027,0.19070526864541504
7.25,0.0014653148515058351,0.14080438411836574,0.2854233147580563,0.5692597198053196,0.5801725170316872,0.7673406095872877,0.898659613895509,1.0480639011856046,1.1018148752805192,1.2356181082323798,1.275688104809657,1.318561704500318,1.4310346208044602,1.4665166350228034,1.4584753900919276,1.4521990422255313,1.4163303793086117,1.5076642243743097,1.449423839732171,1.4807466687107307,1.3746591586102186,1.271740821740948,1.2760128597978364,1.0888632456589755,1.0379836166550962,0.8584660829453181,0.7289576703033054,0.6502551806064278,0.5883501604943212,0.4909990692353493,0.2559908194486405,0.2596401598727713
7.26,-0.0021189640608105086,0.12444160814944205,0.2612219219890052,0.6100063685580884,0.6283752133449632,0.7138421904488007,0.8669912368625964,1.0521467967353637,1.0905608951751329,1.24461730634492,1.2686420380704113,1.3489720333850606,1.4362232551272318,1.4588551366660647,1.457686356495128,1.4757421903054582,1.5199253891681848,1.461817408000273,1.4022783861757446,1.4917508507637256,1.3941504191520095,1.3062722597522314,1.2438347278312607,1.0820356777326081,1.054595708973963,0.8517495512653946,0.7949562829308665,0.6841431681886813,0.6025787125842738,0.4275278643995503,0.2664973450547353,0.19386422401330877
7.27,-0.04415322177383953,0.05841208712454715,0.25200601500642505,0.5895515738706422,0.6570783481978352,0.737451489446169,0.8403509285188563,1.0197449831016312,1.095540663997641,1.2016529997702765,1.220629449906674,1.3456577660246642,1.3903861022809307,1.420974592978274,1.390772597464437,1.4528162817359274,1.4750207072750499,1.468961774211193,1.3955696508923081,1.49724771140605,1.3758200435751125,1.2754235955811235,1.2299008543104493,1.1390220817668004,1.08414914212919,0.8852980462811647,0.7815975655681462,0.6396379605919086,0.5680109027716856,0.4534381830241807,0.3192244740679811,0.23873334864716877
7.280000000000001,0.01375726818529192,0.08026033175050457,0.2648968526947757,0.5650409363875097,0.6575065956710306,0.7315080533769193,0.8864526669224234,0.9282213538537984,1.1163179258826037,1.1251297725068312,1.2519358333012027,1.3514306798672164,1.3809268357821483,1.4620141717360766,1.4726648657189452,1.474309880947232,1.44482157755096,1.4804342090860387,1.476627726059883,1.5242019605022732,1.4061650262010732,1.3188662793909738,1.2966102764770897,1.143668429835855,1.048445015782008,0.9840993771242553,0.8159802065629886,0.6746331087951215,0.6345137785511006,0.5086631056812072,0.30739650307462263,0.19899940304708028
7.290000000000001,0.019184089271922576,0.11252366886041977,0.23889225133559439,0.6220175676686569,0.6534575662798578,0.6953706422611029,0.8434548850152579,0.9933843433595695,1.113192006059258,1.2253447749284003,1.3032712448242876,1.3264904680030078,1.375370086177973,1.4557241945822443,1.4383863545715614,1.4576451816684526,1.4048746291385297,1.4793003140403647,1.4749218750101891,1.501763231406227,1.3178618012053507,1.2861610424832353,1.2882182731441083,1.1024656203178471,1.082943070376458,0.9921747800836078,0.9065663494687127,0.7457713224869958,0.6464787583742907,0.4316420104064818,0.2906792156179178,0.15447327465557592
7.300000000000001,0.03727282470411819,0.0193840146268432,0.247168984298603,0.5628129030956815,0.6433280515982553,0.7404913038383978,0.8920122656818826,1.00975242799786,1.122193319123258,1.1779935600509257,1.3127649371934267,1.3750896543805116,1.4249179183379386,1.390937390352134,1.382098219662831,1.4612313243208563,1.4738707701973737,1.4853909145502098,1.4358184488749326,1.492208629622725,1.398795229295136,1.2401394173498752,1.3030490724198796,1.1272493643740316,1.0704213097104247,0.9966357834608965,0.8578068939554848,0.6938619397531067,0.6400828156017887,0.43875860087676005,0.2822477398382215,0.21520594745739283
7.3100000000000005,0.06164104353260602,0.08595036332010172,0.28448417422910294,0.6035735789761597,0.6941770245428637,0.7019814172232153,0.8489596952286862,0.9253542171297472,1.0978662325975581,1.202401621978799,1.2148196326310094,1.2841177648236193,1.363437473870453,1.4337056586464132,1.469601490142973,1.5346394867817965,1.4853602962368482,1.4748117445867153,1.4401833044909065,1.512197454822301,1.398100962531994,1.31715665767662,1.3569332505129885,1.1348840417988904,1.0281296919037473,1.0351282192910467,0.9424406461607374,0.7319761047250727,0.57449983523935,0.40640909960588617,0.2286906473349188,0.20105172279494807
7.32,0.022932001784867866,0.14603642973122757,0.3674949590148489,0.5780661549812606,0.71156141389129,0.7893608461800243,0.9472108382483083,0.983587522022132,1.0787568901107407,1.2225910631918349,1.2848724272789345,1.3758096762642484,1.3938760950308562,1.4488347574358627,1.4801850778469325,1.4286104408661922,1.4716289822707425,1.4832617451228451,1.5220313309399371,1.4982510871608758,1.3624088419865894,1.2743126899852613,1.356672300740604,1.16680703249849,1.0307278676132827,1.0749058015569872,0.9269240488108066,0.7245689050010755,0.6358000813068515,0.4198351213435939,0.3122172779606334,0.20525717813598277
7.33,0.05767212197900288,0.12908174468846362,0.2840527016171794,0.5948065656722162,0.7088830316816663,0.7598301250302173,0.8856687382191307,0.9889138481049559,1.068769678780686,1.2221370867917576,1.287545271381527,1.3896193122938711,1.3476139238748113,1.440398718627205,1.4462175709432206,1.493173310763762,1.479669748524271,1.4776967904067835,1.5060860635093156,1.535874157442539,1.372364914641775,1.357071185501678,1.3504374298290966,1.099819110889352,1.0186121318279637,1.045394083379197,0.9926823721360142,0.7605541988241677,0.661226731243093,0.42420251098602496,0.33227797920872054,0.17770093834010964
7.34,0.17360489101596532,0.08022695961158091,0.31708910414490477,0.556938140326319,0.7570786343986116,0.7636129029536913,0.9194189579142078,0.9962638263538862,1.0596539357610575,1.1548943286090925,1.271446826349279,1.345372136096356,1.430467960495792,1.417147371735692,1.4910552507073662,1.4814073235766332,1.5089594626544105,1.5262174021490957,1.4662502840779323,1.527026057017154,1.4043380915495955,1.3330820438591884,1.290122220947213,1.1931854747843342,1.0563113420683683,1.0865190368712057,0.9995693473896133,0.7467972431044841,0.6674497124127233,0.4103283780818306,0.3235127144593691,0.17846450704500819
7.35,0.1287381779411543,0.06732551281541406,0.33194276540890233,0.5957103561817261,0.7831507458640319,0.8047993313912338,0.9224382821234618,1.0049616917246609,1.0883159816159431,1.2573940201376528,1.2748040432730003,1.333506062264059,1.3631401806876609,1.401161354862022,1.5533801198322639,1.544272356998431,1.531067721656236,1.415536827276188,1.5914516836545292,1.5312376748366257,1.3872004685081438,1.3636903672037164,1.3434794753488923,1.1990728699775464,1.0312361210310494,1.1133473846451896,0.9847321712816883,0.8229092033106902,0.6903790625219784,0.351224788959725,0.30443022580030366,0.1633875542830065
7.359999999999999,0.11577399062203976,0.07512991346060545,0.34257080978266186,0.4967799448762078,0.6876301000123771,0.7512692960355294,0.896054430857882,0.9861285122540194,1.0955544338491372,1.2254591844834128,1.2577455097213215,1.3464840096227417,1.407055576747009,1.4488996344509617,1.5070165586889834,1.5338508838888258,1.4855234354943754,1.42498905997662,1.5089568264247157,1.5362914376499281,1.3969481942548572,1.3079436556040827,1.3122212951229428,1.1502958335359272,0.985552603303971,1.1349492254933908,1.0049558589572323,0.7792314214811106,0.666688073948632,0.34729921036766964,0.26092872607414513,0.17581601428870616
7.370000000000001,0.14854110764924666,0.08900929359424639,0.3539136253218355,0.5355068779166869,0.6971210459434714,0.8142949193191881,0.9156023850866701,1.0373691121074995,1.1803024089273981,1.1593583697957937,1.2939834661134766,1.3017549662333845,1.3692134383745722,1.4576475185148143,1.4986727997226614,1.487442406678265,1.5109978773765145,1.451657701828233,1.4691359672908864,1.5200860379792729,1.4467736932689022,1.313658329241067,1.3256187119113036,1.1540770889449457,1.0241995380136995,1.1340679199781136,0.999847476004228,0.7438430275174694,0.6598001799155762,0.3712571342429593,0.3642464372886085,0.2409246450209692
7.380000000000001,0.16377957120644596,0.11789638907371537,0.3537515483066384,0.5892907624477343,0.7784595135164154,0.8656066859645168,0.9579549039427752,0.9854723206889042,1.1265125096414268,1.2114493365552599,1.2700153068565767,1.3821443556714519,1.416251440549068,1.4149389497823188,1.4424542526365338,1.456978591426614,1.5272390375932536,1.4557333735841202,1.577545954022674,1.498913223376615,1.3835561731043193,1.295778495606465,1.3240323495473305,1.1451900851590493,1.0098241343428893,1.1500546167082029,1.0206586064061358,0.78664838716089,0.6947480340172607,0.4053940791169023,0.33447450972497555,0.1304299167480272
7.390000000000001,0.1833500700575291,0.1254839122526865,0.3964056188409913,0.5653188997096545,0.7500211907172738,0.8376909019420203,1.0066051960737337,1.052687244525339,1.159412694383658,1.192971794061823,1.2470344346597215,1.33082701521124,1.3334875060073939,1.4482840012966949,1.403832011758154,1.4765606355296057,1.4394053572264858,1.484273936389635,1.5247199939359293,1.4844473455440568,1.3184582170608103,1.301598393582233,1.334203156578311,1.1262165497890384,1.0395846125068655,1.1180348833514457,1.0011099441391818,0.809174152579603,0.6739577770185466,0.34421977098850604,0.3894170540872448,0.1979322140609649
7.4,0.12409801016578578,0.09671173626215951,0.41682835887136266,0.5589574202904063,0.7521849162503452,0.8472712789119202,0.9811984437682878,1.006419158002761,1.1142439204841599,1.2378270890905811,1.2461702508406445,1.3258695048224445,1.4245201272760946,1.4508797195402456,1.4138283038073383,1.463198235022811,1.4618300714003962,1.4317710581137308,1.5178653824301407,1.4236595069791418,1.3378081457643578,1.370114863836462,1.2939160801794447,1.1273058200430928,1.0079939952268042,1.1203498489112305,0.9916692278938034,0.7954715507053033,0.6880136441973436,0.3614273960082863,0.33633830280717586,0.20737610857349878
7.41,0.17874630769469105,0.129821712181833,0.383481450934814,0.5540699301506846,0.7519946501087716,0.903209838733522,0.9560360531115375,1.0323854060314503,1.077450842464358,1.1991072311883426,1.332872818133593,1.3122469973465491,1.448033076363859,1.4332612268361662,1.442322093082864,1.4642741106678006,1.4419893697669952,1.4791808795126113,1.4409998992261115,1.427631185681207,1.325737650022786,1.2808649546825948,1.3264665401972842,1.1978177029294585,1.027914615307628,1.1210804045055902,0.961975535013814,0.8026498426341145,0.6955539921918715,0.4475896199378763,0.3840902663331723,0.20981919046821115
7.42,0.16494970805484777,0.1507202283354593,0.4012232775534275,0.6079981676388777,0.7685395206973842,0.8713464028099401,0.9827951413527795,0.9900753878353064,1.1520004761671354,1.180938327278113,1.2645222717899725,1.3078628378707902,1.402917407208883,1.501352345195238,1.5087059849659323,1.5015672010118755,1.4807447607500925,1.480173008752075,1.4814004879983207,1.4235775351863165,1.315386902931894,1.2264878768938081,1.3046290068584585,1.2308079464386934,1.025142468075546,1.0910312687119608,1.0132847689520417,0.774515469519261,0.7322497343231883,0.33510417287573724,0.36488392812082493,0.18039057029583622
7.43,0.1632389168011086,0.13993801519628965,0.43188408427762426,0.5101050150061855,0.7702122637769145,0.8472910176578509,0.9761987314838853,1.0127635245889777,1.1370675950001188,1.2005456428786017,1.292318594678092,1.294550165528655,1.378504294023945,1.391275309795338,1.474794628476035,1.4630600762397479,1.4723011018799121,1.4618211014889209,1.4776781802485242,1.4147743326491242,1.3563070067874956,1.2434085093497622,1.3296182242850976,1.1639477852819131,0.9882990893231595,1.065605327579111,0.9755477275192513,0.7734843033569202,0.7361800707029892,0.35925987649607116,0.31560815563728434,0.20501737843657344
7.4399999999999995,0.16891267414728306,0.213832492009093,0.42491503471766423,0.5181712947751411,0.7522071140795615,0.8901552705559002,0.9530616799870847,1.042597405768949,1.127119355588189,1.235295053080879,1.2952265063376973,1.3385270748939815,1.3870014589006547,1.4382101745068065,1.4657773399562493,1.5100277328634302,1.472753726887999,1.4937880285060963,1.584770893016931,1.4040363713017514,1.3229592591026649,1.2783643356598136,1.2722945909212142,1.218754674852936,1.0468413218740598,1.1296843217153645,1.0008679830838179,0.7918048395020445,0.819810843221786,0.40067039489011097,0.3934553222779194,0.20077183208479668
7.450000000000001,0.14144554958179986,0.2056984164797551,0.45592303329949413,0.5385566395225466,0.711074164832403,0.8414440172239148,0.978617924217164,1.0133591439941987,1.0893615819497369,1.2339600769716104,1.316895624337856,1.3592107574868915,1.3637818521152014,1.4261729057811563,1.5095840772640752,1.4637973802321513,1.5280049785282892,1.5062203590623666,1.4834803820501297,1.5038403348582345,1.3672813099598138,1.2839756293041007,1.3242493574630547,1.146519058206052,1.0192818842782732,1.1170805006664712,0.9603600767008524,0.8497752128054965,0.741364853092552,0.4666080660743288,0.37762002137518885,0.2533588738783113
7.460000000000001,0.15404391113846364,0.18866257801487737,0.4765241238262277,0.5023942805307973,0.7346565652379375,0.8351199499651489,1.0234931200389508,0.9946617130289213,1.130746368403671,1.2729240400406627,1.2866170808398927,1.2954051491682301,1.3987785292135093,1.4324176516297706,1.4567402233734161,1.5097942304809402,1.4637741259568755,1.5044106193562332,1.5086923700558617,1.3711923747109462,1.3677915903065416,1.2295150627530136,1.3244492833887371,1.177128101562684,1.066520610852714,1.1010582145059915,0.9708359971138836,0.8585946715018845,0.7477904961224953,0.44408863500981993,0.3848049847032846,0.19924291165844832
7.470000000000001,0.08252578405844414,0.21776176154407872,0.40735575471824764,0.49971519591638663,0.7038252464068562,0.9041605919554975,0.9709142975121536,1.028686411503413,1.0743048174711136,1.1745319242574537,1.2884053094227386,1.3513539776169832,1.4248949956435568,1.4229186430927734,1.4233968984798198,1.4743133052253838,1.4928989962026722,1.4191654087940622,1.4617074461975976,1.406517919523668,1.3919785678122456,1.2651443248402943,1.2679405331048528,1.2018208642288066,1.1241237073021164,1.0444473054359857,0.9719865270844141,0.8711566807975265,0.8037557769468687,0.49042723893301304,0.38802489535032886,0.15480514406108992
7.48,0.06268171329125047,0.22813459361839278,0.44487979333250843,0.4627816933455946,0.7008294251380237,0.8852383008001808,0.9922602345370892,1.0269393812670484,1.1221045596556962,1.253743286204278,1.3260192051624542,1.2986745824497874,1.4004109508502638,1.4530854532841713,1.5091998550414656,1.4918675153891343,1.4417610476648377,1.4331221167973185,1.5170729017702296,1.3810320975208883,1.3284492730940123,1.286706566461463,1.2880507029113581,1.2309989870040143,1.1989531607409312,1.068000834883558,1.0391727462399005,0.8908725607070723,0.8507370942736743,0.5079366446564797,0.41643934774006697,0.18580334153442668
7.49,0.13516005819282786,0.28407562301746925,0.4452578866867295,0.46379023414360393,0.6698248621375171,0.7980461457573483,0.9216096936578037,0.9980703568933948,1.139712697625157,1.2183913778861284,1.2798937521688758,1.3458053255123277,1.3543874329851584,1.5023214782377883,1.5078857942777002,1.5069579211043462,1.4773277834671394,1.4723868374662845,1.4654132199349221,1.3986574726422731,1.2608396061489469,1.2401757644625349,1.2605604279693394,1.1796746602287431,1.1307738527816087,1.102887024961839,0.9304426668879923,0.9042154459129673,0.7906386568596603,0.5130983002384208,0.3859472289286185,0.17706063018679816
7.5,0.04181576333591045,0.24484007997315368,0.457505157845985,0.39097482624165103,0.6461715219287736,0.873272929319656,0.9638028877896305,1.0845751167299593,1.1241298282118213,1.2654802943104455,1.2855941336155696,1.3254512426948575,1.373625834450323,1.4715920862148035,1.48816425055811,1.4395893681608058,1.5135575564032497,1.4378416036852244,1.4734647366008846,1.399337209460571,1.345610196188848,1.2877588550525183,1.3387758348385297,1.2255294549157405,1.146457905367873,1.1057977203045506,1.0075641833763542,0.8422000625761351,0.7813963568324398,0.6103916216879367,0.3684624399324788,0.1677282053783526
7.51,0.0221783934769268,0.2633929419406212,0.3856367307591461,0.4530633487771015,0.6116278703914844,0.8263265530880451,1.0005689529122017,1.0163999401747421,1.1391615258833028,1.2138650842168994,1.30183160061765,1.307686670508533,1.395112040851125,1.4667877220740797,1.5103884047572085,1.472298583806718,1.5338085844517828,1.4934045406887897,1.5246486841321927,1.4047299656416112,1.3543851383080154,1.3428141138351337,1.2915961976777783,1.2069058244174604,1.2072254249405143,1.1097607493825965,0.9896004973687955,0.9412393000102578,0.8223294734508202,0.5253308363995552,0.45624400243419033,0.14578872226921888
7.52,0.028193769781696958,0.22972024847144662,0.3324991255519109,0.41402307034901425,0.6538541108803909,0.8751344058720749,0.9300672725548336,1.0514873907040267,1.1857552577872825,1.2090096778557033,1.2990902848021761,1.3368926755881507,1.42215042956476,1.4329267608827,1.4495982779199243,1.4532925684073326,1.5220730349660823,1.4320083543321172,1.4608388341278116,1.3683488704205287,1.3300128472118138,1.2412558698118334,1.2645937178237021,1.2980839175062946,1.216439035016978,1.0565496113677222,0.9598097247808925,0.863698144524064,0.7859366964078927,0.6285007559069293,0.4257456429382237,0.0962417364912724
7.530000000000001,0.009772746679574824,0.2686458143332763,0.42164171101246073,0.4240120153373026,0.6146557740434568,0.8131252779563123,0.9569230782765259,1.038709196371913,1.1647082242561713,1.2224370350210192,1.3018979961833772,1.2562913819866102,1.3718319882557344,1.4047269808808858,1.4745794826040797,1.5734928000033532,1.5026198807387317,1.4637978963015632,1.4618282041445088,1.3788715671648613,1.358528705718953,1.2506669064680676,1.332704628911021,1.2645502570983842,1.218307655250101,1.0940365960412233,0.9613553849010142,0.8286813359503771,0.7471373950318071,0.6063284811549328,0.40030330853400814,0.07153097611837575
7.540000000000001,-0.03209453474975319,0.2743332040369312,0.38111349335884,0.31650957945952196,0.596472825481891,0.8293052243106905,0.9780530321271301,1.0603705118413562,1.1361955140260085,1.2271923764225527,1.3129633861079044,1.3124957938647768,1.3761004733597066,1.4873447282339098,1.452954299381112,1.5093752220240688,1.5330370742542703,1.4873744792147128,1.420778494314701,1.3144078963158656,1.4035282939469844,1.3458958537772634,1.2765132539141362,1.2746080657118197,1.2282190709998158,1.067198704033205,0.996238351273863,0.8698805026502142,0.7579671078079517,0.623428857648117,0.478319684482146,0.09614335113270502
7.550000000000001,-0.07723199674435699,0.18994992279813872,0.3939134391961196,0.38913058650089416,0.6627446717216627,0.7817628715185951,0.9716187277180091,1.0856587030431692,1.1369709649444708,1.2498397243033756,1.3046332258921398,1.326130218775657,1.4229789291174757,1.472973476184535,1.477624592786656,1.4522389965119953,1.4741148082324136,1.4764067454586327,1.4978880498890341,1.3445642148547856,1.3509960270797496,1.248488943310895,1.2337500384862747,1.296243909940457,1.2507134314383248,1.0966185822871723,0.9592238233836506,0.897280072366951,0.7504606327569966,0.6565021419174017,0.435491244436823,0.06700736804853562
7.5600000000000005,-0.023608444115508203,0.24913767477305795,0.37450447079314286,0.38153848281575836,0.5772281977629852,0.8000346347371952,0.8750922573105901,1.048196301762446,1.168295804111879,1.227892569246606,1.2885530731637853,1.354148927704855,1.3919426968507724,1.4844831070412874,1.4940746216059904,1.458254885322475,1.4470542195425928,1.4612568277057312,1.5111718825402647,1.3942574352395805,1.3398009136607236,1.2758055372437922,1.2732492375494835,1.279847889353644,1.2414178021272642,1.0922294167469746,0.9494010342130579,0.8727515543232824,0.7798750901119281,0.6433191008550415,0.42800182830751615,0.10119613779329645
7.57,0.0033550577267301724,0.20322777407986675,0.33112699371554677,0.4128134221555472,0.5582404616858987,0.7718314005142539,0.943156950627347,1.1260506271071264,1.2107330833772685,1.309687361564785,1.2675286178250036,1.2871071852860052,1.4517737957677976,1.4607104426483042,1.4369762903863526,1.521285221830762,1.480547664621404,1.5237314613780837,1.4673062380392596,1.3689151349050772,1.3702373233689822,1.2563975730221912,1.2281305886994185,1.2896925570427402,1.2588385719614308,1.0527301309083656,0.9672581862114562,0.8691665301141097,0.7258131454083842,0.6106940944410447,0.34047255929098685,-0.018565275319022554
7.58,-0.023870846770102087,0.20657486633741395,0.36795800268115025,0.40853274699487596,0.61822886310146,0.8330443007018309,0.8853706864031502,1.0890955637150537,1.2043863043353458,1.2005239865604176,1.2544465344332763,1.3463432380096012,1.406353881759471,1.4517259382356436,1.4469389314637242,1.5210077293735607,1.5089403072690453,1.4803532232243184,1.4813276379537093,1.4488070010322465,1.403900684690226,1.3299613332090037,1.2353820618196232,1.2872539852322187,1.2352746812552624,1.1077656840076056,0.9030280847475056,0.8076619168898207,0.6911207073907075,0.7094206310015818,0.3886226782223999,0.04126446260222618
7.59,-0.07246824464727229,0.25609959940429305,0.3215970662256746,0.44380558449319263,0.5421929040370169,0.7830194747153579,0.8627977735188768,1.0418186717507065,1.185477214244483,1.224696101553606,1.3333104564993468,1.3634511170637276,1.4602089647596455,1.4657450448392235,1.4636612312791466,1.503881526895039,1.4710606353291615,1.5130555828720669,1.4736924350658756,1.387311304357333,1.3886309427200754,1.3693041945456461,1.2425479422666332,1.3040972976836722,1.2506813389866795,1.0670062643510483,0.9586528375147736,0.7827932528687578,0.6887650869083365,0.6417125035327886,0.3742840784842859,0.009381607653656806
7.6,-0.06047449312049483,0.28262818126399836,0.3768163275516306,0.4496676240080578,0.6322568830416055,0.8051483604617377,0.9226021247261094,1.0533147813495864,1.1445276115139194,1.261999447477671,1.399168905416118,1.3776087414085565,1.3741370644609336,1.4946380958533587,1.4523512174580229,1.5293313727320323,1.5034664704764371,1.5017671351989645,1.4521989488070286,1.3505760963064095,1.403375081841378,1.325738970520975,1.261504211574383,1.2717210196334345,1.1446708572574928,1.0727597311632653,0.9876889233502513,0.8689130451295856,0.6182295701756472,0.658848649143807,0.3199731573633694,0.00023514541474285722
7.610000000000001,-0.06818109951719946,0.2806108806499751,0.3624475582718642,0.4458237996728977,0.6082498826994839,0.7946129248255795,0.8308827318087932,1.0774336651190837,1.1753014000635482,1.2746455028677413,1.3010843271528145,1.3204364683791874,1.4325841689764878,1.411822616101458,1.4429050897404987,1.5388292901394995,1.5561392245585106,1.4802824713648988,1.4557711608457264,1.4601937252565875,1.4270702142366065,1.2940559319355016,1.2181323533899178,1.3292435449991584,1.2513782788026842,1.0109026022241148,0.865518656076049,0.7844861991499958,0.5983968121425902,0.6678235168873841,0.35113459124598223,0.021581872117056068
7.620000000000001,-0.002469770510013191,0.29853065200800455,0.3772463889577127,0.4793120210443805,0.5995911320689452,0.8167149554095435,0.9161440855961902,1.0775151795430218,1.2575405032736142,1.2315399796067417,1.3283759208356802,1.3224225973587362,1.4219537528088795,1.3921599482900582,1.484012558369509,1.4051614270117092,1.4775595218175122,1.4523533494881897,1.4663356268613732,1.4383523941797636,1.3914933287075062,1.3054129350741792,1.2178621757221277,1.292942123391415,1.2729769134917852,1.0207547366335041,0.8852503316350074,0.7626138986256242,0.5736703435677303,0.6627560950139948,0.2860037698384222,-0.04994712017138035
7.630000000000001,-0.061163472469658225,0.2663331490330641,0.3793770439577069,0.5198397522333298,0.6006919718266962,0.8439698790815217,0.9689051916152668,1.0710107910999993,1.2114041404053304,1.2824201924608285,1.357980335854088,1.3784620497141047,1.3961075238822234,1.455619395824431,1.489461282399724,1.510210659840187,1.4762383809145447,1.455595289058232,1.4124154023209479,1.4016233242529577,1.4188224563553673,1.2624537577495432,1.2606823020130886,1.298589805359692,1.2328132646563277,0.9850814469588393,0.8571585965665376,0.7212980539540456,0.5979891662052282,0.5421381094556362,0.22596332736369804,-0.02606159325663703
7.640000000000001,0.004462587129560687,0.23949420681841638,0.40367188846293917,0.5013734051297802,0.5764793369915374,0.7744965989436269,0.8693958828905579,1.1361999917333812,1.2247367021307927,1.3041235925080505,1.2707771758106057,1.3419657362987785,1.4324738572184976,1.4673805241402653,1.4716891487310209,1.563025002291084,1.537907861634987,1.4855624066918567,1.449933552144145,1.4136507739022621,1.4138813668359906,1.4102646896654631,1.2460394368913839,1.3376115842481178,1.1773410361946064,0.9664664662904463,0.8065604778781219,0.7296165637429473,0.5446048405445616,0.5392374267948716,0.22658858434797932,0.018818266368278058
7.65,-0.10579488161487494,0.21890356412115644,0.401554652761103,0.6274609827463312,0.6688324697218545,0.7484745998422154,0.8879051599452894,1.1069902557379345,1.2373408677325035,1.3141265194807794,1.3545039873070583,1.3811214194291932,1.4488521514929458,1.4699114466725487,1.4650614722331827,1.5257780086672532,1.5325138485303391,1.5180078739711182,1.4604404556576802,1.4306752669724636,1.3972805670986892,1.3922816319936298,1.1927233237066428,1.293470599511227,1.165689491495555,0.9581635019224577,0.7909727063551923,0.6866924631890393,0.5376283275964909,0.5296442017340521,0.26670910358154787,0.012817285088030126
7.66,-0.044645079243572944,0.2277059104644489,0.41919550132826155,0.6062264341739644,0.6155103353223147,0.8139859742645066,0.9221243769157405,1.0817511613989845,1.1383762013577126,1.2309722128216352,1.2990368266382706,1.368859382883272,1.3578905180759517,1.4047617308629734,1.4430250729032805,1.5331596779839018,1.518280371077169,1.4983872921732555,1.4254787460887504,1.3951851728106277,1.4289466337017207,1.3696610980930224,1.3304338626472527,1.325686772095695,1.1417733054082067,0.9463033201016376,0.8022505145683646,0.691336714247075,0.5351041454587828,0.4969415974195743,0.20857514936664057,-0.025596766341094063
7.67,0.015688938910240622,0.1939680455557625,0.3182935663730282,0.6174288358787601,0.6413181044166585,0.7918130507011929,0.896705370667779,1.1227770321013275,1.194132075715888,1.2461609939714506,1.2687203745322329,1.3365371505735646,1.340566361397486,1.4298103825093418,1.471557473686961,1.4499090205978424,1.4971817675583723,1.479935952986505,1.4566507998267433,1.4494236505213745,1.4722051302478056,1.428020546136622,1.2102340995213392,1.3225481310511995,1.1467378257774763,0.9876876992736653,0.7990744564913299,0.6978614721718207,0.5311888093496051,0.4790325342021755,0.21873471520382157,0.024349694709406983
7.68,-0.04176889383397685,0.2201093881530277,0.36769612554988806,0.6339746748190723,0.6436903302065106,0.8019964624804585,0.9218577598968949,1.088538613661689,1.232582906924803,1.2448040637363003,1.3255313937357585,1.379534184427583,1.459550510350453,1.450073237677125,1.454268117481858,1.5777914930648502,1.5081118948016763,1.50340459306225,1.459630246330625,1.5058129946483576,1.4737184784293478,1.4031026983537886,1.2224789942767063,1.3098543831966678,1.1385803438091724,0.9245883536521402,0.790344705708366,0.6301338021592326,0.4905422607353009,0.47157951143767024,0.16842612826329234,0.061155054026073415
7.6899999999999995,-0.001658775192225452,0.27017159497088594,0.34240559602034026,0.6557129141787228,0.6386589293789156,0.8038340605647097,0.9158171341832809,1.0968640271657641,1.1983219372820009,1.251062097100442,1.3288183929275157,1.3247384515081877,1.406444963402122,1.441506534511649,1.4353065440899184,1.5010281688724767,1.4291986805523305,1.4503677926808962,1.4442395411542035,1.4653701096834175,1.465931382196967,1.3800374744437556,1.2091533658241982,1.2988555711316743,1.1656197978038683,0.9432347521244123,0.8684442588703838,0.6357128314798814,0.48780179978664645,0.42310350299965716,0.19064397354318144,0.030892740924396526
7.700000000000001,-0.060637766782675406,0.20421487419570938,0.31200340654005965,0.6797733790154554,0.6857462158394396,0.7290985708637994,0.936161018238858,1.031147375361353,1.1380849390704615,1.2082914873233208,1.2189743992217084,1.2682936713482968,1.3927007900035187,1.4521577030452733,1.4236841251120507,1.5068233195563037,1.4560710841020896,1.4967872646321105,1.4383131386938233,1.4991655216882733,1.470512489353353,1.3988230669954556,1.2762672512954276,1.2757889393917063,1.042734306353636,0.8774004469819876,0.7911859537280332,0.6359906227037855,0.530635967170451,0.40072284150645054,0.23019499260694726,0.05766389443975382
7.710000000000001,0.02111224244788527,0.22508310322188524,0.37275578984658336,0.5518391855664049,0.6128595467938359,0.7686645927049811,0.937278584341764,1.0891243921501053,1.1350117486269249,1.3014316469844585,1.3015053662925433,1.3778161236412763,1.4053705882645404,1.4430568694450145,1.483945730608314,1.4986175166088491,1.5613049936282222,1.4573831768020369,1.4727811652595697,1.4530427501438496,1.4950996506020733,1.3514383811165243,1.2989045729228148,1.265514169298675,1.0436249349711482,0.9102440552442125,0.8094857148944057,0.63914687560621,0.4908346612479864,0.41146075110225055,0.16051459199271975,0.02705454297488767
7.720000000000001,-0.01037601631005348,0.24246316205168472,0.2881128565636589,0.61998187015019,0.6220802196093347,0.7771674510766083,0.8648918177823871,0.9702640813232046,1.1801395529048333,1.261339070001334,1.301851824351205,1.3520214914351842,1.390427634990743,1.4715142515531436,1.4954240218505899,1.5117041933454796,1.5433907770587596,1.5065113448980343,1.422444523220036,1.5024108868320543,1.4792191857308243,1.373868478457854,1.2490430345678465,1.1921442559965492,1.0187502533153405,0.9107499370400207,0.8349253854019087,0.6620740332715122,0.5038482573781984,0.3987465875548762,0.23586433496555947,0.0837436367610896
7.73,0.04536729618678886,0.18400399139655138,0.29030007753402476,0.689932550616382,0.6803548495765017,0.7522372844092443,0.8627542538355677,1.0302755593720927,1.189263926850467,1.3058901426324614,1.2967120573669118,1.3669049179806128,1.4386995750127012,1.5054220433333465,1.505549902329916,1.5111463258378335,1.480420354394356,1.428851462044498,1.4850346073045984,1.4733666233496234,1.4683048470752122,1.42323831985196,1.3283631459334622,1.2945791552151316,1.0256098278245593,0.9761325407159906,0.8052772455248917,0.6598301944646833,0.5188998568433472,0.3872745714545752,0.1326417257320052,0.02291523494577019
7.74,0.014927911441265165,0.14915340327003213,0.28300043106490297,0.5975133086771179,0.6531911099234687,0.7622244622113374,0.9233451639414624,1.0559777065418758,1.1568330834177185,1.2639149004360706,1.3079494945037136,1.3176092180786094,1.3687108599937883,1.4726857314354607,1.4750407224127062,1.531557976606688,1.5140025522270606,1.5356925233885208,1.4223946472869513,1.5184307012028506,1.5031049689321234,1.4484862817943902,1.3138561107382338,1.2461257313179324,1.0215784449485414,0.8643843196893474,0.8280718597049709,0.6472224986406229,0.507235613019918,0.3259318702246669,0.19083131812945847,0.11518679654643081
7.75,0.011508134119136594,0.22174049939738877,0.2794078594341372,0.6413521711077851,0.6653278845337744,0.7326944548854595,0.8513600404038576,1.0081093020976186,1.1382864262443457,1.2144589713560328,1.312306138148761,1.4037995967338104,1.4701617050899665,1.4387113597622705,1.484276148515476,1.5034578685377344,1.5427057838133702,1.530792879772869,1.4268109715245634,1.4575129920903964,1.4868638807738204,1.4822636112905123,1.2185510857470707,1.2816863546828645,0.9667210558430205,0.9887587068247281,0.8120971130026018,0.6431344271876452,0.5462370407199385,0.365506109909322,0.18739463171251095,0.06022246271258395
7.76,0.019019009288669876,0.0891847902588479,0.25599673156587316,0.5631489380512299,0.6841788058239056,0.7380139159117213,0.8317910436857654,1.0045456960295875,1.183492119411791,1.2344778589931125,1.311583424797547,1.3988573918768787,1.435593359154633,1.4184885540299874,1.5108333310966884,1.464306820601417,1.5542895328041844,1.4591253916548304,1.4420711581102637,1.529892672607135,1.4690013199453957,1.4921055716695613,1.2891197637219758,1.2568444996942223,1.0408314641158167,0.9085862078495037,0.8377569136313603,0.68310164188502,0.5595954909546996,0.3643929093992219,0.3003726320325642,0.17119573643856414
7.77,0.003392569685162038,0.15327410499683777,0.30451886105189574,0.5933482673515499,0.6057712712672128,0.698661594625515,0.9086189303615713,1.077507149051139,1.1833338182926607,1.227450078193566,1.2476592859981075,1.3549500599526783,1.4532038225293435,1.5043641530845737,1.5253606194509655,1.520418422895141,1.5707817815177496,1.487555629463229,1.452171907841631,1.495784126314491,1.4613535896262935,1.4599134146238377,1.3487852165876597,1.2447078188445797,1.0048411397036512,0.9246697686294653,0.7838458663939514,0.7173663704161798,0.5425113241334555,0.3323860041373765,0.29767215643732287,0.1401295445600271
7.780000000000001,0.02307582724090142,0.11199645175999608,0.23241792073509743,0.5937263893368342,0.6277634860395815,0.7509699152037427,0.9065877769507531,1.0777627958418972,1.1895001086143933,1.1840837060018363,1.3342385103495542,1.3742953228541517,1.4275261262877488,1.472589912185271,1.4177909088283194,1.491229355260575,1.5368567464462575,1.5390096349290145,1.5223940760197294,1.465428457229451,1.495110946181612,1.4574478207381754,1.3227440888717061,1.217226487131172,0.9769780966292458,0.903958912942667,0.8223411881930415,0.7194207732693713,0.5189582679869058,0.3513321020026663,0.23112976073018526,0.1338151924494882
7.790000000000001,-0.020010888889676823,0.09850818816609067,0.3076397660048913,0.5074048996210624,0.7282237781597005,0.7932899416619775,0.8508260690125977,0.9877117756052758,1.1338556019169344,1.208852119305846,1.2964190693793323,1.396957270622702,1.455117407979866,1.4924195206458182,1.443379868262829,1.5527174002950974,1.5177427144673878,1.5388809535366947,1.454892471545112,1.4507910532447439,1.4936079213581626,1.3672356110626203,1.2949737209105034,1.1801532849724299,0.9784387403214022,0.9674317451775888,0.8640965181295617,0.7353477620665505,0.4802737210516682,0.33806461414125916,0.26071789462283923,0.09368893415083158
7.800000000000001,0.03928829488539585,0.09676012321291266,0.2936032783693731,0.5219044150228365,0.6619625585400578,0.7648787543912992,0.851553141875107,1.0263992301790124,1.1084150013443363,1.2036739877428546,1.2635218760849452,1.3510208246172832,1.3782902521938922,1.462266378168265,1.4904506221257001,1.507057869388215,1.4675320935785316,1.5128513481655552,1.4889104615825102,1.5302700023413673,1.4991331007340365,1.4798985879841595,1.3439053314184937,1.162175094036272,0.9365712656148706,1.0103208947502473,0.8503988033598794,0.6916039345472301,0.5336940104427204,0.3383562987502478,0.33523243578396117,0.11554691903146468
7.8100000000000005,0.03239178839339614,0.11751163857099337,0.3140431491618927,0.541578440728746,0.6953423355211314,0.74742837581418,0.8796104806052701,1.0353941029466598,1.1700503001709424,1.2634511461676627,1.2804446650970056,1.3184540388070727,1.388854042290045,1.4712599533406185,1.526538333696411,1.518535601848927,1.5010273728666903,1.4804099186438169,1.4933144490507215,1.454113798552996,1.5383501346403492,1.4340590315745092,1.290059030877534,1.152934413108036,1.029056627044614,0.9782262462794503,0.8774866476068114,0.73479762687941,0.5680171582338086,0.3198465182593785,0.24215705478467658,0.08216001927392974
7.82,0.039793751325812886,0.1242011551751511,0.2972316269008315,0.5543044196991664,0.7214402161995496,0.7686030483252497,0.8355603006510028,0.946082520175316,1.1158955433946274,1.2364958811231435,1.2318144849005885,1.3691861952847644,1.4436958879833746,1.4494588141288418,1.5053330616417269,1.4584423620842786,1.4634779754234009,1.5538030615384857,1.4894406900195942,1.4659575109523142,1.4562353938174193,1.4404570583260106,1.3089783256115017,1.1006190734987393,1.0203483302081557,1.0030267972638753,0.8551898227576009,0.7504208326924026,0.5154038642692323,0.32833544081629845,0.3360902725759826,0.05667152973142767
7.83,0.016118492604267797,0.08094063943457472,0.30684623422011764,0.5421665723622318,0.7073002170264093,0.7731076421988259,0.8963973067141472,1.0904909528939275,1.103265830678978,1.2414762041074174,1.3260933605501988,1.432781480002678,1.450131525590953,1.4131721703504865,1.501646911708945,1.4949842031900487,1.5553428405083296,1.542879439965806,1.5199738519302137,1.4490397272896927,1.4233772485127958,1.4360829265847905,1.304215947989746,1.1216033514433008,1.0193755424088247,0.9277198707276154,0.851622586041128,0.7621547883361064,0.5614024131258323,0.3292045083962278,0.36941219886882026,0.08272784522807113
7.84,0.08457169399703082,0.1085487316805694,0.37155765503537247,0.48649127366710354,0.6292873676467402,0.7864074839930476,0.9587024011730978,1.0951839239423846,1.206310016885004,1.2370548932936867,1.3075082004274026,1.3631715569490663,1.4120713393302922,1.4671479077233964,1.4637045233847543,1.4562006727286427,1.4714763950326624,1.5364549145995563,1.5020168371330684,1.4876434808979404,1.4922788066534096,1.4023870693383866,1.3739554984320261,1.0233688997290837,1.0171040315664002,1.0042528546744298,0.9024725925064263,0.8214631618372632,0.5667165959849273,0.2876593646008109,0.3486474131983337,0.11163881824614039
7.85,0.08085186190826146,0.09051204038717509,0.28796296058151916,0.43345862493642895,0.7220788863280249,0.8318378717813255,0.9382388701703059,1.0549869472890079,1.1412745213017759,1.2076497519031542,1.2726464986335568,1.397275047957614,1.3917831548288562,1.4832154317111648,1.4363791387274263,1.4504769407415354,1.4668782632136506,1.5260008776830842,1.391872862517182,1.3981476210683688,1.3978416628763175,1.3491122030102356,1.385365792879868,1.0473970369310999,1.0491320216513405,0.9493477679013964,0.8642710114102057,0.7695260151819687,0.586086355430355,0.3944120968259829,0.3984851188284356,0.08997680987061067
7.860000000000001,0.0976534480599319,0.15520535232802585,0.3747410921283483,0.4741369366237934,0.7220523234605868,0.7778296294529764,0.9375696602514543,1.043294978215695,1.1691184190220252,1.2455772788619779,1.2284177394193525,1.4027280490444718,1.4698587692406648,1.471162434812834,1.4444030487781765,1.4625771100960347,1.4493326708508956,1.5214809522869672,1.4829041812038808,1.445227022590169,1.3823764086532535,1.3848661949551004,1.3313633828065385,1.0406565101909455,1.0347141489598088,1.0250797283090227,0.9699270807183623,0.8526848205451254,0.6267315477950954,0.3456360323634163,0.3479705710380886,0.11260977191472517
7.870000000000001,0.08773769839343976,0.124681366316222,0.2863090859265299,0.43100499943127996,0.7077458851983917,0.8610744540397736,0.9188809359997754,1.0321690750407646,1.1646266873400248,1.220945674229951,1.3398600881992688,1.393674767170043,1.3935003300226163,1.4448137612983192,1.4571925261401169,1.4492243137508058,1.4764105266595027,1.5468722067073262,1.4838035114176564,1.4365984148737099,1.3675070859941743,1.3306184018620508,1.3588595434451185,1.1165519472226457,1.013341094630995,0.9854491050862797,0.9059831223182757,0.885283524360607,0.6687762007646502,0.4457793384937166,0.4062616316803781,0.06969990811275004
7.880000000000001,0.09896224107632155,0.11329937209593803,0.37066206023172876,0.44586727290018124,0.7555252408726759,0.8158215677284971,0.9829666063767241,1.0240172549955235,1.19805527315139,1.1885231357168913,1.2379707737698342,1.2758777739946883,1.3973473172912518,1.43124598807605,1.526101272280097,1.533895982727647,1.4726236060123052,1.5657274924872422,1.5272137857645125,1.475073049099159,1.3565311711593577,1.365413474070465,1.3728537001232792,1.1043703720939557,1.0717052651832657,0.9794374721103067,0.8856539548929522,0.8649751972267945,0.6283580076704385,0.47747364647888,0.458806726257095,0.19142987112390708
7.890000000000001,0.11101290916086133,0.10127679721923905,0.3837652572651985,0.432825474278667,0.7055562153699495,0.8088053836007424,0.9976466018629082,1.072201215991157,1.2091234648238487,1.245421562163907,1.3484191009588335,1.4139647617589353,1.429124676167066,1.4887798439844773,1.4703076450088703,1.5147662039007392,1.4943150495989346,1.4841930630335358,1.540478222390391,1.4542840494454896,1.3590763556879446,1.3483289495942947,1.3319962014177025,1.0836041787762851,1.1256912240619092,1.0115943434236583,0.9394531722113926,0.8408457756870947,0.6376357330100014,0.4618461058852154,0.3901989300356953,0.1118244504482242
7.9,0.12212616325245082,0.16376905167994416,0.39210330630883994,0.482621026739844,0.7628256081745162,0.8380245111851222,0.9585107601630739,1.058927998661983,1.1567850253149832,1.2087005219064215,1.3093918647975455,1.3661215439028536,1.430639112072531,1.488221160937271,1.444645328422231,1.4720318056617043,1.4493780017792333,1.4792012373159418,1.477830226511586,1.4407392998772544,1.4063927833225978,1.361235172126709,1.3144495199517887,1.085699690094015,1.0679730896047266,1.0012294386629839,0.9582528093034239,0.9148283263048558,0.6536235098874914,0.49354933136600665,0.48559993731120515,0.14506677031889004
7.91,0.11087590097891314,0.09204133777223097,0.3942251037361842,0.45682882563897115,0.7416363050332463,0.8354659763635504,0.9661717149318952,1.0482734275968768,1.1547659649962698,1.237697791105406,1.3153516602814577,1.427895810371744,1.5148288767243416,1.5267214785652639,1.5047293731001719,1.4548077700620792,1.5032122741854357,1.5339723392720281,1.4945477148247965,1.438418215137975,1.3122928381763763,1.295328123956283,1.3539216402573453,1.141501296327953,1.1310335686441757,1.1113917656983718,0.9555867750123626,0.9461173786163398,0.7047726095783287,0.5235040088973355,0.510267765715462,0.10661845074863094
7.92,0.10246991504947735,0.1676011067091357,0.3606990226056104,0.4206480165452439,0.7494174229923349,0.8116562471732308,0.9739764769830146,1.0047675743680484,1.1484514293210464,1.1869180799478418,1.2675208368174136,1.3348198452702684,1.4118476881529132,1.4578157591669634,1.4871459646118925,1.4248841485628845,1.465232722039534,1.5358140804824936,1.5278322452335122,1.3955162303467865,1.3254539151175861,1.3306203512869126,1.3676948333671586,1.1116582242963444,1.166494949198623,1.127872746812638,0.9708032512812674,0.8974637246878202,0.6922897128649926,0.5938635296512481,0.45275201921792685,0.11364849774659964
7.93,0.1669727023824598,0.1657662039610276,0.38290971218993897,0.39207571992811713,0.7731412319863782,0.8989419863835197,0.9759049651160849,1.055812816805935,1.109708176980358,1.1917195159085974,1.3266440872552367,1.399995418921747,1.386026699912815,1.4162567093955645,1.4964565994208998,1.4448768091957167,1.4692140684515993,1.5177945588160375,1.4995559385871695,1.4389564813713458,1.3871923458595086,1.3235208158993015,1.3085555625195824,1.107215801549251,1.1498627236839567,1.0423729758194287,1.003807289665827,0.9531994306548869,0.697691761686447,0.592248599723338,0.5160584934945766,0.1381328200778104
7.9399999999999995,0.1429555788669724,0.1774581342848935,0.4357487462227674,0.47491715981664495,0.7435067357042409,0.8931164974520824,0.9471779119370429,1.0468684403324804,1.1184335116292285,1.1743133479893855,1.3133905434221422,1.362660160461059,1.443295573683354,1.4312122553109643,1.4940876371148883,1.4516005893850135,1.4998072439088421,1.5428026994884498,1.523312771927272,1.4025288328264267,1.2689551665897318,1.3328001424227958,1.3649681354778127,1.1244064893790182,1.188175561658028,1.0831479432496076,1.0673089871206223,0.9338582515990397,0.6868672367366081,0.5952662426842616,0.5203168968862734,0.1829126384821786
7.950000000000001,0.05497603309389657,0.1473582922420109,0.5003621980213097,0.47479374896656873,0.7269043290920769,0.9122367107578039,0.9417959586706757,0.9869097992603542,1.1012613251972305,1.178421493066603,1.2807409278866282,1.3792674176813646,1.3979844004914783,1.5083667042817122,1.5193773557253192,1.5293878881441134,1.503993591641029,1.5159539268501683,1.4738394146382106,1.442204531612507,1.3361941725663455,1.3541230269606335,1.3688878734909289,1.1927789512390554,1.2498563561236509,1.1850029637628496,1.06614420000253,0.8949622556795296,0.7574222844597357,0.6541783715264081,0.48722192718831453,0.10647232898599382
7.960000000000001,0.17125530441590242,0.2301539934165368,0.46417475404585756,0.46800764494272845,0.735024278673157,0.8339244966781474,0.9815576034422586,1.0309720081066736,1.1098145834462154,1.13920398504092,1.2715724439925973,1.3828500081763575,1.4121842310091794,1.5232730878386487,1.5296495017379856,1.498495864675609,1.4453509878890027,1.5068993098617187,1.5205218089918875,1.40234465744325,1.316993248691821,1.3124412780123307,1.335651456512965,1.1898092290714544,1.2956106802515612,1.1252464812754124,1.060362728548941,0.936688608274249,0.7636596008180259,0.6287933257015099,0.4756933003352435,0.10799403394931763
7.970000000000001,0.1559155219598211,0.17233816008000563,0.46404574581724195,0.46808454233822533,0.7541174499608054,0.9283732586868,0.9328219998626421,1.0187108387072867,1.1126981906516495,1.2314645611872437,1.2395207374500654,1.3556292493866309,1.349343407031084,1.4380576652341597,1.4499815512908234,1.5101529967393352,1.4516328321246967,1.559009015918736,1.4944080385225609,1.4441401813133214,1.3607887795740825,1.3217542068520118,1.2691111912004094,1.1618419211079196,1.283429708212086,1.1471044279146934,1.0393874929613676,0.9335966734909636,0.7049331047597662,0.6471494812818146,0.5201670752977976,0.14842155855914305
7.98,0.15113141175675254,0.2138797504294614,0.4389117008272063,0.4360401755892898,0.6507501331073324,0.8713914779124817,1.0061122252834176,1.0410375407825396,1.1011279141844166,1.166554538452875,1.297033855307291,1.3948911322221613,1.4753054507682497,1.4905561684332178,1.4826832076060346,1.5102814280004537,1.4762386360409376,1.4643358005723663,1.4933364783705914,1.4137052597805035,1.307401153478728,1.2772040696210405,1.3193545058732072,1.2761003336564742,1.2578310433598137,1.1734451712841183,1.0958983430150981,0.9769415402588364,0.722783806425263,0.6867871464883171,0.5024252661357894,0.12826417152069206
7.99,0.12091397205667911,0.23473829786579375,0.4474574343182145,0.41353736676397657,0.6902484407824114,0.9166892561559621,0.9522619852926973,0.9336926814111985,1.135185726129541,1.1632534670126118,1.2669442167926377,1.393277935397007,1.4153152447083295,1.4658335207767317,1.4847152539032777,1.4824068227512905,1.4922349694482602,1.538814016062696,1.5388851537575958,1.4320789304944788,1.3042213529242876,1.3069070346879996,1.3280733073371407,1.2759346176700275,1.2348871950405098,1.1187008651103816,1.0252372583193388,0.9138553571036846,0.641201391932325,0.6794693319648513,0.4603694570867458,0.15158944725361528
8.0,0.1297435205355805,0.2831345470796439,0.48868817685118293,0.4785956103161018,0.6688431543785665,0.7959155984788174,0.9799077283125509,1.0407664024849967,1.0829369962305828,1.1589906226012436,1.3044437174037424,1.3695875744495494,1.3970456848593578,1.4340840052495825,1.4670970013488573,1.4910519379572118,1.4663083562245192,1.493095081921948,1.5219463394557233,1.4136104234253382,1.3257255992071995,1.3476858517465424,1.2962064581946673,1.249240223540871,1.25834957427106,1.1340361849888814,1.037629506205949,0.916524302095028,0.726492859216741,0.668329140596311,0.4266960117722944,0.10875431003393286
8.010000000000002,0.10916872939590674,0.2759534117183258,0.4784403024986223,0.4670144602238869,0.7174075351711037,0.8841149976641559,0.9691498629920511,0.9858684802463973,1.087934658754134,1.2383789233559617,1.2830705753091174,1.3502839310200843,1.405902760034692,1.500846665809088,1.5107988231988132,1.4969439687206285,1.5459269006413612,1.515850450314611,1.5308415639901494,1.4558731056167196,1.352182259620472,1.3540184410449088,1.3108002735644066,1.2529836620090486,1.2602991236929715,1.129094765499717,1.0084432753029793,0.9173942396992159,0.732812059810223,0.6335666498199923,0.407997122210169,0.12603668240393204
8.02,0.04707447422097795,0.2858384539575806,0.4673063881546207,0.5042190161717474,0.7059753415126915,0.9009835117497969,0.9927629289945676,1.0472566823495,1.0702488068660059,1.1947933385272127,1.2480164991962504,1.4008792753288257,1.3993113093510612,1.4455982985583167,1.442750851510512,1.4472551484367722,1.5162162335825111,1.5303153071360895,1.4194074168451856,1.4143724177382397,1.3599337209702553,1.353925034596329,1.2723741843027923,1.346421178529064,1.3072619938669265,1.1718126593049316,1.003349778102923,0.879069001099455,0.6964593557483588,0.6534754104530539,0.4126174802872698,0.11164569034769584
8.030000000000001,0.10300361607129369,0.27425404286893473,0.5100628037274467,0.49591521120158627,0.7066380416031716,0.8349134304558254,0.9820697198495824,1.0284251066765326,1.1190645384422837,1.1882853992874007,1.2941332770619547,1.3544810297392404,1.4336556643110185,1.4654580031005404,1.5268712177853647,1.520451843026145,1.5122991352707955,1.588016417837239,1.496077161787488,1.4211444107366187,1.4271992641143116,1.348907663738097,1.2195446190442145,1.3032226792733912,1.2705916618932005,1.1441282146390945,0.991729171553875,0.837910888719675,0.7107088183892923,0.7216771640129487,0.292776415086378,0.11146624197209946
8.04,0.10925938959890921,0.3111057579244073,0.5217408552789569,0.5564005891502032,0.7295738411508347,0.8888099251413142,1.0351439106960847,1.043443300191575,1.152197984873456,1.20313877892022,1.2827717961867098,1.393851126181942,1.443640310815155,1.5135487073840268,1.545763601576682,1.4936613466644828,1.558653496271179,1.5432165328208416,1.4530172602800706,1.4146748003174952,1.3676534514596395,1.2777009975420637,1.2191400156393861,1.2951134458981248,1.2208774105779434,1.0939785016950931,1.0007429510324797,0.8151090544376112,0.6934662873595666,0.6199817897547248,0.3614954565021092,0.2781903631312284
8.05,0.04270745721879919,0.2818152249828828,0.49292403540287283,0.5110163719061925,0.6610570388281923,0.9056314843620716,0.9540073841796088,0.9718601655010545,1.0807053217870697,1.179948537809845,1.2450271189495075,1.340628339142765,1.4321639310551753,1.5093528931883669,1.5188812835358907,1.4931849450397692,1.4975904204719062,1.5095728640424524,1.428701592729246,1.4277145985868915,1.3685802848934125,1.3055880825889248,1.1934428186287862,1.3111778946861745,1.190570925251809,1.064682964871787,0.9640737089866901,0.7773642184860394,0.6968828646637152,0.5990425402216979,0.3184607944495718,0.1840079158670282
8.059999999999999,0.08658281518011665,0.27558363911206085,0.473338649224295,0.5509050940623447,0.6760845590233382,0.8356519775393665,0.963887722495254,1.0224256060276404,1.1905156626960325,1.1961197500272722,1.2889940368270172,1.423914795899943,1.4122619608176403,1.40422022615637,1.5194321022769222,1.5212723594291246,1.5055956971059994,1.510836107787395,1.4945961925958222,1.3842685199160825,1.353048749834394,1.33763813928895,1.2651361714510059,1.302574679828061,1.2326530412754346,1.0684504043886387,0.9342344270108522,0.699159325033745,0.6524817754522112,0.568580123470558,0.3014292182737372,0.1888394627635214
8.07,0.02932735705953733,0.2904398844184486,0.4445589645350514,0.5483448331756843,0.6906022471531383,0.8856405887742813,0.9805189057927182,1.0130813966200636,1.065236201553551,1.1467861784622095,1.2660026056778881,1.3717056680513808,1.4071456506426296,1.5140721326350381,1.5127123639458295,1.5294991097291881,1.561156427366569,1.5251798418858755,1.4756206009504793,1.3843525682498956,1.3936403416426237,1.3298646839364088,1.2178934837224695,1.3151437748771193,1.1770564687431364,1.004660306911473,0.8084122843184567,0.7211982483274623,0.7192470148131903,0.5857978337691634,0.2462247879506079,0.21332906533674162
8.080000000000002,0.05658325080082369,0.33149138558173147,0.4906367107032825,0.6066197785858944,0.6840291974389241,0.8427146353457504,0.9640212730832375,0.9905257404221854,1.087314364174974,1.173043354121626,1.269814163416198,1.345307779421021,1.4442400532530173,1.4825605294112312,1.4765757747019874,1.5067815471769266,1.5326605888670328,1.4934749571582837,1.4670977167899548,1.410645200825093,1.3960651793444003,1.3050379574981175,1.188257658061013,1.2832532174443767,1.0831926879630216,0.9618852841874975,0.8170867767613276,0.6617744623918399,0.7056074097182994,0.5377800278550409,0.21622420411011153,0.269265596666304
8.09,0.04108301210747421,0.32326005071063435,0.45832446034249724,0.6241729123009315,0.7010181223672615,0.9130163555799762,0.9396925798203588,0.9968796654141598,1.0969059964288626,1.1898422786068399,1.3175538590536968,1.4411734771913627,1.4383839721910896,1.4260574741293761,1.5179389224442836,1.4640620699741431,1.4916994740608969,1.4959358357053998,1.4463739820152983,1.4571962494259232,1.4510289161177432,1.2419514145169692,1.1392028346807834,1.297502458700305,1.1221631804714693,0.898223576309517,0.7539258250218194,0.6837014871639353,0.690372168834913,0.47580084153425695,0.18982489368793393,0.24662999813213346
8.100000000000001,0.03501527305818106,0.2876131532772855,0.4452865203659799,0.6120697388190042,0.7095506073801943,0.829875957413352,0.9931088270720795,0.9540029722136205,1.0583775211830018,1.2345276373003655,1.2763566010408538,1.3526184060881579,1.45030730040708,1.4758328261799267,1.5041100424984566,1.54288700142969,1.5391962631433889,1.5358092911130972,1.3857523203206275,1.400179794090002,1.3281022608382738,1.2695296377228855,1.1819935152408516,1.25687505337478,1.0869377003128324,0.930909467276208,0.7881168229417548,0.6229732881177428,0.7897915272896235,0.5566197153763418,0.15452546661251532,0.25587813949687227
8.11,0.06064216876670084,0.2667554040497877,0.4371166545002002,0.6684992874784706,0.6733341321022942,0.8378859813641415,0.9463753064286538,0.9295281678369093,1.1130814234448267,1.1941040522514004,1.2732265697907998,1.3627484622022503,1.4164004027513108,1.4969806156888534,1.5041905930019335,1.4904927696131056,1.494158122636064,1.5414213370889664,1.4295984447232806,1.4547571464041986,1.3801336808510911,1.296397799809885,1.2107822825399568,1.2449344318351303,1.0803074459478648,0.9100904363581998,0.7890381775581643,0.6985161317304902,0.73489088290516,0.47468550777365653,0.14180303052467053,0.3304711495157924
8.120000000000001,0.012350515808426128,0.3383074907908842,0.3993255426262441,0.6034352964485199,0.6457808655643501,0.8209047548562802,0.8881514052043141,0.9917294410264875,1.1339619644402894,1.166627255539022,1.256534865191704,1.3703229691785848,1.4449964840040435,1.4040040013174164,1.5307407084605462,1.5467224532597303,1.5384035789857318,1.500948881659427,1.4084168470567309,1.4487891331307714,1.429683329326802,1.3002564625709525,1.1812412950283548,1.2781829729488816,1.0589685740222534,0.7975628845094506,0.8006639260579204,0.6573272851127505,0.7167092039309465,0.42847318785132826,0.18468678325405521,0.32459889762097616
8.129999999999999,-0.007262971237759219,0.27521360503026404,0.3532733314062989,0.5763950652709712,0.5181799275648306,0.7377988455697663,0.8850138868372692,0.9528336471629202,1.0460244682374316,1.1934573969804534,1.2740564238217846,1.398335319716917,1.3593853842208958,1.4061260251272034,1.5088649706338184,1.5113997251962816,1.514865296543954,1.4423288983051639,1.4282068874734166,1.3854733801508363,1.3833293834617775,1.3225243457709086,1.176249224336416,1.2686229650586314,1.0395928226668654,0.8500491297882614,0.6955719743749806,0.652898132706695,0.7313960452393745,0.4454894159139512,0.18235885661930937,0.29609136965527677
8.14,-0.052356222893291386,0.22305301145280293,0.3613862478750761,0.579121002560911,0.5892334320973007,0.8073404458444787,0.9042944206829147,0.9880446243089822,1.0698504449366133,1.1676502986043926,1.2501511242995875,1.344121018504552,1.4502379715907714,1.4310531794848362,1.5119627888803364,1.5156321007958544,1.4878665848940724,1.5114203295993363,1.4603423180888204,1.4217978648912282,1.4035745598476197,1.3047725256330371,1.210484188382309,1.2254212981955572,1.0732772478010344,0.7945130595554197,0.7865918349850719,0.6188563527550419,0.7942520325843053,0.4316116269337566,0.2140771223795741,0.2806762878705606
8.149999999999999,-0.048807004613836524,0.2525326712545205,0.32066460616341524,0.6195012737832829,0.5636545114301652,0.782879022179792,0.8745108996635083,0.9701051642692382,1.14773017651111,1.2143353043147636,1.3088436197874178,1.3885271746312622,1.450305357320292,1.4860435180030922,1.4345876088247016,1.4813808253816527,1.4831088646287434,1.4601635726394715,1.3940560142823881,1.3934106025370012,1.367365615309031,1.2627403448373908,1.156440956108165,1.2892212402973717,1.0035090527792687,0.8147649294358958,0.6951055326572282,0.6164762884113153,0.739969851568604,0.3962849272521215,0.20537636613133362,0.25789282201168473
8.16,-0.07561718549705673,0.24015743491276623,0.30760934810217105,0.6252990138137864,0.5489880192784581,0.7308625438257013,0.8865004248972235,0.9625022374117183,1.05492737771662,1.131006605036811,1.2450809993324785,1.3920391349213772,1.4281953386730066,1.4635230709009457,1.4623966291698103,1.5116594115643678,1.5063131087977888,1.4655813184289141,1.4075660826596177,1.4340677131436255,1.4166054866352948,1.270843355234223,1.1995024567178798,1.2191971930109033,0.9722551746215916,0.8855797843648716,0.6799456329807824,0.6021195087186264,0.8378740112172809,0.41527808660749543,0.2211618846293255,0.28543466490984337
8.170000000000002,-0.058649468545559594,0.17492269836577812,0.2585890209316467,0.603443937166834,0.535739795646467,0.7475803582053996,0.8744383747474026,0.9990136467179774,1.0859618039912597,1.1917039272855674,1.253350083656915,1.3646558271986982,1.4112877952192018,1.4614200013027172,1.5173612495028352,1.477458350957759,1.5049740345530422,1.5493270529045648,1.4149311636096342,1.4649092726511306,1.3736851672669257,1.3136625940300939,1.2547362465342882,1.2594713578602044,0.9919759761679694,0.8466780852501203,0.6807626188213082,0.6749435189220238,0.8261161938520888,0.4543911591113411,0.2667607184719091,0.2683054121959049
8.18,-0.14933087406928877,0.18718743084462086,0.22773558871680094,0.6209233115938297,0.5962432651465922,0.6939800395137025,0.8057628932932105,0.960170522291175,1.042231172207975,1.1598631605832883,1.2909639354455946,1.3406902981186197,1.4195868920197003,1.4779297318385078,1.4663732309024478,1.5302972955590766,1.5480084726283525,1.4770718390225888,1.3716728233019346,1.4289816595859641,1.4145102698510004,1.2927499238168247,1.2480087187577713,1.2060420548981083,1.0313231473401283,0.8504574994286106,0.7146947718897165,0.6483809905645938,0.7881298920506314,0.46799910194070343,0.21170786049381132,0.28858022357340896
8.190000000000001,-0.16458319609491262,0.1665220704576855,0.27261858785825066,0.6310454408148156,0.604711339776052,0.7223477341630579,0.8802156092138218,1.0303389579858637,1.0850361239997177,1.2236362240680108,1.2995917014085012,1.360978106156134,1.3424769752711678,1.4251188710328193,1.4810274657559535,1.5057758765989249,1.555397719213487,1.5616561523156687,1.4519849462789425,1.4416004784958478,1.4523859971206434,1.3618495784980005,1.3182186765834443,1.2181413621820922,1.0261619118907637,0.8340498508615699,0.7344278398520565,0.6563990470117954,0.8262393622495119,0.41044616613073664,0.23693444545285577,0.2804531786106838
8.2,-0.17308076039408482,0.09508610129939907,0.2406221084744894,0.5596353892332201,0.5150034529406032,0.6463515189333592,0.8111934864672233,0.9959922496162241,1.1230347950410804,1.160496603043772,1.2862980629700476,1.381341885831479,1.3805346293083844,1.4134961400552317,1.4753744779562383,1.529796385002286,1.523578635048677,1.5015422383022168,1.519465669869048,1.547032829095447,1.4922340071728573,1.3010671086381655,1.2796788795506475,1.195266182235221,1.026434697486713,0.8578483486954548,0.765858533978522,0.6729096151838087,0.8565719967888489,0.4433844795401432,0.2556144294089447,0.2580839122356487
8.21,-0.16576263456640575,0.07573626842202136,0.21871717471177876,0.5195940815802712,0.5054055023922409,0.6608942174207847,0.849124772054966,1.0015072658977404,1.0940607250845926,1.2351672163122212,1.2975753308994544,1.3376253190881338,1.3977449034778255,1.4805111748305644,1.3906846959293429,1.4582008581376775,1.5101821355408804,1.5030735593026128,1.450002149260224,1.4890624936692167,1.4087986271820392,1.377894267477025,1.3269127447910387,1.2176243569796692,0.9864843304731218,0.9509124367416496,0.8024112000469812,0.7532431223501759,0.7597221826725917,0.4114495638202246,0.33086642306269065,0.23365421038131384
8.219999999999999,-0.15720385636547346,0.08700106462198938,0.28944633487236887,0.6338893017539824,0.5822267839561268,0.7230208727373085,0.8386541745719729,0.9869915381383624,1.121134148128628,1.1753258843667145,1.305897445741312,1.4016750448781312,1.456644870946791,1.472686592999749,1.4927876949347314,1.5476672046358122,1.5470576109291887,1.5030375494695563,1.5082105609271548,1.5624652718401408,1.4571444543891439,1.3539216914492374,1.311315327934381,1.1428872231811942,0.9969818985082349,0.9209416473222732,0.7945957929349199,0.7530222907353773,0.7759877699482969,0.4297385914203893,0.29489548010459,0.29997346021794946
8.23,-0.13423106904639942,0.00303876817885821,0.2641959111308107,0.5288253077194884,0.5812990274247709,0.7102271891693178,0.8808717512450402,0.9876481454033396,1.0868511187170122,1.2039545385646928,1.289598147798554,1.342972022909548,1.3881836274137715,1.3903713463622165,1.484634239122712,1.5347595770187379,1.5126532807442528,1.5605954995325808,1.480344799899428,1.4692893116612205,1.4447155192054921,1.38639538834194,1.3480408985338523,1.2231410214744431,1.093131290513822,0.8725857379670242,0.8489433026446789,0.8638656534022224,0.776785589261927,0.3713116807314122,0.30842833775802897,0.20050849220159256
8.240000000000002,-0.10932546310648368,0.05589633142614343,0.2394292622382082,0.5209037768948522,0.4982000775105166,0.6780158531996698,0.8522973929113655,0.9980631659053371,1.0993856645625544,1.1748382277437783,1.2824150334830433,1.3200738348107814,1.3708972488552678,1.46780905274416,1.521844021604043,1.5042988488180482,1.5225375983880312,1.5201656959569831,1.4909046560714452,1.482232505043503,1.480847900888819,1.3928277509044895,1.360413128469612,1.136351547314027,1.0277444918163636,0.9564638436427515,0.8460224477223757,0.8026863456521546,0.7082231534767714,0.4143026700218082,0.3976046891328918,0.22123610876418756
8.25,-0.09876808581916471,0.04509187684632931,0.2402987404012683,0.5550204477806826,0.6026217087927845,0.6990372284630658,0.843599641304912,0.9723726249778795,1.064586050103417,1.1795885370250603,1.2726477353475638,1.382599501291091,1.4312988861478901,1.459447936144282,1.482282891702689,1.5373476056642887,1.5066611213462318,1.5009709501455963,1.4495247789421546,1.4983710102623244,1.4322909939703623,1.3681324756300406,1.3320942202189967,1.147934355750582,1.041049197830277,0.9660515557770264,0.8922947230837093,0.7763504408772853,0.6731267354406409,0.43375902663666666,0.34587263998673,0.22600692308172754
8.260000000000002,-0.06246533353950434,0.06448741381707318,0.23857848155540234,0.49944034896912265,0.5865874443407912,0.6837966438995867,0.866073513501356,0.9767333611937126,1.1158536371574288,1.1832001511438475,1.2629106264355485,1.3315816864241852,1.4308892454465942,1.4180903256827344,1.475151201733918,1.4853726937327105,1.5106367830955398,1.435174537952419,1.4904555392788426,1.4270486502612887,1.4614641284507504,1.4565276276983141,1.3381702096641956,1.1526564615588248,1.0295111695701706,0.9956232644825287,0.8775913253408847,0.8759209580380393,0.7078763649418702,0.4399478024158616,0.40569748001417777,0.2108888976011419
8.27,-0.09768154818386574,-0.025551371052795924,0.2441592525936763,0.563350275486568,0.5865148484987001,0.7459190088787285,0.8721734033798739,0.9948867983099571,1.1305342619422896,1.1406584013965406,1.2543888671217056,1.2965673184685655,1.3935523812494113,1.4461870092011089,1.5653614581180626,1.5930116971370434,1.5098633901800143,1.4936700302093218,1.5076339791544864,1.4709352239792062,1.4495063388202962,1.4011102069802732,1.3390753279905698,1.1616109514500714,0.9885766655240612,0.9963206649409493,0.8990131044767896,0.8123794839468796,0.6384376579953781,0.38227036120621954,0.37178145150876124,0.2543445957576741
8.280000000000001,-0.08328741726403698,0.004208217433586278,0.27123637421233515,0.5729461061650178,0.6179414743048789,0.7428243142296647,0.8429395436976967,1.009986720089873,1.1268650781928848,1.2109464355303718,1.3080701435808806,1.346534157016995,1.4371113952418655,1.4108227954609784,1.4598996255935826,1.448770402032665,1.5215969173702817,1.5374398498620254,1.5128963324884588,1.488173741273194,1.4823840079879658,1.4575380104145839,1.3733820778654724,1.1168023002553626,1.073899141143372,1.0119020062428428,0.9633025667203443,0.8510006319880036,0.6601255061153227,0.42688053877974147,0.4096312116310962,0.23182313315237474
8.29,-0.049008380096485414,0.02372770793413604,0.28291331547783116,0.5077121713062748,0.5983050049604979,0.7692964939480603,0.8463108450193514,1.019041417647632,1.095571746551063,1.246406856356996,1.3126020525012227,1.3406590836982366,1.415506418144662,1.4487611882162605,1.4514699065700496,1.479964860267958,1.5222966855331221,1.533593360682931,1.4934523481610251,1.5415806486300634,1.4746655534583288,1.430864647764899,1.3560284873411508,1.089754476806452,1.0361694276866906,0.9952352225943077,0.9368692206719921,0.8372038859335408,0.652387457240035,0.4257761301913746,0.43367127561562613,0.2510383551625457
8.3,-0.0718853416200294,0.04537357486053809,0.2472240854588138,0.46878688944286917,0.6373719314244173,0.7696224566206731,0.8484951020555633,0.994793220949241,1.0770832858540305,1.2046761482319481,1.2589916073268075,1.2963308978295311,1.4405262043307558,1.4622363213293008,1.4530022976481731,1.4541076284515402,1.4961366888281054,1.5041874796648904,1.46417732137058,1.4609295005457368,1.461868317446276,1.4168533864287214,1.381198531100521,1.1600225643270958,1.0608391555195713,1.0273253892463938,0.975784223193272,0.8110421877939828,0.6139489116918136,0.47212130315912837,0.36719872552982713,0.23942885763718172
8.309999999999999,-0.03358773498090332,0.006655107473050138,0.27660691475522353,0.529712188465933,0.627933590466307,0.7568801061577999,0.8847464166424706,0.9939809878287988,1.0709838376688805,1.1628489212154793,1.2964096410978723,1.3479014474621505,1.3967323873036972,1.4109085483456707,1.5416429837275898,1.523568451240845,1.4694956233590364,1.4622036570731385,1.51306099306374,1.4515488388072633,1.3951544346304365,1.371849545415546,1.4039025448426967,1.11148815813813,1.0811381976918877,1.089883614042809,0.955580356959198,0.8626457100255343,0.6349593497783508,0.43318168605722174,0.3991697962244732,0.30430554697018297
8.32,-0.02556046665800006,0.1055194526548322,0.3315071922630053,0.5425388657693533,0.6306752743952955,0.7340213035249169,0.9289163564319706,0.9696737650332914,1.1488362755974337,1.23926337643489,1.2831082002273113,1.3819789998470224,1.436384514361618,1.4449183549334244,1.446051884292007,1.5047187964188422,1.5023319662644066,1.570398487895535,1.5376147666777498,1.490623580279404,1.4636495814738109,1.4339910118636168,1.3607049106734574,1.1731561568178146,1.05295588401362,1.0214345629965151,0.9653307583703067,0.835673904753778,0.5941031540839214,0.4435567156097555,0.44656422461096545,0.2221483734659415
8.330000000000002,0.03283556479481044,0.07947169915497126,0.31654342314177436,0.4329161171202225,0.6129730291745751,0.724938613928093,0.8869188379074155,0.9874870117556986,1.143182333876354,1.2139167701515479,1.2836776723270868,1.364253646294796,1.4569513415252449,1.4209180679165105,1.4338619205741527,1.5174296557582228,1.4986973146329985,1.4778696843742396,1.534818462660328,1.4275208689288852,1.449116623910177,1.3740607389601909,1.2860794966522267,1.1007005304369848,1.067327765608617,1.103959900926204,1.0177578671000593,0.8352242655202166,0.5721054783649784,0.44006716490971426,0.4104063291547347,0.32254449784873407
8.34,0.08976834658799178,0.1388358916828223,0.3409009615898498,0.5525105877867789,0.6703984908472826,0.7276031088012179,0.9130068954850903,0.9844226732094624,1.1619526707525007,1.2442576003873822,1.2888048463228603,1.3455361905567285,1.3866131193096332,1.435423867775047,1.415440447850366,1.5242143676410254,1.5436834774362216,1.4753951641428436,1.4634871029878342,1.404247205934754,1.4627885787823902,1.4579841233144801,1.387281212847436,1.0683706386793084,1.1605476074519574,1.0802844402295393,0.934032628430161,0.9222717478745688,0.6432611086996641,0.49443886867179787,0.4655879783101875,0.2937550688579237
8.350000000000001,-0.010222149194126675,0.11053877220860325,0.3405378430010335,0.5376379818276693,0.6374409925506811,0.8322475040012397,0.9469551293058229,1.0060413461458844,1.1000193720073597,1.2032100076754046,1.2159640454187224,1.280977865250299,1.4137570796271357,1.4256743538817815,1.466406187631379,1.504835354549802,1.4994375683855574,1.4584659261032358,1.5138730304321344,1.4186338088919521,1.4335793509566708,1.3982447351892542,1.3534022538138524,1.1448692591247913,1.135745560656339,1.1670491416948836,1.0235755597269987,0.8593769139881899,0.5843384405164537,0.536336254261109,0.5010392229379522,0.2578592198422093
8.36,0.115803926342296,0.1284401658317782,0.36622191712396085,0.5428451461346377,0.7276007452205593,0.7840131928740448,0.8989590786737428,0.9545059948267502,1.0539966627486657,1.1901640948424739,1.3297096984974164,1.2976582553355476,1.3712118916948755,1.484792273690769,1.478617532010006,1.5081582149859512,1.4776907330752618,1.491477520618981,1.4942809813141482,1.4689553907719535,1.3873024923666242,1.3855897981373555,1.4108860437035975,1.1941222650647703,1.2024895931466149,1.106125261431135,1.0267220586838117,0.8479585035952534,0.667092068488179,0.5629809677640532,0.46795524119191195,0.37712481949708543
8.370000000000001,0.08065389871884462,0.16301376645371002,0.4161410912328486,0.5534950376301266,0.6547275955030134,0.8097788464165098,0.9595139062480892,0.9717557480472082,1.093889885523243,1.1890289645164285,1.265237691223161,1.3429979226702073,1.3794768515212892,1.42117585982338,1.4186463422525524,1.4765817385789892,1.48955863850928,1.4601948239569977,1.5044173682691862,1.4046226383182236,1.4516922776105912,1.421069211094158,1.3341099295786374,1.116816881719152,1.1831866031397849,1.1442406019888636,1.0947895933599399,0.9015563094379259,0.5264237977285425,0.5099456345757858,0.4729972445899832,0.3551740309102735
8.379999999999999,0.0703504008250251,0.23830878339495987,0.3625195903007916,0.484108099021366,0.7184948192773015,0.8282227060705496,0.9119093616649383,0.98311406745336,1.063329555422527,1.196911344070345,1.244962311893924,1.3433758947251626,1.4156721379387893,1.427402386683034,1.4678880391145879,1.4804199487603162,1.583945241300191,1.4076328977488275,1.547883427216636,1.4328160819177553,1.4557941798485081,1.4601292873688965,1.3375155565677876,1.0983286486290607,1.1604337949761834,1.1511159728883185,1.0432046711249419,0.9193008028978314,0.571721642396022,0.5503853630323285,0.5116209096246865,0.3279412002743716
8.39,0.06849237540913372,0.24483566564429954,0.3883913393657923,0.4970245731586576,0.6790180918576888,0.8717240989986198,0.93523987856344,0.9662636349811959,1.0879495849405418,1.2107273029218155,1.2657045211384625,1.3876963122341337,1.380632022658025,1.4164847884263356,1.4493919090381868,1.4577308984497932,1.4615433664756203,1.4206863409547026,1.5831155040889742,1.4479579860176306,1.4155475090107381,1.4376479775528186,1.3614715519809808,1.1148833563400917,1.1544788131986319,1.1501360975969614,1.0397601052409338,0.8929974619942438,0.5537045867717161,0.5619653198328518,0.5183609846251708,0.3156831303350558
8.399999999999999,0.07720164149158532,0.3031600678665159,0.36837265340133574,0.4599153108899664,0.7170452956969918,0.780963451386852,0.8781048267901134,0.9974939173893942,1.0475218381534233,1.1901330271910986,1.2895669325739254,1.3208535229210507,1.3749563924311032,1.436529678123912,1.512291673953613,1.4877686318528287,1.5322550984230405,1.4520770194012798,1.5085194444952397,1.4077395575036535,1.4008487663863485,1.4488343099596483,1.3788502626135117,1.1561026802651027,1.2380394566633546,1.1573928675139873,0.9852711962809902,0.9059267067461843,0.62877498577758,0.512487643283137,0.4494962001828197,0.32338690337400744
8.41,0.1234688528536259,0.2779011164402677,0.3463688923595027,0.4825795826053755,0.6901036385074288,0.8287432084193758,0.8777500448080267,1.0052380191964387,1.1356221424177648,1.2324753414570662,1.2543958137630145,1.3668454922191144,1.3769261496706227,1.4285043433707834,1.4757437665902475,1.485918768746138,1.5193826185776211,1.438281361082234,1.5110644637248223,1.3976181625204933,1.351372711309626,1.4098948378494847,1.3501214499416752,1.2426664864227706,1.209901033024278,1.1411203581038298,1.038511820271151,0.8869919639342372,0.5807110474306597,0.6109473858538853,0.4807510129303017,0.3303766450765889
8.420000000000002,0.11102036058308233,0.29956722725286894,0.36387388282927946,0.46331961022351353,0.6609646594863983,0.808638104523961,0.9052221543935164,0.9508356114674777,1.003784211000406,1.2184891839545453,1.2783060874276484,1.3086118571135092,1.3932188284930802,1.4256342847690848,1.4519781471398965,1.4542244715314774,1.475723696365034,1.4477789554550275,1.5020192330893933,1.3822167642789598,1.4085159239962837,1.396149277852188,1.3104880173196802,1.1759579120070482,1.1803454990724538,1.1461160255203835,0.9895460342658531,0.8894838366316263,0.5361661767827327,0.5980985273741415,0.5177548864617462,0.3521701646430178
8.43,0.052651075054467214,0.24626580290748173,0.38276365476371677,0.45280590693560896,0.7228179971113087,0.7790395610448823,0.9839186984176111,1.03875178087398,1.1408368546470273,1.253253372402485,1.2674141538474213,1.3241331039332507,1.366235313706483,1.3933696992555678,1.5343717060634403,1.5146191921255046,1.4517943781416294,1.4375983808549,1.522536590121668,1.3869578849574684,1.3879267868929703,1.3319334190824144,1.3493609926943197,1.2012625194681432,1.1982457722110325,1.0962898668863736,1.0083379776174888,0.9102122241413445,0.5573660273453618,0.5872315628651802,0.4815183766801757,0.371354292090461
8.440000000000001,0.05932887485128793,0.29598408656857783,0.368779208401936,0.4728236514969195,0.7538622137766015,0.8122227144696608,0.9022831587746847,1.0344496679808088,1.1181594376262116,1.1863133770222667,1.260174355546198,1.3632611394917893,1.3728742704357932,1.4311415094112951,1.4613470133340254,1.4814851443863744,1.483865826622035,1.4951693781079565,1.4668260470314913,1.373129274782235,1.388914002819127,1.4105449404845753,1.3611242163907378,1.2399459271741025,1.2133244204392726,1.1470076015387927,1.0234684032004435,0.8774216508034202,0.5497248202107429,0.6093909336158205,0.48769516961112414,0.3249593583399644
8.45,0.1525538619480898,0.28693651411558024,0.38493711916755813,0.4503439730714537,0.681137661699595,0.8595209127437387,0.933986995290892,1.0202837264034172,1.0891702728476464,1.2073133453025526,1.2935302462917773,1.3354798070505893,1.3745497741514934,1.4631613029515684,1.5338699040649204,1.459181392326397,1.5234345760320482,1.4892461618328092,1.5085947727528184,1.4205526627008747,1.416796424583051,1.3890762910028611,1.300160965843841,1.2732443658934267,1.2739134953459643,1.1752980000524775,0.9885035962469536,0.8800407553885755,0.6252861389021461,0.5609598309948239,0.4632531364027254,0.3291516270448869
8.46,0.04559817912455516,0.2984083405170646,0.3995524115529146,0.5014907743389386,0.7020142284985281,0.8562578424114344,0.9952357341728404,1.0172395111122425,1.107134319507036,1.183256460408869,1.2944103088097823,1.389934888483069,1.3759921441069896,1.4327421780757434,1.4989533236772579,1.4739713360385196,1.4454339536847576,1.456006417366091,1.4635950145977792,1.4078367203542501,1.338859489976216,1.3722639169060005,1.3094792707405754,1.2541713734379767,1.1767057142288642,1.077847142551471,0.9611423264789037,0.8877827299731347,0.5615471382900492,0.5984438706220625,0.47860224227518877,0.2894238338642351
8.469999999999999,0.06919645430485752,0.34060428366870865,0.382902843439734,0.41899171888076847,0.6885699408419876,0.830549072019143,0.9612615899841099,0.9933530922494312,1.1485254717224715,1.2035185423094488,1.2736013480829058,1.3504208904477502,1.4115542276463229,1.4231629320202979,1.479131807344979,1.5403482089472817,1.5584331519530912,1.4626278542380522,1.4506179994530224,1.3977286023620406,1.3701871721263303,1.3421356674355225,1.2883885041295011,1.288150016601208,1.2353066478915018,1.0279255690256954,0.9037763659104694,0.818529112525875,0.5285042773972236,0.6215704162914112,0.41836015058703263,0.28608276146503914
8.48,0.03005007491859256,0.33978659113268445,0.3961286119289525,0.4189438883661038,0.684831382907055,0.7791613637559437,0.8792659755701128,1.038068715415508,1.0516473242355215,1.2443485515740718,1.2949701979883532,1.3100425608445407,1.40800898591354,1.444176930109628,1.4740233473581148,1.4934533678049406,1.4524326307326096,1.4901539665937193,1.4314574812826888,1.3797530794642732,1.3281033802374707,1.3676922333838462,1.287665346721996,1.268151223324978,1.1738099681425143,1.0354570100943836,0.9166627372923548,0.8496917198594907,0.5292021370135103,0.6164274199299333,0.42645244703830654,0.29699882302874264
8.490000000000002,0.13552450976603747,0.3187260753620119,0.3938299700443736,0.49532981752881916,0.7067534422372731,0.7571987853145802,0.9592521926877606,0.9901451945576547,1.1675823286903992,1.2687047347776477,1.334114596239545,1.3704952829401635,1.4154162636037406,1.4010396850936413,1.4594041534351332,1.5489081492749974,1.475765406652062,1.506347605746115,1.4402838684267165,1.4188813557958493,1.2944661769385228,1.2957029482196738,1.276042349794491,1.26412154776843,1.2049300769744875,0.9317358026727234,0.8111329058739565,0.8022956579756564,0.5702776844021878,0.6126997517046114,0.4052588012087316,0.2808702917883469
8.5,0.06775330707368332,0.3641804574815433,0.35080917106249604,0.4285608489100562,0.7487127661113305,0.8203212182604853,0.9487978761884838,0.9828530219257327,1.0849060494406966,1.244567533095719,1.2941569542200126,1.3910355635862186,1.4236041998592919,1.4470473586334192,1.4665737338496658,1.4617183130778963,1.4892875023310705,1.4990734784157018,1.4313565563638713,1.3577299742968016,1.3431717685959637,1.3340923141156456,1.3120040801476396,1.2530304768022238,1.1568162950242202,1.0244744880363905,0.828363897885617,0.8330903411475106,0.6059669736879771,0.585011331566871,0.37801929637129433,0.23339890215765127
8.510000000000002,0.1356219772406677,0.2838238667980401,0.4112235957194635,0.4776443887617568,0.7274862968181819,0.8582322308540095,0.8913272498809476,1.0200040819229113,1.1007376843716374,1.2140869147599236,1.2709399686256648,1.3740697958759256,1.3879216090590154,1.395444738999748,1.4909181792689552,1.4832552789243203,1.5200997645893264,1.5097369635081508,1.4279192722630756,1.3706850873132381,1.40001984063052,1.2870929260858004,1.2422458630745594,1.2287638209144047,1.2109868871269003,0.9604469914337228,0.7990120105632048,0.7943781169837383,0.5702931201456934,0.6032331413833811,0.38867301169441465,0.3069140784161551
8.52,0.1268791380687192,0.33259384697184974,0.40154303913184886,0.4685728165918,0.7697405810582141,0.8946741441147108,0.967596894981801,1.035204818858278,1.1042597843197182,1.246451757143149,1.3177914668961728,1.3684327470535762,1.4384360775298002,1.4554445719428333,1.469977006403846,1.4750236195074968,1.477935371535399,1.445504985504033,1.411697634316402,1.4310382377140256,1.3610082013231792,1.279249740753224,1.2495868021089822,1.2141555511376436,1.1343968161436062,0.9710880625182909,0.8523015197167556,0.7950796740510351,0.5531780889830621,0.6049889716970751,0.4368521127574824,0.22235471823171232
8.530000000000001,0.1452483562863993,0.2776552994089323,0.45182418782947603,0.45355129900335656,0.793009343241166,0.8649594445364979,0.9895370916587221,1.093226010271229,1.1248559522185155,1.2331573013381023,1.3083017416842466,1.3484065998418475,1.4003875193468687,1.449716010309236,1.4078898166720042,1.52518379616509,1.5181812526621614,1.4831240325440886,1.438774469262114,1.3446803689945643,1.3075231483118508,1.2772263957275072,1.2050071044605848,1.3132256882226925,1.214302787009844,0.9471403479937791,0.7641560238634767,0.7913666600111051,0.5509490487566674,0.5965995109995313,0.2780513700171355,0.25889547910038896
8.54,0.15912638626704745,0.344274168235349,0.4295375183329155,0.4966196447092646,0.6886861951954387,0.8259293474802633,0.8952845875205845,1.0220559612803086,1.1337989477169017,1.2208820796983741,1.267999547844419,1.4107492296991917,1.384634242018181,1.4854611077687103,1.4636597512274607,1.4618781066429065,1.4404124762101775,1.4562601644428348,1.43364128983737,1.3627769590529129,1.3346316581399684,1.256534162357143,1.2446297944034717,1.280583407945479,1.2215142034368442,0.9352687384295383,0.7979308365825172,0.7568515309536403,0.5322362560506044,0.4994043679332691,0.32274984393289563,0.2693376774183074
8.55,0.16864051381743048,0.3198741024650183,0.45081799187834914,0.489608110196142,0.7174147357577977,0.8246351224045263,0.9915208457560346,1.0351549878320259,1.1521477608324548,1.245655427394368,1.3455657521131368,1.3373943680470184,1.426198349600409,1.4692011228003017,1.4782123263887972,1.5148885449236735,1.543145167283468,1.5026251935773858,1.4010567005314725,1.4634587644129944,1.315729789587917,1.2484537706286751,1.2589379327848682,1.2279939589672142,1.1655201425606692,0.9127830709278679,0.7224381326724312,0.8257426699100104,0.5604039741543407,0.5847285683341631,0.3043016310147152,0.22725347656826522
8.559999999999999,0.05647182267597432,0.23518217669194025,0.44275620009196887,0.5447539664682468,0.73424334428509,0.8240302189921579,0.9564266360858299,1.0845726715688464,1.161651059926188,1.2186260223641907,1.2192807200767521,1.3802835521842196,1.3818069687251595,1.4203847193989174,1.520376673539461,1.5311630903107716,1.536716643728747,1.4578320449065272,1.3890036959093308,1.4118651573221461,1.2832781371952215,1.2666122540687634,1.207529207358994,1.2843719287126054,1.1788211815196317,0.876576236402903,0.7377070905716443,0.7756929680789603,0.5479995198004698,0.5213949041537836,0.3403395657968045,0.2587246399942359
8.57,0.1362142422373732,0.20091614598049656,0.4098387384345854,0.5399054111799761,0.6935791622777219,0.7975100979647672,0.9898281320547855,1.0745809479024697,1.161910965336713,1.2314065175979605,1.3430146386319501,1.3829955847996895,1.4094515271792811,1.4025896923058,1.4506817120507631,1.5235407630955664,1.4800478420765324,1.474299670589888,1.4381745979770455,1.4601904267043349,1.369602295052897,1.226302395653329,1.2006798635744218,1.1823864467289371,1.1691814386977268,0.8688210289831908,0.7219245909930866,0.7511700419873789,0.5148040039832859,0.560330320020813,0.3691169544671819,0.26715501703607253
8.580000000000002,0.12459094449727465,0.2565835053590827,0.4503637686519097,0.5654999472244658,0.8009178012510356,0.9047969977827922,0.9389655258950063,1.0866947373416975,1.2008475577307987,1.2610866441854949,1.2908041182567451,1.3914181650739468,1.3930519702202557,1.3986796847732172,1.4736842241112218,1.4541373500897052,1.4619985190550042,1.3974683974428215,1.3992262012354635,1.4951398957285982,1.3722987601061822,1.2197809047635235,1.2186209588583736,1.204936556271511,1.1883156546472253,0.86430573709338,0.7688182826655413,0.7381332012039605,0.5225176393758686,0.518000031080623,0.3831030474256117,0.2716417526103505
8.59,0.1254007769926474,0.24229634257611254,0.44074215464265,0.5823706940660993,0.7647343676505093,0.8911242267039134,1.0168011276663442,1.084258467260917,1.1066144543904715,1.2635864180592464,1.3650066799087675,1.3144445673049021,1.3777713905842333,1.36219792964442,1.4165447698818936,1.5143037120761245,1.5591913171874991,1.4815392683468822,1.40500130154314,1.5027828280401967,1.354475725541198,1.1890482321655524,1.2069696476246785,1.2022093451688711,1.1646047857726363,0.8875743272893223,0.8065509308500132,0.8208213260850327,0.5961660898712378,0.5772560938957069,0.3260202203537883,0.2320054691150415
8.600000000000001,0.12067223489247994,0.17273788922722438,0.3966534790526971,0.5579236306564045,0.7094254146509282,0.858890111443833,0.9563814782060657,1.0722279757836255,1.1160633290253141,1.2365971668688895,1.2807844773535475,1.3437227547835298,1.3182495236636467,1.4087040835695601,1.4703010337913565,1.4741866413573534,1.503658698221629,1.5072143681935275,1.4484174207098413,1.5334992897310284,1.4256698155595606,1.2312491606699285,1.2087069961076142,1.2441207209899712,1.1462910080066002,0.8832040979244073,0.7635098662030086,0.7562244100380291,0.551890049153165,0.5624194337214092,0.334862647088385,0.25483377371537747
8.61,0.10753474986251362,0.21102060455700747,0.41832877617347,0.5912868173969666,0.7268907093288018,0.8841568117844036,0.9854354942427506,1.0855806193049429,1.1439527310509197,1.2336074276549067,1.2862555167684315,1.4156901746961903,1.4184350838730198,1.4169843336599615,1.4485737102535134,1.4513654488234655,1.5424733521710747,1.4434144366293837,1.494063366252512,1.491972344852912,1.3747953471950571,1.2281680771247871,1.2008951746476662,1.2326157516109106,1.1391943474472874,0.8721150014346828,0.7435552126304451,0.7152192233776739,0.5394734920166462,0.5154224314090042,0.2824634576168677,0.20319188876909033
8.620000000000001,0.07179530204471411,0.13229286950510977,0.45147069173130844,0.5519666277563429,0.7078357959140266,0.8291965451476839,0.9513793112349717,1.0770223405622388,1.1357094449136553,1.2943797553362277,1.3556284765322795,1.2888071720181888,1.3643360530319129,1.4511481030857036,1.4275441933871489,1.4626179741021998,1.549768347012666,1.460734052309804,1.4419018485703043,1.4888857161423468,1.4208894178835882,1.248344292405573,1.2268090552445248,1.247222376263764,1.1497269972196555,0.9265267304401862,0.7479229276067729,0.7753550445655769,0.5492939882850699,0.5816536656210592,0.32626154567006144,0.18128418081347045
8.629999999999999,0.1470741046446229,0.15078676689406414,0.4242434089435582,0.5374082013541756,0.740156030941088,0.9028691842837024,0.9358430151799964,1.076244145280655,1.1575026636847523,1.1810971729289534,1.2867447863975248,1.3773280926749838,1.437588762304953,1.4764847708023179,1.4469477155836183,1.5300639177310955,1.5483237717387168,1.4741372486070903,1.4440053372021293,1.4725920702386492,1.4196476750781388,1.2888617633711632,1.2678595234985262,1.2498670891164416,1.165395561574452,0.9363560592391383,0.7435137949071441,0.7128018942154821,0.5814091301901722,0.5933677895500572,0.3222321062125496,0.23787324629223533
8.64,0.10917522833629852,0.15669225801146375,0.4512969128039284,0.5494189430738128,0.7374794005492897,0.9233786902529252,1.0200072720554694,1.0832447551300972,1.1797906847244515,1.2277427320255307,1.352823184000257,1.435478582684996,1.390583685742581,1.431277160718454,1.475363359518404,1.463244808448466,1.4827454152902106,1.4835888253842173,1.4754088738704643,1.5036340466654927,1.4123534419584658,1.2625222911115477,1.2590621858825477,1.2437935330093692,1.104298779940534,0.9460992297177374,0.8908010288293443,0.746608905405493,0.5189100700089891,0.4865310098074437,0.26118835309491606,0.1929926356284479
8.649999999999999,0.06441217037921877,0.04899594814555666,0.4317686495817904,0.5352048118959694,0.7681431331788819,0.848578916847609,0.9429542410707837,1.06749065536171,1.1510208238602295,1.2608349667078909,1.311312671293086,1.3251164041783179,1.3776552245635623,1.4447082149777088,1.4637042398721567,1.5525486273797358,1.490796409800007,1.4977417299012123,1.5088712196762435,1.534918917268711,1.481375734688193,1.3387172021431994,1.205432742782364,1.2194351406662167,1.116878998605031,0.9626718295488096,0.8172852668269214,0.7325356915694352,0.5554673465649081,0.5301311650415014,0.24866832187536284,0.1386889891552146
8.66,0.15099305375174812,0.08389661840972364,0.4909967056862233,0.6056777695383712,0.7558700873758027,0.8784305172987472,0.9670409633622452,1.0673508590322824,1.1442123476815407,1.268294689957299,1.3569916490758067,1.3972256446043656,1.3940808835130782,1.457459706741533,1.5310535357003894,1.4519993043501702,1.5234200853714446,1.5059222080445012,1.4310676624628447,1.519740631994085,1.4430629935613875,1.3180390188590962,1.2733328440960783,1.2087374687548182,1.1197619201805067,0.9995479799228313,0.8726089810919191,0.7064128827312403,0.5274445789945376,0.4371058782899488,0.23888027928700634,0.14810829611013357
8.670000000000002,0.04593501206533706,0.13560595316095322,0.4768336338493043,0.5658578034947751,0.7343960143795469,0.8287252520792256,0.9847539227798001,1.0861980103751783,1.1652103872346817,1.175173509218765,1.233435409921015,1.375046144073208,1.4408236931324163,1.4838470130364902,1.4807605785735856,1.4594178205043766,1.4863791226394283,1.4679671677238515,1.4663950071108691,1.4567083689103777,1.4723990094116721,1.3220919486112166,1.2189044808564444,1.2164219764923365,1.1400386572952896,0.9164912007513919,0.8727545857084147,0.649872648910389,0.4043499185369758,0.4862969654119179,0.2716247477482274,0.1794163102754252
8.68,0.1335451127756559,0.08944073910135147,0.4133454660960705,0.6221190184979972,0.7378415415560674,0.8950303183040066,0.9337863862091667,1.056268875524679,1.1470188170537574,1.2626657118319073,1.2879034217922871,1.3794437950729193,1.345971570090331,1.445102011314931,1.5341838866663144,1.4578432311499314,1.5051811381047793,1.506051722645442,1.4859115964906813,1.5528473947393615,1.512884684136966,1.4577409160585646,1.2534409805554767,1.1912819257537122,1.1387457022798297,1.0116674600921909,0.8420967844210594,0.6891409769998834,0.4869714365361816,0.4146677100263503,0.26007262976945195,0.1716488089218811
8.690000000000001,0.16439919054509586,0.13562261396225647,0.5297909854132031,0.6448496778865306,0.7914835215875317,0.8536714019282969,0.9747710338988972,1.0717221512391089,1.1279411242440835,1.2740715111220993,1.323045356072742,1.3731571797211441,1.3496409454492315,1.4820994837397028,1.5131688326721366,1.4915138040457787,1.5063778521678446,1.4855163230146202,1.4984464133914848,1.5099728585472734,1.4567818814780056,1.3609965997370626,1.2330106608707705,1.233185135359337,1.1331320070261088,1.0459925547904796,0.9461172390140723,0.6955727913573735,0.5160608062549527,0.46478510761732644,0.25769991705654893,0.14831589921605584
8.7,0.08939540300132254,0.05411485472570895,0.46133159391456946,0.6481232665583155,0.797110144335974,0.8023394445538814,0.916044765402821,1.0656531183152713,1.1229388356849914,1.259554553192417,1.3221156760780892,1.3990834074040075,1.397195394221165,1.4593695749741513,1.4990775349937127,1.5375701802646244,1.5523408825127207,1.4809925131531079,1.5238922239811243,1.5616505267890675,1.4975103791442175,1.4327484480344834,1.16252965717378,1.1836552866363947,1.0737723311074296,1.011006103861204,0.925780239978272,0.6645607155303118,0.4797568428351279,0.3982416332681501,0.2479705595806614,0.14196357026502357
8.71,0.13356618410199558,0.06205059903287255,0.4680638263145194,0.6273749626614537,0.7123477069848285,0.8300545086883429,0.9496767767915867,1.0798489996922456,1.1909468000132692,1.2103284632616176,1.2331968754252776,1.3416367065905692,1.4161851801916676,1.5350496081186904,1.4487876295698612,1.5160811399101686,1.5633233502719541,1.5513118233300114,1.46814950224487,1.5206261728123305,1.5196122324537702,1.3939418324059822,1.204132593924925,1.1607674502508756,1.0574131488379108,1.0670192448719023,0.9573273728087477,0.6204768679136105,0.4634604852960411,0.3910790196816772,0.1994602846387613,0.11331849290038158
8.719999999999999,0.11757178587295118,0.0784421942247787,0.4584091677173176,0.6291774994293983,0.7088150836062654,0.8751529668968205,0.9684969520249324,1.038537850597826,1.1258181417189803,1.2443546310253397,1.286874792790929,1.3861098594060033,1.4275638497444014,1.5296642650387287,1.4683231277026696,1.4835805084647444,1.4954424588462512,1.50893135965699,1.5427466823326283,1.4925192660427615,1.469525949305642,1.418807153298992,1.2165892250112669,1.1058653079588954,1.0301738330808792,1.0795382370814741,0.9967157061910655,0.613446666248862,0.48408676180638277,0.36987617401657846,0.1797050037097631,0.17147743254664835
8.73,0.12223802447969845,0.10487416836072927,0.4376779837199379,0.5547332749563713,0.6976775013995992,0.8822133615521748,0.9612735638780611,1.086605034065278,1.1735262798953454,1.2867731717511175,1.2951128214617018,1.4119204955061342,1.4283710378404566,1.473606947215124,1.537821561648949,1.478448814458774,1.4710841955016083,1.4928589183146936,1.4290526652362296,1.4846929162958773,1.4488538325479563,1.401374700406971,1.1483245453082704,1.1177157902890456,0.9670277431954677,1.0302617254540087,0.930879608328808,0.6378739855680274,0.45681321171516837,0.33607527978830654,0.15740083993838577,0.14501758556908903
8.740000000000002,0.05758041658096746,0.10752837935430107,0.40138442928386486,0.6475887444633507,0.7331933925773724,0.848145805794779,0.9972253245566357,1.0636709682152516,1.1376103577632242,1.2559935389372145,1.337781537919931,1.2714390544339913,1.3737224858616908,1.4368315823603546,1.4765311037353201,1.4648526961963633,1.5468475712525984,1.598620132319794,1.5067688568496491,1.480012634216765,1.4886681008073452,1.4441869644159877,1.2084001811028666,1.146142516558328,0.9855926999357627,1.0745358024199347,0.9345284534341322,0.5944861129853447,0.47236615625347117,0.3032552581266492,0.22751387574231652,0.12570764851144633
8.75,0.07960652289603516,0.18738247712156325,0.4493967283317679,0.6281783110596597,0.6892678888420322,0.8568512792084545,0.9638046403657544,1.0549248620878044,1.1670926483453599,1.2981727714593818,1.3080369753357564,1.369955620026608,1.4419843702228763,1.4383613842360072,1.4506449565028738,1.48223620180699,1.4621227587476076,1.5263171950432675,1.5177958364767488,1.5190966118859695,1.4735042980053286,1.4196976705971862,1.1737043014327337,1.0977443320605675,0.961723266612943,1.055036504864929,0.9915120691808722,0.6001647919722227,0.42954331725520156,0.28081731682568,0.19249584423604923,0.11196567250353566
8.760000000000002,0.07522751940192836,0.12582276010081161,0.41970472315874935,0.6561142181830657,0.703144272445917,0.8351127553939329,0.9597349000157038,1.065770101196604,1.1208031311776727,1.2625453578891261,1.3554294939933043,1.324712819394818,1.3844329735246772,1.391394557799355,1.4825035236934665,1.532418423160527,1.4936233801253804,1.4817034540949214,1.5044190576968248,1.4613219900614765,1.4474190046255733,1.4432839579919716,1.2378532313994075,1.1125764275568173,1.0108957634151676,1.0592828031559018,0.97517068677005,0.572484324699605,0.49881232620694343,0.2958531586748671,0.15879990263635424,0.1497926209042634
8.77,0.09330934954551096,0.15550756705427582,0.36947657453684873,0.6232232612027331,0.7097947549159654,0.8102898154281085,0.9399733464136684,1.0333753563477406,1.1252437580887413,1.228804929899399,1.3109404985020727,1.345404535698476,1.4679007906783978,1.4369781612976082,1.4776123970769108,1.4809513129022274,1.4825933484946114,1.5103497438408147,1.5037342919503858,1.4098015336116743,1.4132969094007632,1.3938522065899708,1.1499907006984535,1.0401008853838796,1.004047964857159,1.0598929372921861,0.9659383444000966,0.6297770776958155,0.5189941795440546,0.29176962215351887,0.14906575238463152,0.09840305041928135
8.780000000000001,0.0187238302019211,0.24164633503280386,0.4003587692654401,0.6527617637066181,0.7125694880591691,0.7994848408060167,0.9338817389786912,1.084147401747545,1.1552129525432582,1.310281063327998,1.3638429662866538,1.3915029655593982,1.4196206206709605,1.4576824230719283,1.4700291880100134,1.5186496035580421,1.5064141446490933,1.4976732690990011,1.472628523301596,1.3970410064495937,1.3899355613779458,1.408494921852194,1.1969873707871397,1.0730123250488868,0.9530803878006595,1.0466682362534745,0.9363730495876191,0.6438367901018514,0.534250195625929,0.31450083571636195,0.2167927724654859,0.17195725219317737
8.79,0.026470635825086505,0.16887884797109415,0.3752474525081265,0.6659603849539322,0.6905729752347736,0.7791733545311155,0.9220817124807652,1.0636358432150028,1.1953750020740634,1.2212939009580666,1.295053061355487,1.305893981088346,1.3850783133226954,1.4517600660812047,1.506051989608529,1.4131344676922846,1.4469788839837077,1.4802690970595136,1.4959869219786663,1.3723048061190235,1.3727246691369237,1.361668988505326,1.2021951883666881,1.1819315520027738,1.0371092639332464,1.0484663229384001,0.9960842984132628,0.6480207439585512,0.5189259944427942,0.30899365011039315,0.17235279213543536,0.20107036231623635
8.8,0.06340158895742641,0.19636353193901981,0.4153270900719286,0.666193034272704,0.7157725422710859,0.7827278191859176,0.8923273375880223,1.057425127097329,1.1757435640558083,1.2361398515035318,1.2849211987403797,1.3138178000057539,1.4178029763589595,1.439207753050361,1.5620905342815206,1.48899693096739,1.4992481347189988,1.4729727379269901,1.5111425835271273,1.4318697472688555,1.4114080673944513,1.4099238162098373,1.2005733044815652,1.0418901630658133,0.9431566827125141,1.072958788713341,0.9361586233704229,0.7126115970576377,0.570465299686854,0.3038122300526101,0.13525533445334945,0.16514674212835798
8.809999999999999,0.009915026892994939,0.1571691390488645,0.3317898955716538,0.5923446879060316,0.6670214159113228,0.7797879461687237,0.9025555731581892,1.063208056821625,1.1182168849946215,1.2604755125253997,1.3124278460132552,1.3396476791341985,1.461933130834488,1.4752051379025413,1.4979650497135917,1.5321318744990522,1.4712155606821433,1.5233344871473393,1.527921747309919,1.4060347476471924,1.3439444339451017,1.4086439446700911,1.2125438095838474,1.0743532776947413,0.9989669689217476,1.1502852909556511,1.0013007144198423,0.6415691951347989,0.5698647940480146,0.3480441115336643,0.22091772814085198,0.12566373020013016
8.82,0.0014946209704116767,0.16708877103342967,0.30135077814488,0.5380176212734954,0.6198058060543894,0.8105205363892827,0.8991250543908347,1.0920092557015537,1.1618777544606422,1.2767846149621649,1.2842880571148678,1.3226611830533386,1.3532086739921558,1.428998386388701,1.4805502399135486,1.4975553318473822,1.4526611893284644,1.4882981003884843,1.4891547643077734,1.407381602657488,1.3547361661619843,1.3923518050742953,1.2451541777527235,1.0604198360249064,0.9909609696114078,1.0371415886911448,0.944437149521101,0.7052586710135889,0.5432385638706764,0.3542479970513879,0.27704949816986596,0.13347708971701597
8.830000000000002,-0.08077121070612861,0.20062871057469414,0.2842460979495319,0.5809517129919672,0.5896503992961389,0.7440712867471376,0.9144297541150834,1.0727394715642615,1.1572432651527125,1.2518249412013118,1.251659586306777,1.359516579671944,1.4355817592784637,1.4426796474122958,1.5057770008416969,1.4570864611566419,1.4344849365294488,1.507065063675109,1.5487307450509566,1.3832686107358931,1.338211434477117,1.3944884696486115,1.230183880077569,1.0665812838015762,0.9836070041009988,1.0323005383043513,0.9791560420612071,0.7039685857146076,0.6503844711560136,0.3721006863494775,0.32615587538168556,0.0750986729522077
8.84,-0.044246836627004196,0.24041911884257294,0.3029244719789287,0.6049948313518724,0.6212314962108524,0.8019020302989559,0.9329829366500986,1.0897233448676793,1.1848199950028528,1.2549150627422268,1.2954252821928123,1.3662527718278599,1.4317912476968262,1.456830937405387,1.4753034788100279,1.4784351931298547,1.4564101864753418,1.512900387414801,1.4673951896005943,1.37639749044412,1.3162278989389105,1.3853357346590147,1.2422013006575507,1.1102053615743253,1.0516636569034477,1.1149308430707543,0.94862316860783,0.7245252389261929,0.6410053081556162,0.4414938161604158,0.33145399514019336,0.09515425498472173
8.850000000000001,-0.049403325645675684,0.2878463164216903,0.34109714865279117,0.4758121604719931,0.519839681569481,0.7209596673543592,0.8858580227469917,1.03244897521243,1.141899437821291,1.2153585741285169,1.2835059656688117,1.3208098208476131,1.3973921040463015,1.418235848979419,1.4946245686609472,1.4579138203966777,1.494655267955274,1.5396345471596196,1.5037590903231635,1.4363080101546073,1.312459020082152,1.3145727772447615,1.2749264624763348,1.0744481798657293,1.0760301491249458,1.08977251510515,0.94181608080063,0.7723750165344689,0.6620907652900025,0.41019523356334736,0.3279492961808848,0.11637311651414539
8.86,-0.08762022713415021,0.2308291094701963,0.24162710497727335,0.5196795260186127,0.6038597350779281,0.7347464731495794,0.8661446603087998,1.0822020423583167,1.1609912064854442,1.2667488836547307,1.370536374139385,1.319248054891546,1.373250529238682,1.4007066346129844,1.4363524972532526,1.5021707716367354,1.4904336531784774,1.5164396703391583,1.514286734663136,1.4011743923099413,1.3506455412874134,1.3915882304171792,1.311329781961657,1.17262280319989,1.0604331756809553,1.0824834692637975,0.941580291756918,0.7774558639965847,0.6510280126751864,0.4541670054244745,0.3130011495150873,0.07680068830615416
8.870000000000001,-0.08809032017917934,0.28521769858009766,0.24075139304175006,0.46962826067544294,0.5874879086252368,0.7536855852424004,0.8354023819949572,1.0301231290072503,1.139310008772651,1.2932542118671844,1.286285220860591,1.3336552007219173,1.3731085058856003,1.4746859340419938,1.472884050082616,1.4920710161404476,1.442371340614371,1.5680407789726205,1.479483175737048,1.3578950791474225,1.2826055232616926,1.3875216056668946,1.3340332075837515,1.1348191200905744,1.1199146965882778,1.089748141074719,0.9131852549250701,0.800676900623237,0.647769298581094,0.4440128772611214,0.35122717084228533,0.07671099692502668
8.879999999999999,-0.04754793066971835,0.2948110273053238,0.2352103102345326,0.4609276314244526,0.6306755237202649,0.7259195786376479,0.8642621465296916,1.0700948534672774,1.1815046514437881,1.2114535767371952,1.307798811556379,1.343719420069921,1.4227291009842822,1.5203525709380643,1.4977490048115094,1.5022037374986628,1.494790508718959,1.5265938825824932,1.502502691225455,1.3942638886001635,1.3799857387825667,1.384380688917622,1.331660340104358,1.1707099650853119,1.1156918672681413,1.0962014863356102,0.9690911841932771,0.8393579010291464,0.6705020568699511,0.5101534625697407,0.37482022655985564,0.06605380625841986
8.89,-0.10900039963948246,0.23970715649740798,0.2919513086145544,0.45099723732039704,0.5859997813736424,0.7031862764461841,0.8474110726181887,1.1207922532820116,1.1749992630206705,1.2261523724029644,1.3461234136239053,1.4216570900016339,1.465382041911015,1.4657832574342873,1.5136737602945098,1.4892059251383385,1.4880991722443069,1.5604116120657299,1.5123322097025962,1.4520670504886122,1.2782645107637602,1.2973331792197982,1.2934260305696144,1.1911378945670388,1.1300831086251681,1.116878742666735,0.95111526450726,0.8754529722706335,0.6922333025896158,0.466893216833059,0.35914883678821247,0.0670018553588738
8.899999999999999,-0.1715682694273507,0.21581968713540295,0.2626628909080399,0.47954458655791793,0.548265031968182,0.6908570581130625,0.8592183652247539,1.137452798228778,1.1735908421086327,1.2252042368255862,1.2910899284377777,1.3838783645027894,1.4516756338726735,1.4807647283362222,1.4227716702561646,1.4692135808291824,1.432856871289377,1.5340323549361101,1.461893398401411,1.4032446642045193,1.3283380248776644,1.2629219030089411,1.3736005472487267,1.2269142669439987,1.1134588588178853,1.0765168838757007,0.9753526730053085,0.8488217828944604,0.7085781035366795,0.5553390960379426,0.43276550830475075,0.03376620351301245
8.91,-0.06649843314636023,0.23440407717895084,0.22677845425840104,0.40434462516423536,0.5899673564346491,0.6871728774800718,0.8351257371427387,1.1330203612091034,1.181870790770014,1.2967031194324024,1.3677058908870035,1.309035128107421,1.4251654853323465,1.4619634401547088,1.4595086685414937,1.5234920646165737,1.4761013291144267,1.5608840533360073,1.4907624538571063,1.3786011115550378,1.3323644706988083,1.3086525302946426,1.3480905696193384,1.1943597312972547,1.1323031591953754,1.1100014414062334,0.8779915592693848,0.8561474044461855,0.6788730133856112,0.5690213637446452,0.4257417162642131,0.03255726771057067
8.920000000000002,-0.1384456209195782,0.2532447101810016,0.26526571767509083,0.41198503585872254,0.5547435742785596,0.6894628597589005,0.8024807323402309,1.1130015964693285,1.166325103204307,1.2781101214505772,1.2782750369529645,1.3839515509885496,1.4519445928544947,1.4166364589094005,1.4325451999033347,1.4847317746232576,1.5032648327874254,1.4778934905788397,1.4842037445157168,1.3698529344790482,1.3523201539287604,1.298194279156804,1.3341571792355564,1.2047769048604176,1.1529729854659323,1.0584714080264799,0.9674628258089913,0.8693313924282877,0.6952833512243448,0.5569320394405596,0.37974486828382376,-0.0011929653524417275
8.93,-0.0723036211217266,0.24681619417269302,0.2730700843949813,0.3819622635430447,0.6007599249506236,0.7386532936569089,0.8599795216490844,1.0593486474766372,1.1860914122216974,1.2746421166154176,1.2841707062766725,1.3468815479706775,1.458207162188786,1.4623793583786566,1.4636379899941052,1.4822399334694452,1.5231514079877502,1.4704703406592003,1.4918975823109093,1.4502008287868147,1.3033338867491981,1.3371119062817591,1.3547441732552699,1.301609351326813,1.2143355072695328,1.0824655602609794,0.9186954182775182,0.9183504968771548,0.6462555785911355,0.534566779123024,0.42856893993314854,-0.01960215388315656
8.940000000000001,-0.08332752516635687,0.19997536383333706,0.20565293926786932,0.449608675680944,0.581325823050067,0.7587231663098084,0.8762526898315157,1.0595136512005545,1.1697345836447874,1.241356434131283,1.3218086805288474,1.332295102784029,1.404213848857706,1.4512543543279253,1.5161842552958238,1.4958875064531942,1.447996731409597,1.4792271957306347,1.4778441532007698,1.4468507460552251,1.3352635249066465,1.2923915193162052,1.3407754158669904,1.3060344193860525,1.2113690053229982,0.9911859784532457,0.9035532095780412,0.8640396107235356,0.6629946057010966,0.5997191585863988,0.4368578441980132,-0.04451852273357771
8.95,-0.07053239212801635,0.2052882934878197,0.20536823881008542,0.3920758788700459,0.6194894865514324,0.694019242191144,0.9077970374846827,1.1564817028955268,1.201616143230585,1.2882697340530238,1.3924593088415906,1.3658446728221278,1.408808650311018,1.4911033180972306,1.4439611259828429,1.4608839596321563,1.4936434693740903,1.47847538904717,1.4154445700582559,1.386919037864399,1.3682021237462183,1.2570805558266154,1.3850923399254176,1.339616818381659,1.2233988094394632,1.0432138351416134,0.900951445218289,0.8684121036927035,0.6519389780467337,0.6233102480731065,0.44092199032779605,0.0005637090554133613
8.96,-0.1350334596134813,0.22251324688024243,0.33260866636989755,0.40993725899877537,0.5794603379588152,0.7418785505856205,0.8589260775718821,0.9966544855348092,1.15426015596246,1.219493262825909,1.318920449835996,1.3605340924907885,1.4232898489130974,1.4649734378695871,1.5106400657764347,1.5212371386420165,1.4903087760624303,1.4907907534418028,1.4262382308856427,1.3982583655423875,1.3243383036384655,1.3162979265633554,1.3471516768577276,1.31897743593903,1.1702125328056454,0.9523766557144413,0.8483683385176188,0.9099270709307881,0.6196072271429007,0.6674529978740912,0.4608140065242272,-0.06374614053972885
8.969999999999999,-0.07096840649423533,0.2743570103945825,0.22928750315462315,0.4327945187300908,0.6009534202046253,0.7253684356279165,0.8534230191413292,1.095839895389672,1.1771277404115472,1.2931111017945014,1.3434307885519425,1.3606369619624905,1.516178898027012,1.4860013036351258,1.4913715638056049,1.485250032003732,1.5350363350431326,1.50456439806733,1.5032830182496353,1.4670108949972687,1.394144276799871,1.304865818783044,1.3656911713045028,1.322537256523665,1.2063863135927444,1.0785425280488479,0.859367604513287,0.9305464700855532,0.6550115456294007,0.6454707454359133,0.4498132690092346,0.05095460079060724
8.98,-0.04253173698187086,0.23071209633468748,0.2581243810132072,0.4391924098298141,0.5645431389455287,0.6982974746041278,0.8693091929913659,1.0811928853999355,1.1893822149084428,1.240049558298578,1.3117688806757026,1.3370934212958865,1.3895915877334208,1.4259759772521803,1.4997077961888035,1.4521791785833444,1.4802019015128793,1.5068375890884744,1.466680901931968,1.3592613278282022,1.302191902905505,1.2407957373350804,1.3263950860617004,1.2490252857016804,1.1754171294766684,1.0199850169241782,0.8832955092622773,0.8592375531321205,0.6835079196908955,0.5767018853444283,0.42985135517539885,0.017879333888603324
8.990000000000002,-0.07340348415906682,0.26591392732727825,0.30645430435949356,0.42939664235778274,0.6441325307953563,0.7070008770142071,0.8708172517700877,1.088440470096364,1.1696212126443215,1.2720897521152879,1.2844433473394505,1.4127645123089323,1.4318593001317794,1.4782279658809703,1.4895707633453008,1.5399136569391394,1.5027420889160519,1.4669333830757194,1.4412188190972364,1.457125004117103,1.3646087218400667,1.2589021519794557,1.309666885168956,1.2982707430602631,1.1526332719906867,0.9989999154292237,0.8847427667463444,0.8845375016861813,0.6293036337000542,0.6593755554876057,0.4603833202640699,-0.015120780904215925
9.0,-0.03311646957221019,0.26276234631593,0.27756723288571417,0.48192045950487683,0.6457965863313588,0.7246055414501976,0.8618903193876399,1.0610439266154827,1.1500826793152161,1.196160527877318,1.2842185728816797,1.3419492924129175,1.367013243998687,1.4216771511218962,1.5214930075903381,1.4888849709248417,1.4365935264256084,1.4616930684023135,1.4724874928004812,1.44508280307591,1.345729106512991,1.205478367855494,1.362770127634867,1.3067382691531215,1.1993070098936844,0.931959399523081,0.7720995756620392,0.8951665965494741,0.6356068529481959,0.6169583834531557,0.4298281798719027,-0.03137719436772011
9.010000000000002,0.012129021051382739,0.267795081191981,0.27388890697146046,0.4365407419489429,0.6186836282145167,0.7083659818813688,0.8863413896589785,1.090750215312408,1.190679148149605,1.2772424082730254,1.3454249879931732,1.3587409583200105,1.3995635572443235,1.4412276952999759,1.4524987353043723,1.535299066534817,1.4784171244872117,1.4760304049240232,1.459566396090943,1.4369625511821087,1.3957174474738718,1.2194688064030454,1.3574387588040688,1.313041851458104,1.2271213456435095,0.9721210654705946,0.8198877416774097,0.9353768181800645,0.6614289888668113,0.6147817384423949,0.5203879545879548,0.11972856293889711
9.02,-0.04509496425801053,0.2646975981997904,0.2862993998864086,0.4154444349689712,0.6561226761586815,0.7644020366322338,0.8115770463733891,1.0577136200165462,1.1221440466150785,1.2525877265805256,1.3393204522394249,1.360794488495283,1.3770130696751708,1.4213749915994536,1.446453380406622,1.504388587480304,1.5084350632636798,1.493745823201114,1.437653639191005,1.36585381671232,1.3594287352790875,1.2320186587564625,1.3543030302307004,1.3152072437556706,1.2276611439460887,0.9507218072665594,0.8580327639589196,0.85043899829447,0.6948562285596231,0.6106241528427498,0.4227831431712352,0.0677358517942778
9.030000000000001,-0.025614757950073907,0.31715369044959124,0.27985962027468597,0.4294928874757918,0.5926090713275771,0.7751655539206466,0.8623805831451132,1.109170379000652,1.1755048303399853,1.2645584591767682,1.3257841828632535,1.4085100146839378,1.3920078411786745,1.4080159473469742,1.4509359216369968,1.5068119250264025,1.4959121936032258,1.5167879853539614,1.4589827489842062,1.4382449725120268,1.4474923277427736,1.3040266942681304,1.331920859824483,1.2713053696589829,1.215958372034909,0.9244193466223612,0.8417366259523973,0.8989178683818931,0.6918226385606364,0.6072703541601696,0.4681503414965089,0.0291906004239347
9.04,-0.06337550781840505,0.23491549957757826,0.2780748679526721,0.42594069853914385,0.6139127667512343,0.7229263849135201,0.892615607116627,0.996351441300241,1.185450756890332,1.282327148452838,1.332332911031751,1.321998896150884,1.3845491051973122,1.4724033949257682,1.4857240778664431,1.4970914983436128,1.5286353187656136,1.4809118686126332,1.4503265549309177,1.3902894189120505,1.4191568510337194,1.291384327555463,1.2994218912301814,1.2658553317408716,1.1829447807200635,0.9368706914302853,0.8262810618559596,0.9666359719475884,0.6848826401936395,0.6655049240052969,0.4913723882639583,0.0511057442903963
9.05,-0.06238512530836484,0.2641455705043976,0.3018766627313089,0.4921198327060513,0.5843012428697538,0.7336886311974958,0.8761881542883054,1.0527125872539127,1.1216206215790456,1.2492773762635718,1.2894389322594701,1.345935923080877,1.3674551550698903,1.408570496440237,1.4346146566823832,1.5401189585940225,1.4973889826143068,1.4672072213170735,1.3628869064264981,1.4787355927001253,1.4522740819862259,1.2863242893420226,1.3597478010074335,1.3326600065325702,1.188100211175925,0.9980963475516813,0.8942993280248154,0.8409732363977255,0.6430457019729678,0.6314270514699218,0.42003422848193306,0.025682628951410824
9.059999999999999,-0.020424945977505358,0.31986754286114866,0.3195782790720058,0.492640110679962,0.5999253724343026,0.7759963830692961,0.8859698122327446,1.0377833667188625,1.1510566296166855,1.2725139955353941,1.3411139461960693,1.3028155534821804,1.4158425305522775,1.4526264023711897,1.4453754580089693,1.5153666137797408,1.542805890471807,1.5068305966730404,1.4669316112341086,1.478823510871364,1.4703282735840628,1.3665115709635298,1.391397624779741,1.2598382635042646,1.2073751898865623,0.9560223479638187,0.7801862741935652,0.9014592606454461,0.6889444480761483,0.6333472848962807,0.4685732283768454,0.08410121489806772
9.07,-0.04161212560244358,0.2407362196093157,0.3093894447386081,0.4410959682012866,0.5693282154239199,0.7916219389978381,0.8944892353684366,1.0466494022080997,1.1605942188757938,1.1966421806301548,1.3387157031789874,1.4020033865562476,1.433278761236255,1.4590653515981875,1.4554774904576029,1.5405696002347518,1.568227596057723,1.4480019190138436,1.5023845909602467,1.5087667652135557,1.4776614653332345,1.333099849795622,1.3459069848946532,1.2974621497062546,1.2123150937063216,0.9439387396304039,0.7938421901744447,0.8787109195637415,0.758242080151398,0.6576589982486867,0.5096132880953164,0.07518749308274485
9.080000000000002,-0.0447525593476958,0.242097575519867,0.3196571394248468,0.4621325957779066,0.6490908769793767,0.7320690156634738,0.860823662978718,1.0484438703771821,1.1762016968294746,1.2541284349123305,1.3045339949400336,1.3752609264656996,1.3599752552961364,1.3780873086912981,1.4361037876296785,1.5125787524029624,1.5516552333520228,1.469219399962209,1.4583637084752845,1.4236512070930156,1.4945129642172403,1.4363974456223896,1.4036942102239542,1.2806745766151546,1.240669468937907,1.0061758868592203,0.8586744723487651,0.9009581032095393,0.771670590158376,0.6055965239278713,0.5004229219394035,0.06509566126432424
9.09,-0.09057608453030967,0.2118517315208896,0.311578220836507,0.4350333937710402,0.6079794657845153,0.7064665792293137,0.8708095972738807,1.040966078537583,1.1154810417167087,1.185295971545727,1.299004028037271,1.3952719641273437,1.37274683533918,1.3937647422460875,1.4021099550234546,1.5021720507871739,1.525788204822725,1.4497272267444576,1.4502834333679546,1.4945294281444472,1.5249543290388317,1.3572527050420027,1.3556687961217075,1.2761098400546613,1.2200046481948943,0.9698434272546826,0.8489861744672178,0.8902145990250819,0.7365384998775404,0.6926980310666905,0.3604825050632075,0.13027644373601174
9.100000000000001,-0.054277240514493716,0.21532372146199913,0.2038710467242767,0.4255977566565086,0.5934151542341097,0.7355482980815103,0.9099751756239671,1.0211262974019057,1.1108149111107082,1.2338040447470415,1.3051436572819934,1.3250838157667761,1.3865075891624885,1.4392942910347961,1.4957634515736706,1.5715053113185822,1.548079976047891,1.4297675233002622,1.4182440681513326,1.4467796989570356,1.492025813617626,1.4037095783994014,1.3285926257396896,1.288462471378863,1.2228380955954046,0.9393409091104545,0.8219725308577052,0.8271621499800091,0.7187506432112553,0.6422516536812586,0.4430015979689567,0.11804662330179429
9.11,-0.10967106328125331,0.14652926298121297,0.2620367348249189,0.43732758524117177,0.5623255633328331,0.6960590021322806,0.8721973314521452,1.0878713051911064,1.1266584651796268,1.2153372723540485,1.3094606001796734,1.3686680730475442,1.4402458554994406,1.4925416091792452,1.4754504864401423,1.4772457394362606,1.5559575812088144,1.3987176713506675,1.4699032640013363,1.468174382264381,1.434130503486196,1.3771540814921959,1.3287021101176228,1.197843382273355,1.1513678592703815,0.933513335717703,0.8356258321093761,0.8481377202592578,0.7511189376551267,0.6090104163709243,0.45474308010185366,0.12074185142030036
9.120000000000001,-0.09578017037135358,0.1450174524810372,0.2376890385780604,0.3951463062148717,0.5405125811361243,0.7804454559873198,0.8702044842171544,1.0187382089794368,1.1461248289996566,1.2229874002955858,1.305758300023803,1.345588834736755,1.3857199138373628,1.4571368969631848,1.4700332735467005,1.5517755515319098,1.5664535821731802,1.480407232799752,1.4820099192000609,1.5015334959523423,1.4432962480680045,1.3961080493489957,1.4058406864793085,1.196118781743568,1.1922692302451896,1.037630808283943,0.8750295684898708,0.8172660492915156,0.7654410753144415,0.5683929721552355,0.37148710456175227,0.11721549628248473
9.129999999999999,-0.14669486021652042,0.18119870383800254,0.20711411071400102,0.46510258401006666,0.599382289049613,0.7319873885248144,0.8140890898147713,1.0053907331780803,1.1478250516720794,1.169650490889701,1.3023267559855063,1.3779692156621401,1.409742292680886,1.4300921889668916,1.5419051747500463,1.540456994269546,1.5132726700380865,1.491311969626891,1.4384713120509593,1.482242104756304,1.5355876644902833,1.3698349229544686,1.2861321303967017,1.130189289671793,1.2216054645367596,0.9900222143103034,0.8687040821089932,0.8173187394868411,0.7839283881413124,0.6079120423732343,0.3898990124305872,0.07385067163770376
9.14,-0.10954441116373778,0.13315671149603983,0.28136379155427815,0.44712680028057167,0.590780838973108,0.6959588190973837,0.8655327155302289,1.0506812039028801,1.1516233583915256,1.2214077447118141,1.2981810382259713,1.3166803098810262,1.4264495441692988,1.4118414916626045,1.445531522322242,1.4499494399703186,1.5851529332813001,1.472473317335328,1.482247474082673,1.483279022954425,1.3937785235379927,1.4089407854816398,1.335961674093216,1.2221912798095098,1.1796275545420416,0.9563472297923775,0.9146367619728863,0.8826522264038714,0.7993603715679474,0.6548431940981337,0.43416881495448634,0.06544497346629334
9.150000000000002,-0.10351700341795399,0.1337935514987051,0.24796615140049189,0.3966722275225632,0.5843320654536105,0.7107765063291158,0.8925881446181202,1.0872902682123615,1.1182028572991816,1.2666813917500477,1.326482133128616,1.4047056995477487,1.4139312718195476,1.4794221981309479,1.5254495318176746,1.4786040758149517,1.50071854333413,1.4698126720127376,1.4419424546409596,1.4437047116304964,1.462811932041909,1.4001769772867962,1.2817467217652623,1.1442229706042983,1.1640065117331333,0.985231974484739,0.8685166374217947,0.8941708547065547,0.8116907872214056,0.613048633668275,0.41895073451312326,0.09283318612991283
9.16,-0.12197353222799323,0.08946126400210755,0.28900225959300974,0.41391589276117,0.480289877589107,0.7553865923983363,0.9314553381998267,1.068983163560739,1.1697655513716156,1.233612377805256,1.289335988128516,1.372787712652017,1.4262869817633355,1.4729382365012198,1.502742219846823,1.4774162971575215,1.4794645717399262,1.4617741901713703,1.4849752626825634,1.45897632260436,1.4292863820935076,1.3764442271772992,1.2986700864499099,1.128480237307052,1.1677816291773229,0.9446104031645184,0.9070170718764596,0.8726442553526329,0.78376058566757,0.6171118502411805,0.35556179273691274,0.06146248822951166
9.170000000000002,-0.13738005487916438,0.12990983387276633,0.25270722318858885,0.4047872699250436,0.5692959450408296,0.7423758660509494,0.8649959194749718,1.0713400369482153,1.171363590520377,1.2302417729671207,1.3309226667803975,1.3511078515305543,1.440627357473196,1.4588401756003615,1.5236289542184585,1.4979565784423432,1.4710174513196599,1.5213878327640409,1.4805943886357773,1.5124517316587909,1.416068434458739,1.4258575513059049,1.3479014354858332,1.0742264419182563,1.153826681647665,1.0055254511712464,0.8716312868898248,0.7758273775623707,0.7285312847625186,0.608914547549773,0.3573198986392807,0.09151207939371796
9.18,-0.08817631533825365,0.12612917797857284,0.28582475023608633,0.45269824936717074,0.6026077841234677,0.7170966321094282,0.8426098078344514,1.0468168528593522,1.1465799702268935,1.215099788430535,1.2428010636919051,1.3051817276754865,1.3931780564617113,1.4488942593233956,1.462323716570532,1.4513063000248647,1.500962937758652,1.5318238409876763,1.468026851699902,1.5182358162016625,1.4685370195598748,1.3828646524870511,1.2812154978638761,1.1300244423045367,1.1482035022922676,0.9570091218378635,0.870909319758571,0.7821356902287155,0.8209849814235869,0.556466685715705,0.39422085113954136,0.13315201617233896
9.190000000000001,-0.07179285273694654,0.09792582442690669,0.26282605212313803,0.4480069506471309,0.5360165872718344,0.7318142042822606,0.8464430387933553,1.0657813343940574,1.1822797477626863,1.1888006768765127,1.2926066420940536,1.3759131340018422,1.4591982034245798,1.443441653643347,1.5041045894310392,1.523014517207188,1.4519243262553807,1.5420407143246142,1.4828941892685628,1.5030200173384065,1.3956881070424552,1.4252415670526437,1.3151564415583252,1.1671519131708263,1.11044836597664,0.9706305646805952,0.8874639985558541,0.8255746479266353,0.7408130562939669,0.5564743353614834,0.35605805417508235,0.08385664026973684
9.2,-0.11238402850180346,0.07941211300676816,0.2604801400049186,0.42535734820232696,0.5493300623137877,0.6682328987710886,0.848901586901572,1.0850361703347509,1.1792052115304934,1.2218406253015763,1.2724317771814369,1.3714224996198363,1.359837669048863,1.4047546031592204,1.4601746423081594,1.4744126892564757,1.519171673581383,1.4581822869942893,1.500970391291329,1.4849808275028313,1.4018077861622773,1.4324696923702527,1.2960861943377915,1.1264809474895214,1.1440470887058531,1.0049726539490462,0.9268668875958666,0.786792930360465,0.781165802374912,0.5149499159768698,0.33885110134377033,0.09883682764989846
9.21,-0.0890330183971316,0.12633458096794298,0.30519819906599516,0.515176685024665,0.6105605190809847,0.7419010003709023,0.8714416180395154,0.9961895787466987,1.1284015373844256,1.2180941367228169,1.3785617044438174,1.37599530931237,1.3855338211088037,1.465809295501841,1.491577135492035,1.507814169370945,1.5491629584961313,1.5406855706943134,1.4781428878090335,1.5224441392710282,1.4594121484446032,1.4037788581446842,1.2450940867887483,1.1200529891047735,1.1429286688139402,1.0260305587169112,0.9346107442239383,0.8048527966985793,0.7923122833633327,0.546696604954186,0.3654795531251111,0.11327839718953646
9.219999999999999,-0.02083088038179082,0.0786068216007782,0.28999850378789965,0.4645054791396133,0.6336143699011683,0.7606705659847315,0.877710672090386,1.0458692071888183,1.1525687390083508,1.2910273185798182,1.3042822209821918,1.3841693392794563,1.3864810765977007,1.4451347666525796,1.4705638124881424,1.4598149836697587,1.4487343914094009,1.4411958833828338,1.491737287137956,1.5062862706608413,1.4314678717122513,1.3645303095604076,1.3002808499707643,1.1103306032198492,1.0995020446213302,1.0280073580152866,0.9558962087184342,0.8145325513596935,0.8758923777140464,0.5594488984871497,0.36948423263838004,0.12792406222965855
9.23,-0.08672747189915779,0.09754572127875523,0.31318492121619784,0.47726271398257686,0.5949380705983816,0.7408113028005335,0.9001607845458495,1.040552104611855,1.1885525210294536,1.2507898260216692,1.274554198302107,1.3439516300371075,1.4250225879135443,1.4622462016717568,1.4981047469860835,1.5101706077647121,1.4497125423518051,1.5008858902782114,1.5125242936170173,1.5172192006237988,1.3875120612802652,1.3864452112758257,1.28950631437357,1.0350799643374207,1.1048336762099842,1.0533460567360962,0.9344988488322545,0.8082049702553844,0.7911191298664068,0.5184401613834466,0.338115993942403,0.18355501094610277
9.240000000000002,-0.06311759725775731,0.07097435590381845,0.34927037151219853,0.485837403771115,0.5907059627749607,0.7356145853165743,0.8730186789303589,1.014769933417092,1.1347744781438942,1.2776251962004532,1.2768439705548178,1.357903976317118,1.3703727762827251,1.454926078637247,1.5607920461275593,1.4164033954610769,1.4519052628356246,1.4660853377155951,1.4454668822343841,1.4593540671589287,1.3510051252090267,1.3208047151014373,1.2609099407857975,1.071844028951631,1.1261661827282192,1.0243101344870975,0.8983496900698832,0.8013459230904424,0.7695410955716033,0.5540223642180285,0.351265260145964,0.16514460162412303
9.25,-0.05703300770951509,0.07435323151201445,0.3317843224442842,0.4912690411475261,0.6014722134529777,0.7560976255672034,0.8966222109039259,1.0903902347008239,1.166429011637994,1.234583624348166,1.313015077855061,1.375984012348855,1.3979199745282151,1.4438184135012548,1.4915403724620944,1.4630149797451337,1.427592182475557,1.4650932221780149,1.4783656192770842,1.4902558168905553,1.319035095029787,1.3411794879052048,1.2247958843007551,1.096937610803281,1.1629334621781393,1.0633465081255093,0.9600507154686271,0.7928933608002803,0.7790883222966347,0.551962115987706,0.3774748184081465,0.16199550283432004
9.260000000000002,-0.03336335883665177,0.09578729453796125,0.2809900847565246,0.4584068122944304,0.633553238993565,0.8209275476856599,0.9241065471435814,1.0040569372208445,1.15880506372296,1.2456516113093044,1.308381623137489,1.3976816468233484,1.354408784084913,1.4220058098868102,1.5505003536550075,1.4550836643314597,1.4671239275977517,1.4958576381083852,1.5020884800410501,1.5161602007241781,1.3629644923888073,1.376751517191385,1.2972730240755197,1.0967773313914728,1.1425330221546273,1.1340492528084036,1.0005818896349177,0.8531985704013162,0.7793112405428131,0.4928276278526428,0.29556867061912595,0.18585966898450484
9.27,-0.09757496545302677,0.06238205030347263,0.32477599813941943,0.4773722027014154,0.6666937585649813,0.7479346690436889,0.8934646501459296,1.0613508347455165,1.118878260546474,1.2549675254322157,1.279672625911221,1.3432825843328349,1.3929502479334912,1.432163441618713,1.4524868518616267,1.4571668231345587,1.4574131472953702,1.4703453581321193,1.4851974542565216,1.5238495709676372,1.3123656891849502,1.2936444347329115,1.2778222945032236,1.1473813701642175,1.1016446380364922,1.182131355840621,1.0004079276345437,0.7943228587591661,0.7935616246274955,0.505446732220907,0.3445170820758626,0.14944422750645192
9.280000000000001,0.0031103043750998595,0.1111929071000401,0.35045036346494424,0.4947301049872745,0.6573503824588581,0.7616879225817695,0.8849844040803966,0.9814701877861176,1.1316781501876454,1.2250310571501155,1.30076500971847,1.3268780609297395,1.3652044581481755,1.419003227783411,1.4973701035053533,1.4325138481692306,1.4595825457924676,1.467340786209544,1.5238361897905313,1.4554841408311878,1.3398855337839257,1.334824529036636,1.3555959655138319,1.1320988369390956,1.1578568686290895,1.0990018510237867,1.0081253426121206,0.7960765391183987,0.7888060696042513,0.5411722211831553,0.3950304676111315,0.2107773018715552
9.29,-0.02523232274226346,0.15531221453092778,0.3196345934941008,0.4894904647400614,0.5949743435369139,0.8259578807878356,0.9508582272630807,1.0299466424285004,1.0953372424442762,1.184985409112771,1.2724156254802246,1.329188523474393,1.3696187755522429,1.4725002896794035,1.5313826874703103,1.5319242595795206,1.4115907229988003,1.4753909841174004,1.5005584536206136,1.4650884707491307,1.369350386123216,1.280003537271073,1.2734599529109276,1.1532165667681595,1.1617685158755033,1.1360812935734972,1.055473707327118,0.819411047930224,0.7607217120390917,0.5569652559845462,0.37851162918577214,0.21054672755274254
9.3,0.010465371119544396,0.04946752939147425,0.33284765575898956,0.4944681762580473,0.6131602919264065,0.7965356969240163,0.9052079471975797,1.0020614784551922,1.1374797921872506,1.204092022562899,1.3147612918552194,1.3639229268880857,1.4634356513638305,1.4363377349299356,1.4620126278066325,1.4743092623822176,1.465953767887179,1.4802500137329897,1.4473072342706652,1.4975582842582507,1.3831118973811143,1.3282267739949676,1.2822481375679085,1.2119475305426266,1.1763696312544285,1.148604482615108,1.0827633548699007,0.7963921524705101,0.8001699522994405,0.5104217951962505,0.3637034606028702,0.19218042746857097
9.309999999999999,0.005003768829201034,0.08202437839795115,0.3538109442246638,0.542170844940654,0.6103101808100583,0.7618369395539722,0.8934453104890692,0.9881812403072451,1.1278530498965187,1.2516537239553536,1.281299972561385,1.4093714343573942,1.4320428469589535,1.457957302164075,1.5110254194625385,1.5219374830260795,1.464965986585556,1.5175082048293633,1.5294834742991508,1.4778867710316372,1.3865615614954936,1.37174223375147,1.299168321612223,1.187851185406129,1.1912462940095634,1.2070491359010735,1.0901511081124602,0.8232396646626073,0.7928425151489207,0.524691019184959,0.31256564510066964,0.179192446349864
9.32,-0.007584353550855327,0.083261293794293,0.31971785344171266,0.5110106383606657,0.6043315616368321,0.719252206193543,0.9066983980743502,0.99253321923066,1.1017559996673585,1.2134912447087547,1.2994440209049982,1.36113672342197,1.425815433746511,1.4215276691577063,1.4533776496211765,1.4568017808830926,1.4430975195876548,1.4697836038372736,1.548495600489622,1.4917860674762335,1.3152377714749026,1.3326967995701442,1.2761494362803545,1.1723851791487212,1.1102931586745637,1.1646495726515202,1.1118586523666198,0.8802281242739578,0.7892553659946133,0.49958862454084696,0.3359474253966381,0.22270623978272275
9.330000000000002,0.011694064891363772,0.08459689358049585,0.33103280812806146,0.5267523519148092,0.6592117746824334,0.8033006445359657,0.9255610887428857,1.0003735381478716,1.133217293737298,1.1920113637636163,1.2163050306472243,1.3324599962867796,1.348519917056812,1.4704675482933838,1.4781298263656166,1.4942388986019266,1.4620654194470628,1.541726973708999,1.546128426575557,1.4841820268007957,1.387883132698524,1.3572963537284473,1.308382854108892,1.2763313148798783,1.1279662167437114,1.1648050860977812,1.1185577581461028,0.7752408659874259,0.7619264147828564,0.5226887565319027,0.3208077035175963,0.1345877062548507
9.34,-0.0056332797531272365,0.10610332113800422,0.40510859567538887,0.526827089982386,0.6983667420620868,0.7778807846443229,0.95627513578129,1.0170983501693267,1.1264978784789226,1.2237995984786183,1.2051737819493336,1.3637510124558765,1.4172389489426624,1.4182361668068084,1.4919844606966488,1.5457940702219306,1.51541407124151,1.5144421946981195,1.5877700358402478,1.5183004004578868,1.3590681706609344,1.3034906507923725,1.2952348087942498,1.2558574379737326,1.124530358087187,1.1983114195502549,1.1114609755101714,0.787974003296984,0.7698839739834736,0.5064564057192132,0.332907402990909,0.18468827143271319
9.350000000000001,0.009764739490178498,0.17353279459918006,0.3772096413003461,0.6637570049369548,0.6474996806339721,0.8296931762089063,0.9513537379879952,0.9941090942933515,1.116270236702552,1.1849633711077332,1.313182215917014,1.3067054040644541,1.3814919753016572,1.408480275031673,1.4627263525420582,1.4876686376018164,1.44374770188507,1.5456444708895651,1.5384939175805121,1.4886318004183718,1.381316294718855,1.3060000290099052,1.191600390210663,1.2122786822217895,1.0517346593683519,1.1760951618758437,1.0746146392910478,0.745341187528508,0.7137569065032471,0.46218273614505156,0.3305458266714109,0.15655551952165744
9.36,0.06603450614558688,0.1682189556779674,0.40917629901532887,0.5476041101859227,0.594894141179546,0.8374808963667958,0.9340266450777392,1.0409044724626106,1.0775374641074755,1.1814373837452965,1.175392422522586,1.3586479346680207,1.4086151720344537,1.449577498610034,1.494651088330577,1.4852755330917324,1.5681334841273733,1.5114132998477496,1.5760083991650078,1.4390220654404369,1.3840573699256717,1.318931341962727,1.238611053387472,1.2829500285953335,1.0615219380335867,1.153922009203823,1.0508719054489593,0.7171862913267841,0.7141274354691167,0.4061558863918012,0.2737702643702752,0.2584312092286771
9.370000000000001,0.056335992732728976,0.13590546415998594,0.3845568854634545,0.617881554981203,0.7104471339705674,0.8302705276429393,0.9331554942750906,0.9910796013778067,1.1289370765241273,1.220166598391931,1.2206007497034879,1.314869937965263,1.381411462849954,1.437070987911114,1.5006712813783347,1.5219891896557847,1.4843011062060052,1.5025320973970138,1.5261489986311014,1.4498796832422418,1.383757253159521,1.3202616386549157,1.2273154953701422,1.3351218333336479,1.1088544594850998,1.1728459199534949,1.0330381174055137,0.716338877966363,0.6978650854667625,0.41664012644094556,0.2547968844148485,0.19469343046416984
9.379999999999999,0.11427707915530148,0.1746524120907498,0.4215262270214287,0.5669434998912802,0.6963808332879167,0.8544098813048179,0.9577057545563955,0.9909744024630598,1.1170734752376057,1.192202996635224,1.271834153428738,1.3621802651345116,1.401313250027548,1.4562475788802494,1.5074175862374184,1.4414653860776507,1.5090838047913273,1.5165177800183633,1.5226322771628107,1.4850199559107156,1.3862370183619899,1.3374975822192205,1.25067728588511,1.3145986542514787,1.0907922945213187,1.2031861321855815,1.0580399864924375,0.6833455577184244,0.6695775546473245,0.3729481914847844,0.21532355466501568,0.24646962231100386
9.39,0.03249703603014592,0.1878791348904836,0.4442505868559412,0.5872641471341347,0.720266230016414,0.8141105144971668,0.9543670675121664,0.98390782048239,1.0928696914908007,1.2016953259266985,1.2191403971746688,1.3350534530629945,1.4579690924539164,1.4521324579468349,1.4837372517923442,1.5480084120327424,1.5111677767453837,1.4674727457700216,1.507984684674175,1.3975634967684458,1.3831888300731012,1.3427072102751347,1.2590569554611697,1.30859454805388,1.0526229630001203,1.0961564594180853,1.0118746514507386,0.6686246987199636,0.7225606178861825,0.3182421208443308,0.2081991371960581,0.2301922872216708
9.400000000000002,0.11060011809781406,0.16650561435079483,0.4470641500879481,0.6627019404563008,0.7374213890392239,0.8149669268403449,0.975481991366404,0.99319962268202,1.0580315111852139,1.1894093902598373,1.2692455459194603,1.3163512652142078,1.4576678735469486,1.5107023363606467,1.5142441075506945,1.5276401304968819,1.5074525812909911,1.558603686095673,1.4619054531481048,1.39173285700581,1.370567154118848,1.3371152255323342,1.1709798417420594,1.300550863711316,0.968425847941121,1.1281486831512653,0.9643918548194477,0.6398818141260103,0.7025002043231674,0.37691896464628283,0.22562527437814495,0.3223655495105897
9.41,0.030697990813208585,0.2455270820680988,0.4384139508504227,0.6374594696905991,0.7064562518454107,0.8560331541283591,0.9645966173244207,0.991795541762065,1.0937539040385487,1.1627792947046327,1.3293000507154964,1.4127673538153447,1.4445867845448583,1.4648606563767188,1.4410065946444155,1.510830673315838,1.5268560532099202,1.5652760224404152,1.4948423272660956,1.4377772176809718,1.335324075915333,1.2302088291245392,1.2138550289434091,1.3621316573070246,1.0328378598637467,1.146049015690376,0.9804215288462141,0.6318310380883921,0.6884033008613266,0.35064230442507216,0.23394008257302673,0.22744457383934003
9.420000000000002,0.07567116740635785,0.27074527767235756,0.4903629155394989,0.6100601005062783,0.7050273922971347,0.8677068281632163,0.9667375887595276,0.9577190226801332,1.072589168840416,1.2098774023722896,1.2429885200364734,1.341853638355132,1.4092455745566739,1.4034167034803697,1.492223179923735,1.5283882740576253,1.5768842202897344,1.5423316381769019,1.5132923183420095,1.4569454919042215,1.3454316195583775,1.2957307015593877,1.1841606841104526,1.284622841592658,0.9966265411114267,1.0326409789964832,0.9198990924985891,0.6530607135308044,0.6968156986205774,0.3163170518947676,0.16371075806654747,0.2991523451029187
9.43,0.08935764340080796,0.3504229284531586,0.4636068834801626,0.587907059202091,0.6761210489356895,0.925279882218418,1.019560865451805,1.063709961066808,1.0906073295276106,1.2169377692405483,1.1753785997020763,1.2945696637721196,1.4257615465900821,1.445378306361764,1.4762110975710172,1.47280886570493,1.5524110004073344,1.5827762154341636,1.5049472491209621,1.454975908443304,1.3730848017159565,1.2596781699892852,1.1424659073959367,1.3752768155870636,0.9768638489481265,1.0379364652758734,0.9047167102700939,0.5498725941577097,0.7167520478641902,0.2974490230297048,0.1112641313779217,0.31282136131301713
9.440000000000001,0.07922104319755069,0.3046943782719148,0.44975725402258016,0.6386752906224826,0.6962895318063728,0.8663202563098371,0.9586149405891902,0.9645624599937505,1.0232381404243915,1.1495480992257672,1.2880272345452572,1.2960167524149713,1.441719506581539,1.4664576244310237,1.5036708921456277,1.5588445580062846,1.549870294456341,1.558301997172552,1.482941186781996,1.374684426368624,1.408042313608231,1.282259335422808,1.134364389292344,1.2598622205483643,1.003939616827696,1.010787791743312,0.8743533441245005,0.5867041862841338,0.7191395738752716,0.27281852265720863,0.15531401605313988,0.2850575178400237
9.45,0.114977657955085,0.25035374046687625,0.45724600455833403,0.6006653437213241,0.7695575559149148,0.8807621436265979,1.0085917637020652,0.9847407814932246,1.0889392439102983,1.131056477876193,1.340199714373595,1.393124434614589,1.490543594915812,1.4962029506633243,1.4614965154506103,1.4946813258049694,1.5455834966829625,1.5520300219476153,1.4510120074399864,1.401723917006741,1.3670402524155054,1.2662586674438179,1.1589537761809205,1.268629203372,0.9256549164932536,1.0151733095469004,0.8837364200483817,0.6352316777306795,0.6551405642282386,0.25320374723408207,0.14211155612082094,0.3007033490922466
9.46,0.07882851562279347,0.35021324208573196,0.48544580706943297,0.6643576975070231,0.702125264757828,0.8501380995947773,0.9985110978715513,1.0072145300649227,1.0866850515522568,1.172545445297922,1.2089200486813427,1.3157440023638578,1.393478031410534,1.4470853369228245,1.4650125597661978,1.500842542038722,1.493660604713751,1.4962422689740895,1.4344275858310218,1.377281641553927,1.3977209448879746,1.20388064313109,1.146149521265116,1.3072906643789322,0.997199567478656,0.9909991110011944,0.8397961941304566,0.553519757216051,0.6902102118095954,0.32744226473317367,0.13619664862472805,0.36862744432591005
9.469999999999999,0.08971000974056771,0.37845005425407624,0.4700747372482999,0.6373862463186832,0.6626844818491882,0.8339088348565229,0.9485082096734843,0.9867074824903648,1.1200414639453664,1.2074720626517814,1.2878059622782156,1.3784398368014958,1.37834492964797,1.468072415539819,1.4437229356213426,1.4922442872478678,1.5848261731589413,1.5262296233920356,1.475588926777818,1.3862437509238625,1.4472219107316076,1.264424292344041,1.1139371292984133,1.272833550105303,1.0062543128113275,0.9378346025904173,0.88984110765716,0.59759773077173,0.7550947179356502,0.28295973956128384,0.1792165228603348,0.349718796166185
9.48,0.03586959519497754,0.3389875597236871,0.44456610272880215,0.6438371895110119,0.7327457793435965,0.8551906610816149,0.9528584032232549,0.971705673960605,1.0802205454372347,1.1843706647900405,1.2708793792986495,1.3591265666107066,1.3837537175229542,1.4461835779853685,1.4493321296320927,1.4986907504464977,1.499046228091074,1.5075022091527246,1.427635319241714,1.3743795505942047,1.3883470346060212,1.2637881818892118,1.135456102259869,1.284795398404345,0.9758894246068595,0.9099092289742885,0.8220087970308745,0.5504797691752268,0.7024455353865823,0.27419872279889296,0.15999947321479335,0.28165530514869547
9.490000000000002,0.134214363978945,0.32944660925658487,0.40024885437156504,0.6036896460591188,0.6716842832682898,0.7968930138580956,0.928191708513356,0.9315434828034385,1.0701339807573753,1.192244018679737,1.2714037748877653,1.3643535761182561,1.4179928076150516,1.4691570562694207,1.4023264532756416,1.5167612773348447,1.5397307413230978,1.4768611631404491,1.4085902422629393,1.399075911982529,1.3439145706470004,1.2489813652970936,1.1517016477317494,1.2683813827182306,0.9939315131430726,0.9425161428225777,0.7851143749214919,0.525284741825803,0.7070021864551339,0.2981537136366601,0.1398481186031424,0.32270843138354655
9.5,0.11401202705498477,0.36057179044760257,0.477590784456226,0.6303840033276736,0.664539365977526,0.8718865627906289,0.9030324871017666,0.9265329518683145,1.0760130404538424,1.1552805402076476,1.2708625079343037,1.362646604632678,1.3920788117183993,1.4586798305701847,1.4332222716182919,1.5427449566757534,1.5703866294744508,1.4724132075835745,1.4252225340476343,1.3826064331998855,1.4357132526514844,1.2715578319760417,1.1087618018906795,1.2525075852467495,1.007309955012734,0.9132156730052646,0.7443847240210872,0.607847569185763,0.8509146197331747,0.26244336937853285,0.08987911339180754,0.33062240051402847
9.510000000000002,0.11460029416361334,0.38322612274585177,0.44293265998000564,0.6425184469327535,0.6951999763398697,0.781636756978581,0.933836689666224,0.9839966345327987,1.067971401012158,1.1691175470604698,1.2371361094832056,1.3400640494951004,1.4116476611482986,1.4412395561401357,1.4703194850885788,1.517545227739035,1.5301919517891085,1.5294567420520644,1.4829907224657584,1.360293951047726,1.4894872504844254,1.360457471063489,1.1960508968350916,1.1849520879858153,0.9740915574948434,0.874197743721385,0.7744381951079412,0.6659989199330201,0.731801566470048,0.3187268567984852,0.18303546231843426,0.2646981532564364
9.52,0.040531502020150795,0.3547274924685512,0.43297172261058714,0.6063642555520712,0.6301861441132242,0.8137409387475762,0.9394645864450454,0.9671854439230938,1.0833896654839497,1.173169583154925,1.2946104497241961,1.3143961882479507,1.3680539372242417,1.4262391259072955,1.49967613235173,1.4936975235866299,1.5194061649575659,1.451705668109208,1.3831175827729378,1.4032078596443107,1.4015601976845586,1.3192984560680716,1.2084404314452222,1.2665983980853217,0.9912820987594697,0.8497097223209535,0.7569157571926071,0.6362135380222669,0.7692422290501485,0.31689555948846243,0.2155579292584411,0.26567369419899944
9.530000000000001,0.03383564922702879,0.40036699788239477,0.362684025608482,0.6227845462835077,0.6619234258931204,0.9048026148247881,0.976474779523454,1.0102475648009135,1.0602480660843836,1.158840683588416,1.2150145873064089,1.3483842269767872,1.4068160300533785,1.4351618417033047,1.4523504507043656,1.5255033878025515,1.525891768504755,1.4970899569889025,1.4481091268078563,1.3492167599038818,1.4125029604819948,1.2820226497194203,1.1630124303074567,1.2018824450975085,1.0210274026477586,0.863866598119948,0.7992950495050564,0.6566582625648751,0.8191697699930975,0.3391274060755813,0.21485703927195246,0.22810327062515953
9.54,0.08976188391388273,0.31223931644002223,0.3938254968879661,0.5466976827757812,0.6909112015906893,0.8280606941703251,0.9125824438305059,0.9506723872343938,1.0949318793631864,1.161361622046902,1.2533780027958554,1.3534930505015887,1.4192124777266195,1.4410985675692816,1.4353961034065925,1.4584573676422985,1.5020336560464385,1.4999634185933381,1.459429984174397,1.4334069041045523,1.4130294105794163,1.3233305869200218,1.1688683955225194,1.25806198159648,1.0491778189174368,0.8762828789428388,0.7795695177309203,0.6715113559103011,0.7472606282705347,0.3468519741836076,0.17504807776872422,0.2619409474121896
9.55,0.051328190539657065,0.3034546484189379,0.36125437486453316,0.5939248068523143,0.663304494087441,0.828015430253379,0.9628901973167389,1.012324416096766,1.1473118033167489,1.1807103279947802,1.2938968099461334,1.3596895914183158,1.4641706729400163,1.4947534623591592,1.471459851208896,1.4756158424979484,1.4675844982528647,1.4629435770749184,1.4237155946532973,1.3565678902781946,1.3914386714011895,1.3042961535166249,1.2357448333105476,1.218805243288154,1.0643165047678764,0.8575667600858261,0.8105527241988483,0.6696161927960415,0.7096818126034943,0.3312972366857865,0.2781005829896176,0.3204861490913437
9.559999999999999,0.09755911834504645,0.2590999044114466,0.40636261493936066,0.5543861295159632,0.666269302226791,0.8085206161386325,0.9182561391133343,0.9927246895061878,1.0434489047995823,1.1596675974022288,1.2721222297330959,1.366559804864447,1.3900668342620661,1.4614881674678952,1.5054800694462838,1.5347743481495724,1.515958045884257,1.5106220134782995,1.376279205233421,1.3313908129575396,1.4827654866255033,1.354608310282357,1.1992338626539176,1.265768558035883,1.0299226891146822,0.8704479421301051,0.7984841853569563,0.7213201389550351,0.7575134872567693,0.39272788135163567,0.2766507352609343,0.24429778695362678
9.57,0.07215927865932922,0.29760025137193635,0.35552949598858125,0.5610975208678954,0.7036441159871866,0.8538986714496574,0.8902644330210382,0.9352718860803149,1.1369418108461122,1.1662654002617312,1.266976245909796,1.3686385083160004,1.4428632160602213,1.4368454981101455,1.5199657277396843,1.5527812020032663,1.5556374517264682,1.4486398143761092,1.458528147248583,1.3885987221062024,1.4579380797336976,1.3427571395918323,1.2503518371389424,1.1723109973490327,1.0406961918782325,0.8853451197609462,0.8080805732876671,0.7295642229865579,0.7363345184195672,0.36971481031575054,0.21763964910786993,0.21408680059086554
9.580000000000002,-0.019512056494141977,0.2538954962596408,0.4104162735740913,0.5107788341763493,0.716567540698835,0.8417136787349332,0.8909469807445207,0.9887801809145319,1.1156653192473736,1.1750712068665834,1.2827633520869632,1.3899750186542634,1.4276429165102347,1.4278258328876474,1.463357479384885,1.4765930534018443,1.5277938623455485,1.5049421862802665,1.4403057222141815,1.4013895169099644,1.4086442801558114,1.3815826979562094,1.2157841972322392,1.1463714160823806,1.0768864841134713,0.8695740728040185,0.7731600729121834,0.7301057759561328,0.7611624951335203,0.43697070102560387,0.22243652201369246,0.1610041968849121
9.59,0.06927531291916483,0.25533961697489693,0.42212370907481855,0.5248385179207034,0.6939568722997898,0.8620208416046475,0.972904171610131,0.9844672093180339,1.1275523153186082,1.2486318773708458,1.2762404414082453,1.3565573942847247,1.3728694792799538,1.4924793937411498,1.4210042683537627,1.5594822931065397,1.5638768154003926,1.5776582735037177,1.4344530104759898,1.4177718070528003,1.4508041933852616,1.3367001539789474,1.2171850158308652,1.177983982830434,1.065413471953139,0.905205549439773,0.7470922893896522,0.6782745457728778,0.7037148122853916,0.4415188111856839,0.273659706831732,0.15645877073633258
9.600000000000001,0.07626135547519741,0.23158663705155874,0.5145203518088793,0.5260339910263901,0.6935537390437452,0.8524955464665621,0.9432866071003813,1.0120167682697514,1.1778409078786074,1.2404100423731719,1.300859777359071,1.3782753305830686,1.4596083453881477,1.4168072022651308,1.534534155502827,1.5013313422354135,1.516878813129908,1.4687839792629303,1.366015946026512,1.4334451059425022,1.5252078939548324,1.423762660160267,1.221459267625335,1.2169205088982442,1.0255904142474561,0.8445187099647158,0.7970397591662912,0.6987092765393247,0.65085577031553,0.4764949652073183,0.24992048769980757,0.13909657816353782
9.61,0.0738629575548291,0.18237709114545722,0.4089401004907582,0.570109655232839,0.7676935206258835,0.9211355334802652,0.9539186683460725,1.033967026265976,1.096705269921802,1.1549706450987203,1.2695025086530132,1.373107699119084,1.4106287049159498,1.4292334978237318,1.4377897975924427,1.4867803210176582,1.5154054055665807,1.5035705911518775,1.4319723755191944,1.4173954088653566,1.4248619505044522,1.3600004654200737,1.1886856131479893,1.1953480395755651,1.0844815216911554,0.8830116347287426,0.7616593475105735,0.6609730392380041,0.6643858277539838,0.3913592731198344,0.240365090866228,0.0816254290793272
9.620000000000001,0.1405430651285321,0.2180200103401942,0.40827078129924765,0.5789874939303099,0.7321292514975428,0.8922312468016264,1.0188699729943014,1.0272375207590831,1.1479746246499838,1.2115426727738154,1.2540483686021964,1.3290330717488925,1.3197941071640165,1.398187036701916,1.466565960693399,1.516576974099895,1.4890856940832398,1.42916663494688,1.3905468981979523,1.471277579207165,1.4443421778919947,1.4389484909535717,1.2329466412185206,1.1340329441136823,1.116725254558208,0.9019690856263753,0.7663819238658216,0.7101779485541136,0.6772531198571238,0.45577952407921335,0.2862240083074488,0.12608341521658556
9.629999999999999,0.08309174301035137,0.2425615505163014,0.5203644190306893,0.579895281939012,0.7314470992123793,0.8762623580519981,0.9318508814923875,0.9829452414194895,1.18815253388004,1.221052171100456,1.2687847030955306,1.397224893022486,1.4183020808964306,1.4090017973967897,1.5000889738588963,1.5135780383833926,1.5152663989259965,1.5204948054192755,1.4637633556697618,1.431656578722966,1.4783282160345206,1.3222553852833379,1.2050661552551807,1.1416454741265083,1.0232616025674506,0.920529447727005,0.7881265589788956,0.7090626494457684,0.6775733562239146,0.4177135890928971,0.16768842479314783,0.04668492643959864
9.64,0.16176513881810936,0.2505880345502446,0.470330858477437,0.5902767492104078,0.8110534023796372,0.9106248164376867,0.9818046629219888,1.0532424969122958,1.1360330366416616,1.25250904071305,1.2975467270156547,1.342790072138166,1.4031445626883885,1.460133673396837,1.4697953341470789,1.4558752082089816,1.555767599736054,1.5112779048965728,1.4893591066301108,1.4380688620611766,1.381316750875811,1.4353818523670923,1.2905518849713784,1.1175593561768584,1.0539716427187265,0.9334328902510867,0.865336796934681,0.7284881563731755,0.6102916836167247,0.43162931202673593,0.2264075566357733,0.10379631276153815
9.650000000000002,0.15776907806925378,0.17054390023498994,0.4587335908439972,0.5871435556423218,0.7607470950825134,0.8797984616128499,0.9968080045935499,1.0637393145925307,1.15720360497448,1.1795666950833779,1.290017271000574,1.383288574413298,1.4101633942231577,1.4461541802330387,1.4261703033610342,1.4643265358156994,1.4931311822270157,1.4832363995169258,1.4895510103111271,1.3889019753393625,1.3840741860991894,1.3955725857501156,1.209796023154145,1.1303024113174183,1.1003006690809527,0.8711537129559045,0.8106231677777711,0.6818239557494924,0.6884249768218171,0.4361565423723283,0.28057575477394064,0.14831217759242463
9.66,0.15050990902078468,0.20280037700036363,0.4666532137533277,0.5627850459022063,0.7924420685480901,0.8659903340965939,1.0366868599115366,1.0151386277277696,1.1515204545148188,1.1981891963248614,1.3014395740593758,1.3774983958442502,1.3824415879016483,1.4713181931348993,1.5197186005491534,1.4555424957129184,1.5418486050599587,1.4347168724796733,1.4272381248118065,1.4432407607924096,1.4296742120942894,1.4360338769912637,1.1702824002386383,1.1616420309806488,1.0389234037637378,0.8963490361307175,0.7257072935658228,0.7074626898945428,0.586000373357766,0.4354419538239461,0.2823004853222589,0.0653111733736306
9.670000000000002,0.18442171975462907,0.22039975848920787,0.49667115158180475,0.578464264963124,0.7684177610155281,0.9820630494589908,1.001843351414921,1.046585684381742,1.1608116234278998,1.203264220214603,1.2892646234201308,1.3752494760805376,1.4457046767187924,1.4536940955076103,1.4676589521363745,1.4964869736073267,1.5239696928387516,1.4843404496729207,1.435929428223909,1.4138876417907462,1.453927219356582,1.4290512230692458,1.2310269943370036,1.0778639345887313,1.040673095535081,0.8625453344390998,0.8304213344737182,0.689723539619642,0.5982261957088016,0.46740952388898,0.2344056841159274,0.10464399380991835
9.68,0.2576238746663346,0.25115363307300503,0.5721760895909874,0.6394266966309853,0.7963120876698577,0.9367181766773593,1.0242091358967063,1.0491010824105396,1.11810437230352,1.222371931184117,1.2996369935244774,1.3527547479475255,1.4196798618852549,1.3975843487954225,1.4785945789978825,1.4854077973690434,1.5240214661921179,1.4480562174143845,1.4513709700679158,1.4687275601576968,1.4210468470560014,1.399792874855327,1.2285581198859152,1.1178560138158515,1.0840832719169067,0.9134656287217666,0.8122464567232173,0.6722584310144939,0.6605287265649658,0.46026633084679547,0.2564640575336789,0.11186082869265698
9.690000000000001,0.1676671837844506,0.2286248898237956,0.5098694757060356,0.6113402701935378,0.7646455371592459,0.9114318677885953,1.030714953862046,1.018069035014188,1.1596165444845594,1.227809938709198,1.2456639468821262,1.3377451284018838,1.4146962111431791,1.3882258622590449,1.5183853428472915,1.5030356175019313,1.48708588219319,1.4624811396645594,1.4617480170951629,1.4880209692817268,1.4764943858239632,1.4149296826371665,1.2315797511838529,1.1633201515180178,1.0748263237826272,0.9898236503061335,0.8341964503227732,0.7045755951539134,0.5881235429069588,0.45911687277739943,0.2446038584915184,0.09930271223579552
9.7,0.2176279217663966,0.24717663133934364,0.5817342991420422,0.659750913429788,0.7546595845983174,0.9166112020758973,1.0504474445278227,1.0076321902805256,1.0846970331976264,1.1650123845785574,1.294158805060733,1.3403823924681022,1.3466735608802973,1.429882193747926,1.5084376941575148,1.4592845833234929,1.4503919683922435,1.5234019774170335,1.4537068352877496,1.410319251948701,1.4129529260291813,1.4178081358354853,1.1751154818204663,1.1284179793806393,1.100034520298397,0.9991586557230967,0.8827518307175224,0.7386604872859124,0.6520757158353226,0.4970904409669802,0.26242716547475103,0.10564544742220285
9.71,0.23644638721734454,0.2639283307465832,0.5098901661015337,0.6138540458918842,0.7566309829657638,0.9588845186557375,1.0382297137267553,1.0295534136682858,1.1261428598764578,1.1603131170186631,1.3131403169065115,1.362258928939588,1.4008627004987517,1.4199914580122988,1.4963571150283423,1.5096216727228975,1.4846315321152075,1.5009759973272792,1.4551743969614332,1.473689966449573,1.4184957024240588,1.367166973881118,1.2419365304308536,1.1388442505274303,1.0520970693482796,0.9554614482715724,0.840708064106346,0.7455043462014234,0.5905146923669132,0.45199840366700517,0.2812724287149831,0.14568609970351004
9.719999999999999,0.19198162069944197,0.1601121765738283,0.48223678472775583,0.5613060835308229,0.7740518550077835,0.8908092021686331,0.9812944263127362,1.0618190838518917,1.1087156295383827,1.17859608705858,1.2747010979404991,1.4047045090882473,1.403186129704735,1.446054172569537,1.4422656172682395,1.4118529994904627,1.4356433327361542,1.4285457024680397,1.4919007614557658,1.427787444647848,1.4265229373017836,1.486214424734816,1.226063801313301,1.0648397464801407,1.1129157503358091,1.0011941962831568,0.8574255870442528,0.6851850611918632,0.5989744633836965,0.472422845910339,0.2726404796794787,0.1084123131836021
9.73,0.18327000511385505,0.24120600214842058,0.4925285540442005,0.5671491917533292,0.7926906029293436,0.9347708062614533,1.0130842733939385,1.0508242194088415,1.1877357522786245,1.2718327203273052,1.297978886527757,1.283189696541447,1.4484476794881649,1.408734229955905,1.4492973265577886,1.4733264771069334,1.4396672257889551,1.4745152281007559,1.509568043586661,1.4772635313194071,1.4183833630200717,1.4131423077434573,1.2856022303633996,1.1408756587895417,1.1075573219212542,1.0353571691449666,0.9600260037783493,0.7422640948945226,0.6246283240630444,0.49195053529088045,0.25751901626851886,0.08532832694754922
9.740000000000002,0.15336987069970107,0.2329830611604259,0.5159577017008735,0.5707068425234325,0.7478717058512026,0.8883015682943626,0.9952233923209945,1.061100965363928,1.0829936526721413,1.1771336469037357,1.2914715571033477,1.3672409958978822,1.418954145988824,1.4763523968477295,1.4971358517079252,1.5358567371516643,1.4786640023975912,1.4695837466988082,1.4864978001530136,1.4645372369238898,1.4209458874412297,1.4090181773801822,1.2731057814045965,1.1688298090958034,1.1469680605280255,1.0539526075208903,0.8889616777896268,0.7026904174759784,0.6039840064603389,0.48495059709123534,0.27691656492427913,0.1645261447712475
9.75,0.1429798931722553,0.2203701605024453,0.5403963477873202,0.5594713635434444,0.7455498969511557,0.9046260216947866,1.050478937049563,0.9907552471110067,1.1046414867641545,1.2046557999926055,1.3107882025992355,1.3390847162543276,1.3604160422104081,1.4503090414390476,1.470773326636476,1.5083346347845348,1.5024584478002139,1.5133956006599387,1.4622005444783097,1.461151963830668,1.3885217266924943,1.3676756077361532,1.2599764596635026,1.1734199136099488,1.0963320749122747,1.0894361494127895,0.926902974551614,0.7436630334415318,0.619717938231898,0.4584180580723375,0.2661616486021518,0.1312276652516452
9.760000000000002,0.13126247243582903,0.18661998489654802,0.4236440096693892,0.5410979847933488,0.7520452194031575,0.873596090244948,1.0110292044528897,1.0360732049049475,1.0894949151322975,1.1293083014058032,1.194630357004692,1.3338302501410895,1.4502453300157323,1.4432018477273658,1.5515790640146794,1.5281293339793578,1.5047662248826583,1.5126083079713297,1.4734640824365715,1.452790040602916,1.4031827221092366,1.4232352078304364,1.2482462323361343,1.1668851800550228,1.1118021949558916,1.035006733313697,0.9001125365341699,0.7632863420495698,0.6024425080272573,0.4798356779515848,0.3413209243664671,0.137682109203556
9.77,0.0844804629052747,0.23489049591574343,0.5062396928282087,0.5502929452330875,0.8071018037788416,0.8984614347312354,1.0182702384582791,1.0824806087419838,1.1299225380693614,1.2238313663954095,1.3111710088625763,1.2615547693743363,1.387307306349653,1.4609364005578866,1.451332687962336,1.4658230759820299,1.551647984830978,1.477847984086979,1.517572926007571,1.500343261469543,1.3567056778987985,1.3089133619107844,1.211326789979347,1.1678405624029,1.0963487071579276,1.0648558446983074,0.9303642776909267,0.7726914634321336,0.5960777538579565,0.5291007485286465,0.2688507000610568,0.04869501773527318
9.780000000000001,0.1659052458324843,0.18797931964548023,0.4617620687197289,0.626924773314381,0.7699997892337498,0.8258932887979678,0.9693385796872319,1.070032185983214,1.1925672504182812,1.1940093255742212,1.274910838458195,1.3660761703929591,1.468214119610958,1.427625216788328,1.5045480567414868,1.4685735533392499,1.4437586575721841,1.4745310842893626,1.4693199341409613,1.4921777134156782,1.4013044068145193,1.3782167338356672,1.2606307716851997,1.1976895194047985,1.1231134893910752,1.0834344137940781,0.9167260281752274,0.7515086311523057,0.5571812991687319,0.4835243234797403,0.2734720041909956,0.08633684270283727
9.79,0.08601858719372626,0.1882644782757277,0.41860628977248837,0.5519913666963588,0.7521220112771306,0.8526468405280311,0.9583446691945436,1.0158228561340872,1.0939655796707581,1.2298897544826772,1.3253405652925452,1.3188727314277138,1.3893836118956073,1.4650213111092398,1.4851406811518366,1.458868533963026,1.4744754453236117,1.573372269584607,1.543657671508368,1.4576975288434042,1.41969046484293,1.4077870704696729,1.127046931376768,1.1856556992021412,1.0513776951883314,1.0238610314621512,0.9110096357403773,0.7143844677645923,0.6219540837983399,0.5236349794776257,0.24401380170215306,0.059461968184969106
9.8,0.12398770652186508,0.19195858866672943,0.4778369709676144,0.5537078628342198,0.7144887669222552,0.8846646418202746,0.9627068068352399,1.029758437071533,1.1639018744479181,1.2499601145712407,1.3157779274378296,1.3540099243058363,1.3933944918760997,1.4267079247703913,1.4736061559735063,1.4773825915740564,1.4994361744294762,1.501061347863312,1.4501537538612965,1.4654739900693938,1.360213336407298,1.3138281419576143,1.2550373297543387,1.168863132787729,1.1184882509477903,1.0271799910582216,0.9551924088558637,0.7386070975606449,0.5891427241325389,0.531879178767171,0.33353036389135127,0.10250204212733569
9.809999999999999,0.10041629166105022,0.15461820013735508,0.39764808201263135,0.4972110382291322,0.744110983373098,0.8517490206572985,0.9911309244017041,1.0990424713308466,1.1358922052445373,1.2086843915859753,1.3094863086476987,1.3398980785390153,1.4205847007859023,1.449897355709541,1.4222330063151392,1.494855282259701,1.4676645173162004,1.5922239887109642,1.486760768340347,1.4555828402202104,1.3436580421248818,1.3425662065073747,1.2693238473800001,1.1593682911496002,1.096329238647708,1.0533039214332187,0.9331106486362941,0.7169835445985319,0.5879334989458415,0.5022322438417952,0.2992421669690944,0.07844297972289707
9.82,0.06809787339250034,0.1874014709066718,0.4306999304884863,0.48280493456331375,0.7686832649827877,0.8772075567845016,1.037275883983438,1.0332809739059863,1.126166183405553,1.2128237728299391,1.3229467809488689,1.3450629866341852,1.399548759661985,1.4738468176076807,1.458215016695479,1.4610939828109892,1.5230875461480609,1.5744254284666281,1.4726188906777802,1.4363252332877805,1.3627772986317408,1.3232894532987618,1.2010663893616285,1.1754934636157526,1.1498532887312714,1.074702325636333,0.9195187396174157,0.7991300858304078,0.5371664305421834,0.48242130948942186,0.2658415008035636,0.08959721181669554
9.830000000000002,0.07066187678330303,0.13879267938924805,0.4939658569362048,0.5226849508060109,0.6363159654796124,0.8345230836588692,0.9281938280140495,1.0646312572061993,1.1848651536646237,1.2380472514893002,1.3373781385826564,1.3517886418746903,1.4024372385808546,1.493905781790879,1.4659564360540798,1.5119534317403267,1.5201690601624815,1.5295927072606017,1.451758916175131,1.4484927528026792,1.344386708792518,1.2704585730822617,1.1984691717974116,1.2021438714921002,1.1636623755998248,1.0680475367732887,0.9306019805998772,0.7271823272257395,0.566368728047981,0.458191710767354,0.3021448731524084,0.11601506516010052
9.84,0.11690938670410611,0.07951109338334526,0.47627200191597147,0.519316438221686,0.6888653576247867,0.8391485689242704,0.9214007403746215,1.0652600276113056,1.1602783006889588,1.1977033630938427,1.319303737748765,1.3343795290584135,1.4121523807793321,1.4972808796017327,1.4711110171633717,1.4962307177683538,1.513540969479077,1.5777010440451542,1.5688623640858887,1.4475650368677428,1.3649633780240575,1.3216570435330803,1.227663287743252,1.244754252371559,1.151969169795445,1.0676544832716535,0.9443301649723922,0.7573831015863018,0.5847255806479671,0.519461836724398,0.3098029875161472,0.06816031046420835
9.850000000000001,0.14978439976596641,0.12502764890143217,0.45278640449846025,0.5590838613655169,0.6946412019258784,0.8964469558741278,0.9531371344315142,1.0663660555294538,1.1244229403262327,1.237307229462019,1.283592438753557,1.2912939684443472,1.3744200891291396,1.4158309267248186,1.4519570754967805,1.4808213263682553,1.5227001112113696,1.5128178704395245,1.4784954591480628,1.4467511495655185,1.3532342014401866,1.2845534006289336,1.2981718899447598,1.203874154287062,1.1536297089298961,1.0647446156537483,0.9719170107017387,0.7582763242101458,0.5281728267481349,0.47982487502631477,0.295429348973226,0.10562309189406548
9.86,0.11139901157986926,0.1304219290531435,0.40308336830357494,0.5070405336241028,0.7272769009107272,0.8326655415926495,0.9937791497504488,1.1130083000414164,1.1640711672424966,1.263681729253629,1.2841216389395353,1.402066973452795,1.4965593518294422,1.4881500055604215,1.5355985284228635,1.486361483429487,1.4926380125380472,1.5259246355938239,1.4990087664481766,1.4459824015332314,1.300173762116243,1.3182613634258915,1.2488830622071434,1.1903856090094267,1.1347405437037208,1.0551924373034292,0.9514238077083381,0.751266308571602,0.5770686911395876,0.5037805498034652,0.30330177524499263,0.09945549368276026
9.870000000000001,0.13789319570418207,0.10259070657010846,0.4004822350146549,0.5153927660952091,0.686896948676438,0.8957862715240891,1.0183151433604,1.0963792389849076,1.1681234107250025,1.249313820156722,1.2622888099402567,1.3483629889938347,1.3946229892998536,1.451867045635505,1.4605829607217604,1.4860742963961544,1.5009786642277114,1.4699671455758394,1.4970470588465303,1.4702281380214495,1.3286818343738074,1.3385768149957926,1.2802783581773685,1.1804041559247207,1.173141635558588,1.05314934777158,0.923526971120561,0.8223309172918764,0.634401831181469,0.5314489530498945,0.32001272251044927,0.13157709878284013
9.879999999999999,0.11539401878658812,0.10527433357479277,0.41651465801795295,0.45916999104025386,0.7333448245355658,0.877275889688299,1.0150615434597938,1.1130197839418507,1.1733384731693355,1.2608714617996906,1.3455807875720243,1.3222987376926678,1.397347199811896,1.501752953767454,1.5098595239186574,1.456526345146724,1.4716388160927416,1.5368136153032044,1.519234512408844,1.4833728731079097,1.321960185614111,1.3145612648432483,1.2856144133029153,1.144932429874905,1.186001794979821,1.0764851480724091,0.9572377572399502,0.8183922560068314,0.5555743169858375,0.5800794199109155,0.36139300797585944,0.160720319524458
9.89,0.08673941422057413,0.17929433787481916,0.46228921859174815,0.5306523201480492,0.6940662175599269,0.8680906483861809,1.0225004062583432,1.095667502001931,1.244806849671257,1.2707802368236725,1.3676478910078358,1.3151054982876935,1.413541019677071,1.4223170868699262,1.4850909608872656,1.5071358800145078,1.4908849085415024,1.5382637785192368,1.5092300232987406,1.413625973035756,1.3093984540940442,1.196634588885418,1.2389839026784104,1.2043845053323614,1.1319409054931977,1.072052743902592,0.8820153808198173,0.8274421506832594,0.5903895905163432,0.5134280331633172,0.3345296124178684,0.15835497001772625
9.900000000000002,0.09366195905444961,0.10875855091705296,0.4593731897433486,0.5069275741005032,0.7941207536136389,0.8919590974299658,0.9466201706797455,1.0874724596293661,1.2603878033302147,1.3054099465912756,1.373796138705226,1.4092396043783855,1.4223504256197916,1.4758872447380433,1.458169102763509,1.4861612505931336,1.4105258878055733,1.5552900512631882,1.5252601955534255,1.5293223786785084,1.3154080778427244,1.1923422976621099,1.30618368343794,1.2339445180833,1.2076252450006337,1.0941089185791137,0.9808433632304099,0.8134111335380562,0.5668845749398982,0.5819180843867486,0.3514728479580908,0.1183125472902084
9.91,0.15701259057812073,0.07426969606675896,0.3799963940841888,0.4256311343754497,0.8075979626494958,0.8393870345121744,0.9710120883846896,1.0881903406710796,1.2103275465300771,1.3029726451868466,1.3566960270541735,1.3876501286673597,1.3591533696283626,1.4400387240999082,1.4142965482871261,1.4693190377359733,1.5062250368210437,1.5605804922349513,1.5026222631231922,1.4284015108076067,1.361522264225807,1.239513577054989,1.3181931304659709,1.1913574650414704,1.1954972203980596,1.0818733416585862,0.9975274545299203,0.828207950143867,0.5505566755583622,0.5709121640028428,0.4416924238282404,0.16861191041872325
9.920000000000002,0.14251494286771108,0.0814113111496331,0.4273694021924058,0.42330655678636675,0.7319841733612225,0.863456103577602,0.977838687406692,1.101626923759023,1.1937681873180517,1.2914915279475616,1.3313416846500667,1.3521306937258328,1.4607270063462197,1.4490239705451347,1.4806639742819274,1.4250625320641246,1.447912735615372,1.5520884776872923,1.5397962018186557,1.5456097439454721,1.3954671657361886,1.3114529386317033,1.3208552879901478,1.2541027937317515,1.177841532997741,1.1081595032438614,0.9855440682259591,0.9165671370272563,0.5309180474745097,0.6267445733850145,0.43020887073541514,0.1843963116877948
9.93,0.12671811778983108,0.07192685744087383,0.42222389318166864,0.4886260715251651,0.7568043563460859,0.8017463100668608,0.9560834142285488,1.0983170310661499,1.2040062405352254,1.261297166899222,1.2934236462531794,1.3227997733418893,1.4269184189169233,1.4121501628888953,1.4181260074027258,1.4458518834830136,1.4409741537067282,1.4596326760192437,1.4994785361915475,1.4225531119431154,1.3020661976740504,1.2873324393221495,1.3409130051923313,1.2401742754322984,1.2403202111431635,1.099670691962486,0.9787584187281024,0.8687516875701322,0.5657621064848191,0.5933543923132515,0.4690965086874143,0.26478801688134496
9.940000000000001,0.12530352767535655,0.11678642200922291,0.3724589512108781,0.5369669355379079,0.7196816348578666,0.8417337108697184,1.0533195710853775,1.1740818341451695,1.199316162496432,1.289741248800194,1.3362757999089334,1.3752205081940714,1.3996927446287617,1.422934823323971,1.513884699126069,1.5228218450875495,1.5579838591209016,1.5611116724257343,1.511862351620685,1.4599211110633707,1.39752199099516,1.3212335571420957,1.3744842699497766,1.2641629168675614,1.1890387616622782,1.1113784525245172,1.0425140221818252,0.8858592944480124,0.5889089755492555,0.6106040977579138,0.4741611603889234,0.16920771330958784
9.95,0.09300153150298285,0.0674806799457103,0.3617667320437,0.48901037059903585,0.7404385362582278,0.87779486226,0.9624389957794849,1.0793118687358083,1.17069442315351,1.2456887670258034,1.3512171172361405,1.3672565687243743,1.423589509142839,1.4682375028508121,1.511929439226817,1.5308932868627327,1.4932815910983417,1.492843294630773,1.5082952843658557,1.5050478937643517,1.368954567846704,1.3220064569688756,1.321524646929009,1.269980571979942,1.187315739018214,1.130658745290122,0.9960656603013814,0.9334952159194196,0.5680679919634378,0.6809234401335044,0.4706919637774972,0.19018052311092518
9.96,0.1581472437523922,0.04103255634400159,0.3522888234320087,0.42687273785634,0.7180187374314342,0.8511805403555475,0.9786479127769397,1.0544424100408756,1.1615974913311147,1.2684129375643516,1.3183849695405858,1.315560826219848,1.46312222193326,1.4792220850144602,1.4227172003633193,1.5029188779163234,1.4467442207831536,1.5059941678592788,1.5050737430920051,1.4769759810441012,1.3920539074504505,1.2827732297261616,1.3231033464917379,1.3067237890831838,1.2173609702441155,1.1814735393833147,1.0949968911576422,0.8754837114186031,0.5387649687797806,0.6886459107284435,0.44768919662286283,0.21580132205065977
9.969999999999999,0.1259798070846865,0.1005411723395435,0.4692745286618878,0.5036549629681742,0.7834500422707485,0.8094542209280216,0.9469667424905749,1.1084957032882734,1.2050053085621368,1.2044993356637579,1.332884280357357,1.3905107422873584,1.3999579726106883,1.4363189872385602,1.48410370786014,1.4996499644413743,1.4739930220492812,1.4531657881805142,1.5377378583417938,1.4873120996701077,1.4387567049216634,1.3101268569887634,1.3502484972020932,1.3077003046037534,1.3120201374234985,1.1369743388295448,1.0473451381173537,0.9106689754941892,0.4981797559640653,0.6733942747335485,0.5094951214535883,0.20246886819842624
9.98,0.11317942125257782,0.03325262721048321,0.4002826589040065,0.5242213133899203,0.6852339831872554,0.798592272552501,0.9426897850353766,1.0597641919143193,1.1664090152389055,1.2989907216501424,1.3447004530597395,1.4111467322008902,1.4512670674180945,1.5176092901889657,1.4117368288021857,1.4870530537571043,1.5123327331300367,1.471681041652714,1.5353563936030994,1.5529336250664278,1.4035279528599331,1.4157844660994339,1.3359594184967372,1.2852058147885816,1.2901865000926622,1.1462245426777795,1.0554954394245968,0.9392058621008397,0.5093867334776014,0.6713741898262033,0.47969512550102245,0.175423799889992
9.990000000000002,0.1078733636565174,0.04612450915753869,0.3965038487921299,0.4440797494506547,0.7143401637122093,0.8492757293737204,0.9614289237695041,0.9867018943471724,1.1472348723932941,1.220517227816623,1.2739371875942143,1.3292625174668824,1.4573938901251422,1.4811742749768855,1.4989035999694678,1.4747087507148393,1.5108514394494879,1.4572700049190839,1.5685913793332835,1.5337300250689114,1.4151385715821134,1.3245689230729747,1.3218003118162922,1.369498147380732,1.2465734277792684,1.1502324439106484,1.0966176512227823,0.8997115938526867,0.5224694320020801,0.7489662879332862,0.5058139772005696,0.24062823901998054
10.0,0.11058137323515542,-0.018809627152679403,0.41720781132963614,0.4542999857445056,0.712863801229519,0.820365778579162,0.9954462907334627,1.0488145682240773,1.1846090880633209,1.180481382585208,1.2993463658392534,1.3111686848694466,1.3680912908642748,1.470444901264223,1.4893991454489859,1.527499419898485,1.5791314476424445,1.5446966975982448,1.534661526893361,1.4879438952177344,1.4389314863286458,1.3238218565003563,1.3453630442802689,1.3138130843089764,1.2778454549989628,1.2148662898028961,1.085959126684099,0.8910022128005388,0.5380698382938751,0.6924619829251548,0.5067246340704552,0.24909842285005268
10.010000000000002,0.12258683698849278,0.054177246492942914,0.36838774532254837,0.4733134871730523,0.7172926374241071,0.9087719137983737,1.01640491682328,1.085671178082968,1.1429175107976575,1.243935744543114,1.3645730015997615,1.4148280667319797,1.4513129973881305,1.4705090762323436,1.5484369920535073,1.5606188877164935,1.5137090588881745,1.4620156876996728,1.4488352521336272,1.5065016120470498,1.4717838135217731,1.3707978945475532,1.3985510146300097,1.3769622121316805,1.2640777914476824,1.1872524193590734,1.0812934583289473,0.9124326029476991,0.49036743202915634,0.680599358988795,0.48434354082298026,0.25141898546051805
10.02,0.12444086972567678,0.1125322944896023,0.34816952341028995,0.4359498026748884,0.7263782694976894,0.8360636139308587,1.00088706839197,1.0450148101520509,1.180697843016995,1.282102351073655,1.3488117964272408,1.37615027086614,1.4049762059592203,1.4607141683098457,1.4670908148998403,1.5288098380187833,1.537345877214335,1.476054397392564,1.4733327770326397,1.541210504731462,1.5575154762191403,1.3900217228857812,1.3586811568150952,1.3994885219753272,1.2598913074782323,1.1645865204978179,1.0676383825082518,0.8906423650988595,0.4792047741021568,0.6535862464717183,0.4921003155402218,0.24935635960650962
10.030000000000001,0.13810045282103753,0.07569078339223526,0.38557443614795256,0.42236924036506907,0.7292255448536072,0.8409441623701622,0.9414890191638075,1.0316617185211674,1.1611048593664304,1.2592396176265699,1.2866116910855787,1.4402695122104003,1.454977668311955,1.4273299066725187,1.4260534415809065,1.568257058539264,1.5324585912106303,1.4708844256334754,1.5253368999048695,1.5352388819370792,1.498379373549606,1.447493090587204,1.30478770740952,1.3550526794099982,1.230124512147067,1.172371884840366,1.0530532344678516,0.8418105138125456,0.49595866703675257,0.6926615831142067,0.49529126492338005,0.23866641657835738
10.04,0.12155108318809775,0.0639172928005181,0.40036292145133906,0.4237534948955588,0.6832898087110705,0.8247598693301945,0.9687532984044928,1.0362396480306584,1.1316235536907635,1.2230030484412682,1.3542617962433743,1.3711901483031907,1.4211818706155919,1.4407082694192694,1.4519592006370667,1.5531190000077606,1.4679090427453814,1.4415305609123679,1.5366309612679276,1.4921877559977528,1.519542635152897,1.427030951512593,1.3108793899834676,1.3568615567169304,1.3700747339743637,1.1754348885116501,1.052695909388402,0.9324296905347703,0.46151848665806894,0.6635238406458566,0.5026622772109727,0.3057515705818932
10.05,0.11648622479965379,0.0680597699330649,0.4041456871826526,0.4726745273054317,0.6970525231518396,0.8193225869959034,0.9169900394933204,1.039441312323992,1.087410198918901,1.2241694412132995,1.3108904554661305,1.4277102235522443,1.4418182991502806,1.4495011804470759,1.508919119617908,1.518717022092536,1.4812750357780198,1.5095968387501533,1.5321894733360821,1.5293465996531599,1.513487387033969,1.405924396186006,1.3621574230740459,1.3377892893403693,1.2628460220654238,1.1732649733836853,1.0781048084476763,0.8931139262429524,0.46066835272303924,0.6037796604724771,0.42845150630621603,0.31947852553048917
10.059999999999999,0.10858386274478887,0.12700927183925814,0.44907621501471257,0.4632454175456971,0.68580808156853,0.8280044621094762,0.9528825571890102,1.0437887361956788,1.1345102663034892,1.214858360353992,1.2741445709197952,1.3519137787598519,1.4035161935799714,1.4287193187007574,1.4640635287418062,1.4934104269450823,1.5425789634650067,1.451020244854973,1.5349106088329934,1.542321175005098,1.4967190569913986,1.4154089843867446,1.3453931222161901,1.3594479285571477,1.2244940430794444,1.128578230768526,1.0364585299448539,0.8610388865105223,0.4858391377545574,0.6111784402997792,0.4424917449965459,0.3041919447032071
10.07,0.18979225207949077,0.14495795424604774,0.4285229164649286,0.48478490782439154,0.7642717163799371,0.8192394350075606,0.9692603280979765,1.0232755151024453,1.1309699896658747,1.2616043045190364,1.2742240571708856,1.3524631564767557,1.45523786952562,1.447330931829432,1.4294474808914832,1.5080300576607,1.5618053267310241,1.4837659013878581,1.533824309388183,1.4503278232940973,1.4707301957306422,1.4350262930654998,1.336382500234877,1.3246318406639466,1.2567683914840133,1.1133576650044434,1.046145458736777,0.9194066260031585,0.46047921138736997,0.5903289554549208,0.44659445915086143,0.3316698853088444
10.080000000000002,0.13305769385654617,0.10059490239828334,0.37565201796924125,0.45542748459667864,0.6879892419606726,0.7806418895884497,0.960084955640697,1.0518952011326053,1.0844048198699892,1.2015763383469866,1.3526387445177206,1.379119773303102,1.3895471550248242,1.4464458942501996,1.4469889748418738,1.4959246682606282,1.522095177920293,1.462053301986449,1.5180567513715588,1.4421139027551564,1.4718238455031318,1.4254747277027655,1.315768173635637,1.353826974652791,1.249183444352312,1.111750758143879,1.0676956032780278,0.8675429907330372,0.5084002758889228,0.6229735343947822,0.4424142616032471,0.33512066027411924
10.09,0.08774853982044184,0.12576052098602014,0.371919472992358,0.4961358309195967,0.6996903585038223,0.8556291378857792,0.9673462024555353,0.9780689621060537,1.0955387475461453,1.1820202344317872,1.3410819345860425,1.3451970163912799,1.4005338242764471,1.4512623410251797,1.4388072816261293,1.5245681703349447,1.5022572722891638,1.4537641143263247,1.4802131065806972,1.4552731313397276,1.461745116093603,1.4184403477724448,1.2575213096548266,1.3376557502759372,1.2324969387220253,1.0655011790188214,0.966260470532594,0.8496561131859365,0.4969664594609596,0.6180287804134984,0.38954096570714014,0.26274164106991243
10.100000000000001,0.09784391829556699,0.16012541356936624,0.38511310217237704,0.4227280298834034,0.6782884968178367,0.8664747422405443,0.9328446740423659,0.992666755032732,1.119551850036896,1.2044711568086957,1.307813205740721,1.3651756033420352,1.3950516665696915,1.462913100806458,1.4945468692648025,1.4908897027036414,1.5228711148597533,1.4005394455079774,1.53068757058625,1.5056710754392422,1.5218342129990305,1.4450904990507631,1.2803741705897227,1.2672617405774222,1.122656890819439,1.0746967880531995,0.9576128754632047,0.8375618129805583,0.4866568077579846,0.5068372071175448,0.4133579363600121,0.3068290592652401
10.11,0.11724964038828518,0.21376697029806352,0.3864240886730285,0.49445249179258716,0.7194643734756088,0.8173058176674889,0.9042208079075984,1.0529000944102038,1.1219729559121843,1.199547902697017,1.3065254647715911,1.4070936725409164,1.3625875851516602,1.3846925552762894,1.4475228132636158,1.4744881035503277,1.5692408201801795,1.488005457809822,1.5176261525526562,1.4781779842024736,1.4683895426113092,1.4734060800407316,1.3365100749510361,1.2174426040947286,1.1511905263348703,1.1030739109481,0.9239819373685397,0.8022985785030758,0.4671803568961648,0.58665352796028,0.40049263966027265,0.245170159850966
10.120000000000001,0.12269046922850281,0.17684401396272384,0.37449432855476833,0.5086945090658089,0.7247705166333696,0.8176992595998674,0.9453939704367487,0.9662656363092285,1.072785869052371,1.1513639793576518,1.3127552613171878,1.3565322896530978,1.3847524142827428,1.417858576130357,1.504318043918616,1.5240922578380955,1.521695389391526,1.4857951557814055,1.4610073849434022,1.4712142312924803,1.448291490868899,1.4347633316934942,1.3056525883874095,1.2695821938146363,1.1578024459686824,0.9925308202302551,0.9167199513923069,0.8211979540774424,0.5349917707174848,0.5422932720933396,0.42286719533192896,0.30636852472955173
10.129999999999999,0.09609348282020752,0.218001446095445,0.3772920216242503,0.49043415737129004,0.7403935881568324,0.764173678550081,0.9018347835084629,0.9572627281585331,1.1551572493610796,1.2853010039057473,1.2702812774032954,1.3656992219539181,1.4007561282593959,1.4884707903526855,1.4779863687169894,1.5433452603817033,1.5268995922608974,1.4642627081824187,1.434279977808354,1.4513592174884846,1.4424805308169246,1.4408278674660764,1.3646693213688377,1.3076822756486786,1.14350339555958,1.0270884178817596,0.8648207621857326,0.8319352606608065,0.562062013240674,0.6118065344191174,0.4430167935301154,0.3392971819254655
10.14,0.05553301611142238,0.1363808901410096,0.3733205994671944,0.4463910535197537,0.7199239703098643,0.77916118534476,0.8808995635491571,0.9825254846000129,1.0707582238362605,1.2174282309222164,1.3102246687962842,1.3441304406170684,1.3913519159772998,1.4665394929473536,1.4811011082201773,1.5439890879845724,1.5170936903788461,1.4940131391895266,1.4361801234225613,1.4038729931044562,1.458602136600501,1.4230179351356842,1.3068902054299463,1.2895330406441923,1.1498400255266445,1.0262669847204287,0.8876701828207462,0.8175184581033421,0.5944827622301027,0.540607715627296,0.39435569904652606,0.23384081707244542
10.150000000000002,0.04190868090989189,0.20453834001264293,0.35692851439227447,0.4157719604660046,0.6781173831301446,0.8602208274491809,0.8878384316756057,1.028483058774491,1.0993477886481358,1.1889490419645825,1.3107623741739656,1.3462453840923903,1.4192066127047265,1.3612157663251632,1.4863006096112097,1.5034269898236512,1.4825736057540067,1.4817683591922366,1.4440123086483756,1.4639439301787756,1.4388662046456606,1.403165768096148,1.3094630140695827,1.2044680964411458,1.1685837772783219,0.9802692825493178,0.908568723864581,0.8253546538204378,0.5697680570561571,0.5751173459600707,0.38800831194420543,0.22414107950105494
10.16,0.05787122185505427,0.2576726965597617,0.3818740296671587,0.4700791494774911,0.7386368294269893,0.7745212219071487,0.9016616959082605,1.003978479100278,1.1222991207211999,1.2305376808014414,1.2757070973389901,1.3882699401322418,1.4143191675163416,1.4233403868487942,1.5266448114843554,1.4952503736691598,1.5351293100412822,1.5541004720786165,1.4543842471474049,1.4846462553826807,1.4696173441611158,1.4119434188288962,1.3058250286602187,1.2085240874268586,1.173278502727425,0.9614795119544072,0.8317874945169781,0.8259102463373733,0.6136331680365096,0.5675235105017401,0.417179549754031,0.2867949581196814
10.170000000000002,0.04287433616319011,0.2304364086981495,0.3241861367737112,0.44128533719074514,0.6747952909479277,0.783958990456898,0.8599583523438329,0.9384996968831133,1.1284702027123854,1.227341875591508,1.3291366282542902,1.3827097501459147,1.39728565268955,1.3962143201629906,1.531860344501405,1.5609351509601046,1.496368364723129,1.5448106485999895,1.4615151780800106,1.4573154015007754,1.3581007449839244,1.384867768518399,1.308682518883687,1.1825178041821627,1.1213846298147356,0.9847427021395612,0.8562206599088064,0.863671738738202,0.6693386838223523,0.6375473514305681,0.4338209166195544,0.23692251810212617
10.18,-0.02152869904285952,0.20875603600750137,0.3439440601759459,0.46667476172485833,0.6868311474160838,0.7896469625316049,0.8823981389182703,1.0105104963391003,1.0482498608857724,1.1936713403745223,1.2241409660342328,1.3196721977983208,1.3923562773873315,1.3792859804654578,1.510904717267686,1.4975273355157848,1.538496835209215,1.4900963365340991,1.457901720446961,1.3909420869744422,1.42807641921719,1.3888681605943498,1.3400874744360203,1.1816513673319113,1.1640659726344542,1.0192724482211655,0.8558411324068426,0.8672047816771297,0.604291245775261,0.5903169225272927,0.42062670890165665,0.2182320500983181
10.190000000000001,2.725498366393589e-05,0.2070811922249845,0.27865252099531707,0.389738916527569,0.6550802211626904,0.8052777556681878,0.9339708827485376,0.9702855140313097,1.1048514123101039,1.2392253213118698,1.3102474584399528,1.383749487373625,1.3674827364991617,1.4437506518922085,1.4692119271329147,1.5146571840681509,1.4893646123278812,1.530627958757611,1.4949517800748233,1.4447749023083651,1.4699747116940904,1.3948941340897272,1.3553005976151191,1.204555324509249,1.1829861269702298,0.9515821534596836,0.8717854568217771,0.9283324473773563,0.6302850647250194,0.5689793556192132,0.47745543884396835,0.1988861091645615
10.2,-0.05126612995304384,0.1785197309957532,0.22654727985270648,0.443093209044598,0.6086257613120454,0.7690459036571795,0.8533612949929299,0.9671407096172624,1.036901251239983,1.2009637484796634,1.3003009279014437,1.310955070965075,1.3963022027768803,1.4348784770136138,1.5132007679158739,1.4925463756113653,1.5056139721289787,1.4734025609605854,1.4421115762468772,1.4846611371244618,1.4605550954859612,1.4076501492474094,1.35325090802981,1.1966351789724285,1.1801047592317606,0.9330754110358143,0.7829456542959322,0.8967661684176224,0.6869859646916849,0.6282258557174031,0.41797378141935815,0.14297149114515936
10.21,-0.05283789206903934,0.1883288128326396,0.24328286450636674,0.4227132651686996,0.6571143398479969,0.7000686540640484,0.8386666932492243,0.9618840788944936,1.0960989522590947,1.2107845096896457,1.2704761321725027,1.3483540838869281,1.4620973930282075,1.522525210493729,1.4851304118816377,1.5211429660628126,1.5092495436109383,1.434893288560605,1.4414308514073866,1.3726742582868792,1.3742412040382772,1.3886406972028318,1.4000160778065285,1.205973925083771,1.2329523502574746,1.000344614242934,0.8278712693547728,0.9496630838499817,0.7025716353447296,0.6204602908273561,0.47427585026566055,0.13566809962132187
10.219999999999999,-0.041649359148896774,0.14020861822254937,0.2484032815996114,0.42164658047060083,0.6238258473078105,0.7182061934848,0.8849739414216186,0.9542111414637977,1.0761291930222374,1.1672117764511039,1.2894784763081744,1.2983580131744918,1.4424252430444335,1.4614714018040291,1.4719398650205315,1.5305325745030876,1.5023222220501418,1.5542459214288307,1.457334582536797,1.4930845647943705,1.4388558234022402,1.3622044744127955,1.3898592674081272,1.1591419552236162,1.2548454518910248,0.9981510152257236,0.8668604876683574,0.959971359469353,0.6918243756423116,0.6348106376305267,0.48670509251208827,0.0995369132440445
10.23,-0.06256961894021874,0.16814700830678517,0.26436650497247705,0.38752092814765915,0.5710072022803512,0.7386874983754043,0.8852699499383455,0.9486132191064348,1.0816598738609382,1.1730816690805508,1.3073210703950564,1.3185622862463622,1.401492666883089,1.38081269037015,1.470492325320922,1.4788115990180288,1.4720394998350803,1.5167554823942067,1.459423515625896,1.3923162150818604,1.3849544435420231,1.335512303569451,1.363937514561722,1.1220674712341743,1.2171983968815276,0.964965070749743,0.8939016899136037,0.948481204048183,0.6780201126643889,0.5974645763137774,0.5131839864215124,0.04328374450298461
10.240000000000002,-0.04975204032985871,0.19435331539337963,0.31849221828084945,0.38553257219840026,0.5724049491521314,0.6940827829797587,0.9048302006613977,0.9721392547067766,1.0581812912723867,1.1681400601768495,1.2976428213658153,1.3823962561807823,1.3983065245031077,1.4430115020779555,1.4597030700317268,1.5019595595706028,1.495354697228792,1.4493841914056238,1.4135666745903441,1.4479362939006446,1.3687417402138227,1.3593202605402799,1.4116217245332658,1.1827043740027587,1.216715590280124,1.0052785959496233,0.888554148662657,0.9215781433858682,0.6707873541881325,0.7008509548056713,0.5618254082053699,0.07037672356484818
10.25,-0.07308365232698322,0.18928071536072827,0.2391118920826199,0.45209743240452477,0.5643731192958067,0.7026658135266621,0.8625122757167727,0.9478647239655345,1.1041094798880793,1.1602161957375887,1.2656407796036633,1.345443015831522,1.4340185311254352,1.4620716357107908,1.486387483687572,1.4688763204747715,1.4063691559698552,1.5369790282656495,1.4568808336445829,1.4590323282089381,1.3588427280596995,1.2915577989797815,1.4114681339354846,1.2176857627273152,1.2426234953691506,0.9844941233420409,0.882131012978942,0.9768614421159001,0.6919383255323197,0.6400327395978888,0.4675372171259179,0.029143810952771437
10.260000000000002,-0.06743736330751005,0.2019258520615081,0.2788695019606506,0.3428148675289717,0.5756258801276073,0.7346980257447835,0.8637022968558691,0.9965447903199891,1.0927509790862344,1.2229967277338025,1.323899394005234,1.3549852306389796,1.4360180139162846,1.445939733905481,1.4479157294111187,1.5366453375076223,1.516343371780006,1.474190445709988,1.413811758301812,1.4558911349929775,1.3776266190178514,1.418834587772185,1.4234010218997082,1.2012616337970914,1.185046926856919,0.9542670743170047,0.8523262613127425,0.9463068006038042,0.6875481292561569,0.6685869576186906,0.5294272002331234,0.06854690292365968
10.27,-0.12247262693916786,0.18790381454104524,0.21985058226837323,0.45357361616681635,0.5929693549462224,0.729904908055341,0.8807306857570871,1.0439229903993348,1.1379987679696466,1.1510745490424403,1.2895844117883173,1.3009250288740701,1.3768808134601362,1.406092097508889,1.4639950951471612,1.554517718077627,1.481468508137734,1.4867013978967543,1.4572402326268368,1.4419979252653963,1.3568457934690596,1.3817976240826368,1.3485142388408806,1.1734733918551343,1.226069005215265,0.9586755472019128,0.756946696272641,0.943031214477528,0.6761633862055839,0.595860669321932,0.4481222389598219,0.001188313687004056
10.280000000000001,-0.024669592112719577,0.16837778809821755,0.2748303647943209,0.3564194306067019,0.6051147262953864,0.7808251533939499,0.8759911106885755,0.98290072936339,1.1659032161749177,1.2432440371105322,1.2549753316473242,1.3559129028817882,1.412135492667749,1.461803939629367,1.4725863730319813,1.434817063400121,1.5200407575059633,1.5166624520102345,1.4394599367894299,1.4388250996897,1.3436506134678015,1.3500220706776818,1.3713428204881601,1.1343612503596,1.2225552898286272,0.9620138907869059,0.8646809618503741,0.9307059860127592,0.691957176192941,0.6583813235708422,0.504361857028088,0.022086721410219855
10.29,-0.026465418523749513,0.13965560439778915,0.2516919832867445,0.42176525365523815,0.6028986968943841,0.7473902797983792,0.9433427564346507,1.0087674047789892,1.1346710470678767,1.2458624456029557,1.3243130616441878,1.339060240811135,1.4544803932677084,1.4168580698891955,1.4462422585746506,1.5232273810557118,1.4902231106541164,1.5183470042710316,1.4148326051791325,1.4446586736372382,1.3264757857335585,1.3721481503278572,1.4165651523020555,1.2285930244974947,1.2218593148629915,0.9068131326049337,0.792481080904317,0.9089822059929125,0.6972659967950309,0.6892099518431106,0.5115987059540309,0.02035568906579815
10.3,-0.09410224998008078,0.11356198180209412,0.2674610579807388,0.3978736666929922,0.6226979916751691,0.7998051579801682,0.8474341475136673,1.0430537837859173,1.1341366446044037,1.2151146008045746,1.241558417622427,1.3259544073915885,1.3734970624250393,1.425541321660276,1.4531042874467004,1.5165675700679426,1.5289491782049458,1.485772359596905,1.4463193767538658,1.4158838035492967,1.3264468482260827,1.3387403181678923,1.3527214368051264,1.1118289354178665,1.237979985812065,0.9460421506833392,0.8160173762354346,0.9513385462389171,0.6917694245575547,0.6062166619896324,0.5243842936313775,0.018329626714637413
10.309999999999999,-0.015561437725488191,0.1854346182741217,0.3033828435975918,0.4193556573068603,0.6975934779906496,0.7915834904005954,0.8558185687012313,1.0002883863082797,1.1822893019201095,1.2209628411009579,1.279346723066712,1.3307850832012795,1.4112539888938334,1.4043947903671636,1.524642795208387,1.4463391131478474,1.5340243195293817,1.5458753143643942,1.48213240392427,1.4043825225126523,1.298010478469612,1.3279030314096343,1.4184744313408875,1.1672323342349031,1.1854805464374305,0.9105231653024358,0.8184863417917994,0.9373182224345733,0.7102974910891586,0.5923663184427118,0.4779675197832282,0.018419871948237843
10.32,-0.010534261275413431,0.20429548637829953,0.2660821600367491,0.416849646716498,0.6069041252498242,0.7998864226799498,0.8700484950595023,1.0042402400652177,1.1720046061350695,1.2542245294792596,1.3143149573216648,1.3289818767083115,1.4256173232694733,1.4915750544095765,1.4492895416063583,1.4271528584179405,1.5417602352773945,1.5031122140791224,1.4663047411867207,1.3909152485632073,1.3696584910850464,1.3064166367352132,1.3347894836978798,1.1473173425792378,1.1930534020036319,0.8945003853727163,0.841936516421859,0.9247913868757474,0.6168416492546188,0.5954874338850885,0.4401849126098943,0.03468462334475901
10.330000000000002,0.02018373824787418,0.1864113431441029,0.33469972186979263,0.4258024297093967,0.6240957732250553,0.7137552928276489,0.9192144632114474,1.0847487214703704,1.1303067599010215,1.2343201610433086,1.2764396034908816,1.3565579262457728,1.371672699234445,1.4518267226465955,1.4061190925078888,1.492655365004628,1.4838004582938953,1.5145386119643935,1.4307532148678825,1.432393500119451,1.3408026434513354,1.3239232259643638,1.3703455600026953,1.10856845161593,1.2022872672687073,0.8888060816575166,0.8173046801835991,0.8978516582393439,0.6770481334394971,0.5544880128344265,0.42905036899166016,0.03527458258589109
10.34,-0.009892039781749403,0.19064472460520304,0.2529089216308722,0.4225119943342108,0.7086983810995958,0.7877421353646905,0.885274031735349,1.0379344056400894,1.1719977639522274,1.2367258246538662,1.262974581105261,1.3196354491042896,1.369420620748794,1.4633991660316248,1.473911086992817,1.5224916727246178,1.4399319855049797,1.4692321243863404,1.4407887090350362,1.3555412681765011,1.3459201792661324,1.301926244324598,1.400445159880165,1.1100978456729922,1.1937291485802817,0.9433648492895159,0.8084033641697052,0.9474750220518119,0.700561486325168,0.6381447990746161,0.38074281855137526,-0.014652234677795783
10.350000000000001,0.05249764507917687,0.22042274796648076,0.32672308454290255,0.45008077833024257,0.6623030945744496,0.7135028495754364,0.918017330751714,1.0486908458822177,1.220904505828452,1.280278736946535,1.2628518674575369,1.3644707609583733,1.3867599100947523,1.468410771017599,1.5276766400080906,1.507150202293653,1.5249302204142843,1.517991169626693,1.4826423229484336,1.41088204712367,1.3432315566557302,1.325992512243024,1.414067647771987,1.0728297826487698,1.181891972431813,0.8799106515529469,0.8525827761446145,0.9371520752643265,0.674980132237657,0.6066816546284182,0.43875002543967195,0.00970368909872131
10.36,-0.02811704974234129,0.2684204227794666,0.3825551760997581,0.45187204338274056,0.6175902348158224,0.833767132238562,0.94124506874573,1.0607991677623079,1.1433816987727532,1.200779433272991,1.3033204481231655,1.33689355815009,1.4124340265924582,1.3977177643193082,1.3815791088111493,1.4756795819129187,1.51155504002573,1.5261379045042496,1.4746394249994386,1.4378408784128738,1.3213382373268034,1.293871332289672,1.2997570779523635,1.0563718625479652,1.1225370752682222,0.8901447107148667,0.8564783624661235,0.8413157841288474,0.6704275235722632,0.5938575229376927,0.4617904105939059,0.09796235554645119
10.370000000000001,0.005816773217306148,0.24478284001473247,0.32939652468349073,0.4989568578104288,0.6429673303557639,0.800846515447523,0.8790263929338791,1.0191836116839845,1.1754853370721035,1.2350780090335094,1.2604860112454213,1.376752163978915,1.433400103313461,1.4362821278337632,1.4518007484974398,1.4728439320820188,1.5571925983575554,1.4673130900703133,1.4387441835915087,1.424038093130347,1.346654787665012,1.304438359087302,1.373103309245849,1.2157125910364313,1.1526793938372224,0.9093999762819657,0.8133298555895052,0.8679469259784549,0.6948966143019031,0.5821341890407609,0.4871826038685694,0.15791373102425824
10.379999999999999,-0.0340591528486182,0.24845815320327252,0.4099939169342791,0.45827371221026486,0.5702120718388219,0.6832016894575524,0.900551151882405,1.0521090942636528,1.1110279029490535,1.2873182901392044,1.25639073819769,1.3589410872471102,1.4197156708934227,1.489338016043071,1.5422232602076091,1.4898118467834334,1.4433685571233326,1.4773032445081227,1.4216280860889083,1.360470360524547,1.345958102643109,1.3451402825234966,1.374679203366513,1.1424457758236863,1.175682607772222,0.9689008550436106,0.7908967060461263,0.8713887200631178,0.6980964475977879,0.5836872112008599,0.4280122964282472,0.17703828134433905
10.39,-0.06032624109445914,0.2530839671904553,0.3048973058414803,0.46908275917887227,0.6243580088733953,0.6950508500245614,0.902969427119394,1.0444666681259558,1.137718704280354,1.180559753172958,1.2545949673372327,1.3901349402080574,1.4071074252585638,1.5041883354731977,1.4365727044394074,1.4921127761849462,1.482526721165324,1.4248691393662358,1.4160755269709504,1.3870757436618173,1.3232175285069299,1.2920627411771766,1.3376186760081399,1.1092481821056215,1.1361689642704018,0.9640190103268228,0.8247381462929727,0.8693953925409573,0.6943502512051378,0.5682830325842098,0.46205771918476257,0.13529830222440248
10.400000000000002,-0.02036550125642622,0.26757237422606994,0.29472327084711275,0.4397069016388882,0.619900331461239,0.7616290881254578,0.9015237035763524,1.0868893051320148,1.1416835134330396,1.2185114966189086,1.2941591975054767,1.3658007301679875,1.4147462290722395,1.4235231135801776,1.5323617098800262,1.4952950059390195,1.4942885220428397,1.4952183240177506,1.4326187862546707,1.397093151353478,1.327380305102189,1.2934793887444218,1.3154223349251475,1.150329727050728,1.1656357722258266,0.938712827597769,0.813708429947681,0.9186526352553379,0.7202095852543084,0.5530255447972081,0.4282677074713666,0.21248126718700727
10.41,-0.034539109624224004,0.3253716177400748,0.2779482906232591,0.5395105470332896,0.6405868898446968,0.7926563058288019,0.888278061882953,1.0673705417875787,1.155373716653996,1.2348817594268224,1.3227777563943588,1.3721543479601315,1.3272938373146157,1.4869374520413998,1.5441321453890646,1.4163730397643337,1.4398855036633385,1.464770775820576,1.403245345673562,1.400007388734929,1.3484655211115648,1.3214344909220432,1.32910142882309,1.1713551660769168,1.153459432546531,0.9372001009194226,0.8471365763666406,0.8585073605853868,0.7503174415507768,0.5197745665066305,0.4630002999922474,0.17428061136697626
10.420000000000002,-0.07765649736262638,0.27104208981653183,0.27208363540516567,0.47238939057332485,0.5730011095098863,0.7566505192699092,0.8753111991327592,1.0220672000834345,1.1639854398343192,1.2307409004627783,1.295281113404884,1.3534556371471063,1.3931649095946137,1.441689790446092,1.4222579767041699,1.506521554145968,1.4894982878919796,1.462538872640156,1.4034435359975581,1.3810055181268162,1.328643977964714,1.3112238212280642,1.334598371318069,1.1223686449850279,1.1364551752922418,0.9425668325352029,0.8541393122572544,0.8906467847936435,0.7904044596760816,0.5625903267169354,0.4292231603108029,0.24783878514219188
10.43,-0.04905732228289607,0.3313600850687171,0.27236578894264457,0.43552509474107537,0.553515183179412,0.7323061915353316,0.8962857876839447,1.0190971783676142,1.1562618315602313,1.2327076680863758,1.2999320015836884,1.3810727581445965,1.4110616129615186,1.5136329624742162,1.4527409893063652,1.5281995757526061,1.493912647868678,1.488447670263155,1.4727202726510393,1.3871759549124165,1.4086707892636474,1.3086375912098969,1.3195314297041496,1.1275216594146016,1.1964820781764012,0.9926074067618822,0.8111952641571887,0.8221190249863968,0.7240563601310009,0.61199998988757,0.3875963692552886,0.21812685966513656
10.440000000000001,-0.11549411481272276,0.29835019613236197,0.2834220556656254,0.48232696182049156,0.5816039644259903,0.7621748321185743,0.8614326748091747,1.1283204385173962,1.1698506579289836,1.2098075611438004,1.2873949316691202,1.431355182546981,1.4071059070961818,1.367155812258658,1.4908288914324528,1.484429884164807,1.4171431880936338,1.4710466295177436,1.4699215528826097,1.4424448889803103,1.3209738670313516,1.303155169467663,1.3739443637707334,1.1378605352312146,1.1611615907563286,0.9047816121238187,0.8689292448131848,0.8503272592843012,0.8022247162359215,0.5250852173452187,0.4572886447785912,0.25522044097898455
10.45,-0.1331804877998896,0.27360613529313177,0.3227410454032969,0.49872001802906296,0.5038292017886231,0.733155078704486,0.8455249173157768,1.0769574630496115,1.1838861096980902,1.2868078034788843,1.3144024850303055,1.3612272504613563,1.4348629785759277,1.5009872460184868,1.483896393682261,1.499493031934795,1.527967297670732,1.4484139182246807,1.4887688537167112,1.414894749137545,1.3923042055208223,1.3075840189567618,1.349182422123938,1.134804677747912,1.1075746631228949,0.9334562049156144,0.8047688128199719,0.8630322026190249,0.779764515484868,0.6023241763795275,0.44137566448567644,0.2880866372749684
10.46,-0.09031620550763167,0.33479308009080655,0.27463874569863217,0.4803825550419889,0.5655268366736197,0.7502071820408772,0.8440260905208784,1.0847106920482572,1.2046826924272642,1.278111263150284,1.292424891802552,1.4169272583665236,1.4028375126971884,1.4554898571972117,1.5042517306251426,1.4846745618579067,1.4759601498021564,1.467403415659851,1.4500872134041007,1.3510465568838466,1.3484948809851474,1.297586091324441,1.3597047356574716,1.1199478311826598,1.1364840960850833,0.9005143149768425,0.8019441177995619,0.8318632990972467,0.7862652528524295,0.49887182241527495,0.41918114737245055,0.2792603043725405
10.469999999999999,-0.07117323781380558,0.2822998757169879,0.21809977320677743,0.4576713059215474,0.5685900744360355,0.6721426850654122,0.7936683606183599,1.0563758956036267,1.201493765231146,1.2235976204888488,1.2773439996788893,1.3509927958489172,1.3996190599710665,1.3705657164871412,1.4826664561403078,1.483809005195676,1.4570289220277737,1.4829854342163633,1.394806002662547,1.346482302911777,1.331065382724152,1.304868632151278,1.3349039010559518,1.1832698454305126,1.119965816879387,0.8671439097383755,0.8003926365189217,0.8230056661638193,0.8128838236296395,0.5193217078026968,0.39968188348771644,0.28198079103963397
10.48,-0.14677505180731587,0.25639080137456677,0.2278925135506003,0.4212158090165578,0.5305347536928644,0.7003723160047499,0.8192871219960218,1.0312954725184336,1.1493186759951044,1.2817209276387675,1.349771096690497,1.3419414062047816,1.4404143335494712,1.454189790759884,1.4265013928837527,1.482820552764761,1.5026551035970153,1.524085550753796,1.4430069524841707,1.382826272791621,1.36159412787637,1.3170507732360468,1.3235203228781325,1.1935532409204002,1.1304193873908748,0.8108033697018838,0.7376957001360631,0.8460172336816507,0.7758930707772873,0.5226841811114998,0.3998994570590528,0.27413680395990486
10.490000000000002,-0.08481830417625157,0.36391491427842193,0.2859095830116202,0.5051541490023076,0.5384376553570566,0.7062870542459638,0.9128039248271953,1.0952709956961084,1.1868315268689327,1.209076398796204,1.3156785874740924,1.4562725678620487,1.4104488129150377,1.4408215283481216,1.5144505876008871,1.481209977490515,1.4977240123943139,1.4851605461974544,1.4158103815336944,1.3639055293407658,1.3476227374275886,1.261803005570549,1.3174753682159357,1.1306190667670273,1.109166219141243,0.9150498397242197,0.7592268938121175,0.8478046051401796,0.7649568093825263,0.49044571555581146,0.42048206314906056,0.30326469327794353
10.5,-0.12527024974820677,0.2748563067162518,0.2526200957576666,0.4848381131339982,0.5300049728318306,0.7274623385812969,0.8936218247407032,1.0777080824217866,1.1538913877351635,1.16205884758349,1.2911933180887603,1.4691496138993343,1.4167164045819853,1.396103659135666,1.5190454656829537,1.467897265582324,1.5072332858868769,1.4827018428819807,1.400533250995743,1.4394523548102847,1.3651059571928668,1.2672581680903527,1.299126561959361,1.101951550551338,1.082604834199902,0.9220705076358837,0.7386165394202481,0.836882238644715,0.7879914864436902,0.49326724198643024,0.40037239133648117,0.3246529872367758
10.510000000000002,-0.09672194359818163,0.30310401760071826,0.24388663360609902,0.43984199814185354,0.5308711968536115,0.6548235053678075,0.8168060224940161,1.1098202523602565,1.1375179918084253,1.2292669318079004,1.3203943544465226,1.3460246234052953,1.4417485904227225,1.4168489444088277,1.5113051935436461,1.5166226816024206,1.492781614490695,1.4648760206485136,1.4001067060514962,1.4057470686903664,1.3554267687999564,1.3064400957470517,1.2847189882921832,1.1409330706307477,1.04180746211695,0.8844820665044734,0.7684368579821361,0.8541170267952629,0.7448337695258483,0.4710157327185963,0.3755244920871145,0.3206906808888847
10.52,-0.10076464415569204,0.2802353055209649,0.23628224460806285,0.512028953755324,0.6108744873103897,0.69393160939505,0.8325759865746192,1.0826020901546356,1.1514824132082488,1.2313010467692418,1.308756958644095,1.4049659476122056,1.4387949858265874,1.3710209456463571,1.481887402482863,1.5207207494717183,1.4937060760188858,1.4889148909428929,1.4594779722390117,1.3848737041049937,1.3421581606819413,1.3070599953155977,1.2869394537019692,1.0787955336646406,1.0568353963498947,0.8970295225454189,0.7688714020033918,0.7905448031339588,0.776817403218144,0.5056642812478868,0.4375243636525204,0.2976242926976712
10.530000000000001,-0.09681912791143814,0.29190953868921404,0.29396198968182125,0.503444043647419,0.551050676560029,0.6756292242114561,0.86666307426037,1.0434702859228555,1.1478108562240992,1.274940163786036,1.342517212027544,1.449867452952191,1.4335470120369893,1.4036066379978738,1.4817945397183445,1.4355862682732023,1.516125450050619,1.4416598222109938,1.4205829113700223,1.3591211166428097,1.30289847425804,1.314594145030118,1.3397186405758335,1.113006007635865,1.0904600924011152,0.8151162891606607,0.7479051618282357,0.7919756543297748,0.7378897322182245,0.4628719958255216,0.40747695641390913,0.32040993176150806
10.54,-0.12130366145737793,0.22635208478551067,0.22524827230533614,0.44577854261340305,0.5587069308748083,0.7142459611329652,0.8937001540993629,1.0758002651655403,1.128244776832853,1.251846195150559,1.354198688967911,1.4523298685532375,1.4432964809020379,1.4137305625364636,1.4367628984966494,1.4620459214899897,1.4447735634709038,1.5285292204826815,1.4367272652762966,1.378614395927604,1.3169825520231642,1.2852321864982432,1.2502074667306853,1.1324872755981454,1.0747836965997684,0.8302980126267285,0.7204693238148248,0.7835205089019069,0.7864105342501473,0.5401169866370701,0.38100257598367093,0.24412616574731927
10.55,-0.14298065286524167,0.2774319580053206,0.2797874130610211,0.4444792323197103,0.6134101379532203,0.6871164117011684,0.8566502595380652,1.0706212314569792,1.115058528208804,1.244215519136617,1.3091291125670848,1.3482316703124597,1.383929378384733,1.4344863747925782,1.5416848789452717,1.4632335287876885,1.4883314870779867,1.4562783171569262,1.3863722575723416,1.4050605502589795,1.3339298109355533,1.2597716607276999,1.3004836124730295,1.0843606431543265,1.1006046103429759,0.8066403655121517,0.760264689711927,0.8236420694936039,0.7335322102698059,0.5261734208802665,0.3829061380116794,0.2715296190893526
10.559999999999999,-0.11133132441742888,0.32390021726712404,0.26753536391900273,0.4624680068793012,0.5598910123422953,0.727570197927894,0.9243403045953013,1.0374157485244586,1.1809159277132315,1.2617060509309044,1.3345779927197137,1.3621197524141686,1.4510916844448472,1.44036031372389,1.498976673527611,1.498261708326751,1.474968637053415,1.4718816614348107,1.4255227839743747,1.3548953687629581,1.304047162565361,1.2639729996559084,1.353373738579474,1.122374977486617,1.1241878190419963,0.8856293800301219,0.745153356999012,0.7599618630828728,0.7281699292280629,0.455718406692128,0.40129997650883614,0.2570087104780126
10.57,-0.065952094856506,0.2752451105924877,0.3038466066359178,0.48756351252989105,0.5531751627029239,0.709232177209753,0.8698049588233522,1.0834668202856585,1.1493589942139173,1.2684163231143006,1.3782051520936052,1.4206837627612967,1.4527887940531972,1.453590354475423,1.538581542770387,1.4844640221073806,1.5005408447655029,1.5275560218757211,1.4326539649272787,1.3620595782059048,1.3626960021521914,1.2725740867966036,1.3217916610793516,1.1139837508188937,1.0713599453293436,0.8316892245090217,0.7365926397825133,0.8804138708839793,0.7380146477047593,0.43604457727623464,0.3437119306291827,0.23099973166001747
10.580000000000002,-0.10757465926310403,0.27660054181047183,0.28376859342392236,0.45569903424778263,0.5043752404583537,0.7201228881717918,0.8314215760648065,1.0616091795946192,1.1306859154864854,1.2552216714028315,1.347243986961049,1.3663608754303722,1.388282333804017,1.4293773479880707,1.4930761850746486,1.4855468974811388,1.4805326121472893,1.504788081100874,1.407846162264628,1.3720717745511428,1.3719110144496047,1.265507346900931,1.3211024035849084,1.0910241869703188,1.066561377131695,0.8464719773515621,0.7297238404641424,0.8224058439187852,0.722980526145856,0.4665892419600041,0.4572610711599796,0.2422022722165553
10.59,-0.04079961303159678,0.28386759318938,0.23322650421478147,0.47614376841068684,0.5492376345775961,0.7612011096215604,0.8852748951211404,1.1123269613825442,1.0941488915284343,1.2492902596028046,1.3532494851402777,1.3508044221930544,1.38300289818385,1.376623367949916,1.4296143542544235,1.4857938524965746,1.5251701940835254,1.4859040675057946,1.4503625602187982,1.375503942835594,1.3443870773974123,1.2694526130300205,1.2719997123594107,1.1116994908437057,1.080862745483134,0.9736173181840663,0.7776508743150745,0.786772992587094,0.6574785207274957,0.4229155717150215,0.4082576961326819,0.2091079518696998
10.600000000000001,-0.06461515293109772,0.28788554093056157,0.2860238353944053,0.47943012668827123,0.6030074700195174,0.77805931838268,0.8853673471624061,1.0860717078311681,1.1764844294491885,1.2440484928488595,1.28779940069757,1.3510554445630956,1.3702895578465883,1.4468835199955816,1.459625401010022,1.4859230803798806,1.4364954697584387,1.4678438021340188,1.3983237778565296,1.3760084073812553,1.3027308600033525,1.2467620660223455,1.345224170054486,1.1423827171984728,1.0506350036030263,0.8719759344975769,0.8038196509848573,0.8297076258272058,0.7284869541472251,0.46834111080786167,0.3467376760186605,0.18433375974313365
10.61,-0.06188317480626078,0.2901696531023194,0.2921150010154133,0.4574884390891094,0.5907867931863522,0.690901449911164,0.8259355988421722,1.0075681792823759,1.148397806390564,1.2467947394510317,1.3232167184711725,1.3944831477094135,1.4316838805056038,1.4745686900429167,1.4855625813611284,1.479169877797066,1.4995074093766079,1.4383434132208597,1.457610313757377,1.3865587492256086,1.3894774740803797,1.248476793537293,1.3179648034201084,1.1736755998815869,1.0924039880148138,0.8734356817987284,0.7847484744942076,0.8892642731253284,0.7240295040071345,0.5412432402576031,0.38666214319539044,0.19993076194779458
10.620000000000001,-0.10777299414414501,0.274398189731551,0.28914852475555775,0.48227371146427034,0.5842300773892677,0.7838783828789312,0.8893163977676972,1.022768298175471,1.1250351208574887,1.1836696666269786,1.258765527150768,1.3527361939829214,1.3975322757327437,1.4089939132970113,1.50362804007333,1.46565950897969,1.5661751737605414,1.5006532677536715,1.439895023974073,1.3897793148404167,1.4166781184659885,1.3362353401306553,1.2774874646173384,1.1731073238276646,1.099755557325264,0.9198195521904639,0.7894763424657187,0.8194190978233058,0.6945476427775499,0.5278052623562557,0.35712830236224025,0.17676896343840326
10.629999999999999,-0.06329254982806307,0.2877930025328566,0.35719411689543257,0.48247830014078197,0.6520002713637233,0.7380372911691622,0.9019910689365062,0.9742298749024291,1.0506564339610125,1.24459350579793,1.306684216091083,1.347369615212592,1.3972890645610365,1.4112299051284884,1.5155579131709387,1.5292745885337407,1.4912635393914577,1.4446191159446735,1.3690859997647242,1.447159842057902,1.3640512303641024,1.3200808516660627,1.3050970367326842,1.1676480717873843,1.0816612110736568,0.9327352732387193,0.8018588126354711,0.8149834411838442,0.6106382654188569,0.5058880298853309,0.4624620209626363,0.1760296828452533
10.64,-0.07865517566786379,0.27164270713094757,0.2350351962339303,0.4953288665142044,0.5564939398861412,0.7690156478909862,0.9180366919100539,0.9961262110115584,1.1118181710790391,1.2241022617140478,1.3244549853612573,1.3187801202778446,1.386073913992988,1.5001735446276974,1.5577974945400737,1.4648732493755243,1.494535616757839,1.5665004323397023,1.4284632610328747,1.4431549470903378,1.401776802719479,1.292241983349083,1.3158514810840578,1.1986319775329037,1.1234496944214647,0.9609500136893412,0.8626752456025994,0.8505582494881845,0.604918196316484,0.5582072771249607,0.3422013874519457,0.138747864940459
10.650000000000002,0.022976765604615354,0.28387649345299476,0.31508061316547775,0.5601172920534498,0.6329746554316013,0.7789370685081165,0.8705002064996671,1.0186944779395475,1.1389397784621698,1.2148936495389007,1.3157382447866843,1.3364667712202216,1.4408662422533014,1.3802663240938151,1.4586257919155636,1.4814663409470308,1.5077698448747492,1.4929895952108851,1.4724729151434013,1.3745092858246413,1.4343427778109534,1.359051271316827,1.3540224389443654,1.2136763468138052,1.1569065562595664,0.9919881554916576,0.8779541732928345,0.8221772121212495,0.6693167495275664,0.52031149652901,0.4196497122389649,0.13765640464865972
10.66,-0.024536163883257692,0.27824902956368025,0.3130487464180163,0.4881672609824264,0.6205546280365233,0.7864230332359498,0.8480413358291302,1.0449571352629246,1.1338032991953102,1.2427652121556547,1.3748341500596448,1.3189211588190306,1.341783053767802,1.4499450852071083,1.4888592900685969,1.521694142293862,1.5273635965740366,1.5985239145457457,1.4785063603541353,1.4358482551821838,1.363445344887594,1.3463477733198526,1.3271897013105958,1.2476285441908606,1.0771204460896784,1.0130129754400459,0.8936665165506296,0.8012646932890567,0.5893144895135404,0.4780026060350372,0.34199566500313827,0.02747239158048563
10.670000000000002,0.03427870706210368,0.21501532238540444,0.30433941552046606,0.5216224664137745,0.6487693955086475,0.7372127941622124,0.8942158418789166,1.033529070665728,1.127955196470012,1.1575353424670853,1.265536985577575,1.2708462645137228,1.4451515001251718,1.4069817621855054,1.5165865997899022,1.5073104646612185,1.5145624221206946,1.4749264077907123,1.4274399402186089,1.402561783040512,1.3910230382133735,1.3725925711672984,1.316263808651905,1.2000167313349903,1.132625121567991,1.0238437154896853,0.8806106048540884,0.8380258647794242,0.5589429652531555,0.49563929179621546,0.44277649134249336,0.10282012682685544
10.68,-0.07092076485959281,0.22791539245400083,0.3022928370066218,0.5108339480870914,0.6563540532122148,0.79064087427281,0.8359171591524028,0.8782129932507876,1.0653415621068971,1.2261662671817462,1.3002785330449755,1.377436477590897,1.4307021524985906,1.4103939429404755,1.4033483254513217,1.5373508739989312,1.5502834851812664,1.5251373771388332,1.489094543581825,1.4360374330366419,1.418891025224182,1.3659314928473776,1.3163680506234516,1.2066858736287773,1.1085040854504982,0.9750993741931964,0.8669049984133287,0.797731065906248,0.5494820865480372,0.521699029903371,0.3538094663335405,0.02626310404600367
10.690000000000001,-0.07181213914694237,0.2929320422890779,0.3584927945473649,0.5565145852141044,0.6723239527324071,0.7635591811985366,0.8797523349321709,0.9446047764170358,1.0556790742722233,1.2271921799891863,1.3386121540302829,1.3466942766067205,1.375484621429643,1.4133508909012384,1.5100253258847214,1.4965917713510941,1.4628145525766059,1.477031770121204,1.5207264225977495,1.452526751584867,1.4198354802280824,1.4428078510966966,1.3330847470247638,1.2817762717095182,1.111812789769686,1.0099050442589577,0.8866460271884656,0.7596431534844719,0.5404791711511301,0.4680563016117273,0.34989893992513144,0.03535540207193098
10.7,-0.006678756872891323,0.26859359225637885,0.3822089176880773,0.490782900849178,0.6404355046685798,0.791633073828579,0.9251200040062759,1.0324694474279001,1.1309413555956653,1.230135344641129,1.2571646710713575,1.3193782526821118,1.409352732346878,1.452800497848963,1.4349948460403332,1.441171718862925,1.5540208959698831,1.5208099957011159,1.503800614792235,1.4801975298497376,1.4710150753606552,1.4245498636048537,1.3320381874191853,1.258366725016349,1.0809083544405023,1.0252767394477362,0.9096668983757277,0.7642406245701268,0.5569542267296027,0.48012513611140833,0.3529713599872018,0.01837847341744026
10.71,0.04621853434956323,0.24423079768774245,0.34280962555714933,0.5718307567158823,0.6808466165348664,0.8049662064093265,0.8798509418554304,0.9614001922328376,1.1195544327496876,1.2204499878947885,1.2669571490984612,1.3213275458131155,1.5001160794092414,1.466741172005575,1.4939707154679311,1.523431441266375,1.5286068316336756,1.5465999394908245,1.52007837616374,1.475454368971927,1.4524999221771373,1.428642415373142,1.2956166927371136,1.277848691861987,1.0651764510653925,0.9749299961951134,0.9526346833849243,0.7066117124553634,0.41693611844930156,0.43470720081794506,0.28676767088245475,-0.022594297613035958
10.719999999999999,0.051547099366125865,0.31437160760701466,0.3820589903034924,0.5851954575920254,0.6261358201802516,0.7957515407220329,0.9872550953094393,1.0706623166117741,1.1192520653650428,1.2212203511880118,1.3068201806001867,1.3604205380174268,1.3964660555662414,1.3865231253803953,1.4812076605782434,1.4882094934565302,1.4909766813819085,1.5393479613452679,1.4536439637424512,1.341308677089819,1.4180370265500308,1.4361578824000445,1.257634512558008,1.2501965161686475,1.055944081714228,1.0552785582403355,0.9381842976439619,0.7797765021053464,0.48873603623066675,0.43267443164160496,0.27749114488547094,-0.013311645298162946
10.73,0.03653275533054125,0.28313242154042456,0.3908587569374806,0.602545840172513,0.7146758418347535,0.8178617934482714,0.9259376539523426,0.934346292048561,1.0709548087132634,1.1713163980971184,1.265778619338841,1.350130802036313,1.38304380705242,1.4910675105107976,1.5064989699173474,1.5100277141874705,1.5273836781433083,1.5487557883062126,1.4354578716715067,1.3941404156954706,1.4627557230358332,1.3869956864324118,1.2485247759768932,1.2343998193404597,1.0346719369307775,1.0067144727472386,0.9016051702493251,0.6990667552686693,0.45701196505244535,0.36857828854428276,0.2585278743482219,0.0015870879735245028
10.740000000000002,0.057067634239398805,0.2974059960289543,0.3909729004768776,0.5709792841532738,0.7290528063743642,0.8441112739140713,0.9759705433590907,1.0083395817199245,1.1555888070000793,1.1498908999034412,1.2661127411980762,1.34448629490733,1.4216151060976172,1.4382468341811971,1.4659630938278845,1.4971572206105912,1.4832328768728,1.5652002656029356,1.4933535302129242,1.4614228699318927,1.4114083633923218,1.415698987490606,1.239162670811782,1.2854454630072532,1.053529067141872,0.953548546944154,0.9451148292874917,0.7214132920934005,0.4931649194089994,0.40013633764262574,0.24920674873948714,0.01723479954647101
10.75,0.027453786245533227,0.28926328825925046,0.4828204554352029,0.623047526364133,0.7228091092380541,0.8010171320325532,0.8869582656266649,1.0195020346097061,1.0851697126119686,1.1572281080974607,1.2900038808161616,1.3526811002955763,1.4528386997674134,1.5159676153688797,1.5521545587810242,1.4808253899135913,1.5577165958305934,1.557426594667724,1.4695709848676293,1.392538978041445,1.4826024803326285,1.4267331061094353,1.281042724394772,1.3132158566760577,1.051247370753838,1.0493085559556699,0.8857166850848288,0.6299441047584808,0.4962997194509337,0.40703647194038123,0.2316142703624865,0.06066881373156353
10.760000000000002,0.022361650430798317,0.2983027468684671,0.4195286265610882,0.5653511513136882,0.6611739163165379,0.7965730845764856,0.9633901191761849,1.0157339432779224,1.1411026260527979,1.1633806665766429,1.285500723145924,1.391415735010853,1.3878670927186239,1.414192865962745,1.440123122519887,1.5035097704600684,1.5098727268124739,1.5068143713289883,1.4562227376641812,1.4172994760612732,1.4793829302835881,1.4522215764362272,1.2001437746166095,1.254234518741186,1.05656947055296,0.9808996412691816,0.8793123329926337,0.6726675561252986,0.5060885742624113,0.35845357041401515,0.21683802741830696,0.056307730027341525
10.77,0.13028147716556757,0.35847344415378124,0.41562730430508954,0.5924340978680255,0.685764755900762,0.816226269506347,0.9175584351490585,0.9749801634748348,1.1355020630029264,1.1474672648584572,1.3077655014093617,1.3809163658004269,1.4204370220269524,1.4650466530852342,1.4889086187683376,1.539888392507302,1.5491910205521968,1.5136533197660322,1.4694078777481612,1.4665898506168262,1.4874285266937992,1.4093972552386111,1.261519235508724,1.2163347364918589,0.9880887649176653,0.9810388153120361,0.8655005271933349,0.6480117980775765,0.4671970991700512,0.27635904087082314,0.1645671652582583,0.07486228647296499
10.780000000000001,0.09774440555177462,0.2852484548923311,0.4878321685603897,0.5999949900322001,0.7391601739413003,0.8520087314377134,0.9398963335366533,1.0361868420581648,1.1500173011132742,1.1633452335813574,1.2133745057802787,1.375009967871878,1.448721712825339,1.4814063837420999,1.4574578450484552,1.5421458857533363,1.5470810827920605,1.5419726947365953,1.4607719669215091,1.424267778572805,1.4390770048311268,1.44129389002331,1.2396735483378323,1.2500368734632257,1.052005077330305,0.9590132255700291,0.8757114669284704,0.6373248045604467,0.495820312324599,0.2934067794953287,0.15203134684180875,0.0804594900188634
10.79,0.08448302806061699,0.3528919393040555,0.42153363819996464,0.6245871556576217,0.6887787246272925,0.8154389323528926,0.9286537472442189,1.0566996591615123,1.166210853283761,1.2194816762391403,1.270588890391364,1.3841625468201122,1.3999684043649343,1.4685957659908928,1.4578338214324438,1.5142815670123924,1.4936385921974167,1.5035061503776501,1.4796174866506062,1.3549798558927808,1.4097234942997876,1.3871370349182337,1.2497821929041242,1.2530370142294527,1.0323482252970964,0.971018622452669,0.8433643246733091,0.6400131637978942,0.4752282565501498,0.3472035521103841,0.15993916237729344,0.10067038471807253
10.8,0.09838055497031802,0.3305593881058967,0.4504100761997913,0.6573007416449386,0.7027707113448441,0.8331007916990267,0.9158963411625207,1.0199909101109668,1.1391050822263007,1.1844372737920907,1.2523555436656393,1.3663601810407002,1.4340032007255077,1.4336846696150531,1.4713619448070547,1.5348558957721272,1.4838809826963302,1.4889643967239157,1.4808095779328954,1.3794193451894075,1.3995499963252278,1.401166953261896,1.165243600650297,1.2372979013347551,1.001983187784911,0.9414714298871981,0.879450108155965,0.6552928738837044,0.5435329966695965,0.3669037088729471,0.18244897913272307,0.15960005593422175
10.809999999999999,0.08763842283339103,0.3726943564907556,0.5021553140182465,0.5921431797262929,0.6803693721890598,0.8785428163685943,0.955905108034216,1.0484828545320264,1.1023151376744016,1.2072086167496894,1.2420798109343694,1.3864201891624228,1.4508518413016889,1.4768164300623774,1.485225931535702,1.5720011288751867,1.5227826774952755,1.5125569759326414,1.4458353382760742,1.3839981790542237,1.4082615071280649,1.4448710013974901,1.1605723298243318,1.1890464698606025,0.9768098705849972,0.9682808576461397,0.8558924543570493,0.6026357863909857,0.562423979269791,0.34347978884675745,0.1905691811344048,0.18125603097218246
10.82,0.14939321745409964,0.3490194876596159,0.42707316813726276,0.5864125432970697,0.653231655921839,0.823148774273238,0.9907908661982787,1.0173941713610302,1.1062875720176362,1.1733711984183666,1.2785622920329696,1.3572173349217709,1.443735088099096,1.4810279174370984,1.4565485759356434,1.477802396935065,1.484246690013169,1.4823479619145548,1.4283201055565253,1.3891370174803903,1.389766007051757,1.316679656129485,1.1460636530952095,1.2611889271582621,1.0054271186942965,0.9628049018730055,0.8241190805054152,0.6337549726384127,0.5892585835921479,0.30523095951927265,0.14162939819865644,0.15956807562186937
10.830000000000002,0.10083468804171279,0.33214969602659705,0.3602907348932724,0.570667156256171,0.6634882414441058,0.8441709352496201,0.9019650365429057,0.9497786885416653,1.1507827934222283,1.1735334383979144,1.2809535261807983,1.3710462370317247,1.3795530123675945,1.4980048803636292,1.501178986061207,1.5164973162190623,1.5116732902263694,1.510706289270883,1.4437258320327573,1.368237267743136,1.4393522103944763,1.495586217733923,1.2558112948880584,1.1669140243950542,1.0216144355119758,0.9622513520739584,0.8025967558368056,0.6144417150927451,0.6264841496624034,0.3283432248554172,0.19071765940694108,0.16575972178305648
10.84,0.0762041970737593,0.34317129842701877,0.37859677338359654,0.6027271971532365,0.746063568909177,0.8748540059969152,0.9113931239157329,0.9930348264805522,1.137721907851659,1.2181989091493322,1.2172230970854196,1.3897563067231307,1.425271159620647,1.4060180777003704,1.477324122911865,1.4917732594972288,1.5422285104239113,1.4799405616701307,1.5227245031854484,1.4336212722176307,1.4617726132074063,1.3934115764445176,1.1955610940537436,1.2244722965994643,1.0139427735012796,0.9787208489198926,0.8395085937314681,0.6340187989384642,0.5561735627793608,0.2959714860642674,0.22019718615405182,0.14520951993110076
10.850000000000001,0.0843951179319397,0.2791998107668296,0.35936449813273347,0.5816762141369562,0.712134676283573,0.8966996822647458,0.9975903180685438,1.0711016934746995,1.1462966252977769,1.2111882010024326,1.2963665983054384,1.3631028339762965,1.4078341524217886,1.5054185403098785,1.536447663622728,1.496276482370079,1.5558031644099108,1.4613648805198582,1.4722760563483466,1.3875176615442177,1.4519123327015002,1.4279786119670217,1.2703528911258575,1.2359044762892315,0.9209320270490493,0.9657508783186302,0.8248248953763839,0.6302405464589229,0.6337050313875014,0.35404474418291393,0.20554659516616094,0.20663681033259723
10.86,0.05837254307815501,0.3052934126625517,0.38982303648486816,0.6075802121053905,0.7144315119303041,0.8551146561812938,0.9627194917188481,1.0624128980979948,1.154459779977602,1.194459814610957,1.2897043680120053,1.3790411187727625,1.4145878227019915,1.4464758595698164,1.4259599993710341,1.5575956316161297,1.577181486037141,1.4863765682912917,1.4387223168069259,1.4062348122285324,1.4259019455147135,1.3864369100451963,1.2443260971556722,1.267634730948438,1.0276803741161717,1.0101205275235143,0.8974272590767797,0.6814436970691075,0.6267378073630999,0.3124258012416244,0.19253914242218442,0.19094410374824464
10.870000000000001,0.10485540598812182,0.24148028813931918,0.3671658362917249,0.5358075413078817,0.7211655104726533,0.8200410098067205,0.9046748526530833,0.9956116179797572,1.1427235744382551,1.1721994309046992,1.3074879808265014,1.4214567136754395,1.4172806848936157,1.3664849593603696,1.4596905991760751,1.555975640867806,1.4838246777708122,1.4890704238915664,1.445987703888296,1.3825471913952099,1.4462292262158487,1.3517924846469547,1.2322506798839443,1.2349974513767328,1.0257879330497996,1.0166458254868171,0.9051309987937796,0.6833352126455399,0.6842884251077719,0.3945966622331848,0.24125910319755592,0.23320879361354513
10.879999999999999,0.10116777859218799,0.271194464884716,0.41505462542567345,0.5411348302277376,0.717138866744226,0.8363424609122101,0.92526606291104,1.0026008155305743,1.190719813527453,1.212928189391228,1.2679410238052529,1.3582115480593706,1.389005695878646,1.4214682632013795,1.4727854848957906,1.525016614984268,1.4941424819597042,1.4832475026423089,1.4746262659840164,1.4424220094805449,1.476457175938643,1.4075083548059133,1.2240028308400268,1.2462982563713556,1.061916824669159,1.0262773407018144,0.8607309180157174,0.6544115016552357,0.6775156301262079,0.36664688585558636,0.1979264446964204,0.23535600971479106
10.89,0.1051598783698552,0.2425056423785355,0.44059569453551123,0.6236828798203182,0.693153566066627,0.8515381849440565,0.948562626158052,1.0706323213992994,1.1297262260896372,1.196918667312206,1.260894103431207,1.3627051334063405,1.4681566936149573,1.493270689027485,1.456949836221741,1.5209938919372432,1.4897906981010178,1.4801139643668932,1.5142836477735193,1.4335091721910123,1.4377971998634533,1.4309393708888174,1.2903309041317281,1.269255525980062,1.0255871206831675,1.006861032073672,0.9092212744630261,0.7036941730053163,0.6572789567273859,0.3476711951445641,0.20189531338537287,0.25750857494799806
10.900000000000002,0.080530336634144,0.1840430825167468,0.41009668520557735,0.5414967972150552,0.6397553984740196,0.8463759407803664,0.9349570407906443,1.0609100595266043,1.1322774815799965,1.20565028074743,1.302143831196359,1.3708023828887541,1.3551344308452689,1.4428273492456107,1.4922618223173885,1.562453088683874,1.45098459542694,1.5119640428124477,1.5090589974894284,1.4052444379558169,1.4264897673963233,1.3978077520976715,1.2142997523458894,1.2496141912395977,1.0402704437540429,1.0537807139506956,0.9635590907807959,0.6795850776328838,0.7131832958739576,0.34801550257494995,0.2311930573275864,0.22348388992447973
10.91,0.08358768742421792,0.2065679858424882,0.40040460898290087,0.5530071123011878,0.7592798046480198,0.8253113170721128,0.9340757440938078,1.1029095790941823,1.1930977697329428,1.2561934461121944,1.3225078029657371,1.3992190720961004,1.4142006045974063,1.4228677797255413,1.4651680569815073,1.4857457974464594,1.4993236717201899,1.519985384250596,1.4795707644038585,1.4546466661935034,1.4613218090220637,1.4104582490235715,1.227546306282978,1.2605732621930175,1.0090333130810436,1.0676735614060406,0.8959249123145776,0.6828869375604285,0.6859264534466549,0.4325571565880055,0.23805733112059652,0.1796579812018371
10.920000000000002,0.13040683641403022,0.2448638207274078,0.4742909538927527,0.5474125990380536,0.7623727113809213,0.8175949216119306,0.9542952061790636,1.0901105513777984,1.1685869466909167,1.228342530670916,1.2987257561997012,1.3601905424086933,1.3962152675999815,1.4313424301529099,1.4675385724108478,1.508238847250943,1.4697775275510323,1.5397326934273121,1.5251502751689534,1.434952791158105,1.4479175935691786,1.4157058484474432,1.2687976676524313,1.252615802210465,1.0490503721101192,1.1000928540199786,0.944650265407045,0.7415924180844898,0.6757945609226633,0.3972989026724231,0.25709033365886774,0.1951269017690966
10.93,0.11647560605692546,0.1795003132425661,0.4372613655187675,0.5743837838093211,0.7867252597687547,0.8475126240496926,0.9652387421334422,1.0959342352130041,1.2206571199686846,1.2709877034262456,1.3063007004567726,1.3469497928561993,1.4256109142291997,1.4502977389815015,1.4515687539751667,1.5054619787879744,1.487962160998158,1.4686547955518388,1.4921802186126152,1.4498700742605517,1.420446127744825,1.4005666009246769,1.225837917188772,1.2920009143150937,1.004141209447148,1.0478572781658928,0.9944864144130974,0.7929451657183014,0.6960690056499468,0.4491549427448052,0.2855769581909589,0.25488024756060007
10.940000000000001,0.10542222777534864,0.19430978993860265,0.4456648678173822,0.5583620336313934,0.7138982604240908,0.8536300461484708,1.0253329370971052,1.1445062289990615,1.1818692629188277,1.2578566644239784,1.3276333058044782,1.3706797843158318,1.4014304452476805,1.389470819798246,1.4415576152327825,1.4720678052754306,1.501855633709326,1.5291690841989998,1.5529725277817596,1.4088197929766055,1.445820707377483,1.3579682092333856,1.1993380193208292,1.262404850340007,0.9958876685721013,1.0275164542090318,0.9107704694085134,0.7308093106646113,0.6241370653093832,0.40313867679581555,0.23507726505543425,0.2433649261953786
10.95,0.16662945630415085,0.19695533436944218,0.3856592599475406,0.509043243149236,0.6996980273389977,0.8640754978340778,0.9622596340373507,1.1215491150156383,1.1867939145064774,1.216011355842566,1.2952069533274597,1.4188438890568604,1.4496578465568877,1.4511112957337156,1.4779666422758018,1.5294987349198577,1.5494129481320302,1.4385936334972786,1.4781583580522721,1.4055799483826057,1.4214836966895958,1.4029197394595712,1.224338931995554,1.2425090843042046,0.9976097735993761,1.043769521817405,0.9507486905697797,0.6939930793585658,0.6801850394024536,0.3953392998106493,0.2610357739567734,0.21665929993856947
10.96,0.153717181800198,0.18204618591492827,0.46048720089713907,0.5840478887807423,0.7254832929769893,0.8152141705684008,0.9353250896463858,1.1179019715908585,1.2090582162317234,1.2822432280345721,1.2925298899647637,1.3635922785094925,1.4418471787243656,1.4135896686054286,1.4785357053688464,1.5040125699191051,1.561023903187792,1.447279785243717,1.4859173947857975,1.46538099520277,1.5007186560791521,1.3791246353981277,1.2061515405161443,1.3171563020777175,1.0289242458630135,1.057482239414913,0.9582429682126128,0.66136795577397,0.647707716746416,0.3953120342545519,0.26396538147460735,0.2653619504711176
10.969999999999999,0.18629674220953593,0.15441233513315128,0.42726248517561816,0.5695733588117375,0.7603135860183061,0.88928010898725,0.9710890357542228,1.0467361231519883,1.154476749305508,1.2668620299076538,1.408464793585753,1.4001556349088544,1.4168918697155228,1.4298185978012536,1.5058403278182793,1.5156908661735458,1.565587279149163,1.4730679808208493,1.5131666246096345,1.4618760474647865,1.3736516740844102,1.3776527628785673,1.2653493552115358,1.349221478662626,0.9922283245203087,1.0804043802505807,0.9757625164521225,0.6873611103093435,0.710668310353264,0.40399045541779344,0.20017761507081788,0.24039805588840027
10.98,0.14585210406295854,0.21733430437144402,0.46809024823056083,0.6690729674257714,0.8262235297298067,0.9181806918193542,0.9383622497870725,1.0506905608489938,1.1560267996898745,1.2378699607211283,1.3482188195830938,1.3799674819717398,1.42208371247452,1.4677557776705554,1.5335141404160915,1.485991530243987,1.5681669036393453,1.5153817898079154,1.40921581180968,1.4125600586338902,1.43792362873355,1.4050538053002248,1.2310965711335728,1.3676190275916815,1.0455293430904549,1.0509153838393883,0.9369161475205836,0.6797107559631096,0.7357069662862065,0.3903463065967037,0.2775735777362171,0.13761613115088944
10.990000000000002,0.18907816232054367,0.1726280026809115,0.4200325323501345,0.5756956388290198,0.7379671463185289,0.8898350493301281,1.0099746183348972,1.066107509608169,1.1656315013647942,1.2789652020028657,1.3633820820409708,1.3541710740121484,1.3541570814888844,1.4578348005734056,1.5049496798478421,1.5103867283206427,1.4961448301234086,1.503997454177733,1.5045836960882895,1.4740315931405015,1.408490069102432,1.3619168843540557,1.1604296462670278,1.2462112034260449,0.9958237280577011,1.034023018181073,0.9473098694392653,0.6317907982239747,0.7000422649459896,0.31691787873108374,0.1711244756777833,0.18441245897877104
11.0,0.18100524374673413,0.18117537342382434,0.4281258840429559,0.6154918497179562,0.7939194155643505,0.8649354977696995,0.9979140303008117,1.1104597475710647,1.1141030443881652,1.2210346894818738,1.2631700799575174,1.324901363630105,1.423826202193641,1.4187283299258884,1.5243444278491602,1.5009913891067364,1.5508226670130247,1.4716467361358936,1.472407975091677,1.4518156210932271,1.4480990325422625,1.4009568569671218,1.1551671767716583,1.3021874485883087,1.0356121253710437,1.087256366649495,1.0076923957962327,0.6632725253369692,0.6608170242796269,0.45042305503806557,0.19321656937772583,0.2138467484121892
11.010000000000002,0.18474112750596267,0.18532354202054294,0.5116859431270612,0.6263315811030414,0.8115640984612881,0.9000428308100299,1.0179295898202312,1.1542633901560382,1.1562150282693358,1.2497263741162548,1.3361371243041817,1.4069069351831103,1.4107498854146416,1.3988993941764982,1.4230603425096808,1.5015337380801126,1.5390112648229306,1.520186539244856,1.5095402636434943,1.4276221368852473,1.4426194354466872,1.404620966952307,1.2061701684769848,1.2778582132120122,1.0725389118210926,1.0200195208919423,0.9816816332260867,0.6649387833070384,0.7363659933111804,0.40365074462428496,0.15641524363467454,0.19116752007753576
11.02,0.15627190514152936,0.21473752635997057,0.4335435033198767,0.6888279863456916,0.8055632393276401,0.9069200630851645,0.9759866136146498,1.0770135938214198,1.1266103802514214,1.2511429228985649,1.3263346606208277,1.343986007108537,1.4036962066409202,1.5088139740640867,1.5534797343007352,1.5528584927221714,1.533302340023264,1.4932114929624332,1.5312360029723506,1.4207098147445902,1.4210508480085895,1.4016969944643538,1.1380790940124292,1.2811016122022878,1.0569603994840222,1.1012380612611,0.9579044242641047,0.6147165822166767,0.7090946567351194,0.3806201212725318,0.16464558643688787,0.15829647933835408
11.030000000000001,0.1474321750005807,0.2267582909230475,0.4500973906974525,0.630065376916721,0.7671143404419396,0.8888009485938942,0.9952418182794975,1.0842852678055248,1.1529617262404133,1.2433337476072854,1.3069942282792926,1.3852198986335797,1.3547258727598113,1.4117820926559845,1.5037459885901927,1.5063555451446098,1.5500643080046848,1.4681203422864415,1.4677262601864343,1.4639332769363442,1.4291473161007857,1.395021466218802,1.1798263034323029,1.3611444499331915,1.009088494424223,1.0971922158094858,1.018209283111768,0.6827985472284732,0.6893414868109055,0.42317900386769725,0.245613755413131,0.17917746949979607
11.04,0.1283530008550909,0.15267490220121513,0.5410573708229316,0.6694321364946926,0.8019624560770745,0.8872657821671077,0.9846399282918071,0.9914915502897312,1.0893006605095918,1.185175576820366,1.3536785749930587,1.3334324185898505,1.3431651176117585,1.4042872725870061,1.5065012928475638,1.5196708370276035,1.5447611945107558,1.5318430079215106,1.482773060638116,1.4491017599714562,1.4337021158288825,1.3736902784292733,1.1830529538151833,1.2498609621294097,1.021686015084004,1.1038931213012606,1.0341086982502812,0.6670691157084913,0.7356918680695193,0.4167338847024212,0.19663026928107458,0.15132771312401996
11.05,0.15165042030992995,0.23122123792297902,0.4776526637451763,0.5798159012719571,0.7398817009138448,0.8712970662634347,0.9985454312119004,1.0000268533751056,1.082923370232839,1.2039042837447507,1.303661944931961,1.3511571350548075,1.361332927494633,1.4143335236817152,1.5147102777667647,1.586038191508907,1.5862996676371839,1.481864406090474,1.4805058848754669,1.4261197681955022,1.4152566567186615,1.41885094203178,1.2151278867821234,1.2141410910894324,1.0479387961109885,1.1161591069136405,1.0188647444783663,0.6962272532578994,0.7304893456851169,0.41109030472393465,0.16928110873456284,0.11517115123263186
11.059999999999999,0.11796121112545367,0.1708181332814947,0.5123838416639068,0.6347504863711265,0.7455722473837132,0.885019362947173,0.9333210021785732,1.0469370337418622,1.1038485865448757,1.2208757230868814,1.3723428800526531,1.3785711402498135,1.4300810923193321,1.4237300069957985,1.510302967224054,1.548638370138193,1.5762078224023952,1.5319892922976175,1.505448195886383,1.472341282237848,1.4215872920385455,1.3928960393380634,1.177477726480524,1.347342262660635,1.0276106700515926,1.1258635535498083,1.0158681120141195,0.6426015612038886,0.6866303319122382,0.34362921093982496,0.1878089252795148,0.1979030660754514
11.07,0.13510454773161537,0.16583255855676132,0.49092110407981604,0.56667269731265,0.7614787878757329,0.8784022833390189,0.9989008530544911,0.9967365241243958,1.0654540309075524,1.1995097290791659,1.3033347093766716,1.356601288208649,1.433897661744228,1.4249760588321192,1.5056316514248926,1.5654035066505958,1.5673958743110532,1.5249728018320812,1.516670594151913,1.455876885091136,1.4264603651894825,1.3695035320365907,1.1579081812141494,1.2687983628796211,1.0903894594316053,1.0992304889543953,0.9559509014578635,0.6882022845600918,0.7095078768184243,0.4245468646561662,0.2124561336925619,0.18284886703979425
11.080000000000002,0.12867396384278218,0.15056263557023097,0.467920930350583,0.5892524056943963,0.6809540906489313,0.81915671126553,0.9877368889576015,0.9861793031622558,1.074676790925696,1.2283597273513676,1.3016430350051835,1.3652567852792359,1.342401113714503,1.437633725697218,1.4923922615629035,1.53173500173746,1.5342959125536992,1.5075675413043177,1.5402823315433627,1.4825577925177251,1.4120804881647884,1.3964926127022412,1.1723517575519216,1.3047105073225647,1.041048116236932,1.0695841016642793,1.0268776756422326,0.6905678728378607,0.705670349137175,0.3764933177491586,0.17893125856652728,0.15026802909821096
11.09,0.09415150424327286,0.12451492724373839,0.3959726466672348,0.5890217875112451,0.6536223328869146,0.886749799094686,0.9821520861192363,0.9762575186177871,1.0604595775848056,1.1901252963606384,1.3070088741354664,1.3464424876492833,1.4056574782950448,1.398262789936549,1.4409039013153404,1.5109721275364962,1.5653599098685074,1.5857044601735368,1.5205577190350898,1.4601814950023657,1.4315740853973205,1.3909781347493462,1.2339220419932446,1.3125086731703737,1.1003975779025719,1.1604035463974949,1.0396029893456922,0.6739004135954411,0.786535922477142,0.3853732414840951,0.1590545270111408,0.05271111615333586
11.100000000000001,0.02474271956714992,0.19882561168758042,0.4551444814090523,0.6319392085211657,0.7169882369135241,0.8262657713675811,0.9296488922772195,0.9940340965562651,1.0905900110956557,1.2046521872573601,1.3137231331415198,1.3863846684148318,1.360517666213109,1.4139544141243505,1.5212198141822755,1.5174414650549157,1.5230923556314848,1.5244471406790694,1.55405515862083,1.4577928116883545,1.4500156834322258,1.3764524039512043,1.2124878027168386,1.318247060720134,1.093171665874965,1.161799912931288,1.0492688965906143,0.6957014183168876,0.7195874696131723,0.3818931362169775,0.20018015262277536,0.11765430696688636
11.11,0.040770872361323617,0.14497082456273147,0.4322512613836584,0.6225869207037813,0.6565531977159134,0.8076162752075706,0.919271324296201,0.9446180938690558,1.0985269985363109,1.2619058305035906,1.2946881839540991,1.3550655141998835,1.4104404043588374,1.4746665126196266,1.5147470823675129,1.5650631222445077,1.5352803332192235,1.5352144966753736,1.5203409096078246,1.4328759871949526,1.3872809303723261,1.3618013216613878,1.1853987344783004,1.2680938599080558,1.0424366757927799,1.1305235586649762,1.0328223896317374,0.7069442241100796,0.7307641394271601,0.3445889605674743,0.21357474005767435,0.09004382802967555
11.120000000000001,0.023011727565764292,0.21290687091269084,0.4041207116335224,0.5378552184967272,0.6735516332812118,0.7992938198352925,0.9072192603721958,0.984968351242127,1.026668732997638,1.1628678562693548,1.3137790271916006,1.3486999069655958,1.4039930283463942,1.4852871771027256,1.5056135719069321,1.5185625259504665,1.5465766617828494,1.4779499994452345,1.4943707599045943,1.449865809434189,1.4400176156940863,1.3622517469687005,1.2060333696230456,1.2790392971937203,1.0805667578229723,1.1206719189739047,1.0437093334896943,0.6939904914027393,0.700340141965944,0.3593309034041773,0.17389438426385612,0.04531308373580507
11.129999999999999,-0.03422032242887958,0.14536793384040642,0.3911846679823131,0.5740872338538876,0.6476425788774194,0.7943536722673534,1.004270384829707,0.9967071403950593,1.0694595060248433,1.2375481084932314,1.2498940806092669,1.354481224626412,1.4211344462487938,1.4839366203920128,1.4615699218122031,1.453522467448859,1.494276067883923,1.4977954001831966,1.4977475706380527,1.4325190942792843,1.4228006946445046,1.3766524809441216,1.2718651997788322,1.2839615393893995,1.0296423101616654,1.147921917551785,1.0249423340844015,0.6661484648762768,0.7104567740152872,0.38041988515104935,0.20786201507297464,0.05576750037701481
11.14,-0.01803900705894397,0.11057950541510866,0.3624350299639825,0.6089069331470323,0.5910229598973239,0.8170983680174785,0.9020273843677415,1.0012325112382792,1.11376694454291,1.194881902129915,1.2853758261655255,1.3427613195753838,1.4259320006929688,1.4812637243031515,1.4910418817486486,1.5121178603570435,1.5589210154354356,1.581213588754384,1.451780219458849,1.4401034544258557,1.4652278928959552,1.3274315741833145,1.245794769303313,1.2993905013018623,1.0345030938549826,1.1150091029355558,1.0206267548291186,0.7197357381962476,0.6854151984151443,0.4302741402313679,0.23598102485640357,0.06279486648098243
11.150000000000002,-0.0941529187246308,0.12193524112307808,0.34926246566175934,0.5414861860641654,0.5922119062182241,0.7971382587016519,0.8736456597978082,1.0004185831450267,1.095720065465097,1.1208852578441357,1.2800094002650806,1.3613727375779896,1.423237401629883,1.4824786501962797,1.5742246902924406,1.5283623755191422,1.519153711913331,1.5322544733078967,1.506800120027671,1.4529799802141425,1.43006577804005,1.4002767369379296,1.2104380539871606,1.2725099208962098,1.0831980037111077,1.1327989331955095,1.0484280721676695,0.7222497731340507,0.6795958661345414,0.40206854565059535,0.17011514512009995,0.010951993410755458
11.16,-0.05587909366961994,0.10289499667472327,0.3856687019309966,0.5305630438323492,0.5980215350111991,0.7504779104109333,0.9193571713477238,0.9812815907590255,1.1019114058031505,1.1879448124350203,1.2729782070154052,1.3383854447624879,1.4298796430478866,1.4937861575951388,1.5318817326047385,1.5139736868692257,1.572118475750998,1.548895107204133,1.5883457752755858,1.4204975840122245,1.4268028605881158,1.3492552341946498,1.2682506389425872,1.254130313827673,1.063141440154622,1.076758337359488,0.968766629975291,0.6722544351529723,0.6335645442207669,0.4056278491781628,0.215254702260237,0.11407455905894404
11.170000000000002,-0.11606695636473502,0.12983989060574627,0.34741823319536763,0.5548688106951132,0.6044915161783582,0.784176222140059,0.8804597363343882,0.941784200075943,1.1560300432965231,1.196417278833791,1.283785348717873,1.3523969557290594,1.458033946751028,1.4892801630487351,1.4451649625682212,1.569458073874339,1.5857557099397552,1.566101606092978,1.5695415036358196,1.477129585534808,1.46117336243038,1.3246680778505224,1.2256620078746263,1.254321767887437,1.0547621429495055,1.1140927307568944,0.9989313575559897,0.6616196284329073,0.7126636102752246,0.3660243592667201,0.26174132649134646,0.06267158808777827
11.18,-0.06071262335378437,0.19468185780262093,0.29455454532998737,0.5398333026849386,0.6175753039071226,0.7070843781251561,0.8320295939579343,0.94415321047505,1.1888457986479228,1.1988291581614834,1.3225965822303638,1.387046408140445,1.4712098822241328,1.5460230968231845,1.4735288513488238,1.5042422514854539,1.5121377704891061,1.5489896009751594,1.5475982906169425,1.4553406991175655,1.3929787096802413,1.275818825580667,1.1985393096206727,1.2639349827242727,1.0854702614958096,1.1280963153538288,0.974227673217336,0.6815832472319452,0.657884584055971,0.44895090910658675,0.22470628861671035,-0.0035322169225013257
11.190000000000001,-0.05708942808627357,0.13131938920825065,0.33073243727684876,0.5566038907026888,0.5237487707768772,0.7709224067001063,0.8765474779203017,0.9558907798789413,1.0954997993573798,1.1278051343655309,1.240704326311292,1.345406527007619,1.4273657960724202,1.532237160339513,1.504778982765312,1.5616619433411985,1.5050503048309334,1.5560069401749055,1.5242856259022302,1.4680935738366554,1.395236562775259,1.3381617616769135,1.285382234529958,1.2655380205158746,1.0381279308336333,1.083220918295405,1.00030048659398,0.7227177312064154,0.653141443038778,0.3953093857882177,0.2278148169251,0.05569121115902891
11.2,-0.06343371173199126,0.1564040401082642,0.33254592437109176,0.4853636660347158,0.5904908234672337,0.7356289753633829,0.881762123909813,0.9864336137698901,1.1241748251993338,1.2247167420692924,1.2921297166504508,1.3513470953946876,1.4147649727537457,1.517288685346867,1.5189296381902102,1.5110709634242128,1.5072521557336545,1.5700752318620759,1.4788343286990853,1.4602984506805072,1.4010771725094489,1.3330796271536023,1.2939834398215382,1.2260895268934777,1.038218895084482,1.1029622543722306,1.0343628675272387,0.7265153787494039,0.5913435013317785,0.41781029625847205,0.22965540952860108,0.06598228857194516
11.21,-0.0772346703357035,0.10967459075205303,0.26701871154098417,0.514241712313668,0.5477309029013883,0.7358499606606071,0.8111578497058096,0.9701651082639786,1.1413390272472645,1.190465651453772,1.3304730885994707,1.3252367891543213,1.46109125018074,1.4765887323305151,1.552606427706825,1.4438268941995511,1.496061071600285,1.4967220694462244,1.4256102429968829,1.4445504791324286,1.3552179368668384,1.2381473440229231,1.264425242156109,1.2335347637345058,1.0506307420759802,1.1178539620007855,1.0165220582729149,0.6832521635577417,0.5862243538281553,0.3631969717184048,0.25156895499035803,0.06549873129757536
11.219999999999999,-0.0602763435235419,0.13003487611163708,0.2679896006234822,0.539726849821706,0.6036063582219647,0.8147174548479225,0.871226171085535,1.0370451333066746,1.1650566139601135,1.2253322325116807,1.2613979802196658,1.3135189371250187,1.4018970427341542,1.462294925312053,1.5206466126399907,1.5508193473299259,1.532017197176385,1.5231793209852091,1.5203562958853791,1.438559618690266,1.3461190013239217,1.2655965061640435,1.2793630113409828,1.2593375707902197,1.0853913612915567,1.0337759720191697,0.9662220375469993,0.7456894194077797,0.5654412990344786,0.4236596053034853,0.2729239049589517,0.08617234873380304
11.23,-0.06527113848290188,0.14711371500704595,0.2303278857216667,0.5249978344293038,0.5496761993136039,0.7128627072866589,0.9121441706014602,1.0645192340845557,1.1333144493511405,1.2201465328600087,1.2841321789888536,1.3550531920416469,1.3946899649541191,1.4458509550387668,1.4917763085750846,1.4470314929333845,1.5348842856196192,1.5185012446198656,1.5710008369740927,1.4061067708334796,1.3850852233552573,1.2752679253556651,1.27236739618934,1.2136607727551816,1.0285174389088558,1.047841415867375,0.969622475911901,0.7888191986790907,0.5973016076622911,0.4974492427434895,0.29888075513195755,0.11171562881381895
11.240000000000002,-0.12783055164996612,0.08355051067629307,0.2312753571580345,0.46328990538168596,0.5319875430654588,0.7129901612510307,0.8773321134264195,1.0148668996006278,1.1738670635576895,1.2362662949355385,1.2887926155867873,1.3826549011310942,1.4251062507896874,1.517982106611271,1.4917639305157846,1.4962349587278567,1.4479862827878407,1.5288871945524154,1.5022123622423176,1.4526043572564642,1.3480145704427993,1.2597209950250188,1.2299354837188161,1.1656889894706677,1.024136977610384,1.0356614669711603,0.9786450243608328,0.7528820362046894,0.5757264639063783,0.44432806811978265,0.2579368322746209,0.12958920646927802
11.25,-0.06112480999272074,0.1284852700671722,0.27488836140204725,0.4698146018337006,0.5623402947483407,0.6630092359606918,0.887378941247083,1.071241351140162,1.124397459508399,1.2085804462076173,1.347059935771483,1.295974529604089,1.4145970828889154,1.4778568189522778,1.5257458529221837,1.5108730857389396,1.4440456812582236,1.496356818182438,1.4950828395682156,1.4404521077109391,1.3714858114927782,1.3203977324312968,1.3616679810620933,1.2278287574624593,1.1226380060629808,1.1066517911857932,0.9540882972570603,0.8048455011219123,0.5744555885538319,0.48627430386382325,0.3086855546267719,0.1474410099217594
11.260000000000002,-0.11878202614276935,0.09109014539332651,0.23405252682446723,0.5164852565265984,0.5319896542560721,0.7405966818053408,0.8506457191036634,1.0089049799207754,1.2189587405620539,1.1879007543103288,1.2972148263401349,1.3226996376855813,1.3933480311217066,1.4978114962740823,1.447260121826837,1.4675425781874034,1.5182221005102787,1.506127084315216,1.4284175876489549,1.444717354365802,1.3875066071444782,1.2720872036262867,1.3398462146809986,1.2772030987869716,1.1514044871319922,1.104125759537311,1.0573979395317374,0.7912273413764764,0.6105009711119856,0.49635416112556385,0.33032027448784373,0.20028319601086783
11.27,-0.10157045716548069,0.09613238512327088,0.2974573216766664,0.5005707579664449,0.5761450092314097,0.7248549270334885,0.9133017204741989,1.0944176903206104,1.191219140348353,1.2378628024811977,1.319263061548521,1.3747922795445757,1.3911400337259625,1.4617481648278945,1.4917317291986172,1.4975499731802455,1.5542823183624634,1.526016994913588,1.5002706635871563,1.5025911487632653,1.3469858289637782,1.2701554632886902,1.3166386623870958,1.2500295453669836,1.1648567386538726,1.0547963131983813,0.9816568676560111,0.800792324044895,0.5237947104528117,0.5197204771395488,0.4271325281590885,0.22776652425675364
11.280000000000001,-0.0486267597382249,0.05065612686066415,0.23780611632473553,0.5195074230150211,0.5457308931295911,0.679995509058351,0.8742848789225486,1.0580066353766104,1.1521180900161507,1.2394332965608035,1.3199759825487392,1.3643002699122875,1.4158034200433527,1.4105691709343238,1.4968333087973924,1.476562552466324,1.5013896993889735,1.5009790855519973,1.5292500952799117,1.4712174667749407,1.3344330102594755,1.3424012342826503,1.3493566231706569,1.2364638119130886,1.19375925877144,1.1455296891473559,0.9999603725101155,0.793738808196503,0.5801512751270023,0.502601732929158,0.38863294476104815,0.16569098306918267
11.29,-0.058698152200448876,0.03707115069617244,0.2511437204522122,0.5105736559396867,0.605514338448141,0.7882338092522655,0.9189191733574356,1.063682343394666,1.1463418213504055,1.229477746472772,1.3361941662758363,1.3322455650817349,1.383318864577478,1.4054862016756637,1.4812644329713653,1.457712862752216,1.477146511368368,1.5151892376743379,1.482333138981585,1.480157213481743,1.4364940168582332,1.2391668085266794,1.3340077428529056,1.232159936196772,1.1665720343078274,1.1053890577403778,1.023502296278815,0.8175909295934896,0.592344517917999,0.621229204441648,0.41451809074762497,0.1694662516198761
11.3,-0.07736585082670741,0.03965693484746824,0.22053417563620034,0.46831754617367816,0.5532289066418381,0.7780002933318753,0.9422015533142758,1.0688445200531214,1.2155686299332273,1.2119086002493633,1.3091744961777565,1.3358312851463225,1.4033400009253385,1.4699102248727198,1.4463748712458993,1.4951178346405758,1.4633005011972111,1.530973814300044,1.5282245596677686,1.514275301090643,1.3922959630780938,1.2741075095485186,1.3644382634907384,1.2571908207208398,1.176984548703781,1.1806252675829458,1.0863389961712833,0.866374394281693,0.6082453038492671,0.6110291009887077,0.43826227009229535,0.26669797749816826
11.309999999999999,-0.09751321147287813,0.05565864244604939,0.22027393010322158,0.4541356247532411,0.5827386163743228,0.7123850770665924,0.823726358625604,1.0888599456733032,1.1959051748645746,1.2572266363226188,1.306357694005182,1.3315781342342325,1.3780324918017215,1.4170096532380605,1.4887957844672992,1.5098196045956027,1.514106375006781,1.4948332981700683,1.517524264822246,1.5343064402115527,1.3745408004245394,1.2411699359353652,1.351861848618208,1.2398125765123809,1.21099158400873,1.1363245477904464,1.0318437813583263,0.9102396563480247,0.5556744633800563,0.5947452072997231,0.4557561194975845,0.20855391415559296
11.32,-0.08073635950649993,0.09896894984724519,0.23649309654820264,0.46398988587301476,0.6308811256147032,0.7514328429396855,0.9023068331980362,1.098957929866434,1.248721747890483,1.2167089574564043,1.2745104360090767,1.3300575498254543,1.4137393668973055,1.5023300882164776,1.4726717233574578,1.4819598770391023,1.4364598525117351,1.4267996625948902,1.5520049255553436,1.5106797452053662,1.4009032218674582,1.289550304070203,1.3535341461794141,1.2861802399535,1.2226768283477847,1.1816155095434762,1.07333366094539,0.8416143646652822,0.5503244895936842,0.6245576610654213,0.4880675177637264,0.31018125602859464
11.330000000000002,-0.046515224727992854,0.06007488716427359,0.23668105920872826,0.43057866565114766,0.6421510666483279,0.7412729038390609,0.8783073613683218,1.116853115592639,1.1524381174632654,1.2353534920253835,1.2722943172537633,1.2958900258701223,1.3864261185477993,1.4538873084767752,1.5280971753279018,1.5249761943754956,1.5145927966096762,1.4844819248983545,1.4925840345341816,1.4828964727611391,1.352460864223923,1.2979173523694685,1.373921393025082,1.3473635423545383,1.2182644912951517,1.1587429289039095,1.0230529580137382,0.8554630870126549,0.5934848255910842,0.6145121348148268,0.5111926072599698,0.28373002835220484
11.34,-0.06398326944052606,0.041840392756944296,0.27330653517802717,0.4551058027941807,0.6202550317013075,0.7200923165854712,0.8792815896519174,1.1038956261445623,1.1795099908196758,1.2715812286994808,1.3302179524540498,1.3733882467427712,1.4310221915368346,1.4719618446691396,1.428349690392775,1.476603478812488,1.5249278010466087,1.4348136537878402,1.5302245258903706,1.457414899946646,1.4482092417088503,1.2782277709261762,1.371834839116919,1.245843137335516,1.2109665225542874,1.2298751967674355,1.08707025229713,0.8924162081942045,0.540571938040619,0.5726601766961137,0.471239259576842,0.24217786135735006
11.350000000000001,0.01295120339470861,0.03364204580280645,0.25878467656467663,0.52862022725197,0.6227994134455098,0.7603629008329661,0.8385457455482256,1.0630357132575021,1.1369765467335484,1.2434392648791726,1.3226086650533344,1.372201021777054,1.415677748870488,1.4423159079609034,1.4924983049913279,1.483529042103167,1.4783424900403435,1.4930530846451446,1.491280264635643,1.5545833576833878,1.3752246166730613,1.3468421669358848,1.327220466669669,1.2772678099627055,1.286694323006517,1.1737014238405485,1.1450310188373118,0.9337286111898004,0.5391581015040677,0.6025224163200562,0.48277457590442796,0.3066280974264224
11.36,-0.06382222686870657,0.01955096864596068,0.3412729492585679,0.42869309032923897,0.6315720899846146,0.7630629306076178,0.9108938356164137,1.0958800140213343,1.1368688638890627,1.235651025575678,1.3191168664001665,1.3029588200338396,1.3996381241820035,1.4400498577301875,1.484932346567953,1.507574007681113,1.4736469854077163,1.4387575445742455,1.5703065364883602,1.504751567827444,1.431793629318923,1.3258760760070456,1.399571042325053,1.3513130301310003,1.2420686938627765,1.2376461326882842,1.1204312880456595,0.902356032061338,0.5091028889634192,0.5899967283865339,0.5051779928202831,0.2697605000212582
11.370000000000001,0.046148748671943546,0.08482506864251917,0.2798501992349121,0.3851924079231306,0.6170726993047725,0.6867469400331132,0.874503924683983,1.0529471238721906,1.163426271221721,1.3090374199039057,1.3556725352187464,1.3811586511556155,1.4063293042347784,1.458501612408541,1.4328041261691105,1.4655894621406695,1.4940135849990595,1.4453461269117864,1.517028249578079,1.4879609820920123,1.390412079756271,1.2676416460124365,1.385114038960292,1.2636263749137264,1.2438514284618587,1.186340941607919,1.0687771025461796,0.892484828764514,0.5845836152102412,0.6146088080489563,0.47456850503228354,0.25697387005482347
11.379999999999999,0.07116030374574897,0.056279090111458804,0.26948560421314266,0.46878263966454464,0.6497118470886967,0.747781952710251,0.9111681333961666,1.0760137370790575,1.1705303594262324,1.2463144753333604,1.3072208147078346,1.3952243903285015,1.4122049242254504,1.447223295288577,1.4610869503124868,1.5100289064714734,1.525551800232825,1.39018508429813,1.5064070481303748,1.5484754987547389,1.3936035169636092,1.332503337169763,1.3740886173248796,1.2707190376466826,1.2149687400159253,1.1633217530734952,1.118818725318486,0.8806492323950316,0.5874403875488945,0.6369002106187831,0.5125449541258963,0.2604899790060789
11.39,-0.001495150505042773,0.06638079119787943,0.31170255325640106,0.4702853178781344,0.7045049666562854,0.743556173633916,0.9351337098616893,1.0775773470198666,1.1306913806294192,1.2703785740283327,1.309808875936484,1.3333760169562014,1.425433980676404,1.4404766806180722,1.4264286260680576,1.511141485533413,1.555776915972597,1.4970701972571518,1.5776624021875876,1.5200981804964984,1.399907779817053,1.334530450551216,1.354806873775178,1.3011879191620892,1.1967475778766201,1.2257955789060997,1.096161005775386,0.9056323101697048,0.617249516224055,0.5470193416034413,0.4244722456128242,0.23255148463310601
11.400000000000002,0.06046655213852833,0.07104598387315031,0.3497922987756251,0.5602504780005428,0.7032562381470356,0.7671598631429353,0.9282460631369635,1.0988320638377047,1.1239747348403375,1.193489826447134,1.3096082287928552,1.3186044520767533,1.351157085681238,1.4662889066740712,1.4523712752707505,1.4454651331266106,1.5006286434625555,1.5018838144571243,1.5219863339660478,1.5321718362287304,1.467649424286797,1.3909324514914898,1.3432236919257068,1.2532063279430634,1.1747574010323794,1.1839708311532249,1.0567224428108597,0.8319079002306836,0.5741628568465954,0.5936648166562905,0.42417171032345613,0.27682626932738374
11.41,0.056757961421447,0.07824663004984617,0.34807564042054917,0.5014767009385372,0.6817655802176017,0.7433107365668433,0.8651990299825714,1.0840064777194511,1.1109716278873978,1.2283602205108701,1.337410487242404,1.3498239876154676,1.4447149991970407,1.4553000944588486,1.4831226946096,1.5303683894497604,1.5093523327189717,1.421771082113108,1.4806030011948177,1.4661405945810648,1.4016577182594938,1.3226134889031957,1.2962159455853532,1.2478704601542598,1.2037388302206382,1.145665658332928,1.1062571604735192,0.8521379504986479,0.6465188436552549,0.5693149378346115,0.4583483220782071,0.2320373684678158
11.420000000000002,0.057271346053084315,0.07842896840785388,0.29733460239764864,0.4384171006831944,0.6930194751714864,0.8425587401804641,0.9208486106740257,1.0011997938669204,1.1363361159881413,1.2471365479198584,1.3344280066762277,1.3183090906124952,1.4690049976080388,1.4721226266059646,1.431266839087113,1.54101973072349,1.528543354922171,1.4627514009439742,1.5356460673536203,1.5485792743767048,1.3885333384798655,1.3369659261940587,1.3102896814860818,1.2552201702761154,1.1769937669852606,1.1803127838132947,1.074966060103424,0.8527522403250923,0.6564788578364625,0.5375368358065189,0.42307555945213765,0.2455498200601412
11.43,0.10757119015784267,0.10957505889813596,0.34118091820165886,0.4799780928397585,0.728665614325648,0.7729852722815514,0.9474212779351147,1.0701504836944775,1.060344350656504,1.2330778829453088,1.3090610181548128,1.3268965419189547,1.4296703223529992,1.4240442387040375,1.4721149135861649,1.5098430775243161,1.4751039756346485,1.441324650987206,1.4418434683105597,1.4802683373547443,1.3531477206341367,1.3156379925936819,1.3201478617888944,1.2286821109536152,1.224282176817936,1.1224118115890334,0.9791980688278514,0.8794655637909653,0.6849539658624264,0.5176413624882946,0.3945826514142417,0.188279393805534
11.440000000000001,0.16306969353781037,0.13296032136617034,0.39550231434359623,0.4330683712466283,0.7308857171111244,0.8058824189208336,0.8965124107015604,1.0275912036392008,1.078846885485482,1.2780307108795372,1.315983205659741,1.3431617754312126,1.4208259402920718,1.4655476374815384,1.4691321027487214,1.5026440047530443,1.4894468847418907,1.4561866010521771,1.5132651345615016,1.4539086281037366,1.3939347464331344,1.3081400074410376,1.3149163777940687,1.234130379789273,1.1853212923312784,1.0871677267399467,1.0529002037462358,0.8022424390157029,0.7090390837876289,0.5741984459128295,0.4349396966929967,0.272149274501074
11.45,0.10578836298086598,0.16412457698616756,0.32251126658251744,0.5162143451194858,0.7593356423940381,0.8050323879183665,0.9353447481006387,1.009036569024075,1.0949167809205649,1.201392088781238,1.2915029527765585,1.309996022155709,1.388231772925002,1.4232305907131708,1.4698048066054603,1.513020520068004,1.5326023824755353,1.456004320297335,1.48635105949273,1.5067853235391984,1.3693217246702152,1.327140815348732,1.3207957729304842,1.2395719933088447,1.1702088144432097,1.1274724542106207,1.006436133127782,0.8821089556012478,0.720132399352412,0.5679003553728599,0.4358948541532995,0.227333759253819
11.46,0.17389429044108598,0.15566714247537994,0.324253775119836,0.47285552775496736,0.7447186095958596,0.7593139220826148,0.9899718248393556,1.0020967031705164,1.1661389244778246,1.1973767727849223,1.2962196509438495,1.3309144708078757,1.3664074675825342,1.4355155629442466,1.4041714571945236,1.4798264479615373,1.5540721056349827,1.4660640004443084,1.4965891198213834,1.4614780467338324,1.3610471471229142,1.2433887441798883,1.3026652148677673,1.2084849225244083,1.1862254491766235,1.129628063434505,0.9435644401856143,0.7968518463946633,0.7294245850094467,0.6218991950595059,0.3617985710426888,0.1771370754178034
11.469999999999999,0.14577406471750143,0.13509795025448967,0.36909318672464975,0.4694701722897941,0.6992500707155088,0.8086508967535065,0.9103486665636096,0.990824873220801,1.1285431613557966,1.216171532579035,1.2735937658329997,1.3576789581676783,1.4598344576613527,1.4803236355652327,1.463670248318349,1.4672720085148123,1.4770430891468818,1.4672287508210056,1.478592218703626,1.450395120610107,1.360029871779821,1.2811335867866218,1.2433825441507045,1.2017774275940445,1.1904872692575839,1.1221365095416236,1.001440037866716,0.8177604292449818,0.7077277940712046,0.5442873662732685,0.4277465992979531,0.2544235167909862
11.48,0.1644174755689067,0.1581317163801065,0.32512435445904725,0.45576004320935926,0.7637747267028745,0.7848245810376915,0.9106859601782018,0.9991870634081537,1.0757902090820375,1.2299040005766684,1.3409191554570914,1.3420828354044108,1.4111430328887948,1.476808714536001,1.4877884818475002,1.509859587960679,1.4803686779493526,1.440832643697299,1.4751370939980475,1.5145111982077752,1.3112487551784118,1.3011653467015785,1.2720377175699424,1.2038406810661981,1.143152073939105,1.0773734324480981,0.9554826285320096,0.874060382946902,0.7724827198965545,0.49637989157401685,0.4085816080065335,0.18559017315297843
11.490000000000002,0.09143082617523085,0.1381886142591874,0.3848354909808264,0.5142697115482574,0.7512327550154765,0.826643161721289,1.011397951576774,1.0113125329718566,1.072443728961001,1.1859187447438904,1.3140654422699876,1.3743910823269658,1.412126922719317,1.3887473772096088,1.4470396613338983,1.489941539489219,1.5440825534643439,1.4565615761942101,1.531207208710303,1.4477054314905213,1.3509021594934667,1.2818327525488946,1.2556965778213323,1.1566290305297007,1.1668488382745492,1.079267335596138,0.9144950468114037,0.8050429342665382,0.7696085591925764,0.568398203147902,0.40272920799211637,0.1911543533572216
11.5,0.13737948694657168,0.14970954685395046,0.41968452786542304,0.48374060367680477,0.7527909902655893,0.7751878533433788,0.8975752496919364,0.9746366528261279,1.0518057187804088,1.2323811472915454,1.3047997120474562,1.3623222911179056,1.3948422897829138,1.4453233261158824,1.486949913109385,1.462836071582583,1.5145633957397027,1.4558700699669542,1.4904843013265443,1.5021306433462236,1.3136860342804952,1.2766574918301588,1.3274878660322216,1.1908331517092574,1.1547772804833785,1.045452085793841,0.9894943711430411,0.9323384340882498,0.7996426147083718,0.5626189690397044,0.3884546379344266,0.14863280777466487
11.510000000000002,0.08135194628281808,0.13642405958556367,0.4196447777436182,0.45333114335807767,0.707999868120135,0.8479590123180997,0.9799841420818781,0.9529737900955457,1.1106180145646793,1.217892312463205,1.3653375577659521,1.4007980309566055,1.3699916607120701,1.4448884129710278,1.450033314585093,1.4822651741770814,1.509800192359988,1.5479805548192689,1.451379099443433,1.42203752988896,1.322095860831468,1.3175789583867763,1.2582374791590611,1.1626920539017915,1.1833813647125748,1.0046333138679373,0.9402683241174138,0.8638428692411142,0.8465076772751577,0.5721784813954007,0.35078520098775445,0.16297827787137678
11.52,0.1307923920860411,0.12395863950836858,0.3784508989556425,0.457439596112646,0.6778145179109697,0.7582488483664661,0.9260474898081908,0.9627738688540931,1.0753339832732018,1.1876646180978776,1.320988920248489,1.3530164161214748,1.3758953499450828,1.4463325136229914,1.4629647802720904,1.4607459497586677,1.4118335911690787,1.4764096802355986,1.492762321498525,1.4728225628432474,1.3103382604704366,1.27794040078553,1.2820109793049246,1.153263751678851,1.1825798860953094,1.0444505600650797,0.9051916354221399,0.8813096169549659,0.80624491064156,0.6426319822199611,0.46255966685069366,0.11654714925819587
11.530000000000001,0.08822643804445479,0.11782029686996294,0.4120848591389309,0.47244994976183086,0.7713736352397306,0.8287712145763657,0.972476012627995,0.9730280544767846,1.1125919325920905,1.1781701038416466,1.289712543591589,1.3300717811171319,1.4106301599117075,1.44173536075932,1.4817903423260728,1.4930038569831208,1.4817935226093375,1.538509839664642,1.4972774612478812,1.4733215564429507,1.3637847580342082,1.2804521371040876,1.3322796286230285,1.13847980927089,1.164677796991226,1.0516724577235057,0.9558262389964349,0.9033323275219327,0.8234429519581061,0.5672033447582978,0.41514627393576037,0.13786253991576247
11.54,0.09738487046666786,0.13044416119696933,0.3963281658487033,0.4603227317980735,0.731529155590206,0.8468704061877433,0.9546546057046189,0.9449624549444071,1.0889581009224591,1.1630026772369129,1.3152886679605962,1.4209226357074936,1.4754649719305126,1.4739600891456266,1.5237841392742197,1.5704482735314047,1.4422366109561813,1.5388620382337175,1.4885999862100858,1.512271037172651,1.4113433507001736,1.281059052814003,1.3030984270600765,1.1328334500262267,1.140472927281916,1.0770730055866822,0.9385300927024075,0.9094210447499933,0.8597365515280286,0.5764953485147968,0.4198932255663512,0.11798275508869195
11.55,0.11944913978585225,0.10465433967247564,0.41617220215623013,0.4527191555701349,0.694318154681127,0.8470572029995314,0.9617783273244216,0.9960159177523388,1.0490220967213244,1.2105179266697623,1.295508869793808,1.4100726316161298,1.4618677919596013,1.4803130504724629,1.488283812293013,1.5199628804057168,1.4694803640094987,1.4933575135828032,1.491280245400045,1.4296314698006538,1.339289400018993,1.2714708226320608,1.3261236854720617,1.2039629916480838,1.2103794136380368,1.0761373941916963,0.9348487175338176,0.8346652559126589,0.8013580049152191,0.5727452446622402,0.42763146299103516,0.08469269693949759
11.559999999999999,0.047193060140174596,0.10834209498968334,0.3553527096882474,0.46440512950793805,0.6947204226806492,0.8131013458852049,0.9675726739583034,0.9475436276478728,1.089699620912212,1.2047087297451131,1.3203876927066673,1.3911670945939925,1.3701177249717553,1.4198275043867234,1.5126036157830967,1.4857779571460608,1.4710530709832093,1.5213641277721004,1.5343421961832016,1.5072236462760777,1.3856850284013575,1.2690854937862133,1.2992748593932435,1.156726057599562,1.2033886875870419,1.084392223867634,0.9498148610515459,0.9027432481774829,0.7872053074349924,0.56879584647887,0.4265333034114258,0.09633408792324713
11.57,0.10287676714072218,0.08121447985138869,0.38541558284174227,0.4665883673233691,0.7460987443431514,0.8422303802074563,0.9670448778209482,0.9981651096583352,1.0985966017680544,1.1563181975360366,1.3375983449667364,1.3751581405195734,1.4366689032457178,1.4047032268300732,1.4398837274271088,1.4660375345001109,1.5469324375410516,1.4895608944008947,1.4738971911419394,1.5279970536366858,1.2912660770122708,1.2406200943163723,1.2880552202624957,1.1689102062373034,1.1688385836239006,1.0703514853686384,0.9430858576394726,0.8894254131494335,0.826202970062065,0.6459634623042833,0.4498554225647707,0.03287783288764028
11.580000000000002,0.13002531275507886,0.08033677358338302,0.40709936412652836,0.4171470806500082,0.6798836734922784,0.8248959126307357,0.9105839408417405,1.004728781673185,1.0664862253022913,1.1727430954384004,1.2692288855442138,1.29518129939896,1.4165483623858153,1.4912815977976417,1.4400552974383476,1.4564880869381072,1.5195711663329532,1.4631761747522318,1.547307418925956,1.4841126948681218,1.2887539723617758,1.2448517862223443,1.3582225192016042,1.1545297008391582,1.1839114405387914,1.0775877686785122,0.9875637989458222,0.8544680067783355,0.7860755070535826,0.6157742090004338,0.4047800300764117,0.0733691300042079
11.59,0.11221607242495878,0.09917361068153505,0.40557047717865086,0.45721133573152706,0.6866122911525876,0.8346384155963252,0.9630394872441499,0.9756991912826241,1.163768217117003,1.1976632885968004,1.3277495951850218,1.3723595519314464,1.4134243944695979,1.4422200141226535,1.4524619722837329,1.4818743290332415,1.4691688154152307,1.4714748180131427,1.49390216951892,1.5532850428679756,1.347004273772677,1.2741447258594134,1.266173894856192,1.2025401302700187,1.183333650079044,1.1074086523962683,0.9910338897251748,0.8880174424698536,0.7232540259290515,0.6235892153514837,0.4474309335617856,-0.005250070786494366
11.600000000000001,0.08023545477675932,0.14626767233035012,0.42390652190271005,0.5100638949685007,0.6748878383142762,0.8715096047834148,0.9449743369156298,0.9904932360008447,1.155460780049453,1.2061278729388347,1.3383762883980626,1.3769061301953196,1.4034604328986438,1.5015017933233645,1.525826655234874,1.5197689062998847,1.5081042990937714,1.4898158905569512,1.5013890079982994,1.4933381812085462,1.2722949300771842,1.214751915530941,1.3074201730290977,1.1742177564223515,1.188126392704157,1.0784292792386776,0.9504634387790598,0.8418566082777309,0.7084456547663037,0.5905941759149795,0.4286198176910773,0.044648289033372576
11.61,0.07705537711439925,0.0662411284012045,0.4048035254782308,0.5065586361713097,0.6913975071805675,0.8018367078835623,0.9539312044547528,0.9918505624879248,1.1581417867706905,1.2324036099970852,1.2870940428742554,1.3138264476429713,1.4245820700847993,1.4369721912877436,1.4918364108549556,1.449557187054459,1.4456380763053425,1.4851037210401212,1.5131111461226259,1.4924736129988128,1.327706193198865,1.2599260123311922,1.2802224325979745,1.2187637688727726,1.2261275670686698,1.1102904521867853,0.9374739881130999,0.8260498400843509,0.6249787098809709,0.6499772603472873,0.41678041908268654,0.05072522552146864
11.620000000000001,0.08263562584071943,0.12640165922168137,0.4452168567906772,0.4982090361046672,0.7021617280121941,0.8356692518156837,0.965307754392567,1.016349538147958,1.112713003138122,1.2490383968145415,1.2096617008241775,1.3493716096711679,1.4373803834384213,1.4739268506856553,1.40516020135204,1.4923613133386462,1.5068459572609534,1.4907905085824977,1.5288323100725987,1.497134397954025,1.3671992949701284,1.3117394204700745,1.2859766806577253,1.138061595812082,1.1512961816104919,1.0389729756321184,0.9725430121915051,0.8303292530879822,0.6286760988858975,0.5384802392719144,0.31425228114684534,0.06544822724885586
11.629999999999999,0.04660601748035416,0.07687231486289858,0.492025865645668,0.46237899142336547,0.7568147076091627,0.8799289892132387,0.9830854758208883,1.0117448644486364,1.1456719089213296,1.1836590030345022,1.2682368977598715,1.355992233076227,1.3577339521970777,1.4463896329895738,1.4856004112888763,1.4543293634608094,1.491049897646223,1.4959622579190948,1.5015773823630416,1.4282972502391715,1.3421360284477801,1.325774996114326,1.3254908860801082,1.1427119908775578,1.185454920029683,0.9957190980342522,0.9276343290003819,0.8013441328506178,0.5859707560851447,0.629326997164434,0.3768181323266803,0.041649178051210385
11.64,0.07106663005011776,0.12446808733069539,0.4773809959504624,0.48767410721224813,0.7017743251151819,0.8778665914323113,1.0216878064249653,1.0378524619811396,1.1619882333366454,1.1954306010795324,1.2608302317187807,1.363036357457235,1.3868017084138584,1.4417721825286371,1.4844247802915758,1.4944072621368771,1.4698030460158047,1.458555575158278,1.4941680165190374,1.5029531167172112,1.2943490526979307,1.313951333876874,1.269847170710472,1.1565701873522318,1.1560228718963823,1.0628704072322694,0.9457738322913091,0.8192474199022411,0.5302871993782927,0.5415641264699043,0.34876117801330747,0.032235728027438154
11.650000000000002,0.08239124532359315,0.09670511430611466,0.4534558495576139,0.5238551519376128,0.6701748377688874,0.8716065441851107,0.9570307829419841,0.9949130292427085,1.1348847298828213,1.2310291785780367,1.3156500666113127,1.3595894528932675,1.3652620808909381,1.4078697697249387,1.4579005860404783,1.4573615092301127,1.451026863435184,1.4936010428568884,1.472042432286308,1.444838333260622,1.3736842564998968,1.3053550411118573,1.238504687903746,1.151679168644835,1.1742755267128582,1.0871287217128947,0.8991872066058368,0.7861555894325856,0.5581091357887054,0.5689367971095509,0.2838634461425812,0.08123386693436067
11.66,0.07801374100122031,0.10667346311174958,0.43058204202705647,0.5205034930890997,0.6843276114623339,0.8275027071823183,0.9453389516313402,1.0748208745330234,1.1075120684623134,1.2015304704041512,1.3264390379933573,1.368816944822506,1.4150219516429163,1.489919537440403,1.4478286436390961,1.49588770728441,1.5064199774574216,1.5030365667209629,1.5301188895150593,1.4676058423998224,1.2935802929378712,1.2230835660589456,1.205396025830323,1.1505761929735794,1.156477023415142,1.0536539285854791,0.926188460070211,0.7815156717297264,0.5276808721766294,0.5508467470517125,0.3124872574415549,0.07473102535455364
11.670000000000002,0.0691758157554454,0.10213404730648307,0.49408178217934806,0.5758526164002704,0.7129843718880965,0.9066241921213745,0.9788795544967607,1.003913044642482,1.2179531276816096,1.2209956071094854,1.2960981393840423,1.4230198988685636,1.4071153649084762,1.3915421965286674,1.5887977770477177,1.493769702372338,1.4488035010482443,1.5679438812123245,1.4982543142700802,1.5000626680209748,1.3670403486119294,1.2582586451724684,1.211464502259343,1.1612457641635618,1.1592795763260708,1.0586474039894542,0.8741662452020091,0.6490068709360564,0.45798202616192735,0.5052233467571682,0.3039367311420325,0.08399306415709193
11.68,0.08643700688638592,0.16818007564301565,0.4779703306749906,0.5986392727527532,0.63524363906927,0.8766552029471244,1.0135430006957435,1.0955599096395752,1.1730825910871023,1.177033429116219,1.2614660223297032,1.3746395859006906,1.3932686142790862,1.4707410223795858,1.5440961905332262,1.4951474629063084,1.5166233778776175,1.4661600978787548,1.493262137914991,1.4984199742930389,1.3340318596932272,1.271734094699786,1.1922423096294028,1.1295199432065819,1.044119702367052,0.9570637730237013,0.9014801665161939,0.7027816783710348,0.4481787159057589,0.4874304095697769,0.26703131231701044,0.15079239077385548
11.690000000000001,0.04764158795557028,0.13186287525608165,0.4833248195419652,0.5640623169162154,0.709920699251853,0.8656948844673042,0.9697044649301811,1.008004770944985,1.1729713158168766,1.2322411420258457,1.2720118999001573,1.4058736428372374,1.3734083437159277,1.4910894936388082,1.5163616894470646,1.41687834691777,1.445525126501801,1.4983999106994534,1.4922069909412445,1.3764237541426072,1.345921348066523,1.2467731628780503,1.1496598542424732,1.1101437122791626,1.124614952018573,1.0241738676683607,0.9079408150363037,0.7072306515453493,0.5174174676785073,0.4827371831805596,0.24015395168540693,0.13958416250132608
11.7,0.03044468861470174,0.18538180970803364,0.48036025831159807,0.5903734756724499,0.7045533005997193,0.9052345841249948,0.9722859497438789,1.0273167909135859,1.1446319246758039,1.1997309607339766,1.2684968253313749,1.3264912927066632,1.3844815894327458,1.400336268602476,1.511346640138166,1.491410151517447,1.509377341721571,1.5171196923081784,1.498321756975874,1.4835515480719637,1.3071048954838416,1.284588060760771,1.2231962552103428,1.197579040877271,1.103642171830564,0.9688136781664933,0.8739780783088591,0.7343768041569952,0.49813929440773547,0.4538361117761304,0.27502710895366217,0.20729705382645577
11.71,0.069086564273939,0.1934027220180059,0.5716385132069952,0.5542690929515367,0.6457204767719184,0.816967428359139,0.9726927411550366,1.0002271604522528,1.1394860656774808,1.1738871499544625,1.2711842674885112,1.3839444729195565,1.3826719828051504,1.4254843610943353,1.4603754265382312,1.453192623145198,1.4604001739311911,1.463537533484167,1.4616863826897855,1.433171612854462,1.3234567673390223,1.318839437330763,1.162844710270991,1.1318494515682476,1.1137393339113308,1.0275075661183974,0.9450969501297954,0.6784428002193101,0.48328088828691435,0.4618567317131805,0.23635578659779713,0.2014076030077689
11.719999999999999,0.0033158616374029948,0.1535074044677294,0.49140391617758605,0.6075169878760536,0.6458599786388531,0.8572799024745678,0.966393066097995,1.0546183723739273,1.1651289342920872,1.2377823759833166,1.3064640908883187,1.3740671953839987,1.3960091170795643,1.4722634962003245,1.4584453428494069,1.4503945474889288,1.4956263043381322,1.4714833975230057,1.4793558440522705,1.4122652364528347,1.3544996779996545,1.383382414410062,1.2060386476351908,1.12856893613204,1.1057288679785924,0.9954340249848015,0.8854704581692922,0.6114001926628149,0.40250928638348776,0.4529353130437183,0.28001971830642447,0.2617828519103333
11.73,-0.005774399478459459,0.1777013473926532,0.417503773255677,0.6668181318169925,0.6914171208430531,0.8373743634976782,0.965554415727332,1.079283550768121,1.1507256655082512,1.2515711420381062,1.2871262116775153,1.3759233587936643,1.4932152825517286,1.4577077670329834,1.456346425582989,1.4619229733880803,1.4709650697274916,1.462333198196887,1.457906565650302,1.4147843507997528,1.3374215081232648,1.2927138637996185,1.216994529909492,1.1396069161723348,1.0628722084040523,1.0263380336506733,0.8594755841723515,0.6004753579017109,0.4321044830694409,0.34732480886242495,0.24763536825271812,0.24129425055522066
11.740000000000002,0.0036468086059422804,0.20982044852631923,0.492687125469272,0.6029787975492944,0.5886777068554924,0.8486826073571934,0.9167979397100607,1.1313129744259134,1.2374158967437325,1.2651746206592487,1.3014266218252781,1.4379452315052148,1.4413900369329729,1.4586641084765828,1.5280010491396987,1.471928258811476,1.5000291099795056,1.517781100602196,1.4859244366419377,1.5147400814419938,1.3275383811529196,1.3263744709939511,1.2504620587897535,1.1219636077954391,1.0481429941183162,1.0122543307364957,0.8813101165884528,0.6181476681747897,0.47068330881147313,0.37715229404188877,0.21226013543705918,0.2639842676008703
11.75,0.00032463750866431815,0.2645528391469182,0.4071078483644734,0.6137164935602171,0.6289781690095197,0.8226725365464163,0.9434067770055329,1.0435515789728262,1.1151406540862978,1.2071997202196803,1.2548122030783975,1.3605610107645751,1.3807942870777692,1.4783629085366023,1.470950291032883,1.5314713691550064,1.4645921869616216,1.5401856464953834,1.4852746777096313,1.4747050130417882,1.375088754112954,1.3189524606066052,1.2058727228968118,1.120555324668356,1.048708539797584,0.989111865161346,0.8799219132826196,0.653482488306059,0.4764675013926996,0.4300053248546948,0.19896164888035317,0.24646482091196245
11.760000000000002,-0.00028425939628330503,0.24063862695657745,0.3788526279244501,0.6132489618209588,0.6127498220662132,0.8087191085015593,0.9631951970002207,1.0883602268408763,1.1111551477556085,1.2127243439011708,1.2741012350884768,1.3845496358664664,1.4363734042094791,1.4162676739144962,1.4917113834227866,1.5064094542259312,1.423152005734389,1.4738480908361211,1.490471755534514,1.4195386264142236,1.3106273854631136,1.2503737321567976,1.2105870748874332,1.1537950144901072,0.9903149722389863,0.9639989506887586,0.8992712853934488,0.6463983461220006,0.466241640271188,0.2893829422151057,0.19325444578751666,0.3387638375203943
11.77,0.038040333137940224,0.2732414930229082,0.4050512872988386,0.5878560010162337,0.5423069398686999,0.7558591272932892,0.9106081864323313,1.0295625268257396,1.126564951566643,1.218195209599391,1.3127808930047138,1.400483365748095,1.3851280859654331,1.4283931653770818,1.5009900501098261,1.4555322360517058,1.5095691421213102,1.5476246945708985,1.4682486810236794,1.4314956950998092,1.363984513425141,1.3798875070994734,1.234566996069648,1.1748305721001557,1.0509980613080223,0.9756915154694338,0.8458997996290956,0.6010373395218732,0.4924812168516885,0.3134317614982923,0.19664860397070394,0.36187157182469104
11.780000000000001,-0.08181381446623458,0.20244801133271836,0.35987298246365285,0.5998692191411328,0.5774718449745887,0.7985993408109501,0.8858304397967962,1.0033868277126847,1.134302412694564,1.2113439196493854,1.2912581466596886,1.3240328036794975,1.4550916731289596,1.4655223900614756,1.509826014928811,1.4696078098758016,1.4599908053119113,1.51332462657009,1.5018683004245958,1.4848348121916948,1.3785528584418094,1.3373989224251008,1.1645680159974432,1.1435537132865068,1.0500268558194186,1.0056016833978372,0.8457134177966603,0.6131103650238017,0.5605183225954551,0.3661315109499132,0.201370524922122,0.3215048117205429
11.79,-0.043865736848841416,0.22959385679074146,0.3696561874840796,0.6206844381780303,0.6190401271681063,0.7689189529165161,0.8844944524461261,1.0721425568247895,1.1270064900354648,1.2375173123185095,1.278398245135896,1.3902890158603043,1.4438070907187668,1.4135413308628628,1.5004073005911216,1.496640596596225,1.437105451065964,1.504705838907419,1.4647414527469558,1.4141461023552573,1.3678238825212392,1.3734960323111953,1.2016133756372673,1.076979421004676,1.015904971629296,0.9777448932232081,0.8616889652783141,0.6251797157834167,0.5816676254802626,0.3771853212069048,0.1816954518416286,0.3583848170597244
11.8,-0.12669621303499387,0.18288243289707515,0.3317413431724572,0.5803626335106874,0.5771775572660794,0.741298030022511,0.858916414129867,1.0670478523055242,1.1796269365903673,1.3075793775970515,1.3156857691303419,1.339778022255645,1.418677293059087,1.4821918455882448,1.5339931176991097,1.5426542710363058,1.52759866912048,1.4752161861187767,1.467553602242748,1.4172438722845737,1.3083818998885917,1.367257536802652,1.197185418510534,1.1392045704392326,1.0384754656223794,0.9746917118076317,0.8901473093721001,0.6208695118817958,0.546145222040456,0.34452192264711773,0.11147854569866543,0.30360948693573886
11.809999999999999,-0.10989675137528716,0.20615954506112488,0.32721439869753177,0.5920945998119502,0.5945827095539061,0.7112941875321259,0.8348970993739169,1.0123275867663641,1.1769356173184273,1.2672106978334692,1.3271997356548844,1.4145819930574122,1.4223390555077882,1.4608738891364996,1.5179552456561998,1.4626879623957565,1.5201997345418892,1.5375028714196732,1.4412927940788167,1.4350494982677249,1.333348297688075,1.3149786228498677,1.2415789322022244,1.1520667299404195,0.9563504440677427,0.9204893918040188,0.8614188272522467,0.6019791034252933,0.6095741513830828,0.34510348825848075,0.22723259285784242,0.29344054068943853
11.82,-0.08473886616189763,0.28874548848425197,0.3378993324842929,0.6260389290661569,0.59056602965242,0.7506853262641252,0.9052359132266242,1.0165435603491644,1.1411449629644403,1.2035303105362976,1.2912130159128254,1.354679425183152,1.4188225165420414,1.435574529056437,1.472742448693351,1.4489365377007122,1.4686746530594237,1.5877010927311117,1.4407112096633825,1.4042634851279518,1.4162532621452117,1.3346205805332696,1.2239644686299782,1.0683190079623999,0.9491404288845227,0.9594639978218104,0.8078184853858736,0.6698601299534752,0.6749202207111924,0.3535084253323757,0.22293280685310585,0.3642059784823164
11.830000000000002,-0.08921478204729519,0.2256405938863928,0.27825032416496653,0.6164544882945837,0.6234008554271292,0.6915237732610855,0.8351336814045525,1.050221275336088,1.0508124229075966,1.2123299857254628,1.2481526044931592,1.3766000206674143,1.4812421442855477,1.4181642105444294,1.4525711205975975,1.4767618337431547,1.4631893256417126,1.5116012715470561,1.4834370144135722,1.3936802208008836,1.3311430986994839,1.2743242685347709,1.2401764173788061,1.0954346084897322,1.0119297135647514,0.9166294303132128,0.8061941350631399,0.666801461390658,0.6441863558957653,0.2836470900772339,0.20529650510884184,0.33580699067722336
11.84,-0.05719073157986227,0.22335373119437543,0.23660528758062543,0.6150253263888553,0.5742522044754029,0.7568094966689587,0.792437187558922,1.0507459376791302,1.1722939976712035,1.274213165276565,1.3485431552048748,1.3782211076528084,1.4675447141217945,1.4977693985622287,1.5124652918416743,1.4559405890539516,1.5000708843806123,1.548782989119287,1.4400105621440267,1.3998363334776112,1.3255586501815189,1.3560755507206306,1.2911420976162142,1.1487197382596395,0.955366149035535,0.8858719749230015,0.7866164362154101,0.6572157057059452,0.6638343689153315,0.35965608116504044,0.19952127977370612,0.29567280397958856
11.850000000000001,-0.07333146922696689,0.23251949210237347,0.27458246321763524,0.5958954743967689,0.6002950633131862,0.6737508283041626,0.8646351696384503,1.0326999638712833,1.0760152237987326,1.244769205296345,1.3049802122033707,1.367986428472987,1.386279283470541,1.479724211834925,1.5667305475496884,1.4869930028404335,1.5243823413590039,1.5431101258546867,1.4263517855140584,1.4115230703602595,1.38926957911861,1.3664537244539867,1.2554904628881514,1.0720980451377657,0.9660426941804205,0.8503685347062204,0.8013221600085771,0.6761868627201139,0.7159355734369787,0.3083540227434498,0.1817896244437153,0.2722715003599319
11.86,-0.024043618315134355,0.21521535026692862,0.2537760163744843,0.5349273415337819,0.5934877581344965,0.7087330860309092,0.8256786271143348,1.0071807974728706,1.126905560467521,1.223957686245418,1.3061630208730581,1.4127495743341458,1.4508548054241837,1.4075586397365756,1.4827053549955274,1.4780180910913971,1.4620641631619204,1.5131018877955595,1.4355303916262765,1.3889211462289572,1.3732120565794583,1.3380714358336994,1.184805034194839,1.1053199621034806,1.0043717735211992,0.9292233484327411,0.7199768116581519,0.6202405591238698,0.7076319087642722,0.3241410291613098,0.26373222145421676,0.246995423228987
11.870000000000001,-0.045165387010805524,0.2668834090704736,0.27839595748218016,0.5742457752629966,0.6821032264958296,0.7278711959087389,0.8488832854785667,1.0422598097961049,1.1306875958495135,1.1947132686647595,1.2918244737484286,1.3987388520834423,1.4312704091277146,1.4799946983934495,1.4515293562631364,1.4388448969439394,1.485775137938747,1.5098638089618026,1.4420248351925016,1.3966922364056689,1.3495767676357857,1.3188044481210905,1.2196137044370465,1.1051966638314792,1.0142706466965634,0.8920416700936521,0.7340551563391443,0.6858501674181345,0.7255801589864735,0.3159715695939178,0.16117175099450815,0.258883372198958
11.879999999999999,0.006327215186532188,0.2719406193214689,0.20737179180007143,0.6205654190388908,0.6320964049916085,0.675491201011748,0.8444249569385202,1.0734629196120054,1.0788880931930633,1.2460340002279877,1.319202138838122,1.322326215811997,1.425996213092787,1.4661987539875276,1.4978577339813113,1.4677440225939007,1.4446172032300608,1.4620261920534092,1.4252226198165774,1.3870883513701386,1.3207023527448014,1.290799597929033,1.2469114080422714,1.0958324097009053,0.9718215797946019,0.8624467706762473,0.7382672484378602,0.6381717372413369,0.7677362041460943,0.3928366766576722,0.27908036658018465,0.2050921291671431
11.89,0.0028001399089093854,0.23559871793372622,0.26156661246984314,0.5584370935177853,0.6428810725368633,0.7464292542044949,0.8665609016733662,1.0012567433626844,1.112555291674298,1.223159613639833,1.3266284699389583,1.4030958937410076,1.391594311762567,1.5064546507884475,1.4852679785271652,1.463586515594832,1.4626870459407366,1.4841469082486876,1.4007061371717098,1.3933790901338883,1.3464355052104664,1.312956047519362,1.27689783302431,1.0995177836318732,0.9921863807132943,0.7963784036778707,0.6783415230422335,0.6855792942216073,0.7097551241457909,0.27462719113988426,0.2919744052111243,0.2448202378772974
11.900000000000002,0.011277975684745381,0.23472045452965462,0.24817604737977197,0.5879099410728872,0.6534032280581551,0.7003006830541171,0.8508925416561547,1.0002648284949813,1.1428015214713767,1.2033777033677686,1.2756239075841864,1.3939520475436584,1.4850399877638787,1.4568646889173047,1.4757922351181847,1.4810268031406972,1.4776765396290796,1.487397575514575,1.4233181504951327,1.320165198455936,1.3361011159803124,1.315937263987383,1.298963389749788,1.0775479420188718,0.9552205610508016,0.789644094641012,0.7049137114848532,0.7324553560654135,0.7823596344089491,0.4460588587468569,0.3044485377179953,0.1716066763188607
11.91,0.03644106248692392,0.18263965462993292,0.21850808391128923,0.5436554325922066,0.6359780737991984,0.7074668357219019,0.8840936599804826,1.0195168921632214,1.1469607079289066,1.223227687479935,1.288252629078627,1.3665875462924322,1.4032159240649644,1.4365103338135368,1.4642326462529043,1.4665595356655767,1.4782318371198055,1.4711174018776283,1.4105279305074394,1.3415085406356406,1.3218840558756446,1.305377653060767,1.3158775332038946,1.0230462126658444,0.9931674901850757,0.8753008597735383,0.7401380782733663,0.7641538990411981,0.7387106157255608,0.37113312735087783,0.34215475157541436,0.18249169625219816
11.920000000000002,0.08817333012026901,0.2677519438258025,0.3239865291804821,0.5948735695575786,0.7239486130223765,0.7568269898139061,0.8809636742575313,1.0570646665745105,1.107475461335502,1.2806188926180635,1.3543035500030745,1.4171398380982922,1.4670830974695421,1.471311217738234,1.5096277420247557,1.4640653507579189,1.4512079882901714,1.5272239211632448,1.4322627139062052,1.3309231058064463,1.3374298297147404,1.2642719079662217,1.3308149946210481,1.0356222263990973,1.046872382342996,0.807154025609786,0.6986470170300589,0.7500786376267389,0.7491060919420255,0.35904573682589885,0.3606954649004301,0.15843087494972813
11.93,0.062210850512904696,0.23579783778640484,0.26742956945564356,0.5218576702723999,0.7673754604096636,0.8004005263577684,0.9429628446566687,1.0342132547368652,1.079831850005727,1.2223971110970726,1.2951112131132028,1.3715259912746378,1.4215023143614327,1.4435323481195146,1.4559466029524244,1.4176426169258542,1.4190480656630262,1.5003397009220414,1.4357512940006667,1.3208706640796757,1.2976249616940438,1.267522188380609,1.376042340368034,1.0965124759246845,1.0459837134525094,0.8155908083883456,0.7843783549360405,0.811933983851968,0.7640654242166522,0.4193977435194731,0.2878840578662812,0.14223148054780405
11.940000000000001,0.06849753659883384,0.304709974183627,0.2866927758084572,0.45618797722004695,0.7157930087835377,0.7728052620247214,0.9188431116057932,1.0568798094956813,1.1251782677256865,1.2520935123358328,1.3117529545205697,1.3715416030650494,1.417239991787886,1.429849176271467,1.4672604353802068,1.4665764512899424,1.441574864149584,1.4801494677934346,1.4210158610816903,1.4184345078826444,1.3263004715755955,1.3443128507647277,1.4064065595721025,1.1411264978148212,1.0920643682569129,0.8762175650993085,0.7176435621778603,0.8075581826297302,0.7417530544933487,0.4187275759360468,0.4170463028397067,0.12689147041004167
11.95,0.1470825112085609,0.21963321571144945,0.3140958485274491,0.45959132261878965,0.7346281380330242,0.7603596315110598,0.8789228456043123,0.9789745128266023,1.1250877183673604,1.2237458865679263,1.3200964517830156,1.3578655351580107,1.448529590247939,1.4526476948134313,1.465302145991632,1.4700056506965422,1.463536928520981,1.500236740757053,1.3410572405127117,1.4372175061352606,1.3524558881616306,1.3025791555115385,1.3458524522745554,1.05531366107866,1.0325663667060345,0.8870228260032466,0.7412279658082599,0.8833111522643392,0.7658551699985193,0.45062656271656043,0.478538949323199,0.06863464338223266
11.96,0.13458755607248085,0.2623671292942556,0.33230862581262743,0.5087989040210789,0.7483023981574526,0.8131420855465389,0.9658454182132569,1.0241056237433692,1.1572840947976455,1.228240194868365,1.3056357748611707,1.353986355465622,1.3960921257964956,1.4440357824198105,1.496847382618853,1.4698645326829678,1.4969380868527906,1.5311282541684763,1.4160219889679095,1.4039130136182838,1.318384032203742,1.3256816262838247,1.3312040968417693,1.122725937526301,1.0579624486811916,0.8880109056347328,0.6883961152134049,0.8624564920166274,0.769641149395273,0.4718922285280534,0.41996770555031,0.0832676491036603
11.969999999999999,0.14543742516317215,0.26375019450518966,0.35880941555162166,0.41544139956574444,0.6996073398567467,0.8540913808337511,0.9834441209632987,1.0421921744661404,1.081783000884158,1.2132657179697213,1.2659761107824186,1.3695470875621025,1.4113615160578898,1.4023215215488078,1.4771873536242162,1.4521341780190664,1.4854960194431512,1.5532168121291612,1.4992832310004465,1.3572583952794408,1.3913510893806653,1.3986529483168533,1.415280320167134,1.09532739175438,1.0847841078034375,0.8818633429518689,0.7545749079856815,0.8793945910207824,0.7193428934348242,0.4918833527826668,0.46705041711919726,0.0755679258511266
11.98,0.19243787360578773,0.25369791118066,0.37918737770352123,0.4584101960729412,0.7732325264613206,0.8142048480656046,0.962291971568166,1.0099577724171802,1.1188221089299106,1.219603731998012,1.312002390869162,1.372015374484808,1.392450046614069,1.4315507687414086,1.4644741591945365,1.448230469052528,1.4737664379089,1.5045298367332458,1.4385693442024223,1.4103015853307241,1.3485925555311813,1.3001881652658258,1.3515390762890174,1.1080295135745042,1.1066166505028951,0.9349228999995274,0.7434245665244245,0.8277051722228567,0.6937441539235489,0.5356294234525929,0.5462086502177076,0.09122627141624043
11.990000000000002,0.09929575930378559,0.2821102845030183,0.41036916751600827,0.5422635954059093,0.7604617784959675,0.7919263070117237,0.9729686089451924,0.9842838872084431,1.1375047996095957,1.176539250024191,1.2324155734403468,1.3333692440310574,1.4319336606342106,1.4271636293620604,1.4451771262021038,1.5372930488577743,1.4736884823743042,1.4900288162999125,1.4914405175175536,1.395840292865528,1.2988596648728568,1.3141451559131783,1.408391298845594,1.144685388693824,1.1458321888741334,0.9226636655110414,0.8194942080511304,0.917934999388128,0.7205848042501816,0.5123445856653583,0.47101760135330545,0.05585313182859008
12.0,0.12998958192024596,0.2822375667580456,0.3569970039644663,0.44736002268115105,0.7310069570942557,0.861492168131224,0.9743141715593855,0.9771767858029565,1.128833002339349,1.2257573567951752,1.327312130368623,1.3653241901717266,1.3638917881961659,1.4540839084941461,1.4955342528869457,1.4571025322092164,1.439543432482604,1.4860666564489102,1.4438483441636376,1.443481050388476,1.3529438683617636,1.3260036968926778,1.3856044666211358,1.1223044654119227,1.1305080772026983,0.9383678234929984,0.8535628118385858,0.9196091669509193,0.6596412536419967,0.5938487544199342,0.45664758345645107,0.017340092901051183
12.010000000000002,0.08517801645880584,0.18782835967131473,0.3450019684996981,0.40581255000735866,0.7082213632053315,0.835724479753453,0.9920910946457611,1.0015739115767524,1.1160443202777552,1.1722426780874033,1.2708339518466523,1.3568328495190498,1.399377075042632,1.428825724566052,1.5007620018049057,1.4813971039350842,1.4945668445549423,1.4707216810347987,1.4653152455351246,1.3650403991283206,1.3736793912344343,1.34611179654204,1.4039442017032515,1.149892480071399,1.1206568017608356,0.9093659379065064,0.8609127705386435,0.9550442681633154,0.7124888921372907,0.6135182268550776,0.4751152319711963,0.08198358344236024
12.02,0.21126793829828722,0.28948793997079475,0.44019079604725064,0.40913424662644216,0.7523487740861694,0.8051849204136707,0.9846254975980606,1.008802249244511,1.1496899117140216,1.1776406707999811,1.2640260213557708,1.3268935071895123,1.417214061629049,1.4409483518163826,1.479379075394253,1.4538331431424996,1.4422825160572665,1.4799513366566561,1.4414889665694803,1.423691413303653,1.3939401848940964,1.343270028969652,1.3368801568564272,1.1238101207375026,1.1390466167107494,0.9421349844837562,0.819219298326941,0.9044440643124455,0.654476309151989,0.5811632946130381,0.4861221611543038,0.08610260391649177
12.030000000000001,0.1858754150205118,0.28592795416532285,0.41964089072884464,0.45938012914875265,0.7394495253442733,0.8399574302931164,0.953394639790547,1.0049989808664943,1.0856745754860975,1.2431167631475402,1.3220176150287344,1.3468828517816018,1.4265269130571379,1.4030087477273514,1.5109997743360821,1.5447620441385805,1.4619719269549496,1.5216795405362245,1.413584918731643,1.3652587898170823,1.4249972134315771,1.3971460351837923,1.3980150120840371,1.1165244117449278,1.2292447797269448,0.9691912782687688,0.8904763430676489,0.9695669004932327,0.6100081579343638,0.6112718879172302,0.48273907120992865,0.08332842604499231
12.04,0.1412574610193893,0.2286811214832383,0.46923918643446505,0.4622501797854571,0.7988061602912148,0.8977549304695113,0.9579624373135663,1.0423797442629523,1.112202266204652,1.1425448290407254,1.2563314660517781,1.3456394203583881,1.4237116668940153,1.4307687247403242,1.4387642441046014,1.4329984156989581,1.5050456472373548,1.4822560357053849,1.469529616504703,1.4037564026083003,1.3566680762808117,1.3198836301781474,1.4286449526566138,1.1518628261396557,1.1747372110832879,0.9406652846593715,0.8505751062600985,0.9174724280473412,0.5252917795335926,0.6346815907594632,0.4657002241922137,0.04322123931426873
12.05,0.19237036400671054,0.31394569569550906,0.4337713756389361,0.4999597818741909,0.7530856419176547,0.8907929542714511,1.014405557556695,1.0496351753032145,1.1707509889285639,1.1683727748822983,1.2513764989931357,1.3759597419868494,1.3993670523970836,1.4549875553898042,1.4691135459589295,1.5155657998790248,1.5371822809455267,1.4869480860226003,1.433305091072536,1.392394403515343,1.406775749001942,1.3669901515903438,1.3558151820265474,1.1989194462336183,1.2023138477047743,0.9661733220066546,0.8620613767844681,0.9172286834400766,0.49333737925113824,0.5707665420468889,0.4590514576460703,0.012848548510970026
12.059999999999999,0.1116106608929127,0.27400838911468073,0.4990746157123077,0.46008982577222285,0.6936243285580779,0.8910427931037248,0.9764776167205771,1.013276033357497,1.1870585073311453,1.1475529927953725,1.2404338880338006,1.330338962280557,1.400863490099156,1.4972027323708057,1.4934564969444268,1.5254354627611735,1.4817716044425138,1.4711835475755008,1.4609883212773254,1.3660305405439055,1.4099667613774203,1.4174707301067795,1.359728009787807,1.2126369709648435,1.1854552903402642,1.0067727569662082,0.83878483954464,0.923368538579648,0.5612018271446033,0.5892407293327618,0.484237553117187,0.0060391132533473444
12.07,0.042443538904730134,0.24031569333719993,0.4998499574023514,0.44712567039758166,0.725548933067883,0.864143383785014,1.0582426260260582,1.0792731710840342,1.2123254371479557,1.2387481430132692,1.2682452065713754,1.3561544136556,1.3955594057356424,1.4688726607762885,1.467804481762238,1.4581899522458908,1.5024051277301602,1.5200878800624393,1.435722245108348,1.4457322347139234,1.4224174625291,1.4283769913189284,1.2770102660049267,1.1673616698449294,1.2550335836235673,0.9767681540352543,0.826408827338816,0.8719081432167832,0.5039087441024495,0.5497741986325925,0.4614863368341454,0.06518469063151608
12.080000000000002,0.13361891805928758,0.32257519402867246,0.538373981648614,0.47277377216249883,0.6767479619135051,0.8795962157270658,1.0189024430060394,1.0934292190465436,1.1535782363031568,1.162768871930656,1.284340702288008,1.3092906586422473,1.361045859730551,1.4515948930893907,1.559651223417531,1.4745296794316456,1.4948472074612824,1.458946099392066,1.4772247628105475,1.3792946397653887,1.4079838188315859,1.3718983642927347,1.3029943862399063,1.2011717319333954,1.2445313959747968,1.0088738821262635,0.8560862800412201,0.8354749299878248,0.4813637660044889,0.5622727857297634,0.4740915919281199,0.05859473726146065
12.09,0.11705983504448593,0.21916794644030885,0.46944815565013004,0.4555881884467718,0.6939951251734447,0.9149866121100871,0.994397118133059,1.0023398073650278,1.1324262285784845,1.1723958605433833,1.2406060429519798,1.3644101000578834,1.4327721060671519,1.4427373025473507,1.4720388923474106,1.5007405729914014,1.5199857428983192,1.4751616672521948,1.4519296637967622,1.395167174145061,1.4235343550295845,1.4049148728086536,1.352452378398197,1.1904387101811138,1.178990123487345,0.9566323449550156,0.820906537056222,0.8209433487986547,0.4194214013492292,0.5633006522127665,0.42453150188186345,0.06713098509231381
12.100000000000001,0.11358955209354661,0.33294920403172,0.5230381567862594,0.46218140686581,0.6458000206796921,0.9353806564915516,0.9705703766236752,1.0572248612820079,1.151111412284613,1.2786309382741419,1.2727911235496485,1.3985092840089008,1.4056119554618776,1.4446116739873143,1.4447173265286302,1.4771322600124244,1.460780105903924,1.4376690539296213,1.4470768344518532,1.3970446956962153,1.448435070021979,1.3901797125201418,1.2590730588063141,1.207840742814643,1.146779052847588,0.9099435148281358,0.7879903734078672,0.7854976411227643,0.4579339564611171,0.5543283877247016,0.48133475885558397,0.16157161963268726
12.11,0.12218946040272347,0.27963186629028236,0.5030501873849804,0.48802575181758057,0.6802462491096776,0.8555084144373717,1.014546496473413,1.0413653278898432,1.1431142279913942,1.1282851979192974,1.2801419095816007,1.3356960185926208,1.4347866990925064,1.386674235469771,1.499465452259365,1.518029906486052,1.4870633137172082,1.4466494859290393,1.4331820427350441,1.403165890554449,1.484817358850797,1.3458596264497742,1.202170471565983,1.2120338355814129,1.143007813479818,0.9627032716241913,0.8133320007273287,0.7925052599669635,0.4974841235297646,0.6132336496123046,0.37753170473458403,0.11697505709177226
12.120000000000001,0.017491451566104724,0.2566399148194578,0.4763647338574679,0.5201783962056215,0.6467955428815615,0.9656470755871116,1.0064588059640713,1.032717211082325,1.187933637941748,1.2097255342876223,1.2905893550722245,1.3601964353232672,1.439008575177106,1.3973923652335285,1.439050925670934,1.4583153426001645,1.4572527618213567,1.5155295568152412,1.4697769350577614,1.390799878187691,1.4451871480543241,1.352815941923862,1.2500219023253971,1.1213561540556514,1.1855268951672042,0.8892117700176656,0.7894162035569097,0.7925632425142637,0.5390259065010377,0.5329882483133703,0.37497983129161633,0.09010484078527924
12.129999999999999,0.05238744324910691,0.2887695228839554,0.45396531333335377,0.4765600083344641,0.6177174341683884,0.8505293710186165,0.9974116221299044,1.063036696277671,1.1228615677578508,1.2471074727320997,1.3140886350590582,1.3957034787664104,1.4366516842711787,1.4578384982566517,1.5362654719080433,1.4388744301763927,1.5446968702904926,1.4176833475603527,1.4555133661641386,1.4096815050478162,1.45629254809335,1.3713024265363136,1.2248458251706156,1.128814465993115,1.1434245716933298,0.9229369758206649,0.7754989564181678,0.7897272324303198,0.4785385690199841,0.6032917994192116,0.35527919641005884,0.1851088884416045
12.14,-0.006825299293340983,0.3339957905316564,0.5115960853737895,0.532141579782383,0.6648401512058475,0.8433483988980708,0.9914631322378584,1.0781035804762689,1.1300126681449836,1.1442880253114216,1.2183203967743608,1.3715220431732267,1.413522543567625,1.3979409016933493,1.483741688533435,1.477054013647318,1.4990913676704016,1.489950134923631,1.4451483116986212,1.4202011518662394,1.4457900970842485,1.406068424755695,1.2512151903121824,1.2056138518123165,1.2042023756854563,0.9589508359531608,0.8211790705252564,0.7411917084906169,0.5288277557531951,0.5885789777646039,0.30351390447197474,0.1482616342272931
12.150000000000002,-0.005379533044819321,0.23312354066947924,0.42976787612809736,0.5057270442718552,0.5981545130215203,0.8806534325713044,1.015643517255236,1.0860438216207888,1.1666133910174012,1.1853215730179512,1.2629789189102996,1.3681918868408263,1.3629199806014745,1.4308346794180076,1.495322871299273,1.5222437396128197,1.4899206264058515,1.5080674411281052,1.4692446930881007,1.3961807536458297,1.412695747474008,1.3971868155518863,1.2947579144466221,1.1643873737558064,1.1542167573084354,0.9536774447846387,0.785549237305948,0.7462770675222501,0.5639987365671754,0.5945842132889929,0.3119518309832712,0.25251756716731594
12.16,-0.04783120340092341,0.25889057628273165,0.376258375645156,0.5078893110919581,0.5979469097933838,0.8524581640562303,0.9801171462905087,1.059589797186676,1.1489222334354792,1.1851556801126704,1.2926511193112709,1.4172102776233124,1.397975412787968,1.4540090548277413,1.4790777847322096,1.5048271809280322,1.4835139741886674,1.4627045730938075,1.4106959483552564,1.3988915319497017,1.3751744489906388,1.3121153036624258,1.2140065390103556,1.1439514564369366,1.1961957456067691,0.9359063859236942,0.7940518229815806,0.8135651403838172,0.5718139252140455,0.593057089505921,0.30835911525564486,0.23697191225229808
12.170000000000002,-0.056424390787551716,0.2381301688855613,0.4269431475853063,0.5310703488182903,0.5860647191931645,0.7868771292920061,0.94901624702284,1.0967552527216953,1.1890975055497495,1.2305091354417697,1.2372792205179268,1.3739743280677674,1.441051580784961,1.4937703511918883,1.5054536039518507,1.4774295638713175,1.5137342427463256,1.5152473360146343,1.4293842803619297,1.456314050753174,1.4029872479508771,1.4072449050075109,1.2224094025239098,1.1397665867754545,1.1799659333346122,0.9075409016258162,0.8333251801680522,0.7694525349243458,0.5784357777268476,0.577815875606303,0.304194284205403,0.20456718465500057
12.18,-0.12982759434775556,0.2315928733284333,0.37585696086359666,0.5264526734820827,0.5912126320321868,0.8701402018109413,0.9121329085295418,1.1028703368658859,1.1594500283006142,1.22034631625868,1.2842382121209248,1.428616088636717,1.445205961368282,1.4357457104742066,1.44411837738945,1.4473484778461563,1.52462405087335,1.4498835022517704,1.450941159529358,1.4674691883582458,1.4231305833418213,1.4114073897607855,1.2011061632864268,1.1691885943125464,1.2077119276483104,0.8911989420177359,0.7925911412787827,0.7902808431881639,0.6027589295374578,0.5357820629550214,0.25239043007201534,0.17239579643965752
12.190000000000001,-0.12466615800302734,0.19697583703169452,0.38923302515159786,0.5165746012722965,0.5731796306514728,0.7743892694624347,0.909979141198016,1.0436500146479872,1.199004342602105,1.2174618778907669,1.2636432046987358,1.3470032331899737,1.4353310056598871,1.4755119720718177,1.5190430434558777,1.4943260104274123,1.5137814696563874,1.4682990792929027,1.4534998796131267,1.5031847933665143,1.365588227949416,1.3692034576746697,1.2023583596221015,1.1118640417232224,1.1693898781181193,0.9552738775981721,0.8610456498100177,0.8019295620561939,0.6546070594965894,0.5817483534967701,0.30729508062732824,0.2121891628110358
12.2,-0.026771352748032464,0.23693419514931938,0.35179115718146214,0.45762883957603,0.5637559978122982,0.7264421175298501,0.893043244173499,1.12041868484028,1.1663620077960495,1.229757797618211,1.2841755505957555,1.3117895148882366,1.4232807343217206,1.4589616968695784,1.4511449333831279,1.4981384889741722,1.4779271517576806,1.4667082479097016,1.4592812522155219,1.4249481366717265,1.3928533631003672,1.3532567786234542,1.1657975765279462,1.167749018533112,1.184572059077316,0.9470321467870223,0.8532650691570199,0.6938585190017775,0.6603280113889113,0.6208632522235183,0.37162353513350754,0.22169552667793432
12.21,-0.12788827314877543,0.13046057373521042,0.2891395291397328,0.446836320158279,0.5697574510629256,0.731570969428022,0.931319704744307,1.0735004415820195,1.152900039284452,1.277764964450069,1.3314735219047742,1.3987455609369888,1.4041746920140576,1.4288578974248989,1.541303138995018,1.5362336173244298,1.527427269090406,1.497511465447014,1.452905446035866,1.450159630507853,1.4411259921237045,1.3692663120001582,1.2587033312858147,1.1671156550422204,1.1905389369532609,0.9963000089999305,0.8329857258856321,0.7550031451459776,0.6563976316304395,0.6078225216581367,0.3591206135967518,0.17167064400440854
12.219999999999999,-0.10651567084020234,0.20558519811354886,0.2534813567662251,0.525919098952711,0.5390742941293221,0.7439619287762479,0.9080276845334367,1.029664050754137,1.2071446100074938,1.2786085259273778,1.304745226180724,1.392401843546968,1.3881507635425654,1.5019076313658744,1.5021675870719222,1.4546632967812037,1.4798503474720928,1.4531215497459435,1.4882470185370746,1.4353507237306555,1.422922478260805,1.4099211585826419,1.2401249018066733,1.1796129007418814,1.170242792263268,0.9192646036405502,0.9084626057729703,0.7434188923477874,0.7243841473177914,0.5464579307181544,0.3070505505513804,0.17874527010233052
12.23,-0.11318802355389991,0.1238515541289903,0.32252412515983253,0.5681239886638645,0.6062350609659591,0.7291359512190028,0.8319205873672544,1.1135306179844007,1.205669505656381,1.209578293262444,1.3069603472794473,1.341316454237571,1.4184122326517388,1.4090105506225312,1.4185491067821094,1.551092221831614,1.5061658665891862,1.4474683076596797,1.4080860251334406,1.4746141041839935,1.4113552066619408,1.340005365570904,1.1968149549574982,1.157760660553635,1.1603352352154148,0.9300894293669841,0.8880817959367888,0.7601575576943742,0.7902606094531028,0.5566805262157367,0.34618712601074303,0.23846244942283512
12.240000000000002,-0.11596391818866476,0.046151862589845424,0.26775148509380614,0.4757615786985092,0.5698006212341505,0.7419740911636817,0.8240262047179487,1.0962510190748498,1.177867036194198,1.26453658753921,1.445135730376922,1.3313052192009682,1.415387312821325,1.433313070793954,1.4676349741280386,1.4726329610031619,1.5071564085344726,1.4934884188007826,1.4766334714846432,1.45204334229411,1.3575263020773813,1.3951340654267914,1.2526438379500515,1.142472109658593,1.164606908977684,0.9951284469507959,0.8653122938487291,0.7154781113993813,0.7055304145460475,0.5522805367993074,0.31719557363008916,0.22315137984974182
12.25,-0.14015657482262397,0.09520098327891258,0.18996528994397138,0.562015674093761,0.5748948061445769,0.6787231135597266,0.8603532781938681,1.0184330516355418,1.1979143225042514,1.2718593228464272,1.2987941767401983,1.4059903776417801,1.3882689172794074,1.4284069755511635,1.4087846229148326,1.4836753829630789,1.4673469057462865,1.4288303532719475,1.4638635761562315,1.4988691196147947,1.4090153323308725,1.3999827910277214,1.2379538639128334,1.1697465063550274,1.199230409429373,0.990963390137337,0.8223283411217484,0.6900005038049204,0.7219969071887784,0.594759024598857,0.3174687638331245,0.18108695458748802
12.260000000000002,-0.09992496697596759,0.0806806005868359,0.24961541550191474,0.5412025093995604,0.5572386160903954,0.756191093315126,0.7821002482861203,1.005704991907001,1.1996464423925555,1.2559702692364572,1.3535455787398682,1.3725683266324897,1.3830373128358735,1.382517269258692,1.4663036642189227,1.4848164996593485,1.5146782079365586,1.5076058873132665,1.4689752122907582,1.457091337396164,1.418131537826675,1.3916242963501877,1.2062587382514414,1.2247364942762455,1.2115729070844503,1.0230937762100711,0.9606608642236302,0.717213371625663,0.7693740745767778,0.52864088502193,0.28623624495831945,0.19718362920371144
12.27,-0.023670015800699638,0.043717966659375246,0.25419051402554976,0.5611494074336427,0.654048732408146,0.7159285713072723,0.8324829376780434,1.1266387281253107,1.1575966648771074,1.2664819817520991,1.3276465148646959,1.3224394666331856,1.3992911223808138,1.451389701956611,1.470333539925195,1.4715705800029744,1.4911195266110848,1.5017837248121724,1.4734593873484467,1.5120703869056673,1.434350089115247,1.3671231682942935,1.2627771104685008,1.1954314692540917,1.1696602296291543,1.0843846136725732,0.9310772525190838,0.6845881618390902,0.7508269424000095,0.5529860112621989,0.2602657682143581,0.2429453034455
12.280000000000001,-0.06096053395135461,0.0660438996148071,0.19320711007119845,0.5734115759755019,0.5924249008726598,0.6523299299050123,0.8737992461303062,1.04831364504213,1.172181053576965,1.2917931368221836,1.3402451282968235,1.379907949926351,1.3764020141981073,1.4622456195906262,1.5284415913598797,1.5259978219426564,1.5139738889855097,1.4577536922020577,1.4366582936090906,1.500700433178355,1.463360872467463,1.3987658909513372,1.2109872370979402,1.1644143166751946,1.1311816683227507,1.0679980422067887,0.9871116918855796,0.7462528189494513,0.7357675977840422,0.5573245523136106,0.2265397834601152,0.2266661610985736
12.29,-0.06354972083644736,-0.01732060585791082,0.2707407693222893,0.5758284715926744,0.6162111383244343,0.6954778263110982,0.836909276973968,1.134088625721491,1.1170972299450819,1.2342778336854774,1.348133386104413,1.3273975392050665,1.3844855050093714,1.4740072048268396,1.4667378305782908,1.471886714828653,1.5459808517195732,1.4747439346481568,1.4321227794258002,1.507721733767523,1.436731463059276,1.3861655910438335,1.2368050996004627,1.2138567298278802,1.195924796969486,1.0336001165167499,1.0068653371940373,0.7004638783632127,0.6979338318925179,0.46463965824977177,0.3026231068353018,0.15616512712109748
12.3,-0.053778578076073114,0.003946943898699377,0.2436512431657194,0.5956894165288122,0.7512712366902998,0.7209696605327087,0.8146393927774264,1.051332403951869,1.1968618880525392,1.2875594791964988,1.3756735815386718,1.3088232232462604,1.3765872817181042,1.445022071988098,1.472033639471717,1.4969907341395292,1.5066538299303998,1.4541288109641035,1.536401584994001,1.517824942509897,1.4307523287948847,1.4095117105488086,1.3175496245641154,1.204733301776896,1.1088931690952792,1.1055605355272227,1.0234045112292258,0.7473182191418748,0.7144944022324422,0.5395284235784142,0.3128947413714703,0.18384706974395157
12.309999999999999,0.007901228877619073,0.058008459913702515,0.2681002071584146,0.5878378818617582,0.6175250074470783,0.745429230779101,0.8765395548833994,1.0285500018007854,1.1140020821075909,1.2618737057396427,1.2988210735202599,1.3441146002729496,1.3669067746166106,1.470988356199776,1.4437990126012443,1.5312836313892493,1.5591767045651248,1.4781978902138229,1.507356681979259,1.5548534750744472,1.4537250720327324,1.4514230855933645,1.2722468432105434,1.251572939419963,1.139563755197279,1.0697575228528677,0.9850250725823887,0.6727036992424156,0.7206644775009692,0.4937017225099839,0.2779690682656743,0.20633078938971333
12.32,0.0416209682310398,0.027089518297836346,0.33132637426032585,0.5753294001516693,0.7054442385526924,0.8129139275409785,0.848319467354774,1.0794047067428374,1.1496345835170008,1.2519674695752432,1.3731284829607433,1.3930150334680442,1.417976634367004,1.399514487180744,1.5055305458551635,1.4826723783395233,1.5319161570678361,1.462230962502809,1.532390475965648,1.5342585622617522,1.462158489905887,1.3491274141360408,1.2654199446385452,1.210664347542887,1.0203201385297398,1.0575899953505086,0.9533961515655011,0.6964085649862553,0.7351429679236327,0.4710034813183661,0.26607794730325446,0.2539345472996469
12.330000000000002,0.057099724958644814,0.1251727017481926,0.32398707296872026,0.5852911575084467,0.7561191938936801,0.7468755460553668,0.9044123193505479,1.038649854843729,1.157723187806154,1.2604678388572146,1.2899697238220635,1.3204695732282963,1.3506715429807419,1.4458927079041601,1.43764458706699,1.4984644197310488,1.5065656909961564,1.4557757083881542,1.5434262687467215,1.532270336083558,1.4758180492408872,1.3822361182691654,1.3178880472901748,1.220335352373413,1.0673938629497424,1.127665728123237,0.9830977327998932,0.6998608699079556,0.6920967229960009,0.42774492912574047,0.23978157606579661,0.25483123927427154
12.34,0.08866042224591776,0.036262970313994974,0.3099986182280894,0.5692148158278545,0.7310187667956685,0.7536335405420767,0.9100522354064701,1.0284208012356306,1.143047672851072,1.2826798083395468,1.3125424135510075,1.323804368254107,1.3857061052682778,1.4477552197980257,1.4671096021311294,1.4617807069047237,1.4749745751057741,1.423535871982427,1.4948133359167883,1.5125319359750817,1.4954667063442526,1.3860546055504213,1.2559634867372953,1.2830465390832262,0.991561193271927,1.0911870009132811,1.07724309258106,0.6869105161366506,0.6660495239710968,0.4750927598388633,0.29272637072930235,0.2685702173607409
12.350000000000001,0.14650373545032058,0.06546294520656629,0.3199063532819263,0.6514906319953275,0.7558808478486176,0.8016996949549972,0.9058189298302418,1.0285497424135084,1.1456529718113198,1.2661416807348027,1.302230241095695,1.2905372169814313,1.373399989877525,1.4383759120081674,1.4813476576330198,1.485986272325652,1.4653095345392841,1.4434821902050372,1.4629720963845996,1.4831059109264892,1.4439394194847406,1.4011006433735067,1.3333396074431005,1.2806846874651547,1.0846807387625967,1.1605319578121511,1.0649576632668307,0.7126831199789749,0.6907643764497055,0.4574184565511349,0.31892971024525674,0.25737460151703956
12.36,0.14148009531564895,0.1180377314441669,0.32845671460042863,0.6312525607613451,0.8055745149728648,0.7930031312201093,0.9538962641396317,1.0318788432990462,1.097385801567244,1.1897776019746915,1.2603412117947608,1.3608651728798125,1.3933789222874016,1.4061173342971147,1.496970523940547,1.4988783522413498,1.5311893859672998,1.3973013327668222,1.435159448686739,1.5141412720566376,1.5162680866807356,1.4131167882877174,1.2859897131956577,1.2684079467207217,1.046253090570109,1.1114819720373112,1.008695321752397,0.7326216688632189,0.6805648373166181,0.40218271659205757,0.2789903036753582,0.32302053201678693
12.370000000000001,0.15396535574390097,0.1398209376277877,0.36066882762817853,0.6058607295426414,0.8050198717033579,0.7906189107118486,0.9132741299953366,0.9924035649112253,1.086989687151047,1.2089105946956737,1.3288660065817028,1.3460638796920492,1.393449827479174,1.386437461737864,1.4483393752884506,1.519126980619338,1.5626166543934628,1.4280242378421062,1.4938713761012359,1.5012401985429327,1.424366639483576,1.4059253478620153,1.3391799121864678,1.2890166115641368,1.0236206299649717,1.133848446118853,1.006775209913201,0.7736911870147151,0.7207409037724701,0.3599941288988686,0.28979193742705345,0.2473519546458324
12.379999999999999,0.14724134754383922,0.07761433833413232,0.3797024236551931,0.6485266746152657,0.7873011919828866,0.8359281533446529,0.9594775147227228,0.9947066340442957,1.0773896922951807,1.1592377410890327,1.25801163116635,1.3326481415095994,1.4012671073737715,1.4376752029216606,1.4795695442833436,1.520201402099735,1.4854692971664951,1.4820592979880827,1.5515924786582511,1.5322557460531874,1.4676198432938057,1.4082862552358222,1.3276266375122054,1.259101666162789,1.0637507861345736,1.0971129873921424,0.9863327661372332,0.7653483428670691,0.6984919777598646,0.3717410485805042,0.33840887285131976,0.26415944744365094
12.39,0.13408385289364416,0.14588303069157132,0.3663426884017532,0.6526274635143423,0.787770175996092,0.845748385232587,0.8846828312021575,0.9969375618496786,1.1107998771933854,1.1922390565272543,1.2674585484042076,1.3432583265134757,1.396623639465049,1.4321634650246309,1.4678244561559861,1.4590644650843734,1.511618993453685,1.4472864835149466,1.4754200700729525,1.4825977476715864,1.5009538974405752,1.465290547654273,1.3581228020552232,1.228846695451868,1.0161311553693997,1.1153582713810481,1.0416519132447946,0.7352280777426865,0.6305683211889375,0.3514590088778167,0.3331663471712945,0.2883801309278011
12.400000000000002,0.26479094910283163,0.11016058220819534,0.36982590858703684,0.6350220849443876,0.7857749788320507,0.8525214364927443,0.9558043110748612,0.9804208356156272,1.076007030033553,1.2306899306759567,1.3278253077102018,1.3809604082047011,1.3959497791466928,1.440505380583278,1.5288024335284587,1.4912725677179102,1.5574382655966186,1.4784070730700072,1.5147151868111774,1.4919884970652078,1.5194284969338827,1.4316534533028613,1.317409851675154,1.283378626997962,1.0354481029122138,1.1978758207635154,1.0398758253682068,0.7971870912277761,0.6697613857755138,0.41007460403272283,0.3216571903597385,0.2996403232900774
12.41,0.1394516562934033,0.17270357275629863,0.394612496940238,0.6673339190229839,0.770297006090922,0.8958297376413726,0.9340722458162602,0.9978563314949781,1.1270077357744066,1.1591620947939867,1.2440598074361304,1.386452080022054,1.3417873660193123,1.4342930458727206,1.4964940797628992,1.5043089944229697,1.5560693184991754,1.4489599925383303,1.5129653265608671,1.515696786569112,1.440336118457078,1.3893937795061595,1.3485129951044086,1.2885291965476777,1.0221220186893907,1.1945277246858144,1.0610690711536865,0.7868175993130397,0.591206167030005,0.2914287211093838,0.4003522338760425,0.2787777864391185
12.420000000000002,0.15934279996459907,0.14706376984782318,0.4436881826783635,0.638108553811962,0.7518346721695258,0.8937638208441577,1.0141581790096015,0.9819665413006218,1.0596656638022715,1.164528272871922,1.2952371405329397,1.344413624568188,1.4077701014801176,1.4262342922575364,1.4677684046353263,1.480347460391805,1.5201896783942832,1.5093140249445338,1.5704099884197114,1.5329156855538368,1.4636049660101413,1.397306041996291,1.3794735260209998,1.353420197976314,1.017717217935058,1.125718864369953,1.0286973385899578,0.7624127385939342,0.6490167416213396,0.33845518114220935,0.3723140098766831,0.28969204860313214
12.43,0.12001811444879458,0.19579830863220987,0.40435226757831655,0.5502152668496364,0.7362771878381775,0.8808970291312349,0.9665856596135906,0.939841083559506,1.040095467470538,1.1617062703709615,1.2620923909632469,1.3239519080417907,1.3923025494422596,1.450702881728705,1.4408134168658913,1.4545112138364946,1.4903989414451124,1.4591368911517253,1.5418447293875248,1.5113719605561002,1.5008419295333744,1.4327895460401197,1.3830643514305225,1.2847665209099268,1.0666416347390808,1.1539883830147755,1.034910079383005,0.7918774478780857,0.6810299032205388,0.4090714247836501,0.32543342333520714,0.2662347696854659
12.440000000000001,0.1858410745659978,0.13591011375545667,0.4605917037820851,0.5994335666380027,0.8076306409831404,0.8653725008470193,0.9798574447560637,0.9944732716359693,1.0389173635503144,1.1939048341375902,1.300149425804161,1.3696237150070374,1.363502892071741,1.4472187024831618,1.4469215193366027,1.5102104949778437,1.4842384699268432,1.453383024761007,1.5403204116648537,1.4662752289178018,1.5109971447727224,1.42910571397048,1.321383606180751,1.2689794693112946,1.0423299707042635,1.1587589899564317,1.0665326860584412,0.7912206854313183,0.5649412096773203,0.3617939234745853,0.39982161128143445,0.3287656978317329
12.45,0.15714909162608726,0.13471165482386724,0.435791217734181,0.5473480031723768,0.7291355726432149,0.825272113718679,0.9822491868097142,1.0111384253393658,1.1351375507843473,1.1522368495129203,1.3387265330827576,1.3941124158472278,1.4063754288231742,1.4555899906174916,1.4675127894285243,1.5340347676831034,1.5752287818206354,1.4702782698698997,1.5273373391089782,1.4490730162339107,1.5041240760774122,1.4658554501692287,1.4021427930210002,1.31976294895958,1.0811246882031256,1.1257646387886804,1.0241120217644777,0.8319229350609417,0.5746131573988283,0.3821027660670259,0.4112488748895359,0.3291855650749049
12.46,0.14473093715659616,0.2388757731217035,0.457617627555713,0.5933694469293355,0.720885860754878,0.844781851027808,0.97875020625241,0.9617713013076747,1.0384133533549285,1.190558551894925,1.2518411529652687,1.3895191164574767,1.393031073493519,1.3853312128661517,1.4586211647839595,1.5139972659763061,1.5449981771117398,1.5268273889730297,1.4998009268328594,1.483403354898961,1.5109613479010202,1.4824174321322672,1.4056867161934727,1.3222512316982042,1.0290308056108748,1.1537364461963067,1.0457512139186156,0.8320689780218274,0.6234320040190737,0.38127120885574517,0.40665399099379557,0.29491364158481354
12.469999999999999,0.09603697100764001,0.25783884631577886,0.39873965061755356,0.5330508411265494,0.737222497842029,0.8803231694777076,0.9665756780485484,1.0049285048816046,1.1051462430091876,1.1778356602345401,1.262845841385081,1.3147664027081982,1.3948910785626185,1.421113588897721,1.458856183729197,1.5057952999694806,1.5456901104099068,1.5131381552376328,1.550558080148259,1.4844367235132958,1.520822014030729,1.4528243632860096,1.3026101649754667,1.3469528376026787,1.0739689341225178,1.1343408689113512,0.9402307617000861,0.8062259462595239,0.5333216650337642,0.4108326717556232,0.3937960312097776,0.201811849247425
12.48,0.09687640689952293,0.22437900371174946,0.3806047471859633,0.5182904419906843,0.6451101842475091,0.8752863082933909,1.0118018076185478,1.0351954699664643,1.0400548627853103,1.1777515546149648,1.2646378696432716,1.3138511381054907,1.3715008312917225,1.4353530659286842,1.46302412755255,1.5431696907638028,1.4873964627447664,1.4202782078808738,1.5276545367440328,1.449291213245016,1.4848621401179372,1.4709192907341775,1.3397351326420845,1.303760587195948,1.0492836439524575,1.111989466978552,0.9555718472425855,0.8933336419282177,0.5757643017510273,0.372073399602507,0.42105571780662315,0.24701001378107576
12.490000000000002,0.061444837374652506,0.21233317249595962,0.43570872866754423,0.5012794485292494,0.6388986719084255,0.8729829329629855,0.977839902464494,0.9411449726804966,1.0743660511228081,1.1571108196142572,1.2239873361212192,1.3645865335036251,1.4185472406888635,1.4431544320453,1.5089028096097108,1.5374474634080073,1.584812594307723,1.5312574880821295,1.4900513830186817,1.3945789598154803,1.427414266383355,1.3901551670209669,1.3513650476034589,1.3357672362752413,1.118212836997373,1.123789202513983,1.0605332332942021,0.874424182683196,0.5428941896432223,0.397984384045351,0.3938563776833063,0.20544938583620923
12.5,0.01667411641139454,0.2622683137832479,0.4526468003378428,0.46390858500695215,0.5695214201106473,0.8786956739060251,0.9471803870954033,0.9551607799208506,1.1122669537415362,1.161216980593881,1.2822442946739725,1.3171276897635082,1.423820792599087,1.432356611568254,1.4828846284396773,1.5026624306617864,1.5399558092403247,1.5289322466233797,1.5090007978729056,1.416959112227941,1.4093471451648645,1.4368482334233015,1.3322952851334222,1.3401886373489749,1.130650442483395,1.0801570195426518,0.9625732661016663,0.9132692677509627,0.5233454195560304,0.4041792968512392,0.38762000827157117,0.16577497245384415
12.510000000000002,-0.001999441515405499,0.20864098769400793,0.41660521645257725,0.45470403035271445,0.6951414990518621,0.8762183837386316,0.9505201154840841,1.013207965772296,1.0664938951740388,1.175664189284646,1.2773973449401954,1.3810239456895315,1.4426690094953807,1.504034769638512,1.470506401970272,1.4941370404131582,1.514417961445749,1.4870475106428234,1.4834964575533294,1.3974026860112345,1.4752374201158358,1.4710595767897015,1.2875086674295178,1.295420498279241,1.098736702394674,1.0618116292571063,0.9112693471994142,0.9064307147047654,0.5636320988890701,0.45558898245034823,0.4366312715911749,0.23345670061479734
12.52,-0.042851482508189764,0.20255586911654722,0.39337529851029396,0.4350464973155463,0.5826995692368923,0.827977915578818,0.9719383623187874,0.9800032894512127,1.1129539700942201,1.1624247132580978,1.2863824397729813,1.3862604133221952,1.4681817355634468,1.5131511452374677,1.4877733858451192,1.5029036883534617,1.5228656299975816,1.5207318966154828,1.5224601611732949,1.4357929079600158,1.5255384167917956,1.4663774986634817,1.2954445871736073,1.2877649701904705,1.0998353377075758,1.055663900758603,0.9221904166652574,0.8462728413022517,0.5517000890299046,0.4686630406666007,0.47702818119833273,0.1599134908244212
12.530000000000001,-0.08319150074724907,0.234532832065321,0.3570214609242125,0.4176527590729644,0.6322194028084127,0.821235316276101,0.9419833753523217,1.0070727873032725,1.1384968826117596,1.165942794206771,1.304523465521242,1.3260701290370922,1.3836571932623292,1.4396514673954863,1.4911147147918231,1.4711456921442478,1.484947109803294,1.492503383610427,1.5108753768893526,1.3643848367775213,1.4725571884085191,1.4016327964947792,1.2632131089523733,1.3080853721588457,1.0951835904451932,1.0501195761860975,0.956108885858478,0.8476053935338194,0.4972056667959872,0.5021304089698867,0.4691663325267655,0.1685635798876418
12.54,-0.02140872512765897,0.2388177499601108,0.396589352077869,0.37791115752959314,0.6326703867217573,0.892325000431111,0.9486674030837847,1.0142491076545066,1.1129686818752293,1.2477331827569358,1.222171740355341,1.3520475595540118,1.4265455907998223,1.479787019316894,1.4069100077085916,1.4895773328875122,1.5105810382102105,1.502545750103723,1.5549149468600478,1.4247497685468815,1.4807396199014076,1.3927383265869855,1.2282830988124764,1.1859192755500467,1.170149540076972,1.0218317583612917,0.8922630651171211,0.8352272654211684,0.5623142311041365,0.48719466500677,0.4151772599802956,0.11186952453562458
12.55,-0.08703654037812382,0.32122806362160317,0.44753600191860876,0.4218454447192636,0.6265611329103467,0.9004724280982868,0.9809844197730109,0.9960221853791222,1.1436629611494102,1.170528725183697,1.3085911271941009,1.3423171474475182,1.4396589515426816,1.476659829740163,1.4021019077622998,1.5010945437065675,1.4791652318970852,1.4412807847364146,1.5047289327775741,1.3285297700805483,1.38649185460415,1.3442437153487827,1.2347808777074192,1.2453062077158852,1.0853195537286895,1.0601346335728008,0.8701811702346395,0.9145775635211293,0.5337281131728631,0.5218224474255669,0.45016817578584667,0.11824851297793008
12.559999999999999,-0.06727299259764638,0.308964700322004,0.3552389137281899,0.38754567768490383,0.5597686430382524,0.8521737765199243,0.9039180433568461,1.0716215547335457,1.175209601016965,1.2092585875969424,1.2550787446254426,1.3530710253453204,1.4013852640431954,1.4038704077187985,1.4614546765807948,1.5099731451874499,1.5490189507547325,1.4633367408924474,1.5022023521932772,1.391483076681114,1.4609961477366582,1.3789937826679473,1.3009392660508274,1.2649228041734135,1.1640223486065278,0.9809112136710424,0.8231527906107821,0.8163919253428112,0.5784693789955587,0.5530973350145995,0.3530461409223197,0.1136600060530528
12.57,-0.07749129617253198,0.2793308079391667,0.41743787276709465,0.42434836350343286,0.5388859195633683,0.8035078240539681,0.8724086156773615,1.0234986707221978,1.0854673114396536,1.1716983951289037,1.2947023166995297,1.3983386010165844,1.44423883347236,1.4724286971606022,1.4091741802436912,1.5044199017581101,1.4979734752743001,1.5291658812497462,1.465553073305648,1.4110163069683717,1.421705446117909,1.3300265775638531,1.2660049637236839,1.2088147136371705,1.1393132489414521,0.9338687097185973,0.8815563234256972,0.8119260551353921,0.5691482892664839,0.6233116523200286,0.3586563102941193,0.133282443782448
12.580000000000002,-0.012017488809431903,0.25446240832864053,0.3862037963812095,0.4170763341706757,0.5894700047333479,0.77389273882748,0.8957257559480072,1.0044832153972083,1.1937941009609758,1.2582202053254266,1.3206844070432466,1.3347005907853935,1.4031041384147676,1.4124351834862958,1.460864714478968,1.48189352414851,1.4917352297188846,1.503328043313405,1.4519703022330852,1.3988505738628152,1.4025249463209102,1.3374838081353009,1.240392805805173,1.1884190150592462,1.1902536293587365,0.9254929998264496,0.8398000428574023,0.8605110146517254,0.5947950460030026,0.5993356401283445,0.39289582854585003,0.088726148476248
12.59,-0.1315311273885137,0.27520397355828086,0.4002512627017859,0.3812072679357331,0.5603060645891501,0.7426330366059769,0.8991557957362148,1.08386090791635,1.1301400264783468,1.1963621200592374,1.2483540372611353,1.3161499417925062,1.3486277690020492,1.416831667572478,1.5091475988053555,1.4983849075503866,1.4927332308756598,1.5452407472516,1.4849656568375234,1.4206120405004863,1.3997075206732195,1.3468418665872668,1.2006722856348144,1.187818710703924,1.1768412760183313,1.0122972296304065,0.8795288151053412,0.8491297095198201,0.6482680359109791,0.5975241154780344,0.4147819797000135,0.09199616482812975
12.600000000000001,-0.13526722563790342,0.2926944869349894,0.4127677739110489,0.41604156993904107,0.536807598483364,0.7897800882147699,0.9351446433350749,1.035409250302407,1.0929439261395477,1.2104618732030743,1.311071657762418,1.3593079472471974,1.4325794934174902,1.404960795933942,1.4922963290055666,1.502349011246235,1.5186279260004454,1.464500771136628,1.4418426864830598,1.3585488607638982,1.4396899712968962,1.3346072838713385,1.1609405776048736,1.2186419353817084,1.2684659358019654,0.9703321883659799,0.8233602219522482,0.879276468566441,0.653729767075091,0.6150215938956611,0.374975464776271,0.03507285423262871
12.61,-0.09331542099505949,0.25380257843190857,0.3694917374290797,0.4558431273832425,0.6232958163131483,0.7584768701030685,0.94340837082299,1.0902499480521246,1.1725642988154537,1.26432346296461,1.2821958514876641,1.359000797734352,1.4037632525533625,1.4927393686258734,1.5458218834901016,1.5056661309500257,1.5117573897644911,1.4933677402962455,1.4379022572371918,1.4393018513535163,1.3608207809204833,1.2916631241023862,1.2022412272100207,1.2243721389231859,1.173505466546188,0.9409751765494471,0.8406648508092482,0.8673540347441288,0.6469036168142421,0.6803366164183052,0.4133333571964493,0.04838539222395265
12.620000000000001,-0.15027678708806383,0.25201319442551046,0.30220334492518186,0.469210162156372,0.6125767370816958,0.8071438068471453,0.8626939989482805,1.054984251831981,1.1833797719509591,1.218604388731102,1.2562191906120164,1.2897970424295115,1.3937012029223277,1.378005656481326,1.472099128716837,1.4464329314868465,1.5100230720019447,1.4697111592640348,1.4356589572624676,1.3635120724710668,1.4272955802092107,1.3861689714879526,1.1975369382918115,1.2613710753306135,1.1953712084095256,0.9370679709212024,0.7628343678310164,0.8217221572704589,0.6592926082750371,0.6348923772372539,0.3872653549204663,0.05683629980921613
12.629999999999999,-0.06700614233169454,0.3129142312834963,0.30426999429017704,0.42853619632621887,0.6034690145847542,0.7993286709312897,0.858891159925806,1.0690184858966092,1.1518395200038496,1.2447590056410878,1.3546581396113384,1.3547563717603932,1.4016524499287075,1.42973888461471,1.4878321053200227,1.4651964657616794,1.4931599947951946,1.4834418701945924,1.4032787943182203,1.5080483303202976,1.4345227652048786,1.3504283736733582,1.2271946359595145,1.2154010595399587,1.283341199802777,0.9661732646186506,0.9109107823877999,0.8085671711320241,0.639948032110335,0.646396790884313,0.3625758356720076,0.06519645127617127
12.64,-0.060689631041667684,0.34019589592604377,0.32790546264589954,0.48462041709442116,0.5847992941231466,0.7719002026322156,0.8493747509830103,1.0893704774154838,1.229034119048342,1.2588231573022939,1.2521040094974096,1.3579035021328252,1.3455354760600509,1.4324623346919052,1.4523278997971407,1.4441551042350398,1.4396370295899334,1.483465533633642,1.465569186144716,1.4402940966274327,1.3734392316654647,1.3224829052536329,1.2072758981982696,1.2899021928412078,1.2912637600589172,0.9924156797708938,0.7592930973214045,0.7696207556043227,0.676488090631483,0.6917307240991539,0.3255258588963363,0.09820538138493512
12.650000000000002,-0.09981974160450732,0.2232537490798292,0.2793627476396397,0.44242282247555537,0.6102440189231016,0.7267543030263339,0.8817807997930707,1.0689788146891193,1.2091785750983166,1.2554001072224914,1.3078491194404762,1.328789248503369,1.4367231566199186,1.4192640149284441,1.498685567077421,1.5300950068548613,1.5340724377994306,1.4996761666506062,1.4470932514738213,1.4376464883891253,1.4464027718731947,1.3218710229705097,1.1751235620824843,1.1796394704880453,1.2417665134055023,0.9383870154535277,0.8219532859273168,0.7830161630546998,0.6704272011989341,0.6581248002932558,0.3164633671254803,-0.021391607016046883
12.66,-0.05247578505427892,0.2627152892072149,0.3033641033722181,0.4687126481988516,0.5874642041112336,0.6970180068325349,0.834261996135691,1.1071497228304759,1.1942628181180894,1.2239473364850133,1.245645453886696,1.266121028896279,1.369024188090083,1.3819643554771492,1.462761368999442,1.494366995249678,1.5306952641193003,1.4557809071258327,1.4528435290757875,1.3798294135108113,1.410132506542292,1.39614201459185,1.27010858013053,1.2233198946123311,1.2751346874454337,0.9940554975027905,0.8504647240991567,0.7847247252311129,0.7184899401562794,0.6729170713670802,0.2704878356084367,0.036386387963720485
12.670000000000002,0.014682646851970144,0.2833528474663025,0.2529155250447668,0.47238321809303196,0.5949924404028006,0.8023068151341342,0.9245333345417786,1.0583390541289255,1.1222611106981972,1.2180371264760501,1.308122111597283,1.365575176561411,1.41061614787114,1.4952502853531486,1.4374870918376645,1.444492467370559,1.5642326108190487,1.4577844064843803,1.3998619376714385,1.432775111003803,1.4646154527745585,1.353309847227493,1.1921035035516603,1.2027529626429885,1.218157103237109,0.9806827162658397,0.8420099159548126,0.8259501332498723,0.678131104996741,0.677055472642761,0.33483432287773884,0.036916938302911116
12.68,-0.04898226627230935,0.2135591446249721,0.22783673559463297,0.485592008022743,0.6462677147402148,0.7159200754005014,0.8235262632266904,1.048441481607396,1.2203962365668117,1.2602630193792395,1.3020975223306035,1.3917974473036194,1.3943424174701102,1.4285418387945077,1.5003397752511705,1.470104989755652,1.487735901076304,1.4269950015989654,1.3808124889007416,1.4063473262172006,1.4018758929034383,1.3862637795290011,1.271908129983813,1.2208808811020022,1.192477622667253,1.0169128092614435,0.8821250545861231,0.8001610045560594,0.6990703947387991,0.6068361326730609,0.2696956670934452,0.036911956874142525
12.690000000000001,0.03761777459854923,0.22652151388795078,0.2930923444019567,0.5131710831800376,0.6209169697966769,0.7329915112223557,0.8797541156670623,1.072464203590938,1.1554788961290718,1.2467846140432377,1.3206293915567895,1.337192605030631,1.402502743837709,1.4646737871103324,1.4596169882244472,1.5255771649213345,1.5279084122622826,1.4975604409309071,1.523084235132985,1.5278814855810918,1.4782486376980473,1.3638746464455114,1.2180460551844765,1.1867839544475118,1.1864442503891761,0.9726169651364275,0.8899634881204265,0.6865153346406461,0.7529693416234308,0.5883021270912397,0.28906648821529035,-0.021460168404187865
12.7,-0.02855205099465686,0.22040420610556127,0.29982877574524247,0.529444233307905,0.6605092772684755,0.7127237666007503,0.8024139220864812,1.0791976073597578,1.181345830854666,1.2534528032484324,1.3470226612558316,1.3376849770574406,1.4205581843009407,1.509898530276632,1.525034455456618,1.5144963844393209,1.4971088483466068,1.4754401970442674,1.4840172113064953,1.4894118688329714,1.4686498391097929,1.3827438179702012,1.275921347276559,1.2890326360042976,1.230729744465338,1.020923903799583,0.8259385681131315,0.7438572796199703,0.6912507064816525,0.6640702744236239,0.28196325182270565,0.03247071410246975
12.71,0.08075581910864263,0.20436455768169634,0.20564560990632713,0.5825817328434257,0.6669375975982291,0.7461564230587124,0.8965387595490777,1.0704505662802066,1.1867892008897922,1.2040665608579604,1.3235811844789493,1.3589563408296312,1.4273630122623493,1.4521717519402708,1.4729574664369154,1.4693349448933049,1.492044130737449,1.4510747978085394,1.4515293996624654,1.4899940758700414,1.440916250014807,1.3633377152098902,1.2757460850992584,1.2592624304412137,1.1752388526903523,0.9365218847328999,0.8330359522780432,0.6916284562336994,0.7347200720476178,0.5791074547049302,0.21989536729562606,0.020552122988762106
12.719999999999999,0.04869580283318334,0.22463311477389103,0.3167721981753985,0.5660745106512999,0.7044162222371774,0.7215846717026464,0.9069701493932751,1.0763934029669997,1.0992586455086881,1.2828855186425665,1.3244613111318109,1.3905554315110207,1.4363580905890299,1.4422679092028723,1.4755379785429465,1.4600046597792236,1.4675641557420045,1.5039728406202073,1.461025018388602,1.4628580037261367,1.4848411744804448,1.355899483060387,1.312279302075309,1.2117304769335426,1.109013980470203,0.9173001044326466,0.7840541917060506,0.6449007463652555,0.6883829342537222,0.5208889244938167,0.21901976191569658,-0.001623697729167904
12.73,0.14220253726986654,0.24080380644327404,0.26514024543134884,0.5702548075806865,0.7335749766847401,0.7464787316617988,0.8991196649875103,1.0621392259707458,1.1248810620552239,1.2837355444211331,1.3233838359519021,1.3732203544668289,1.38179870583554,1.4346994343581152,1.4951070499847752,1.4435497912073385,1.5121504176173268,1.4437173570417543,1.4265403898271494,1.462680054051799,1.4005021513903446,1.3163484775874847,1.1735151433747528,1.2300294270470045,1.076757285270569,0.8937648342366029,0.8163683757770318,0.6882502965485227,0.7150197048953293,0.5101180612647024,0.21193174378957455,0.06339837083357945
12.740000000000002,0.08606960472967919,0.24334740821670928,0.31356607051058416,0.6232488452780931,0.7684247551759028,0.7390796707485973,0.9526775429615355,1.0812133376901418,1.1588201926943622,1.2620042431908636,1.3765676889191736,1.3651790505974444,1.447492941167495,1.4748534973464738,1.503108222926804,1.5298808745930488,1.548798620785027,1.4928473685893147,1.4166496747380224,1.4330463033217526,1.3840904018186568,1.3998480224782797,1.2603012002627572,1.226519595232287,1.0943685257390965,0.9934184506154614,0.8464653438469603,0.6813973941835305,0.731639677996335,0.4724160522160567,0.2016754917263356,0.025498351489814698
12.75,0.13952469872522447,0.23120679578696915,0.40347392837270685,0.624867515497687,0.7352434592298834,0.7908867856648655,0.9262182268254717,1.0808321547540738,1.1296045316300256,1.2606868323285898,1.3187778527099332,1.3811969327808435,1.4380031855139845,1.489362740786741,1.478511616965454,1.4750207133985653,1.5197766316849186,1.4460647541518779,1.4315680588042186,1.448884150009665,1.4460159949662772,1.3681873619100557,1.256465123251244,1.1715167395568236,1.0533648592670433,0.9311622344986479,0.7655528844245072,0.6621518304357908,0.7646097114959474,0.44599548683362966,0.12646860345833577,0.052692752529783365
12.760000000000002,0.07465383880516915,0.19980621212796734,0.3401335432888853,0.5836150694846943,0.7140338508533394,0.7948300583780569,0.8826996621692249,0.9907611744414508,1.1585702566193201,1.17693251576877,1.3258755935583437,1.285679808955645,1.4105922558262645,1.477623193114824,1.4494755611279813,1.4919934586382313,1.5155164987242382,1.4970155902228564,1.437424021630303,1.4811403024988212,1.4917165394808465,1.3701837958303758,1.2593350674460961,1.176586982006373,0.9929864530236507,0.8922543151880391,0.786990499279247,0.6157541241816773,0.678763784956928,0.3480140348599032,0.23046066833672474,0.08863117468237136
12.77,0.1788789217859302,0.22302563985080942,0.2861624278807877,0.6583722338359652,0.7797914417748799,0.7976398471123984,0.9582912375436399,1.0923296854749125,1.1706087658330568,1.1771016562754633,1.2533035582563068,1.3314117790452724,1.4061022014612814,1.474826653789565,1.479311584789672,1.521180424803411,1.4665311246461337,1.492824696062951,1.4776753761206982,1.4662933630756576,1.4095098546902374,1.3448286545615287,1.2607508263802407,1.1602921866311315,1.011688001718864,0.9146917518879167,0.8547823553763737,0.6421972339634786,0.6621715459140087,0.3557664471808388,0.1891515558915977,0.026541360065775333
12.780000000000001,0.1646202723440769,0.21630223936759463,0.4100874480828955,0.6336560437431937,0.7590161690271825,0.7837503470500029,0.9479247641419294,1.103343433124147,1.17212957279911,1.3139824864033185,1.272791694692336,1.3611804553910538,1.411537628150363,1.4153684657636605,1.4622598200187455,1.4955084929367017,1.4383261299642947,1.4784165326745038,1.4074030660873758,1.4746893641406886,1.3926035582212768,1.3352363876728397,1.173286266901895,1.1547129507250462,1.000222216551822,0.8930938949526919,0.8373729997913015,0.6579316833363766,0.7270984472306323,0.36809760336710046,0.18444893643708668,0.11157567266795618
12.79,0.15222943988060778,0.18825443721021365,0.3511865237103692,0.6399771263831366,0.7354822321711975,0.8409812008991127,0.9211995854069996,1.0422172030191021,1.2181968001055243,1.257303865584697,1.3469277557988648,1.3874600707643614,1.425943762606194,1.4787987472015056,1.479282628103891,1.4990864832658368,1.4897080732743588,1.539664548899382,1.462828361625823,1.4897883513505892,1.3830759843165554,1.3153409981460367,1.2613036837339502,1.0858637849714319,0.953894635476489,0.9208227992657131,0.770404000247918,0.6207667396123882,0.7082989529878877,0.3636004231393758,0.2123846549327729,0.17911986696898022
12.8,0.14481232174712888,0.1515255171274892,0.406048871650323,0.6461032988792571,0.7907775080716062,0.8519213769124669,1.0069989180278585,1.0780134044598613,1.1273422562571944,1.2109422547793967,1.2858759983156647,1.300558918417221,1.407701494681751,1.4323569954559587,1.4637832471481282,1.4614335352383798,1.4722878376377821,1.538284276750927,1.4297685220020255,1.4562669781235509,1.4098549276060963,1.32275063328037,1.3114501891007213,1.0821454612883312,0.9645438480277825,0.8811928008785157,0.8371786363289186,0.6497384684006191,0.7599556254723513,0.3964837115828728,0.1809534147793743,0.11029455783293217
12.809999999999999,0.13169294812645538,0.2243615914157126,0.4028626313283477,0.6047208829635098,0.7790204669168989,0.842036835974828,0.9636336800926952,1.1011487337598413,1.1459402710519089,1.217543023994879,1.3490972772601528,1.3761882234766982,1.5186239543176268,1.4864210522295283,1.4944036170069883,1.4610331614912502,1.4909104816946186,1.4888610977554535,1.4145595136685891,1.4493543274939504,1.3753978202828991,1.3089441142322724,1.2310890837737527,1.1465271173787428,0.9930753069566765,0.9375376144323543,0.8474052451753074,0.6043979709909224,0.7086550486615036,0.42227650925190935,0.2741861634288466,0.17986326575333392
12.82,0.14567440670481668,0.1883340489711973,0.4583332028231528,0.6831798029777144,0.7296480509890099,0.8310827567864943,0.942580189382052,1.067499224311508,1.185560579665743,1.2300639636743087,1.3504873600577096,1.3120019159957859,1.4428996820418383,1.408464408699413,1.510388626546857,1.4400882299875954,1.4673362682131672,1.4855762598864368,1.4716199446146576,1.4587438859627924,1.4172432733305937,1.3107554856262842,1.34128809423053,1.1346822094292692,0.903301880591547,0.8951276260314984,0.8323431395642444,0.6674442824014585,0.7238909053820471,0.3410418201994256,0.3160457401674867,0.16243227852748146
12.830000000000002,0.12356373523044707,0.17673335923703384,0.3986479455436099,0.5562801310264551,0.7261275322994911,0.8469760442953921,0.983013272077166,1.0934067718601606,1.1751341358803102,1.2686419169181231,1.3027806290400636,1.3527051143618871,1.4177391799081587,1.500241794113163,1.5305865529880935,1.4446099508087011,1.5300373871066681,1.4984959240832567,1.448835032462463,1.3954512200733744,1.3577422753244488,1.3466334743661779,1.3420491378017732,1.0926115798040192,0.9780658107900977,0.9379961909874472,0.8143149356998955,0.7488287241436822,0.7555370949466851,0.33032061816216846,0.24725862159417247,0.06463900759775262
12.84,0.07064574471957034,0.2044117854832023,0.4103987806842341,0.6234841425931148,0.721664721866947,0.8272922016191026,0.9963124129364122,1.0612954548844211,1.1774434781491765,1.249671334308613,1.3076700831037666,1.3107192371329375,1.3957360307976632,1.3896416628688144,1.439586633715282,1.5020709364247333,1.448159287001813,1.5090160739933243,1.4528591716069672,1.457207374184535,1.291183874612093,1.2878151122992036,1.2864892169213558,1.052100092416338,1.0061816633256773,0.9363871837212114,0.8445610488910289,0.7264333212291083,0.6891320368658139,0.3267260361982775,0.35572805637395827,0.09386290404635272
12.850000000000001,0.10620753574070425,0.12322022312617106,0.40822219589178116,0.582990631237911,0.7127010185134374,0.8635193567728443,0.9786709517131933,1.0433575828136377,1.1286013018148235,1.2334466313467383,1.3393561961023863,1.294755219349648,1.4034951517226522,1.4264989883977375,1.4956565716801873,1.4662185641566938,1.4606739191424727,1.4911157514016344,1.4404578905022505,1.467880316058828,1.3004312502253161,1.2892468646745836,1.299037061061035,1.0263924682052075,0.9120074254948974,0.9555117846387123,0.8477699306069317,0.8184674342387845,0.7453060706851553,0.31100605941676074,0.34017364789540905,0.1642623700373681
12.86,0.05854312554472117,0.08801034713156163,0.3682480982219023,0.5623926318287599,0.6420955422314081,0.7820353494866047,0.9830544356723024,1.0762490589378086,1.1428400972992947,1.2489020649996312,1.3082281358962133,1.3484639375423546,1.421531626370182,1.4506143102907216,1.4706859179059946,1.5025104390773572,1.4728693293768225,1.457809602682995,1.4408757186891425,1.4875902888266563,1.3373142009707377,1.2678541620060604,1.3625565865901548,1.0958522441197422,1.0309392359662757,0.9359674360954743,0.8681180246756308,0.8080629923650636,0.6802006293944995,0.36019954067466237,0.4310473499179384,0.17127531407948382
12.870000000000001,0.0544614262446364,0.14098718155353063,0.44530859478392576,0.5083839725033112,0.6194554311987619,0.850885447559329,0.9750946768081923,1.0711958123013843,1.1646615613378002,1.2022549487920298,1.2815171552719071,1.3676881414103796,1.4306577064983186,1.450493128690499,1.4965132489159094,1.4898684011475039,1.4929777204377097,1.5049359688659756,1.510114108608471,1.5334396750952295,1.3010584031686097,1.2278149917818812,1.340780384953071,1.1180111536170694,1.0587389924257844,1.0609168330146825,0.8881739021001522,0.8287816415651175,0.7494737353918972,0.38254926941093426,0.4043106482993001,0.1341254965170872
12.879999999999999,-0.07443854313622103,0.11830541302343003,0.4415973548133763,0.5270736290450964,0.622495893166165,0.851859928648884,0.9714459773166313,1.1032335247078644,1.1772314117937266,1.228553286137485,1.2266527073788787,1.3176658389067553,1.3988488162688932,1.4878751062218685,1.4990766063191858,1.468085426188494,1.4693917898149151,1.518837171823026,1.412437830296937,1.47696329761753,1.3137233627720044,1.2445414666704027,1.2945206804712548,1.091245551615886,1.0328909217036073,1.0018326973038953,0.9423204886093657,0.7930761380006723,0.6913073933850802,0.4362527064900247,0.3981133284925628,0.15441646153306887
12.89,0.02136333443306009,0.08732303197886375,0.37359549078383647,0.44320595656554634,0.7186034993298315,0.8497742942058033,0.938607583935476,1.0156512934595987,1.16470938278361,1.2622109816032074,1.3267033436715288,1.3579709339695976,1.3735930888072374,1.4534453082781689,1.540966279893692,1.4856646405879546,1.4525205384673499,1.50166803268004,1.4904641674029424,1.4959943922985572,1.3098980610654067,1.2969761058137255,1.3355875742015426,1.1353275925854676,1.040711065642263,0.9987937232442666,0.9605093963567474,0.8379307697048755,0.6912028418143713,0.4411246750085534,0.4027636111937568,0.11993190811684566
12.900000000000002,-0.001624692419360775,0.09905816049301473,0.3296110349323187,0.4328777767115087,0.6010114088576803,0.794212006268052,0.9530454748046276,1.0590147591919263,1.1240416393686976,1.2328939972400055,1.2846194453858095,1.324295110678787,1.4856758175301346,1.4530282030092148,1.432950847547657,1.4339913959849242,1.4192856010663393,1.5227125094108356,1.4425348632145523,1.4669081942001598,1.3209419190017389,1.2938795559439127,1.3270918173959871,1.0802387561922282,1.1182085966383448,1.0490350987183925,0.9107142068748173,0.8863100179714931,0.6946771292503728,0.48702696372990434,0.4907636454066956,0.14371909790811463
12.91,-0.008848732544704273,0.08040763080472552,0.39295848898563873,0.3729425820829,0.6185353254052268,0.8005804862081038,0.9923813438239323,1.0523722535289495,1.1648449737960092,1.254456848906243,1.3071682850768096,1.3820447112193248,1.4379903328227284,1.5220202767610727,1.4639510244163596,1.4757319671302784,1.4936089655788196,1.5550918475666795,1.5135981862660322,1.4952422963354144,1.290967041751047,1.1921227050630576,1.33826679572282,1.154848387917495,1.1068438692838394,1.1434930267296377,0.9701615281520778,0.9235595148019069,0.6559425447758316,0.500105938902184,0.514644998457402,0.14676166922666004
12.920000000000002,-0.08449144420116218,0.08282852445810801,0.40568128694321015,0.36624735988874674,0.5791544805022574,0.888267075328174,0.9417112216409441,1.0392821989767993,1.1459643522661853,1.2729878880840746,1.2515870547013248,1.3723378996013365,1.4840719513201865,1.5006468303193017,1.4819308788004224,1.4397437888958295,1.4383335228736183,1.5424497486542235,1.4763511532430353,1.4655435953754339,1.2717524029734895,1.2543895586973948,1.3012591892879386,1.1279822525269014,1.134628300334869,1.0965559329345744,0.9808208536557103,0.9418657733145939,0.6328544486648637,0.47130896299061587,0.49253085470925817,0.12151958286878134
12.93,-0.09567960443403092,0.13052500180945054,0.38218921450732396,0.3869466194152444,0.5905406325262176,0.8424508266098112,0.9116918409537285,1.0443540094119332,1.1229612790757677,1.2392030300992127,1.2900700426478,1.3245638823406514,1.4501808547483754,1.4004454829553015,1.4590854959170316,1.4607657837852766,1.4784405594291639,1.5730959020922888,1.516858685109821,1.4553467924639556,1.3160341255749748,1.2415299485138962,1.3072828482363905,1.1340864737865972,1.1468100946106896,1.1130101312060257,0.9813655775021906,0.949405295245098,0.5805958989341639,0.5097581824928514,0.43727010843676084,0.07449553561299703
12.940000000000001,-0.11617598579632271,0.05781447106022071,0.37790937009658737,0.42097211043421773,0.6367759693528623,0.8640331643349113,0.9482675429544764,1.0351333504497109,1.1468652200102474,1.270631969109777,1.2919139579152934,1.3151702702560983,1.3922096924883263,1.4790503457739705,1.4840833685621633,1.450104913414891,1.4871436636661928,1.5271961020688936,1.5326292967749675,1.4588422042970557,1.281422166306234,1.2863616505697588,1.29877482481525,1.1624201917386308,1.2470883310978769,1.1139728551016959,1.0495328077938622,0.946180036282019,0.6352509533392268,0.531239294676097,0.47372728331080716,0.09146931738882541
12.95,-0.07335516782837054,0.04365635329709004,0.4165783492632022,0.34388817636582014,0.5154896411689995,0.8552296992699421,0.9517179864832394,1.07139164158371,1.2066898010088412,1.234286619204728,1.3216642018419034,1.3730134460351557,1.4812975909903,1.4152105255817715,1.4672389596059405,1.4633270118509834,1.4628482920860684,1.4430209041189075,1.4956874989161157,1.48222383524049,1.304867581045964,1.2412923698626948,1.249592688557197,1.129603501059414,1.2003924385724072,1.1342460660248403,1.0044445394259085,0.9427909332522113,0.5548512134363355,0.49403507235040933,0.4927918574759716,0.06743087621789155
12.96,-0.10674425576604417,0.08639592591683992,0.3927027199399199,0.3606674709035804,0.5943469733910418,0.84072962875401,0.9406507507378806,1.0719493264223856,1.1771613715081295,1.260915821912444,1.3612791713900723,1.3785873209467474,1.3847516799019128,1.523942520043175,1.4970072882797372,1.5017128146722054,1.5031664942187808,1.5200250109460876,1.5381016444684164,1.421696379723828,1.2957662742653313,1.3028073575204302,1.2436764901712078,1.19314628314977,1.2164097777496734,1.1511973231645525,1.0624814680586423,0.8730526603574945,0.6093707379388243,0.6040859922002229,0.5069875683189397,0.1359361152170721
12.969999999999999,-0.09983806307606338,0.12092642571808011,0.35444957138405897,0.3845422959344517,0.6209305186548759,0.788062972111107,0.8709650551028053,1.026113353787547,1.0583788525851177,1.2600580733635929,1.277647968071006,1.301581612650839,1.4536546403562385,1.4848375745740467,1.5398273413214179,1.4608222738192436,1.4826181289135063,1.4765202452165325,1.511052787696114,1.4744731272866347,1.3623315602882622,1.316404072300199,1.2636101993165183,1.1324000575946631,1.2220976910817458,1.1569413403040458,1.0089082786149575,0.8918171205968906,0.584051075165984,0.6872209225663627,0.4302306533804461,0.15037036793622166
12.98,-0.013070667138901515,0.16816299938689763,0.4035292119328621,0.44221177792422345,0.6223372905973124,0.8361962620824422,0.9159816023050337,1.0341339592833543,1.1221530756076497,1.2374299052516526,1.266576829628035,1.291218804551907,1.4342137060181028,1.4999543910897204,1.473191607432068,1.4986594067095187,1.4341366696694093,1.5188200249445296,1.5099028578665359,1.4347679309826917,1.3342122915309702,1.2853627775154957,1.2718831777462871,1.1728619357382977,1.224741337821692,1.1400191926037972,1.0814176947497676,0.8782244332280545,0.5454407368562465,0.5838766624119925,0.3828104771622887,0.1427907304812908
12.990000000000002,-0.05619691017005506,0.15325911087710595,0.406849063027584,0.42501754062616476,0.5588914168203372,0.8384418557677681,0.9361921813843695,1.0809129731014098,1.1299258765314208,1.2664687333034652,1.3169656208887457,1.3136169321551296,1.412213811663882,1.5104762950915178,1.482854324698298,1.5017380972283276,1.4806404343847162,1.4933364365023887,1.5106351102470665,1.4756837423620897,1.347834240279289,1.2950553714819335,1.2359964592178165,1.1774161148806057,1.2505256506084161,1.1425176075844425,1.0682476025757177,0.8629863488962709,0.5202121811414255,0.6148528854426412,0.3423569174358964,0.11421552330224016
13.0,-0.07529786443190034,0.1533604996957393,0.42948929369943867,0.4471818925861552,0.6110223625320309,0.7876955578511904,0.9209662428898344,1.0876150847682142,1.123400882917356,1.1977347067726343,1.2588369124529326,1.3407354028312408,1.4216304895657181,1.466257851619305,1.5064333174051296,1.538206030385142,1.462661195717681,1.5039367436999966,1.4726328031787053,1.4527589686808566,1.3289155972049091,1.2415957173963628,1.214042695320143,1.2039832497818406,1.217738778463874,1.1982124781510257,1.0868541689244529,0.8752004997604212,0.518794744407848,0.6483582718785276,0.37794311682142134,0.12909323156598315
13.010000000000002,-0.014139379695623368,0.17412848491152927,0.38597772929291596,0.49179881712365525,0.6045244823803704,0.8585452238336237,0.9599383219617422,1.079131536078398,1.1614739040820528,1.2517185031627664,1.3100123494456908,1.411696549447899,1.4253426039060653,1.4925657605118512,1.4968791151110767,1.469081515380563,1.5196836008755763,1.5358936000323404,1.4802714649270725,1.4711420601361211,1.3604338432803844,1.287816496244119,1.2049511323295778,1.2444791104137278,1.216613950751606,1.1521436295266152,1.0157806607868145,0.8093541846150477,0.4791893854839343,0.5947511527425713,0.3714031772124601,0.09203358808356892
13.02,-0.0064882932143537145,0.22156755989778235,0.33199015613149535,0.41911389516917963,0.6184746266888584,0.8621503526990618,0.9457695709140963,1.0746424591175594,1.1439160665986616,1.2281335192077938,1.2729295011105761,1.3363097396275776,1.4404346921144846,1.5401481927083722,1.4629016801499253,1.497770142264708,1.4925133226004972,1.5726253945840742,1.4861095164163651,1.36234695529697,1.3414043072385233,1.2358542927805771,1.2115795987129967,1.1515445048165687,1.1745100895464287,1.1052710247317503,1.0463471294622857,0.7988185936751813,0.4666324041604847,0.5576785037608555,0.355783118326523,0.17414673821272406
13.030000000000001,-0.0492959672539094,0.24484669001310047,0.38498578201400074,0.4993180989723834,0.6292054305638173,0.7857531460557627,0.8918309319942281,1.0064345057283661,1.1432620549232275,1.1977255225331211,1.3117502326063892,1.3819669688495735,1.399727352748732,1.4692556968364565,1.4179424225570845,1.5032910580179237,1.515775790136805,1.5585945842131186,1.5138782179423236,1.4120131614252238,1.412035033596618,1.2454043928392085,1.206562808692922,1.227189892129777,1.2079850763087991,1.1447231840260346,0.9888383566936906,0.7189480365698525,0.5225943025092825,0.5776170147995808,0.21512096735452402,0.10094184961087013
13.04,-0.012454583222866304,0.25282247433506305,0.34321436066826283,0.5066594006162871,0.611659142000923,0.8079508127129191,0.9326488883314213,0.9869828224882473,1.1617386439621282,1.166574665284534,1.2971792908630349,1.3578752030737078,1.43852426756748,1.4642830274660354,1.465003642851569,1.514073165347978,1.4919807888508336,1.5266126190396667,1.4347002309031394,1.4179207484549505,1.3837258602477418,1.2931449054783177,1.1463243858852883,1.2831862674695895,1.1730846320985089,1.0900241324063964,1.0221141951653514,0.7305711565287063,0.4451677845293117,0.599449032937478,0.276462253846716,0.14411157238905647
13.05,0.009138749935065785,0.19006503624463733,0.38426473870269684,0.5162911325053529,0.6646427617487658,0.819056877860668,0.9204412804607717,1.0161256250451922,1.1043858589157973,1.2327635158880308,1.260027605455317,1.3194421772244147,1.364017858294131,1.4254479597376317,1.4619734275978622,1.5195387484318446,1.4296825260207262,1.5330580560756473,1.467050242656779,1.3707790445053145,1.3422476094154001,1.2500158652419375,1.1940297057670335,1.2520432807964226,1.2269478611936024,1.167791673727332,1.0250428988255722,0.7297049174620752,0.5155829202978537,0.5863888489872122,0.3071577115785822,0.15916783753145566
13.059999999999999,0.05265949667350793,0.31434011514366855,0.3449620143521312,0.5422080129902317,0.5991919635430552,0.7940408283826051,0.9055838737412201,0.961841363827029,1.1072223684066422,1.2431289303452682,1.2732252711368128,1.305654007713267,1.4165850525978765,1.4362544256646501,1.4649861852504633,1.492303336396607,1.4295313552387918,1.4482243032582711,1.4881586353723233,1.4097213047919144,1.3783435734045617,1.2617325044900303,1.2050588283106334,1.2144603298890821,1.2256183367495528,1.1110099851052557,1.0314734563216374,0.692606790638245,0.5303013870167613,0.6120207360023029,0.27328798459706016,0.20270914452441452
13.07,0.024334367806897482,0.32348323052663247,0.3913690833301876,0.5500001498549779,0.5899725010797882,0.7809832785781294,0.8634912688625368,0.9850872647465694,1.0803583717834826,1.2221835817045816,1.2556915338310561,1.3468776228824637,1.4145255772117746,1.4428741645146326,1.4920754836746577,1.51601908251398,1.4435759553318672,1.525606102121962,1.495177227712899,1.3862197043140887,1.3112418843670517,1.2384259164062172,1.1767254908210185,1.2520784582975035,1.2162537198347838,1.098363805977353,0.9295483435594141,0.6669543094054798,0.5004866611911402,0.5945322433514408,0.2248482089544852,0.23276176563304285
13.080000000000002,0.0038265637118728227,0.29572621027481694,0.30689887642330616,0.6161427703804774,0.6563905043531504,0.7720096210278549,0.8643394427458406,0.919561749626665,1.0634840821762308,1.237009046228711,1.2345222234136042,1.3499519338692758,1.3791069512621332,1.4588923453544766,1.4894092060038553,1.5555431732438614,1.5246711359886853,1.4764816770918636,1.4417243243117481,1.3763609318712715,1.397984625478578,1.3019134657171507,1.214878585804419,1.2778898151986116,1.1760747473917503,1.1223063887994624,1.0041260560923917,0.5969595394008763,0.5304093675550632,0.4985536861122609,0.15977203906280812,0.2258273398325939
13.09,0.07868694616402416,0.30589747706282583,0.2954705880529188,0.6469564988440591,0.6393107311777514,0.7536851406880266,0.8327546882474346,0.9692367929844783,1.0157915865747351,1.1683735477951227,1.259929000954927,1.3268381944063101,1.4145424509780467,1.4822214646083076,1.4736976536007975,1.4587824985266447,1.480014009284,1.500457349992369,1.4504379205650988,1.394845234323658,1.4668894515778017,1.32269566908438,1.2560559633074284,1.3301656662252934,1.0905744197014162,1.1126232227110713,0.9567851570241614,0.6510000666589318,0.535853691949476,0.5095296734735675,0.22656171439905987,0.31166985807310343
13.100000000000001,0.0316529774178666,0.354412314620619,0.3009965491109554,0.5937190912009827,0.6896135628829942,0.8030658094063786,0.8739734956072618,0.9351792946690055,1.0449035931192612,1.1693239730860117,1.267612866346363,1.3101931057510512,1.492513089055377,1.44528252047331,1.5378745006918686,1.5553711276376636,1.5666150257947242,1.5181868271439196,1.4463787372517294,1.3907207044774748,1.3653299704583521,1.302514631740812,1.2104504733424049,1.3114374742617236,1.1046431217675694,1.1127640870366644,0.9310625279233816,0.6384247727300808,0.6099321289783927,0.583394173213415,0.24884782262189117,0.2750678546311621
13.11,-0.0034817007258631655,0.32079873368411116,0.27291677664289465,0.6210582352206742,0.6375486080726996,0.7265211265937833,0.8260746784873995,0.9436625730015464,1.038800069050695,1.1615962299545481,1.3013369773818872,1.3756117780917076,1.3925464497106064,1.4576598473897944,1.4655592951302827,1.4975028287419667,1.5139750475262617,1.5097531756321425,1.5118780297561862,1.392840067523311,1.4060797505135851,1.3756747981563526,1.255598656947886,1.2986702528994571,1.1496016341887256,1.065361475324316,0.9773095215824333,0.6376207295904578,0.5690506668449319,0.4916096221005044,0.1811572835025055,0.22028925179959882
13.120000000000001,0.10890973963600042,0.30423506606312334,0.2974700201314998,0.6306783992262777,0.7050281021512272,0.7466007882000694,0.9106730640956326,0.9497706368890708,1.011298014081612,1.1673878913675635,1.2554187896925662,1.3185511607862408,1.4146801327503011,1.5227032101731541,1.4463819732477439,1.5161411057977463,1.4992747630469065,1.5233684243772283,1.496887911673432,1.4267171831228638,1.4438768471287207,1.2852723554041185,1.2309544564509824,1.3239926059716725,1.1123543330984642,1.0310606380401086,0.8127627293907773,0.6156694039451065,0.6642918195871045,0.5164461525263536,0.2649855457728733,0.3016379731360145
13.129999999999999,0.10210660546498634,0.3387391313955201,0.24789867155846534,0.6195597455111914,0.627919024178634,0.7206580247383203,0.8952462641893462,0.979079415839021,1.0434536831295078,1.1380541599898586,1.2824120558148193,1.3982415690974084,1.480171835559279,1.47139091441404,1.5180779826512143,1.5354533931170795,1.5353946155672011,1.5095556643245804,1.4234245755839714,1.3786664914401077,1.3902053575697038,1.3063626409436788,1.2302778465517292,1.2952486039653013,1.0724455094091276,1.0047792672603062,0.8972486505133611,0.5927855094641464,0.6533231960540468,0.45344544942734966,0.14703407369834437,0.25894388658893036
13.14,0.09759293159762975,0.3331730570560076,0.32387137607547045,0.5980022056717732,0.7193333640694329,0.7804184318202596,0.9271168672297361,0.9814562176606468,1.0717846875000503,1.2008060500082554,1.334841392669578,1.3239289023931158,1.4599841996619984,1.4828298195617255,1.50964618367908,1.4415714704171574,1.5740471041091655,1.545504798203493,1.4793911384580534,1.4230917478695755,1.459539108665984,1.3296802346107268,1.26340759563138,1.2734149443035252,1.0789141599479295,1.0076535527278445,0.9038791245278366,0.6299559109986322,0.6625440890282354,0.42969236252054815,0.21810734874127605,0.2633904820521901
13.150000000000002,0.09979612560985875,0.2833056168617864,0.26389872205722953,0.5503381221854969,0.6935835672524359,0.7613795924452217,0.8897139734610959,0.9747644687743451,1.1028741752672762,1.1687710769059485,1.2334909890740606,1.333454963684333,1.4136216130714867,1.4609995953276456,1.5259295682392577,1.5204567115585719,1.5100162538286839,1.5045948043533657,1.452170849045815,1.4337995348160801,1.439995751626199,1.3701720980968544,1.2615779400062828,1.3056623052619516,1.0456416583977235,0.9961672125335591,0.8427629653027582,0.586424337516443,0.6496960200354008,0.4457030306454497,0.19000430482023017,0.31855345784582806
13.16,0.05044994663347967,0.3069716802370276,0.2693613285905834,0.5798546871115446,0.6999952766557892,0.80995612725121,0.8972439188001816,1.0088024779653533,1.0688022395725811,1.1712217888264114,1.3028761380782796,1.348695016834374,1.373286310258885,1.4784789828564966,1.454883948045531,1.5397255751657606,1.565680197472055,1.5295533010523448,1.4572580112219604,1.4632019987655642,1.403454098544307,1.3422666827653704,1.3097203227704937,1.3483687824400623,1.0292984601500745,0.9795315993696297,0.8021254022734762,0.6380548080029916,0.6551062446949255,0.381076767206256,0.24793390867417262,0.23793923545915435
13.170000000000002,0.10086753777586278,0.2969142665348797,0.30103589234920597,0.599077774352627,0.7245850399662889,0.7187104911150302,0.8877202049302497,0.9682784644435575,1.1011508262747165,1.217262249803264,1.2647401674443883,1.3988836345880413,1.4270121298409015,1.4467413925539743,1.4448884361016074,1.5414273486577321,1.5523077312748614,1.5289797363206608,1.4595820305660836,1.4266087449735938,1.4610425244296332,1.3619479177312785,1.2682436395163583,1.2590521797862453,1.0352723190760933,0.9670817772856879,0.8347825800589161,0.688643931172037,0.6998139326058477,0.3837095033945677,0.21701942404039154,0.27206561231456716
13.18,0.1336059503970629,0.2671671123398728,0.32583290217535077,0.5919881143842642,0.6681193535717954,0.8362742173925927,0.8879003414717404,0.9298195646726893,1.0682593358107833,1.1380815834276352,1.2477657266807287,1.3740318883642593,1.4262697243406792,1.4833404098936156,1.4929852653082443,1.5094192063091902,1.5226296271830853,1.5808932232509383,1.4696284407325801,1.3818712297050386,1.4685561063695132,1.3542429453317315,1.3450739301820485,1.2893945023757691,0.9703133616986754,0.9212174631342082,0.7404327344894573,0.6590301439961328,0.6712624491990679,0.307755198060901,0.24413917196679405,0.29914591871488483
13.190000000000001,0.05163782679001633,0.22429335213651075,0.2831637817578458,0.5609016541090828,0.7372839320754366,0.7966074452969218,0.9250987014465334,1.0165883569377145,1.1314929513054743,1.1698366702037493,1.2745504147779527,1.3141769650870554,1.4399430211112236,1.4764941007418433,1.530006920219505,1.5215086568311176,1.538302012633125,1.5014613539989115,1.425592986347655,1.4300602807574199,1.4451625320391077,1.3932428156136143,1.2916870766079769,1.2685091227281136,0.9709866152312154,0.8737099909143002,0.767647955372705,0.6986950948811533,0.7341731253440569,0.3615241499474507,0.18384116652006802,0.27567859486698537
13.2,0.117318194103166,0.23478171544054663,0.3243245309909612,0.5376175098734087,0.7380026352525882,0.7875763789993079,0.9038671589004927,1.0059105869185059,1.1297366369745936,1.1930933447334187,1.2943664521572746,1.3872287110699657,1.395615478669349,1.4559519873223044,1.4511373655147741,1.534461947936317,1.5572092691103985,1.5523064248713925,1.4367761500420122,1.4314510751730785,1.4388846685060623,1.3714475310272767,1.407572836736181,1.2792266779553156,0.9884269893993429,0.9383649951279279,0.7567674720301137,0.5968387299197192,0.7179784783104121,0.2832546029731173,0.3052995600799937,0.26702922926886347
13.21,0.13696101002148015,0.2324689810426458,0.3553636167793244,0.5817798266561068,0.6804340193341811,0.7922110057103853,0.9137138615286047,0.9322458505242122,1.0852991660091933,1.2150502600022044,1.3139482769783248,1.3711674268736131,1.4112691133364397,1.4833195447763003,1.4126682639566888,1.46995439862572,1.4510395455485086,1.5204480181129472,1.4556908959924555,1.4313091060056726,1.4613115822030134,1.347285962742436,1.3640169128483952,1.2513384105012924,0.9978593050516265,0.8320066332797428,0.7212993713553995,0.7271366342212846,0.7071992522204614,0.3360545427468535,0.34281305396962614,0.2687670215561318
13.219999999999999,0.14319404580803222,0.22248630489194868,0.3547824309732842,0.5946211325421764,0.7541265455702433,0.8219355185556463,0.9299874776675241,1.045552506339252,1.1638434576021122,1.137903198736273,1.249553848263411,1.350394497974243,1.4003115683432616,1.5006775578235507,1.45847343926132,1.4589600293346554,1.471733091929954,1.5461344272060444,1.4352238483743895,1.484651478877061,1.4010822378578667,1.3985381250960978,1.3536079027945709,1.2329393131779025,0.9304602696372258,0.8574785001340518,0.7082312717661134,0.7847150253753645,0.7434141187082562,0.31136943139355894,0.27735588781783294,0.2462404770570147
13.23,0.11341004277712916,0.18893343337413349,0.3387858648323981,0.5294967472546925,0.694749558758791,0.7977014909068175,0.9902999519189968,1.0248091336978036,1.1002306036899498,1.1719418022751742,1.2687715145553886,1.3867733484979452,1.4285756705922088,1.4604998411628285,1.4843312721966062,1.4967052314197458,1.53055684392401,1.5191978086112774,1.4070832345734587,1.4685561724909961,1.4571773644985746,1.344416090196624,1.3037888462423943,1.1992616495916169,0.9607357690666304,0.8348662812000852,0.6910051855286682,0.7405091367054889,0.7593818620158002,0.3450876016185198,0.34198753402349896,0.28681417854854047
13.240000000000002,0.09723073570197288,0.12546372291294217,0.4587341197843501,0.539386488294901,0.7691593818816935,0.8266838277321803,0.9262849211818488,0.9944111164598559,1.0628138083499061,1.2326403215182091,1.2774564263576362,1.395528608813329,1.4612002730120415,1.4948835103227212,1.4701276050639354,1.4948611456242455,1.519391067209625,1.5371164825434613,1.446842977927568,1.5268917959611163,1.4181362019383195,1.3989624571457175,1.378752507255633,1.2363591188136989,0.9729716359426996,0.8246618516895136,0.7499573863333839,0.8191061828824042,0.7488760122221771,0.27610493742808284,0.3371946177426335,0.2951135329820621
13.25,0.17678842793120073,0.17810322198189246,0.3640612884004297,0.5467946329987305,0.7236578828654823,0.8505104801989376,0.9828723260611594,1.0273650792332978,1.098809421289809,1.2258243525809556,1.3451615947943976,1.3921557264868658,1.4316814735263181,1.4237308482447613,1.5182742806382725,1.4818558661411578,1.4617725455293509,1.5608252193249943,1.4419236228549468,1.44255027737761,1.4006177326433786,1.2588144703581443,1.3667534982299654,1.1827962972703485,0.964813753295789,0.8077821716257557,0.7139236164353142,0.8880122409556095,0.778753289219804,0.34586449501187966,0.3925126189953516,0.2417831490620913
13.260000000000002,0.1460030891490367,0.11755481456103653,0.37110634107968415,0.4576961296522015,0.7187321723632962,0.8328502613118873,0.9389950956822972,0.9661500178053135,1.1408284996568276,1.2168206606475924,1.25206446852528,1.4186305267245807,1.4072620897549155,1.4616096264605203,1.5007474054338954,1.5188083880736827,1.5191405709375148,1.5399326385903052,1.4392936247638926,1.4731383617733742,1.4335238941507902,1.3260452671389973,1.3474442499748585,1.1880082756928496,1.0289671894894294,0.8474882417227722,0.7829558244752538,0.8070581201334392,0.7611409600409835,0.3624568088893605,0.4234463346234936,0.28451495732082366
13.27,0.13217974702606364,0.14970842278511753,0.3830348642490544,0.5075331000979658,0.7668811176586283,0.8509495923905517,0.9551008991178662,1.026713218875351,1.092220150939911,1.1460463227463136,1.3040733096476194,1.3948768770768862,1.4676841665092213,1.414280058115807,1.4777744674103972,1.492235705513413,1.5418848117566442,1.4951833168288498,1.3914950664204504,1.4930912863893737,1.4549392437974633,1.4110391810411238,1.3809838698428558,1.186465233156538,1.0009914743522657,0.8771667247739262,0.7539411977237115,0.8661102311414226,0.8234944627147283,0.40457627913444816,0.44282648640338823,0.284716325702382
13.280000000000001,0.11590797989441753,0.07845761001088217,0.4511570161873049,0.5211599553586963,0.7424953835776994,0.889340610934342,0.9879545251207085,1.0602413998733766,1.0879115238053927,1.218734332238595,1.2984226657174356,1.3446324999043175,1.3778397725757399,1.4927560532743767,1.4707062672455693,1.4983728118568622,1.468741050939391,1.5485204934032089,1.4473278954219466,1.4661003099544443,1.4847741496007265,1.4052869618021184,1.3193180639687723,1.1417839186039835,0.9921509547995702,0.8941142508759575,0.8133295002757235,0.8719104999358063,0.8111879092573272,0.41438847062279316,0.435393150303297,0.32596262103063695
13.29,0.14422742565508662,0.10697923972434062,0.45795864969492894,0.42322299015580805,0.7031836036719207,0.8487976958365463,0.9918410111362703,1.0511049138461284,1.163694844331893,1.1452812763529343,1.2056039584111269,1.3303099185337335,1.3975469052564156,1.4725445182245742,1.4826413655781066,1.4690308326134947,1.4869626940556604,1.5265213715740868,1.4323986116768428,1.4697464553055992,1.3963195988778228,1.381270585263553,1.3839212092723865,1.1684151471221988,1.0436859709376312,0.9082317657482014,0.816592343075221,0.8997056479153778,0.8230578940388092,0.46059086978455327,0.465777631135404,0.2962901288016303
13.3,0.09067642686495705,0.0893702345057018,0.4000989725483065,0.461756204383224,0.7128002741129293,0.8079781402740593,0.9878162152673731,1.0415046441861826,1.1131841057672578,1.1929827386438405,1.289363923181624,1.3738661396128629,1.4084772267658523,1.4460921316800766,1.488634890722941,1.5073494749710064,1.4778214601845603,1.512445834815292,1.443563976848653,1.4701590132478017,1.4182174067456972,1.4002840300905606,1.332155229967986,1.11546127873395,1.0841740182764439,0.9433845283784852,0.85699175843918,0.9407777603254142,0.8188755146227529,0.4794557659326784,0.44091330102317916,0.23532413641814334
13.309999999999999,0.07889957574910568,0.039096265082594804,0.4834195247927781,0.4455873830843946,0.7410965168794169,0.861891880823763,0.9714892598240356,0.9965656302961347,1.1228599042313943,1.2254837096852538,1.2942540986756614,1.319785441262411,1.3990346204046307,1.3969454483400265,1.5199845922396915,1.5389714072452108,1.4552013636344607,1.461705169866208,1.4295956519305424,1.458587763062819,1.4142343519762288,1.4164189558184332,1.3553060292419452,1.1213720116882626,1.102533532178792,0.9831380507944057,0.8900985161940442,0.9346542875192593,0.7481138141436291,0.5202093758296462,0.48675226063496785,0.27089116663624313
13.32,0.07276873793943994,0.0849450525443487,0.4057618909621371,0.40068894175185554,0.6855979214847762,0.911173250598142,0.9972596716235342,1.0688295283491982,1.112512984589321,1.333427835203733,1.3082083185357718,1.3673712104694675,1.3972261010589082,1.4503516060839379,1.5250039564215476,1.4715737137229012,1.526220787533953,1.5377810461218047,1.4560244722504643,1.5234009753944076,1.441411619855531,1.3864109755262846,1.3517334897806483,1.1716196088342594,1.121133985287742,1.0275204472574186,0.897969390679689,0.9446217056665847,0.8103456543329058,0.5832061407908633,0.49266627783758044,0.34518487242226753
13.330000000000002,0.09294704082064253,0.015056414422944187,0.41492353062318443,0.4394824875630793,0.6716674542567258,0.8853491979775937,1.0024886332043923,1.0321244455081915,1.0725166266084998,1.1892659184008698,1.3470568175251345,1.3355261501662665,1.3994077659359385,1.4219995202124602,1.4747794434079426,1.556695200487573,1.5157062190716297,1.5538022713175748,1.470584967200827,1.5540405597659455,1.424454670661257,1.3716347930870934,1.33916197079555,1.1439873465207655,1.1711866842253371,1.003603028735036,0.8972592330152548,0.9430245263972341,0.770991421901525,0.5571463630100468,0.5067284942133106,0.2938017936150094
13.34,0.07383986173473826,0.025725575142775074,0.3823076129024295,0.41940625884040333,0.6715552661097872,0.8957923446435231,1.009753251330208,0.9748375041113096,1.139893670909581,1.2087383517346852,1.2274442261224234,1.3153863668762726,1.4000946692585445,1.4469481267961863,1.3725295722928443,1.5223943256144186,1.4974285698053003,1.5215914742560892,1.5346115756836314,1.5374962028911383,1.4659285692492223,1.432792223280991,1.2999532077914784,1.1836055740880107,1.235896083390987,1.1404239906429083,0.9901644514177006,0.9115715805171877,0.7735111480749648,0.5467880143461654,0.4765577272892515,0.24698208631283367
13.350000000000001,0.07620810475479985,0.11747196386818572,0.48635307242528547,0.46818562618372767,0.6917683004742954,0.9164930821310289,0.9835246248534871,1.002633941554037,1.1185285201591857,1.2703554273848083,1.263365390554312,1.3105884474698026,1.408402443900472,1.522604169705858,1.5548803629663244,1.5671253245536,1.4858997927180997,1.5285391969538749,1.5191885688017512,1.478503707997764,1.4601508744150296,1.4002895720150763,1.2752928009835378,1.1485261569620453,1.1634636324978107,1.0548568451710334,0.9974147534449995,0.9490063327800822,0.7591791513199729,0.5755298804511924,0.44307252569635885,0.3038226902913555
13.36,0.014221839625441459,0.06846627502034555,0.4096171294787816,0.37915703724304045,0.6871021917203189,0.9011915438819398,0.9436794149273757,1.0123346693966349,1.1284156884605303,1.2233193791684354,1.3056807999280018,1.3455273625412385,1.4146834387502245,1.4196019405827107,1.465183467693017,1.4581194564524431,1.5031762861024,1.4623063621402286,1.5032766083415783,1.493605651923639,1.457050297276858,1.4397900107121917,1.3278447431048104,1.167576810602373,1.1792097361917409,1.1381797901674384,1.0313759565136993,0.940146552552945,0.7207633027681168,0.6046939873756848,0.44990288516831867,0.28711761465510804
13.370000000000001,-0.015046787982134418,0.10199956633625085,0.43719563404099915,0.5010216536068957,0.6446388268533367,0.873821838017772,0.941182773533913,0.9570722083496112,1.1019481090745007,1.239790571413115,1.278361266558484,1.4632803343567058,1.401890777422579,1.4753896719165442,1.476775312447933,1.479100677922773,1.559385340046356,1.5386414180776857,1.5250682754251885,1.4926745623669864,1.4274389805614227,1.3950338653559842,1.2556428778235618,1.114255363324636,1.2042825320797446,1.150448319667053,1.0833160809446887,0.9913913722374553,0.683787744966615,0.6199734246096706,0.43369327557653176,0.2248792945035848
13.379999999999999,0.04592764018257668,0.0911664910322618,0.38696576342068706,0.37953388148769107,0.5770947523938046,0.8884321266619453,0.9485434211168908,0.9969472286497114,1.1017241584259403,1.209623190692501,1.2296364782258074,1.3394736562696161,1.3786479835384156,1.3892820749132841,1.4858254071866324,1.4481113829953172,1.4873960981178957,1.5039742865919965,1.5571323841050564,1.4611116672729676,1.4694767254869483,1.4169433127935553,1.2317955106202656,1.1279651617477617,1.1767101259101957,1.1686194941854542,1.091535156734678,0.8927484932838801,0.6912328667755553,0.5956435620670317,0.42540762328936466,0.2697779458800124
13.39,0.011753838877391388,0.16930501966065242,0.3843247354578399,0.4204705091029518,0.6283413060047012,0.8249249685763045,0.9906190479789536,1.0525393643101855,1.1062940738106868,1.2031918736900062,1.277991370779314,1.373338344081934,1.3951171749830158,1.4617553079501115,1.4653124497470933,1.4934110048763154,1.4916404373105299,1.4582871241926667,1.530959230465799,1.4656433881706752,1.4306046539416069,1.4270283934439043,1.26833721962919,1.2064193739142524,1.2207889877106728,1.144858784513834,1.0484907521669846,0.8458813126342751,0.6960688522452189,0.6517676144091917,0.41853830507555106,0.24891935823012226
13.400000000000002,0.04630313336003615,0.11054219583114275,0.3895207179555615,0.4412836664177265,0.7196857617485137,0.8553264225491524,0.9499816243347264,1.0017991773631987,1.0918422133233796,1.2364577003414443,1.3170140563069046,1.3760823627409002,1.4543590032336955,1.4769279454658641,1.4379469483273957,1.4646601625240558,1.5399681522583517,1.5561594569435155,1.451970435652332,1.4562915543572117,1.4060512295629812,1.404935408357054,1.2864165645150196,1.2284626377022803,1.2827696862244669,1.183980143306525,1.0863655353672934,0.8323832202238881,0.6349858520765009,0.6528523017420849,0.3652526637131053,0.2567735368705177
13.41,0.029047839293317945,0.12722419191406584,0.39955547373193717,0.48159059437093377,0.6071011837154991,0.8092252108553213,0.8666891892395184,1.015823214528657,1.133507362935342,1.2001896767552283,1.2815350029081976,1.3963047010099037,1.4177735452045273,1.4718251402383702,1.4639080911120548,1.4677866460619808,1.4685102862197725,1.4736655705344301,1.4897781069069622,1.4508265971452734,1.4127908431509566,1.4432688612244395,1.1946267425687487,1.1365885776138185,1.2069711189181989,1.2073318802298505,0.9878239897647667,0.8278175682304922,0.6442922063200656,0.5687212234383292,0.3356885648022205,0.2967763717823126
13.420000000000002,0.04165919453743328,0.19007279179215858,0.3733621450805271,0.5105336392390922,0.6381560675261765,0.8771744186214624,0.981886495576185,1.0947678311829532,1.0707826749013576,1.2031372183583113,1.2991610879393358,1.3418579614427193,1.3818658468387222,1.481705245378486,1.4394895949495041,1.5167840749010684,1.4499793838456454,1.4815715977058996,1.4681174460905313,1.4104999515120757,1.416666588347345,1.452683816285351,1.2367877398672023,1.198765843196701,1.172166471584697,1.0994945484726886,0.97750363746822,0.7186731287214788,0.6106226069389485,0.6320276100018892,0.31860427367954347,0.2579125938678974
