{
  "case_id": "bar_Re100_p16",
  "backend": "synthetic",
  "shape": "bar",
  "Re": 100,
  "dy": 0.029866280116841837,
  "eps": 0.04526555143690942,
  "seed": 1674389620,
  "geometry": {
    "H": 1.0,
    "d": 0.2,
    "x0": 3.0,
    "y0_nominal": 0.5,
    "y0_actual": 0.5298662801168419,
    "L_in": 5.0,
    "L_out": 5.0,
    "L_total": 10.0
  },
  "probes": {
    "count": 32,
    "x": 10.0,
    "y": [
      0.015625,
      0.046875,
      0.078125,
      0.109375,
      0.140625,
      0.171875,
      0.203125,
      0.234375,
      0.265625,
      0.296875,
      0.328125,
      0.359375,
      0.390625,
      0.421875,
      0.453125,
      0.484375,
      0.515625,
      0.546875,
      0.578125,
      0.609375,
      0.640625,
      0.671875,
      0.703125,
      0.734375,
      0.765625,
      0.796875,
      0.828125,
      0.859375,
      0.890625,
      0.921875,
      0.953125,
      0.984375
    ],
    "components": [
      "u"
    ]
  },
  "sampling": {
    "dt": 0.01,
    "n_samples": 5667,
    "t_start": 0.0,
    "t_end": 56.66,
    "transient_steps": 2267,
    "f0_est": 0.3529697927950372
  },
  "synthetic_profile": {
    "challenge_enabled": true,
    "noise_std": 0.05399999999999999
  },
  "files": {
    "probes_csv": "probes.csv"
  }
}