time,u_000,u_001,u_002,u_003,u_004,u_005,u_006,u_007,u_008,u_009,u_010,u_011,u_012,u_013,u_014,u_015,u_016,u_017,u_018,u_019,u_020,u_021,u_022,u_023,u_024,u_025,u_026,u_027,u_028,u_029,u_030,u_031
0.0,-0.005590102723071484,0.28633475952263165,0.36968487701345254,0.45717079700092483,0.701851915296958,0.8072029538816156,0.9047623887421353,1.0425919792344291,1.1585899380757214,1.2555375121193557,1.3398969623041321,1.3678967783357254,1.4610003724861191,1.4825281884106072,1.5336548964383283,1.4605962533575627,1.4905789607782418,1.5056479037665333,1.5804767712796393,1.447182136430522,1.4352649111523939,1.3794427651768824,1.3112783173848408,1.0856074754504743,1.1125209963618532,0.9046808304508867,0.7726723148532009,0.6663855544520901,0.5305246966857804,0.46147086006014926,0.20000464553263753,-0.08413603474918838
0.009999999999999787,0.0327799687786927,0.29818118223647366,0.4124596210809219,0.556714472249381,0.709974436232959,0.7513398122569124,0.918311622751684,1.012547321485374,1.1912764804030977,1.3081687371492443,1.3866168575401168,1.3771247016930273,1.4677153983736737,1.4620121690544396,1.4871344575898044,1.458138573806675,1.4680585673373923,1.473422495355551,1.5721932065660147,1.4775408106144765,1.481688160286732,1.4065105321430433,1.3187773132905758,1.1356658307558725,1.146659549899457,0.9543908623431419,0.7407121929650402,0.6883571942045938,0.5136499175493953,0.3404131444053853,0.21401984373475258,-0.029306181625918613
0.019999999999999574,0.022884544175139333,0.3709310965621364,0.36903085344082087,0.5549605175390966,0.7734503761380932,0.7826222472489672,0.9389889377718572,0.9868997526133891,1.1492534668340793,1.2853525237551038,1.3327444848751666,1.3196651389044525,1.4433615671114435,1.5306668451052128,1.5107654924068026,1.5138347906269347,1.459509984510719,1.491780479508194,1.5214924642192298,1.5033608765308457,1.4549468270027024,1.385175581623667,1.2877666936640526,1.0480552811657413,1.0676697256904188,0.918906239678298,0.7261627732281905,0.7154855579891368,0.55180021886873,0.47011104197478765,0.2739737760731514,-0.10328101568356414
0.02999999999999936,0.04666149306946035,0.35911744560999054,0.3908133049948923,0.5696807441364765,0.7194241577289454,0.8143604709678058,0.9512232874871602,1.0153090145308752,1.196041441559759,1.2549616296572752,1.3331391534729613,1.3811777170151691,1.4298899443813833,1.4168396277931101,1.4794315280990078,1.4696334925040573,1.4948846435848264,1.517546178299718,1.5078955949807145,1.4657741991303836,1.4315809869836613,1.4412970022325502,1.3276026412325945,1.0545974956257151,1.0453826210010977,0.9029759362910936,0.7608318938538442,0.6323877676046806,0.5007095907170193,0.42868933485035576,0.24684219928557732,-0.07046970229947375
0.040000000000000924,0.09986216491378398,0.37553754909799625,0.44764209635822433,0.5876851045868652,0.7830964245194246,0.8130932677881103,0.9466388600140124,1.0664522115253205,1.1857467924326124,1.246294097039568,1.3306909878298216,1.393434462122892,1.3931594507705949,1.441708904008857,1.466383136573647,1.4759793269226977,1.502521545240619,1.5067463795062053,1.5141057104037918,1.4633371379196305,1.398724319298077,1.3589955793731083,1.2635474504134028,1.044964101242508,1.0036239792915573,0.9131091513254673,0.7664545835694788,0.6658946937775578,0.5072020870070745,0.39323835434036625,0.195023853081423,-0.072633836476892
0.05000000000000071,0.07667707524498504,0.37025221315253354,0.4049867916044169,0.5113014706919403,0.7263704397547797,0.833403964993491,0.9500604403473812,1.0132261378877692,1.2063233877534452,1.2415498151859279,1.2825833053268947,1.3953635142252256,1.4529606848327439,1.4819268397704277,1.5160408920166322,1.4968163607388938,1.5097258158535862,1.486823511549384,1.4822296371323898,1.5110871206017542,1.4731646778048495,1.3724697140357047,1.2735912218120655,1.0487738485927587,1.0613450970337839,0.9113912505866614,0.7838217807086573,0.707918652169083,0.49627492910604887,0.3554526163395023,0.2373216700230345,-0.035445886053380775
0.0600000000000005,0.11541650428019468,0.35158381084217455,0.4904869344386433,0.6017859060396471,0.7196663599894272,0.768650564815639,0.921331972392995,1.0183003535082222,1.2358244713784088,1.293799579560922,1.3199786214515297,1.373771256598772,1.4687970828017738,1.4937172285076346,1.4866159847351517,1.493805315466109,1.476432457573568,1.5032070975157075,1.5162479092265717,1.4887968238405507,1.4125497074487354,1.386508722571428,1.2732407672282429,1.0919616435552577,1.0485990806732326,0.9156200212087657,0.7570103123392482,0.7677323095041553,0.5160347910573115,0.3471528823911273,0.31670920691238363,-0.021944639353660592
0.07000000000000028,0.06132862426484091,0.3292855951036302,0.5102633833465129,0.6054617799296339,0.7549240357050109,0.7799381243185671,0.9635910082733432,1.0980932732290338,1.1934429847705934,1.2472670895149245,1.2779845264965226,1.3659187758542872,1.4061938504334346,1.444090792401291,1.5023192401534349,1.4808026601753084,1.4913095024351537,1.5105859249789881,1.4515474224721943,1.4874565322753783,1.3871610286516471,1.3623620175722626,1.29159123413086,1.0922140718845543,1.0258832094127688,0.9342902014167359,0.7925392064863483,0.7066172276666386,0.5406544680594817,0.36540180047857895,0.23912612723246138,-0.05186075429075172
0.08000000000000007,0.10071395815392697,0.38897715320973514,0.4983231018510538,0.6047702615876444,0.7906505424576156,0.7897621764747399,0.96222776627063,1.0290627924685538,1.1916641100833494,1.2720462904452348,1.336248986508688,1.3654973408953464,1.3796074608530384,1.4475719123547044,1.484146224230314,1.4677720978691868,1.5056979569146831,1.488094472485399,1.466434427239253,1.4215735528293783,1.399769408031454,1.322096218645619,1.2126190504551144,1.137615103584123,1.0687674873301234,0.8782626863667984,0.7274148994060923,0.7059717044709246,0.4836497647719689,0.27977811512710676,0.34938239129999626,-0.00199426384787649
0.08999999999999986,0.08450932474532971,0.3838809000568859,0.41859048317696423,0.5326707640705289,0.7345297642906519,0.8232052166293593,0.9639365313013073,1.06937665214962,1.2161504535089473,1.2693193162000591,1.182783491839349,1.3196226545892484,1.4380574580928314,1.4584263550520538,1.5142721028330532,1.519809178328349,1.4314713560191974,1.5117377710621536,1.4747582380608772,1.452284493460471,1.374956352662742,1.3465007079332205,1.2439253437857782,1.0992107140740295,1.0923489084471376,0.9464976381259446,0.8126474764848302,0.7423101140101244,0.5160665229132222,0.2860909048108248,0.336666395109902,-0.014155358118094482
0.09999999999999964,0.11517416457201969,0.34802495519801896,0.4737541517317484,0.6179814964543419,0.7348689075669383,0.8036240727142535,1.0231894335229659,1.0861660167823555,1.1853633327903637,1.2217649339823238,1.2752775092358588,1.3459643708244913,1.3891413233216392,1.4508465564914212,1.4772170839912246,1.4906025237193985,1.5120805096945986,1.484622967217296,1.4880098524998362,1.3747536364972517,1.354681522455537,1.344435701304943,1.2312754577119294,1.0806960427816685,1.1002249790940457,0.918622126628329,0.7856770091162985,0.7254754182208587,0.5146206481320437,0.31174319743662965,0.32528413896488345,-0.004307992031830624
0.10999999999999943,0.09895086094441354,0.4158874897493028,0.44856400137624586,0.6186804484446798,0.8032230857891234,0.789470073670525,1.0091522915709372,1.0199037798197585,1.1290068710974868,1.234118955962505,1.2519882909042612,1.3624958282208568,1.4299293608031518,1.438116677335181,1.4750720034660605,1.5255320933127754,1.4658695364657521,1.5156819240330373,1.4859681706083838,1.361833088893278,1.4361397308927526,1.3344774520565563,1.2849724220876004,1.11564968551574,1.1004552563354464,0.9461043712558554,0.7766140545756348,0.7407744675187382,0.5363566285157833,0.2630780027454801,0.3768554896484505,-0.0023706999474804626
0.120000000000001,0.08828708271596385,0.37706319481761325,0.4874591140726572,0.5999208555904595,0.7771685310256927,0.8169328696519619,0.9949325200984078,1.0714251495411897,1.159265174811883,1.2509180132591822,1.3445635493229193,1.378043936036421,1.410748892670691,1.4031932194600494,1.492039551955543,1.4332745192421361,1.4591167440520643,1.5353567735688174,1.4678840348185547,1.4294114174419932,1.4141440726970067,1.3551930360134674,1.2960353837345442,1.0540048144921788,1.0334644416456344,0.8919553981634143,0.7870247527965112,0.8007800898365225,0.5508308341912792,0.2642859334627037,0.2983512054426964,-0.021075021079088804
0.13000000000000078,0.07499858670753909,0.34184985783067867,0.483058457741007,0.6385672236724017,0.8220524876929828,0.8070011443943236,0.9383098870426534,1.1102544151977796,1.1720209817118412,1.2294080553730533,1.2916214732773887,1.4035141420978794,1.3954320695112064,1.4491906666366032,1.461765260872675,1.4815531142645257,1.4217403818575287,1.4948443325106167,1.494189762401249,1.3755700617181752,1.416967445929536,1.3229674143321697,1.2372125134347556,1.14562942456038,1.0910834672060126,0.969424015935155,0.800496405515905,0.8507435497690193,0.5277480066181324,0.2602086960610767,0.3618737509326781,0.004874521610664534
0.14000000000000057,0.053208845375892454,0.4370644956608305,0.5288885888583327,0.6685732764641488,0.8349540581517398,0.766861199396424,0.9122316463296792,1.0691764901456253,1.1622458046393254,1.280511175090501,1.3332767062552984,1.4001431012820715,1.3815345471422122,1.412340204351412,1.4740453982454076,1.435512784764002,1.47642458968127,1.4925447505745442,1.4672881586129995,1.4443892244113297,1.3761190248500468,1.3345265897346466,1.2392582946085802,1.0908197040112642,1.0727210325561838,0.8375986481622241,0.7642139273728222,0.8008515760166484,0.5327589408927575,0.2466419223902202,0.3495620872988904,0.010923984774630168
0.15000000000000036,0.10892618765666141,0.4312928178091314,0.5470344449892184,0.6463581305337217,0.8318771330417604,0.8669498857523207,0.9743938996712632,1.03487483812266,1.189368394762473,1.2040299624614066,1.3299375822872896,1.3922483837423,1.3722878374724803,1.4341251850826457,1.5207494985337018,1.4960031674450023,1.4749018773742586,1.5307049143766478,1.4921815463243953,1.4426151383355539,1.3999798719159726,1.3305410697592024,1.2739119581741316,1.0629210388412162,1.0324431050195042,0.8176758613949449,0.8109476171844255,0.8998259288210091,0.513365595837865,0.34121309496395147,0.41408394475287547,0.015564390338160154
0.16000000000000014,0.0805792177582911,0.3896722814374515,0.47035845058631814,0.5928484472243519,0.8240988519919832,0.791814473480402,1.0314759928180428,1.0826273290096438,1.1830842075268426,1.2628602751132618,1.3361958438047663,1.4037403404549849,1.3710807441278448,1.3721315171087098,1.5038549265839458,1.4591954786093366,1.505796538051806,1.5174782636255224,1.5006892466967006,1.4374991404215833,1.3637507552581436,1.3495491132681041,1.2688395936165249,1.1321521247926591,1.0466933461902042,0.9082965354019684,0.773541835847641,0.8572928391860614,0.5623302486053361,0.2510215763498054,0.34286806714667456,0.02694167751548301
0.16999999999999993,0.05434036043657524,0.3793921467494668,0.4766911739636729,0.656127158452809,0.8069172831949316,0.8655079153907845,1.025004737074153,1.0823749768795796,1.220017474541702,1.210671694998198,1.262008317448342,1.3680835819933261,1.4075664457807668,1.42431521502124,1.4560348472989404,1.5182200505181989,1.452541143582863,1.489985094522587,1.5112275919909042,1.440769249001227,1.4032079297767073,1.3675990115973156,1.2862170651567686,1.1646092524341585,1.048359792624313,0.9103669213543546,0.772581976525231,0.8167622376681458,0.487669001850552,0.24993343266905044,0.3770227561252092,0.062426249839083646
0.17999999999999972,0.09730636321173552,0.4220703738228094,0.5003996580624351,0.6983325706049447,0.8003862261854482,0.8194563599727149,1.0196567547820354,1.0783882667283515,1.2306858326378851,1.2430323358399211,1.3483943009020205,1.3889451120972933,1.4217855185623252,1.4671418043194282,1.4991708428531973,1.4708120105523914,1.4719434505654845,1.4839351175119702,1.4903653558627106,1.4277985821767947,1.417705800161023,1.3791436207544914,1.3372964045721227,1.1683194967235189,1.114177214481046,0.8888362090496003,0.7925016859018115,0.8177101656637873,0.4850440595266273,0.23854964924629785,0.4153823066642734,0.05379244276456912
0.1899999999999995,0.12063531632969386,0.3895684710173399,0.5813312434576793,0.7412135570766178,0.8232907851013349,0.8598356004583277,1.0123576658240838,1.0250244260695562,1.2038367029981965,1.2354330649718892,1.286463557191524,1.352654055236846,1.4158518678093943,1.3706978166813042,1.4645108882788336,1.5025590344789557,1.4807736979808088,1.520328303371964,1.516220889821425,1.480918097571196,1.3995164924722643,1.3677554959618041,1.2389060438957031,1.0924431465967785,1.0613764188145525,0.8530017170891205,0.7511373487680402,0.7661438118030011,0.4343475930151503,0.22876265431406953,0.3590968745019972,0.12946677923885663
0.1999999999999993,0.11525374107443738,0.3713132718708875,0.5890128779780142,0.7142257709469749,0.7900414983160832,0.8507441076688403,1.0716865273045213,1.0742306605504321,1.1307364956836057,1.169771834909199,1.352698580146954,1.3580166047805546,1.4376288881020047,1.4562278987356816,1.4553407312063653,1.5071408040335148,1.455757853949795,1.4960370265274767,1.4277883601667785,1.4456074076611019,1.4170662446401225,1.3855144980427403,1.2794573286904818,1.1478966518104459,1.0571105443332682,0.8524046601137973,0.7079962774531303,0.7561342524312803,0.37289534269811503,0.23223463811810047,0.2874048815885345,0.11242916290767169
0.21000000000000085,0.1001009347622471,0.4059872449455584,0.6197896057769703,0.7179962869205226,0.8572232245004048,0.8267671742676624,0.9847930819464554,1.0962850513742146,1.1833123728684602,1.235379096402267,1.318040395281598,1.3134222053432052,1.370755836543663,1.431697544998937,1.5357620850514564,1.5030261493735873,1.4956458303212257,1.4943235559652779,1.4578054798802447,1.4902884151087874,1.3656192228781678,1.3474169251710264,1.2865456403803472,1.0818605731345825,1.019328224063483,0.7723225184885135,0.7133770336264644,0.7688801590001544,0.3859388119854903,0.24808619215878921,0.3289037274244626,0.12125867260000088
0.22000000000000064,0.1491872976935073,0.39197278024632354,0.6176722879249434,0.7137640293931333,0.8228163104759484,0.8523968390634965,1.034868254753613,1.0780633282897154,1.1860435559965175,1.253393337907063,1.342377685638218,1.3532133451748096,1.496226491698291,1.4953558758636494,1.5086911045601152,1.5246912533995471,1.4668147782713443,1.5047910911043947,1.4549856653320945,1.4428358403543846,1.3890882934459448,1.3328866368336314,1.2513008005252675,1.1018334225205233,1.027330279735322,0.795027139102731,0.7279943218159527,0.727571433822126,0.3978625359699472,0.2759315190617063,0.32029691235456936,0.1813725292127629
0.23000000000000043,0.21771485574669877,0.3901369426477276,0.5990883221468304,0.6746211863468528,0.8279069379544581,0.8495665875238811,0.9996306357039365,1.0571559826219072,1.2006466627026298,1.2127966311666991,1.2718290157291388,1.3645072290700815,1.4401531707433002,1.4670408971466506,1.5470871332413636,1.5208841566166975,1.5248140397713472,1.4486751990570297,1.4689630592776124,1.4087732220715794,1.4230528745781459,1.3294611842606703,1.242293841589034,1.1140249795679908,1.074913172205195,0.7689985117391995,0.7287208032911436,0.7678773717915516,0.3852679813454931,0.27279837849877453,0.31238405481141585,0.16773932190678836
0.2400000000000002,0.18003970643857303,0.33621888211310386,0.5457451353316586,0.7216323214212782,0.7973761970573594,0.8984817218574966,0.9929133468841504,1.134521046726631,1.246249684016991,1.2276276058213942,1.2901120008983196,1.4172651132071592,1.4412275576828673,1.4489336034488352,1.5167118890194193,1.516333082510884,1.5254782711652024,1.480096713150802,1.4618051781594834,1.3835392687886279,1.439678128995056,1.3725164245843913,1.2144820299356256,1.073623161818306,0.9463582468850942,0.7859385047514929,0.6843340863964256,0.7304411857162147,0.4117695920826325,0.33878451675955656,0.3518364655455457,0.23418910592621844
0.25,0.21592711788574792,0.3776513931242446,0.6499807961684039,0.7667539737740169,0.7669360486737474,0.8873072837268328,1.0464605538969027,1.1047545657887703,1.1930365484620145,1.258576272394763,1.3074664316371467,1.3787598531624699,1.4505127194089933,1.4732399625293087,1.4819187912004017,1.546915552261287,1.5044741163240551,1.4717959893383232,1.4040795766662912,1.387483403268823,1.3466957943529192,1.3346163246580003,1.1793493985162935,1.0951675216801287,0.8988328927060489,0.8093576254740443,0.7391528791808655,0.7467649557465219,0.42408844374207316,0.2896683903998761,0.30706673825457614,0.2612285737407577
0.2599999999999998,0.19265573343045544,0.3452633443825848,0.5983200781545199,0.6745885920719953,0.8371175287306007,0.9117897371039061,1.0219741924785046,1.0973015353732531,1.2151306786266733,1.2089342789077828,1.3482937189867958,1.439561982147205,1.3937010849081233,1.4290460222567394,1.515103878457811,1.5165916002321265,1.520664598003362,1.4479235536570831,1.4423922872376667,1.39329025192364,1.3869031634220026,1.3820816162088383,1.168226377886646,1.1449460911235825,0.9272153456485476,0.7964939773585771,0.7982043723258124,0.7692109694654126,0.42310468148448066,0.36717704092398307,0.3488190887528616,0.22031569058958836
0.2699999999999996,0.20493446749060273,0.307371534220295,0.5874475169444608,0.7034618481715608,0.7971639739372572,0.9117652180743461,1.0401682972427166,1.096755139032834,1.1665365539041455,1.2455105303389657,1.3353386812452452,1.4470885218862632,1.4479527072897391,1.5119911954992031,1.5116120002585618,1.441107227011377,1.4759384573284204,1.433946724543317,1.4597365666669266,1.4288884633888004,1.3815545790566612,1.29797623824034,1.1901526729199108,1.1492647785585295,0.9303554159394334,0.7984990702319096,0.7898935924310303,0.7855479740915101,0.4765773821350155,0.48095565620018177,0.30298548309595597,0.2692170767636898
0.27999999999999936,0.24430702003427965,0.30340568080903085,0.5922102807552274,0.6609197604958544,0.8245079221444669,0.8466580985021624,1.0101328203388111,1.1486050497176268,1.171328497832745,1.2517058017517881,1.3288499859464107,1.3810694026270542,1.4354057033796288,1.4958559997678196,1.4883903486599135,1.5183653221946656,1.5070641921297288,1.4315198421748008,1.3935204360020463,1.3431527319059506,1.3335869809402061,1.304579872073048,1.2334236178537523,1.2062724177587212,0.9251094900076298,0.8560717685871965,0.7817973853236916,0.7859304357380499,0.3854556421250934,0.4429248784993436,0.3167538355423698,0.307393704479936
0.2900000000000009,0.2830442865670482,0.27650172482126767,0.6207369855718707,0.699921738405485,0.7756336141271281,0.9080107272281931,1.0097463078372588,1.058371166932222,1.1357363138613459,1.201769986141083,1.3362561340079375,1.4179808278103117,1.4311149366710862,1.4739515517834596,1.4832273174261015,1.5086803915961815,1.4674782700389524,1.4637048956186394,1.464137089988412,1.403403001927713,1.4245361947512374,1.3363802652893633,1.174459976676449,1.203495221087499,0.9143903885150053,0.7928304747251923,0.8341813204623922,0.8059496639816377,0.3941297568329556,0.4637422124992593,0.40395250178727893,0.32195797129329656
0.3000000000000007,0.31946753041765247,0.3432087785887878,0.6595750948504014,0.7288786620034912,0.796409180689486,0.9425542289410418,0.9973604994825843,1.0869766049746037,1.1395308747159558,1.2200738267173474,1.3110374938150209,1.3496593005133555,1.4010037369287263,1.4145043784772076,1.4926325413595196,1.5198501675066176,1.5511580821503554,1.392373868644796,1.3785767425291657,1.3832503579310378,1.299120572558459,1.2936099674399943,1.1727787882567857,1.2303898389104009,0.850357371662611,0.8355810215783536,0.8668074791609769,0.8639563398859664,0.5041023604915156,0.5108032204892755,0.39236268699917204,0.3100562768513832
0.3100000000000005,0.27450728791268547,0.2817335776775882,0.5606749416304655,0.721201117412909,0.7768971815414647,0.8684280557725736,1.024327860854814,1.1670692985230915,1.111286352971863,1.254240278489496,1.296004567367551,1.3335824138649817,1.3707102901523642,1.4563088304334537,1.4813424369475439,1.509589681000927,1.5202157884407717,1.4212605861461212,1.4166782902484591,1.3918856399947204,1.3329497108397441,1.2238844491099536,1.1229794575828016,1.1885709875243557,0.9229584485575985,0.8332446989933754,0.8269571241606849,0.8095253517808381,0.5097733644040836,0.5386751313765992,0.34505420260025776,0.3062862254042351
0.3200000000000003,0.34692952481281164,0.2572237720162789,0.5499926330265226,0.6373786637851713,0.7867312811330367,0.8513945244813015,0.9698996993122395,1.0554860534907087,1.1711792504719498,1.1807683460934788,1.3186110601498608,1.3527824058430826,1.4462334162371207,1.5024158732070791,1.4320478796018934,1.5501972391612948,1.5096537221021014,1.4882965423649472,1.385736299408634,1.3665282523324704,1.3575189883397891,1.2257084619901566,1.1551306626420739,1.251718572644271,0.9247762265973252,0.8634665906146443,0.9031369616522426,0.8445506069867709,0.5167352280892834,0.5612803757493817,0.36035312452948687,0.34562836024757276
0.33000000000000007,0.376159410975363,0.26471442964584246,0.5075765425841671,0.6847359274142141,0.7799471456017709,0.81923823340034,0.9983199567632477,1.0504327908024875,1.113348256486474,1.1687956261521677,1.2917745781602292,1.3748041630435794,1.462516013491023,1.471647388879703,1.4919119279607376,1.4766524900631175,1.540772986057298,1.4480374467715438,1.4020151323193513,1.346814023789775,1.2996318135623046,1.236614310270824,1.1498744093725124,1.239756819964684,0.8925337901724274,0.9456074176832231,0.89899945225704,0.7855700299088632,0.5178524484741609,0.5936605061326041,0.35043952208229895,0.31038731129253605
0.33999999999999986,0.31225316154512095,0.23629070337967426,0.49413418059742653,0.6295360422415627,0.7179169664696947,0.8864961628632066,0.9419355397250201,1.06101795601332,1.1647533983487004,1.1751689673681296,1.3605400333913162,1.382624297508858,1.415964346724722,1.4472544032328378,1.5072762622234088,1.545115053396778,1.55000572572246,1.392437145945192,1.4419701071248079,1.384878933820169,1.3253624775710149,1.2023606525909063,1.177395384518623,1.3088080020290735,0.9292083172405934,0.8902908401779748,0.9495169632732766,0.8295132537207256,0.6461497399594013,0.6330456696859132,0.39320814551533034,0.32375709862062463
0.34999999999999964,0.24964653368860926,0.189100103385284,0.49013739474192397,0.6205240672367088,0.7296007386193819,0.8439743254991605,0.991372351742539,1.1328492455326034,1.115394674638806,1.2480001754623251,1.3457224811947497,1.4231979149237275,1.4341945121912192,1.4709203149254706,1.510093539456015,1.5414541343125714,1.471083509743316,1.3647361363261905,1.408354148046213,1.3722003127426436,1.2886172189546574,1.2260073147853048,1.1903208508198655,1.2745715976480008,0.9317487064813738,0.973485265236405,0.9653565128478311,0.8849260150231166,0.619374654042689,0.5442787862396994,0.3729609034039615,0.3107650400699102
0.35999999999999943,0.29283212568738426,0.14204615765422654,0.48676865981143996,0.6311584040202503,0.7601327904176997,0.8932334354185852,0.9720464160820904,1.0250743166599625,1.0921162216119982,1.1846015410141209,1.3483785394324557,1.4025565234209425,1.46013115464516,1.4840109860147042,1.4692926344578128,1.5058114135934635,1.528856596642412,1.4273987606631087,1.4242285098806102,1.3881881615427525,1.2767768150145962,1.2253081563295065,1.1424277041373039,1.2833867913327355,0.9352189626080436,0.9872585869693598,0.9891308962080703,0.7852843416609654,0.558969695383066,0.5553391573051061,0.31667196439903644,0.24196430099298225
0.370000000000001,0.23191346137361366,0.1111350459072276,0.4258138548310417,0.5699822662787654,0.7515355779932069,0.8492840014260629,0.9609747474910108,1.0333398899456763,1.1323226724891917,1.2818096403651165,1.3058176487485285,1.4021590645871194,1.4487454518401197,1.4771512982463884,1.4892086974590966,1.4943316007815264,1.4788302991143492,1.4017210731858893,1.435143184041441,1.3090478609178489,1.34314311126552,1.2396368991648272,1.0703440240243016,1.2769236117443243,0.96167295776372,0.9577830719477768,1.0269899264502316,0.8612259991280485,0.6262854922553699,0.5734098749197869,0.32608343026951314,0.19400657178015088
0.3800000000000008,0.1940607855299756,0.12493432995208391,0.4225156010702856,0.5592592529432289,0.6570729021568342,0.8580114959695191,0.9532055840875819,1.0852719522771521,1.1892639422161255,1.2335539153490513,1.3554563232203645,1.3636188431650533,1.4314769605324413,1.4692106313502074,1.4673517752122724,1.5458562127682123,1.558855741965291,1.4600181979400197,1.395325481826919,1.3167729514380127,1.2547947870334946,1.2159576587746344,1.1204822668364436,1.3052189005538388,0.9321819906142538,1.0101863898842969,1.0863625715560685,0.8398071041645194,0.6412563970264837,0.5771465697450829,0.35677460667561706,0.2430152585120013
0.39000000000000057,0.2711868410340599,0.12979453188114357,0.32637836558610794,0.5571356182475864,0.7212919048225838,0.9001969052476624,0.9934394945517915,1.0289039344916193,1.119276309389528,1.2303057915711215,1.3533836948177385,1.3412129137250568,1.4524805656856599,1.436189697439291,1.4314907908345513,1.50914734189406,1.5566741124085501,1.4715699461265237,1.4004459180466289,1.3332155750252592,1.2870359251385677,1.211288426366208,1.1995403997300875,1.3486445176977087,0.9270171123404637,1.0401783296313103,1.0532064495155793,0.7995160252462251,0.6960322228692378,0.5995331032053204,0.2719274918660725,0.17548293510840504
0.40000000000000036,0.2653851933198935,0.10530550957227161,0.4109388765050098,0.5795206921444436,0.641581454692,0.9101296325406074,0.9574208453471705,1.093651676041238,1.1380023866935147,1.2306830469264036,1.3006217372828333,1.4604313413674004,1.4257583663078979,1.4848959995351905,1.5085995026239323,1.5141725611763706,1.5619293409685706,1.4799205219975375,1.4234583588862937,1.3478925980792071,1.282077574550518,1.1932546290417068,1.1432175779917402,1.2921779948920702,0.9804072217275969,1.0560807188775692,1.0634436420162316,0.7972373036261898,0.7260284843099694,0.5960082358371825,0.3072306693845954,0.18884662906276897
0.41000000000000014,0.20001247714833856,0.0885846616464794,0.3589382455073957,0.5680648961436723,0.6348140220880989,0.8856253490833004,0.9623933502424474,1.0857630892984163,1.147197838138379,1.2761267272066066,1.3491514058011123,1.4099119288062019,1.4634131854466013,1.4726795305161164,1.5211983799990878,1.53589661017245,1.5313021610722697,1.397475403767662,1.403487921229969,1.3416047032926879,1.2761140075612076,1.2539880291915713,1.1711117577773864,1.3143698001945703,0.970912978476286,1.0532940378006195,1.0459190317869291,0.6882841600009886,0.6670599794725033,0.526372103798404,0.2900302698009798,0.14211332398678955
0.41999999999999993,0.2572574444252783,0.1523402245881114,0.37565437879059166,0.587215104992561,0.6515258594801262,0.9341882558896688,0.9503970870669523,1.0328379189372883,1.0911931424121606,1.3033677323138024,1.3255143048674103,1.3818100622787146,1.4944169803833525,1.4410833682294648,1.4384053291634598,1.4475000494409331,1.5747991317612604,1.4369665556951952,1.3624361030146988,1.3268863551903176,1.2744218260384998,1.2030256057926334,1.1377320430486015,1.3514269964665115,1.0040220011766952,1.135840700758095,1.0718864728123547,0.7422345858939356,0.7233086564434494,0.5720610036455112,0.2265401689094188,0.14428430341630685
0.4299999999999997,0.173639943833673,0.11371316510328114,0.3665272181636128,0.5642734526747201,0.7174471142294506,0.9325220442990787,1.0032975526125931,1.1119066860038858,1.1460304542826523,1.1942540351833892,1.3230120896622206,1.3825347446777898,1.4323736900719415,1.4456513344640085,1.498304609439308,1.5351787385696216,1.544454527332032,1.416109602146417,1.3875949633244924,1.3711331447202098,1.3460157373658297,1.2246360287435287,1.190284325667384,1.2425763705729616,0.9774534764349488,1.0529220400009593,1.1200067786368577,0.6999271841840027,0.6898277929988635,0.531981662761985,0.17015849460458674,0.061972023265281506
0.4399999999999995,0.23768725490972661,0.19195908724763933,0.33173291637099944,0.48811689344848447,0.7056241802942266,0.8989191064572224,0.9715286858342534,1.0821310947351694,1.1441309214441957,1.2826849743092295,1.3325374183097731,1.3767094919549223,1.4964342544925193,1.487526968956955,1.4697326757018563,1.4822381065546277,1.5603842332171456,1.5041850965514056,1.3985214312444656,1.3471752342877954,1.3029195392927488,1.2911763181458034,1.1680344044378423,1.305021525569822,1.038474588185374,1.09413691161384,1.0711836187015542,0.6462073061584163,0.7732329994464688,0.5526771804733979,0.12203876884548753,0.024595321345868733
0.4499999999999993,0.2115643839760778,0.1721841550670522,0.32453756642845244,0.4667319770526133,0.6759527117334347,0.8848246486942868,1.0274702078519393,1.1610540846156474,1.1598542717068352,1.2867086298178783,1.322708320157722,1.3265670519213886,1.4611757966360752,1.4835231848192145,1.4946566091443159,1.4638669670317654,1.5797506041383274,1.4649322017068922,1.4537804030908985,1.3662723788466233,1.3014889471642195,1.2382008887046612,1.1583628718910477,1.2291898112450026,1.001511123900538,1.1076172992276136,1.0300361405087055,0.6701694628070524,0.7356090940549456,0.5053144869130439,0.07266336275157888,0.022160434330249043
0.46000000000000085,0.24056340018783492,0.15133926090596603,0.3088104673410541,0.517358297804403,0.6363976847973675,0.9086816096603796,0.9620842640281626,1.0669202967093219,1.1079387388878554,1.256502042042624,1.3771097480155563,1.4257935042882615,1.4766650241000425,1.451499609278809,1.4312164562876546,1.51629675147729,1.5001188481221588,1.4351298611467285,1.410423834057349,1.3708876240209857,1.3085262349198186,1.2545111672338007,1.1950641996567217,1.235190135683228,1.0334939845459532,1.133885416704149,1.04077192702108,0.616722999369781,0.7511020364106232,0.5393778206356121,0.10895008967107672,0.032244415456504444
0.47000000000000064,0.1845959205549109,0.21782040293118313,0.37646025730545374,0.4942186421663684,0.6113655906403604,0.8550296451564527,0.9649626167260996,1.026212103075573,1.169964350275557,1.2523040059656394,1.3134468459570598,1.3779901152467358,1.4843738232594959,1.5118579861107666,1.489887317187454,1.5263427271603232,1.5456286882547674,1.409100318954237,1.3909485576194158,1.2741294909706018,1.3256924410485775,1.2631759661196837,1.162626562088071,1.2795338020981486,1.0357525087402057,1.0977403803276273,1.036340298366703,0.5572760835655745,0.7083510212894685,0.5215785827469475,0.06580290619715808,-0.0018612610806149881
0.4800000000000004,0.09203762210556043,0.18193787160225305,0.35700714354735663,0.5929507061638586,0.6640234721937904,0.9036388513497055,0.9305369157578766,1.014424340746086,1.176024999770727,1.2762201683322179,1.3420821920517318,1.3969472484046002,1.440638854910143,1.4684201505394816,1.4860798792252394,1.5260947590130287,1.4367779390866742,1.4414683098103547,1.3941813195202097,1.3887963358868052,1.3205458040663192,1.2496048530642043,1.2023018579302969,1.2845174983574312,1.0260427124552727,1.164691041225295,0.9856491034849735,0.5882690981194726,0.7244164368503431,0.4839754334508736,0.13075271641543987,-0.030552754166034597
0.4900000000000002,0.13945464433388113,0.2859758292162871,0.35496459723357565,0.5419905610080993,0.7110652487128986,0.8768416815551082,0.9164295887273626,1.0514963341894816,1.1223609331154256,1.272098394453565,1.3307491248816365,1.4148987580467196,1.4036816414590472,1.4798103806935083,1.4790218958138994,1.4601934315173917,1.4619985180722648,1.4627238372318507,1.3968675921081075,1.386979206598573,1.311173200357736,1.2686718087128264,1.2322426835142466,1.2306945416720652,1.0528234528316958,1.087805512469548,0.8836766970377025,0.537183482038674,0.6951798300775247,0.429400471454271,-0.00604801148290749,-0.08592059449760554
0.5,0.1339176744202541,0.2491381726213305,0.43199010198355015,0.5535077556169543,0.6413232724561744,0.8973107039268349,0.9416811760294787,1.0605141552510056,1.1690174735612833,1.3216989619540895,1.31597763784317,1.3801431819084378,1.4449720705794014,1.4036481680023536,1.4711016773052157,1.5306109721327648,1.4918477888245354,1.4725359364259611,1.430728284433892,1.388370364050903,1.3442222076284223,1.227524823796763,1.1888291013001528,1.229902519247705,1.0534123709505692,1.0948930188927335,0.9370591662615269,0.6288667688097372,0.7246136748280941,0.40339704298482165,0.08597334114884513,-0.04384761301112192
0.5099999999999998,0.14922823070640104,0.22545576812653273,0.3796500121540523,0.5182985423794938,0.6791926739689808,0.918434867200003,1.0094493778657976,1.103976781198761,1.13692507313929,1.2009245818578724,1.3388851275446976,1.3656581747560808,1.4794495527550224,1.4862702658330942,1.388689168112522,1.4808418408563464,1.5167073875104813,1.4734410230995236,1.4433244478889704,1.409454676136554,1.4078016340993524,1.248423375594636,1.2151430908853036,1.2049833786296666,1.050238864852993,1.1582160827107748,0.9207300355293074,0.4831654792795195,0.7145662349215411,0.4065046154067978,0.06475581261440558,-0.039689074353598114
0.5199999999999996,0.1914374969741609,0.3035489340411298,0.36649821162976104,0.5649479957748214,0.6638050342223116,0.8560812900795025,0.8810513939788167,1.0632849475849064,1.183120008295804,1.3001673468592483,1.293031310503832,1.3944572402250304,1.408483954834676,1.5442364923698813,1.4646171151621505,1.5135431815977052,1.5369837186509794,1.5254609673141908,1.4000159396782474,1.422758373476601,1.3348074739915279,1.2798406468580628,1.2133950156333995,1.1812283111278448,1.0268379532357355,1.1018573199769528,0.9648370205758531,0.5146496428096142,0.750446845375359,0.5026799463846094,0.07499459946294419,-0.054161746998339644
0.5299999999999994,0.13130504288999972,0.2940686257728773,0.39743472587542683,0.545053147558442,0.6898748893964816,0.8617724277436656,0.9240607250285118,0.9999520530284447,1.1195441543604985,1.296123405320015,1.3111646382478008,1.3918284741021385,1.450721231807616,1.409044296469674,1.4260426296673745,1.5079761076459315,1.5313048292561249,1.4681108143923713,1.4580378097064575,1.4170730914728422,1.2877103301870967,1.2381036838162691,1.2055537480994496,1.13739108610336,1.030549383787578,1.023646456771194,0.8855337201262806,0.59003661773089,0.7314863469005971,0.43268283943207264,0.035201831214275635,0.017287906284110668
0.5400000000000009,0.1818884694221811,0.3024923212165336,0.3977766659909217,0.5264111151314436,0.6636191208165014,0.7745826345409691,0.8675712690330332,1.0153575516721258,1.1655395783502567,1.320561343704175,1.3121346575935513,1.4429232621828745,1.4876034230504975,1.427914075302794,1.4422756151014327,1.450331738663532,1.5232639618161583,1.4241881041326778,1.4437536045653254,1.344522429374929,1.2815328312929724,1.268482961712616,1.2577894714541165,1.11841373302169,1.0906521914320617,1.1619071878463352,0.9519664151412522,0.557312471361581,0.700535388738784,0.42201491794509877,0.05196940420223538,0.014755819939065731
0.5500000000000007,0.13264481164779518,0.3077452194602278,0.37338163766906796,0.5402278134296123,0.633409635531223,0.8290910320738862,0.9032232222219125,1.058076342678579,1.138118575361607,1.3288926804511705,1.3294855534526335,1.3986573649697605,1.4057080741796724,1.4014553449439326,1.3909922709916143,1.4768095267468342,1.5041594667702647,1.4683686175299344,1.4150203354055555,1.3903432456981875,1.3538206906754233,1.2244147564624106,1.1553925194821268,1.098642989926629,1.0633961246940284,1.1106623367507626,0.8442894282611649,0.5145722950037405,0.6767430373922518,0.418527506375829,0.06814012633961046,-0.022971788450378984
0.5600000000000005,0.08530685598484772,0.25144974856877444,0.38083468025162615,0.5160347063042641,0.633496756261004,0.7961562688511298,0.8817376943327224,0.99378689951145,1.173836596542556,1.2546545185864837,1.318389014147979,1.3676737844983977,1.4315437189684719,1.4299474225219988,1.4574041872483252,1.5212849706401592,1.4259631125570482,1.4928998548432135,1.4151859483618567,1.4169179285272897,1.3117985342983334,1.2593722276432333,1.2365633811430479,1.1064854273357028,1.0662134980804236,1.0619676104780778,0.8440566926179268,0.516520824453381,0.7246751560201184,0.4442020819902045,0.1295923610808496,-0.03943150513163469
0.5700000000000003,0.10029861811118845,0.3034598583564797,0.39031029048995247,0.6025763217678526,0.6845068289261577,0.7363665793257738,0.8886173744839876,1.009280926876419,1.122716460154536,1.2443416479010823,1.250467875578167,1.3413432910632497,1.4020033875652413,1.4375138568044092,1.4201683456028036,1.4589360483118088,1.4511980307661974,1.4197849919922723,1.4179774060739754,1.3812931774625425,1.3383331350276482,1.261269537988563,1.2191994203772376,1.096121485903051,1.0465423056970096,1.081631011892406,0.8572870123413648,0.5656629939550029,0.6504232646523307,0.45644698051700877,0.17141561636631245,-0.012878556147829137
0.5800000000000001,0.15300859384619975,0.23379364902996738,0.3627773555525308,0.5041618111717079,0.6885525434675434,0.7843020402777452,0.945953873391329,0.9525456293383182,1.1350010086164004,1.2753407854079004,1.3164665283139918,1.4083781729410303,1.4069493498988161,1.4088163892071959,1.4752642804123661,1.4777399198794163,1.4874523000199453,1.466554732243257,1.5448394246482537,1.4201507907973252,1.3751976424037364,1.234930407878172,1.2711668048673037,1.165508603131764,1.0585490369910031,1.0560921037033786,0.8753277810693036,0.6372305993514951,0.7472321863372752,0.4260303002447524,0.1468126744111654,-0.012097683986809738
0.5899999999999999,0.13719860438577036,0.27733307170859206,0.3700345496043063,0.50436430255037,0.6773638907885962,0.6998079879910721,0.891104153218894,1.0221680350402351,1.1298733277746051,1.2074398937118571,1.2435750419060416,1.4071117721044601,1.3676011081943673,1.4932501428461151,1.4745096941786033,1.5206498282169265,1.5035515506401045,1.4881376482004633,1.496272437990815,1.4296568733360995,1.343007722296501,1.3111880750887366,1.2814326915583367,1.1106550732605314,1.10088532137324,1.0927251274903504,0.8750504332708822,0.6608583088965919,0.6779138421346014,0.41272192989954065,0.19007975201763025,0.06375941069277079
0.5999999999999996,0.11686826249447227,0.30811929306541014,0.3543854103758806,0.5201419858708917,0.6950789996020503,0.7007956871152204,0.8967692873494975,0.9690724833947433,1.1493808219358286,1.2919624838469903,1.3658261891407912,1.339385573257236,1.391449913499576,1.4215383794333727,1.5296842005168267,1.4877226402381347,1.4211827679883768,1.5362328064490112,1.4683746267747286,1.442297823233808,1.3713175064712353,1.3766703504743691,1.288873885290461,1.0949308000639275,1.0680281290541054,1.0230981289938221,0.8742893074720443,0.5986348179933568,0.6970820539440106,0.4028843002570003,0.19950836186581106,0.028694553365226645
0.6099999999999994,0.12130277412780387,0.31557158467186036,0.38652954752229707,0.5386309944600743,0.6883530408915017,0.7168805507067764,0.9099316583796097,0.994725089417626,1.1869777219407827,1.2983947517520313,1.2391931398066962,1.384839766937504,1.4128593490599273,1.4740041639426011,1.3843469569096185,1.4893864505789642,1.4891209998505277,1.4885209274626943,1.4182573914768613,1.4862224539526938,1.4179494467446756,1.2994401479742934,1.3067248351934249,1.1537383163344026,1.0856314431425196,1.0256897447918543,0.853141191947093,0.6614471752402882,0.6806071069830315,0.374695578696744,0.2041979493632984,0.05089636213260712
0.620000000000001,0.06986535882046073,0.3152833400880191,0.3683313581496558,0.48511859025021997,0.6178945282494894,0.7521995523837377,0.8957489899743704,0.964353773558228,1.1231606175617102,1.289550578917786,1.3463256367398204,1.3668293933887607,1.3784911972666176,1.4743013943357899,1.4839625450213108,1.4978785518339175,1.4635259304530521,1.4886363085740932,1.4667185862348002,1.497295692908742,1.4055158130778485,1.3163838420673768,1.2344630007288315,1.025944198769818,1.1007898380395722,0.9986909750988375,0.7831008502339315,0.6612233510865688,0.7062609381569566,0.3617921907700016,0.26396919355283766,0.07325892687213692
0.6300000000000008,0.07463766748108518,0.31619663580212964,0.31182035562802474,0.502378661559429,0.6691264628258355,0.7623796853134314,0.9228769814449532,1.0705938427028214,1.1847597049024015,1.333969317816778,1.3409764317539243,1.3368392892139422,1.4015894734170837,1.4696023055605154,1.4295013928592792,1.475066011068579,1.449989113424375,1.4521166729554524,1.4607745912140853,1.4237835767314548,1.430211547604335,1.368525246480111,1.245096262671936,1.0770859033903089,1.13989573672712,1.0808828859230473,0.8340019571852834,0.6558356170643026,0.6417718089805015,0.38079212177040433,0.2349752748834844,0.01540794758935693
0.6400000000000006,0.1124078605645778,0.3263681035430372,0.37149936606561224,0.47635324021783704,0.628078766954919,0.7713782009995473,0.9368880608277746,1.0085820699503736,1.1562129879939753,1.1870604560250062,1.2940056547836374,1.338289361700129,1.399372299432459,1.4735823590489143,1.4593992008890833,1.4679603980110105,1.4924304136591575,1.542835616535588,1.4853113494553212,1.4489108315152786,1.4279592565714943,1.3979157594300764,1.2809395881834291,1.076750153613362,1.161992552036788,1.0312782479882538,0.8304121194828836,0.7577359346447345,0.7321896975657998,0.4224433089224352,0.26331011316723224,0.08143317030558461
0.6500000000000004,0.10101092101665815,0.29353856966401365,0.3317995174447371,0.4615199891474721,0.6755339450999129,0.7694310023112871,0.9034558532619702,1.0906432633433472,1.204326929574696,1.2346754879205564,1.3519852834799944,1.3525122446503623,1.4532704906809142,1.429506214435809,1.4811752302897578,1.535338860847437,1.5266502587792725,1.4652261437631924,1.4408339745369503,1.487036739849596,1.4217351615701526,1.333058537467027,1.3465999104955875,1.0729981860805513,1.0975847478905887,1.06700469513627,0.8408064032340872,0.7052365682211329,0.6450431481936715,0.36450807186252326,0.2334781451606604,0.036489223804510175
0.6600000000000001,0.0481056462996614,0.3059808581559782,0.3362551560005399,0.4840307845108093,0.6643104964079398,0.7530604718123198,0.9654840324154452,1.050641582896399,1.1784395358405033,1.2087186947703616,1.2504615682357296,1.3763548319308445,1.4528260820649639,1.4689243236402083,1.4657923930718777,1.5242476060780157,1.5283338262515878,1.4904898545362473,1.450068779472483,1.4936693525899478,1.395248280257223,1.4128742179050269,1.3450989078050972,1.0957918397781536,1.1084330910970268,1.0191018124083449,0.7604381834259988,0.7276863371059072,0.6183642357168578,0.34708471299566324,0.3446508351101341,0.08652428180874853
0.6699999999999999,-0.007232842390610585,0.32300363533277304,0.3138738583275001,0.4760520370221662,0.6327865615023094,0.7508652271362398,0.9842254036782059,1.0713444431564114,1.210454499861966,1.2056651333450257,1.291941676439861,1.3692026451745474,1.4184434894400988,1.4609328756481064,1.4549791089981257,1.4866665901933829,1.4863864971866447,1.530994556187402,1.5139870879849018,1.4237963850416775,1.38438675656632,1.36928222880963,1.2356667266886991,1.0515134203033434,1.1415273117630058,0.986318273967316,0.8015788981046063,0.7327674181069447,0.5873831764509272,0.35190615289410926,0.26774302107942777,0.026512478782951897
0.6799999999999997,0.1235691875007451,0.30508014211231815,0.31618495892808907,0.533058460896749,0.6530959435654086,0.7635623572911089,0.9516740925085015,1.0721599458119138,1.1945540419460212,1.2556378438435891,1.342461927269462,1.3420129028584318,1.417140220099052,1.4440627176163512,1.5142639666202915,1.5209384656636522,1.4707788168171534,1.5062609721881082,1.5430241596569687,1.4822336560919773,1.4436657635520174,1.3374908227069247,1.2676051762343685,1.0546888960883083,1.0719702561672408,0.9755921229850272,0.7594348942590469,0.7275761479848254,0.661698753577261,0.328966280335049,0.35477137217385013,0.01148111460300474
0.6899999999999995,0.05332462893666137,0.2960753433251865,0.3605968185472254,0.49844103394143324,0.7025069877673477,0.7968792359159893,0.923748331885118,1.111748351316116,1.1978506153057529,1.1655494509735937,1.3068961853494143,1.3835003703405437,1.4467564064621725,1.3758026330814517,1.4507258495761177,1.4698839432771524,1.4637579589433503,1.4605752972960209,1.4548861999315768,1.449857114689486,1.4462778026466994,1.393756906982238,1.322465586210508,1.0757632933826347,1.09619993685313,0.965057427301232,0.6940501321260361,0.7432833418929985,0.5649898774180542,0.3149579934563129,0.2809798073724518,0.016506138491945425
0.7000000000000011,0.09213390350528149,0.33328539460873297,0.3810202909361124,0.5549051259437254,0.6842461847284228,0.7745716234249368,0.9697949168642297,1.080419957503648,1.1515738827728679,1.2302905739164045,1.345125276649147,1.3546852425815004,1.4133111790041761,1.3864541464736693,1.4299183369959179,1.499883185511655,1.440951774127433,1.4840507082008567,1.4811919686999515,1.4885495982663974,1.4096183165402545,1.3333393798571576,1.2522433754868962,1.069131927828718,1.1361892961866453,0.9939929494047771,0.6971349465344822,0.734847474947609,0.5523666044415559,0.32032670220891446,0.4159823263629124,0.0926990716494007
0.7100000000000009,0.08969789474868713,0.39044259403711695,0.4034985886814362,0.5814136149966103,0.7607491003148609,0.7984103316733976,1.0530790244050907,1.0917478784435835,1.260885335602244,1.2489848507536156,1.2485271871512864,1.380877661924399,1.405789312620954,1.4396317796587699,1.4827002400230291,1.4858564629945146,1.5032025241443798,1.5638953883318443,1.460185619740544,1.4078558587705272,1.4080381970561595,1.3634744195949593,1.269620048140775,1.1035025280488109,1.1241896615624267,0.9287748203608093,0.722983314003051,0.7934893155978395,0.6066905022415687,0.3235879994614716,0.282074191267219,0.1165493241753431
0.7200000000000006,0.0797630813726111,0.3948825318447069,0.3460901903616033,0.5283834725961087,0.7047123720785032,0.7300702360863356,1.006453790414426,1.1186715075473634,1.2712354892170652,1.1614044878052878,1.3829219798793095,1.3670828081467785,1.4380015773083232,1.399663986984224,1.5009201491734099,1.5041443105103487,1.5023538996847308,1.5271484404861928,1.4966102048667207,1.4877704199954378,1.440443749901359,1.3333030042615066,1.2601294100091578,1.0363772670855242,1.0837481410190508,0.9798241076747332,0.8148065964037207,0.8141983812725078,0.6289605748962548,0.32657701544544665,0.4062772972429385,0.10759337680731332
0.7300000000000004,0.1264082072315495,0.3581636189800812,0.4081680120302077,0.5853814574223958,0.7176774593512271,0.8089420560768948,0.990325610890162,1.1243798532935354,1.2380846794906322,1.271865594471521,1.3458172653531608,1.3810134516904282,1.3953590274185481,1.3877899023466267,1.4942236434418557,1.4948812910912437,1.5303039054417857,1.4800481509232888,1.4986512394029705,1.443632665005361,1.4454820519563218,1.4180064506511396,1.334756765698383,1.0918095121292404,1.090558257489415,0.9654529669678197,0.7061880192003884,0.8866336161269901,0.5946278342156455,0.3147754263972103,0.3926607284645282,0.04865936945225701
0.7400000000000002,0.022172136534898808,0.30930832189591867,0.4207464115119054,0.5352452451103856,0.7215497684981209,0.8794839922813921,1.004816953281516,1.1019062219733076,1.2739200436994402,1.1718910879956272,1.2620186132815592,1.3627354658672775,1.459570317350223,1.4493923425761204,1.4718846641648604,1.5096295510705837,1.4383754774270852,1.4964618740294435,1.4571844867879118,1.4289663833225552,1.4167863712123354,1.3824782169042884,1.263005440429172,1.1174687017270288,1.1622592123662274,0.9642985682898004,0.7241643331080717,0.824857170400813,0.5730959812222424,0.348653530275407,0.3900075025395114,0.1569915768574126
0.75,0.09626716126589098,0.3529127361343866,0.45742496277156625,0.5547473906309996,0.7796622840057592,0.8986501483690922,1.0364830699575567,1.1432333570081135,1.2308114647242463,1.2161471203086625,1.3198495778164876,1.3921732949277608,1.3649842284709548,1.4450675135809674,1.4980564894938024,1.4621730760098088,1.4963295604391913,1.5193803814790192,1.5525960301798083,1.4746735919887572,1.4116984165911033,1.4196563668418476,1.2927206065009587,1.1257924049032504,1.142397133642905,1.0026740463624977,0.7797921785213654,0.8286657376813481,0.5654267144462988,0.3333338291946944,0.39908580695768814,0.14899579585776154
0.7599999999999998,0.000955960360560934,0.33406342730936917,0.4177596143964999,0.6018178608535295,0.8086005394171537,0.8623634119885775,1.0567226750696923,1.138568152154159,1.186300105508055,1.2132585395898121,1.3189971664876028,1.367929312349614,1.4456046734118215,1.4671337156336843,1.4904288350505457,1.4587325801657955,1.4858162594097006,1.5368661850841976,1.4803553118680726,1.38248913637599,1.4548612392433469,1.3238252391195349,1.3104602580004847,1.110116845567104,1.1777443899015878,0.9438555110834354,0.772056284214331,0.852866645380274,0.6092465796913624,0.3327289795879615,0.416530883926145,0.17445625440072524
0.7699999999999996,0.021960255597306553,0.4016755666786661,0.5047025035378655,0.6088282135580776,0.7940006813851255,0.8819906113199816,1.0313305644146413,1.1390816731784548,1.2213633564054407,1.2632747197399345,1.3308896895782383,1.4145681820168334,1.440930999035361,1.488487004012625,1.4928681179979595,1.4822432877390719,1.4855550198209404,1.5383038244101523,1.4659703710880891,1.4034131905078884,1.4150388993633682,1.3190302881041192,1.2285952826909163,1.1522942514447756,1.1063782627494947,0.908831907122476,0.7576366740125355,0.8319502528926594,0.5257235611236994,0.3309166812002598,0.38147779019817235,0.18404307639331588
0.7799999999999994,0.02188418137283548,0.34814776124712127,0.425868505736634,0.6279517094837013,0.7832628078280868,0.8834321361682735,1.0550143084854922,1.085948386057919,1.223494391552578,1.2094526436929398,1.2901839393069596,1.4413536627317554,1.4799550837787265,1.5521890937988503,1.4579690275520023,1.550938942952135,1.4883929318486024,1.5125529493592864,1.4894239868329597,1.464810809425466,1.374435553188676,1.387176024527573,1.360537388701803,1.1492309367372382,1.1434013466259443,0.8835642710090903,0.7067118793434083,0.8166366063645097,0.5265701338459495,0.3090358183228824,0.41904550619840597,0.16977949107094703
0.7900000000000009,-0.022729956425473728,0.3947036426001373,0.43188608350914176,0.6271285279688481,0.8174895729269842,0.8441493721706752,1.0510344487894119,1.1474959914288714,1.1983652106412443,1.2231156570382842,1.2802061526031139,1.3763272396570814,1.433093785370479,1.3934943862411437,1.4941157601830377,1.5104070486050232,1.4594187321463068,1.4998252216273271,1.491049869116221,1.4746586147035312,1.3852307052246389,1.3718303665625404,1.2661547893489904,1.1346851207214994,1.1688395091721435,0.9383714579475079,0.7827759964694672,0.8827886470369951,0.6147355910745985,0.33021099380259095,0.39237344619253606,0.13304633033535326
0.8000000000000007,0.015903176997306118,0.32588180067503214,0.44868224359796605,0.5534627102424304,0.812222444201026,0.8582745630203892,1.0128411493213683,1.1489995213859483,1.2361451731745103,1.2496286237724508,1.249916171704867,1.4122980975742607,1.417767265859768,1.4462943401881438,1.4329496179436476,1.49203181223012,1.5122658616320195,1.4554821344446962,1.4775905251088466,1.4609157029460051,1.3771246949286584,1.367352207516102,1.2744105722055228,1.1880167598141755,1.18883340322246,0.9316472105247645,0.8429115751225322,0.8374795859344051,0.5523592742814312,0.3406471496481856,0.4561136115069635,0.23043304602462636
0.8100000000000005,-0.0010176582705966435,0.35178997265492645,0.440987362218466,0.6535015175654955,0.826154507823614,0.8550509560016409,0.9975680630961672,1.1800575448944235,1.239025511121505,1.2131630415911823,1.2705296194091875,1.3650237106874161,1.4382647398246426,1.4574200926581995,1.479106261325703,1.4516448659006638,1.4896084574618598,1.5440098700918228,1.4728978960789922,1.4839340349649464,1.3814887170862593,1.3488794128516146,1.3407096858213523,1.1461815705095866,1.2019288973762874,0.9242524086396985,0.8030089560679383,0.9002063252903367,0.5610691960528298,0.37314224741474156,0.4890367355550223,0.2048242842504309
0.8200000000000003,-0.024258319213739724,0.3765941131988258,0.4971321669316149,0.6577035224595269,0.835932561027099,0.8940716876776562,1.0157990492483622,1.1426422526985751,1.2153830520722342,1.2540981278236978,1.3228816452444616,1.3806926366014376,1.38162508709771,1.46833534812315,1.443337928392416,1.4411994401186716,1.5206496272735188,1.5476366613073158,1.502929546828485,1.5013123450586714,1.421863212389134,1.3937232111323508,1.327654007589303,1.215511683691132,1.1993808996364628,0.8949333991761245,0.8052574197895648,0.8566005759936771,0.5196227967363919,0.4017529065473534,0.3416426505600419,0.1763914767080428
0.8300000000000001,-0.059469703863827855,0.37453459665494565,0.4979503803597651,0.6476792683053149,0.825312944564334,0.9431082254290889,1.0432908823261413,1.2034370589331544,1.2092146572996176,1.2269064390596833,1.2769657673404176,1.345496145113567,1.4135486254771603,1.4842140274790974,1.4586366910154902,1.5171991372505873,1.5366096257408965,1.5396414585603968,1.5003265354149853,1.4585495762077718,1.4348852344864333,1.432858899393099,1.356893574742038,1.2263169532872733,1.2979697653419466,0.9102355392287155,0.8063031643037144,0.8548044716855955,0.5257243696431417,0.42924565378988405,0.3300674936601537,0.17108900547000847
0.8399999999999999,-0.07885232102749136,0.31984583904122954,0.5232409949061828,0.6605280984815021,0.7809987966813233,0.893003300437057,1.0445891432896648,1.1869594531295342,1.1576074275585508,1.222022157358536,1.3116982598240217,1.4625072198333722,1.4238183382218246,1.4244191038378222,1.501296474779885,1.4529161125461318,1.4577459333197673,1.4990672224715866,1.4962924267471134,1.4374937251140811,1.4324946220148718,1.34219138128107,1.3111408540434988,1.152923099428038,1.2409687245251724,0.8863760662634513,0.8270484904375751,0.833884609596361,0.5592897612122548,0.40263573956215837,0.3590600559481265,0.23247469112492172
0.8499999999999996,-0.046513359992399965,0.23946690312878208,0.5009982717562551,0.6067009869830446,0.8077912946590059,0.9192458940978225,1.028056065021307,1.125282386555841,1.1661095519977525,1.2042363817973767,1.2809929484809157,1.364289913076781,1.4605212201859947,1.4788125013233873,1.5111527460746577,1.509706720211908,1.4709711637907428,1.563104108603445,1.5222931773317987,1.5157213408970007,1.4957978198113753,1.4248660293779902,1.3761101337619397,1.227389067008272,1.1891751587652413,0.8840649203817196,0.833191610099353,0.8472784862622276,0.560715792862153,0.43286778930803044,0.30989684236352366,0.20870117277040182
0.8599999999999994,-0.11624671433523626,0.23772559795199866,0.49512721093230455,0.6695558604368725,0.8605979804261208,0.952506317890875,1.0645048219402233,1.0999117466120103,1.1920866419575888,1.2126531092508048,1.300845272153481,1.3544653758603864,1.4474500704399258,1.4390868075236802,1.5010528320182104,1.4488777320266055,1.507181993101253,1.5741356687567192,1.4963931335056238,1.5064305735830577,1.468586807860693,1.4515539437893754,1.3904285092332682,1.2385113017560996,1.2546508780235208,0.9126729315153023,0.7739957587205601,0.7861562062942421,0.49155835731881414,0.44709935817901875,0.26046004101232645,0.20070676113924618
0.870000000000001,-0.005106847054604451,0.28466110570714,0.6058823041532588,0.6523313834224451,0.8259610490054441,0.9013236235101055,0.9960488848418624,1.116344669521498,1.1573074425817258,1.2490348880522864,1.3388359891994945,1.3954729598084263,1.4006793729985025,1.4378703500769319,1.4998115769943212,1.5009563131028942,1.4700351449000413,1.511658863635054,1.5148108520238623,1.4920201945916571,1.4517154897722735,1.3964623830109995,1.359521457133917,1.210627743458541,1.2763476615317428,0.8891613403008278,0.7758843437337066,0.7090302212789172,0.47560757989191355,0.42215514208708427,0.3017656204602521,0.19527132100782718
0.8800000000000008,-0.007546386761324637,0.2820626463458646,0.541757212947197,0.7032081220565038,0.8287276483084949,0.9385070318136342,0.9854989763882078,1.1115203962503957,1.1899632432055052,1.2052487121222253,1.3756920237323846,1.4354960978890439,1.4370008293698524,1.455646756078787,1.5131100140421734,1.5702829722841969,1.5394724648271025,1.558479981941165,1.5505015128102682,1.505311558667983,1.4749114991723882,1.4259928012457048,1.3242119196732554,1.147738032733843,1.165665538802487,0.8916669267933366,0.7656648929539086,0.6654110038443202,0.48493875600816794,0.4828690585758785,0.2461604717301304,0.21828495865378966
0.8900000000000006,-0.1312229061111635,0.23550356100099412,0.5857305592248389,0.7298152666122752,0.8735770336295081,0.906918316528208,1.0366805931309548,1.0854808593982592,1.110722219640283,1.2154408220015849,1.2858250691734896,1.3813587945233183,1.4255696836867924,1.4671759358748437,1.5142972229201905,1.499547547764844,1.488874811740301,1.5053799868038842,1.5486105552752485,1.5317399209286786,1.4845537525978094,1.4215068833322164,1.3573507561270846,1.1528156512272705,1.2336230392472902,0.9091128622073669,0.8213577133147106,0.6814288458079699,0.4485475366446259,0.4888730560340712,0.2337535037529004,0.2444819037644681
0.9000000000000004,-0.08781676252814277,0.28017345176717934,0.6117881909289518,0.7123943387267061,0.7753202338177901,0.9421502774750681,0.9814570939692693,1.1486401561908377,1.1785828855151674,1.2945267012987487,1.3431346862233315,1.3370975765379116,1.3757864063551286,1.505452625326567,1.490536413486802,1.511703895284874,1.5080768272938936,1.5916057518994042,1.5187114450721633,1.5242918577813505,1.4892176488820315,1.4364607737559254,1.371261003087068,1.1621119084124565,1.141405015724584,0.8089010361808104,0.8032397010663488,0.6692630621446294,0.4245976023149174,0.5088200624018373,0.17690358607565604,0.1776186440862534
0.9100000000000001,-0.029405867735856885,0.25096119231437813,0.5692675584255755,0.723527833711573,0.8082264275382756,0.8881128926744781,0.9719087445729747,1.0468624901605468,1.1253408664865168,1.2680373082669376,1.3216393290405042,1.3479240110325477,1.334981150297752,1.4240977485742614,1.53917928300693,1.5491523204569861,1.51522859061533,1.5299991463662304,1.606882684645616,1.5685642057676101,1.506297600770416,1.488753845278844,1.397202681629759,1.1918206603374628,1.200108900804875,0.8432365050181637,0.8189787487438069,0.6288864832326138,0.4087030659127963,0.5034083543380754,0.1892768689609051,0.23890476419001597
0.9199999999999999,-0.10661267972025801,0.21594135527969233,0.5947318263732208,0.6795295406404122,0.8236666941682506,0.9631311323349064,0.9569740101836889,1.0375786923061507,1.1267166168342706,1.231118416910239,1.309195348194596,1.408617754038275,1.3600821062910444,1.4267468503717304,1.4393008882435836,1.5123227606256078,1.4922605457715141,1.421104883626325,1.5162270435805565,1.508829986216805,1.5193971826606616,1.4652411592358328,1.4162197354152173,1.2719239747360604,1.1633122219028054,0.8410607684467438,0.8205912969770615,0.6428744051176772,0.46140568255117104,0.48801482426896636,0.19243078832187605,0.15852110445032785
0.9299999999999997,-0.03920313209790108,0.25882940230740087,0.608468475056343,0.696602598102122,0.7823145397734746,0.8601131351364911,0.9887857742292261,1.0820077879297152,1.1918654843165435,1.224949439934265,1.3164180994600727,1.3847198986456797,1.3856142766876416,1.4314436808900062,1.5223577433356956,1.518480524567185,1.4756580399415453,1.515233070812095,1.5259254157607287,1.5117055375817618,1.462281648961287,1.4880996528685069,1.3869801905980172,1.1923276514763153,1.1450089061546371,0.8511367887856395,0.8332432159652937,0.7065283374407724,0.4334096395414672,0.5418041860885242,0.1857701182045938,0.250203143154591
0.9399999999999995,-0.08112326651295412,0.216070127095855,0.57811524275814,0.7602842726098884,0.757853105890818,0.9079984473308615,0.90634368879619,1.0239176545120858,1.166097332696866,1.2142061493553165,1.3240546423501371,1.37256544928334,1.4756809106443358,1.4668577982196902,1.5206688193623823,1.5054437633454518,1.446258124518348,1.5528812378266714,1.568743262095778,1.5230609423231667,1.5015718630613502,1.508717314750925,1.3923901648568646,1.2037827733514879,1.074085531529097,0.8393009700979733,0.8533538420570899,0.7195904383678375,0.34288095215993464,0.5404816244275537,0.14082398438585497,0.19745331627992962
0.9500000000000011,-0.020197177480079796,0.20412146894573524,0.5737733709446359,0.6994834691840329,0.8545890424370577,0.8893132137562038,0.9557362938926587,1.0659929434782063,1.1234494089350848,1.2155759729191709,1.3240440197969263,1.411586549067755,1.4520973459118647,1.5430843923658766,1.5177522715798908,1.5297003594799106,1.521562522015818,1.5021581230484589,1.5492314269154293,1.4668044230045039,1.4914804254773724,1.47108318545887,1.3562883380605442,1.230034300977786,1.0685279282825197,0.7720617567100602,0.7767649635856058,0.5969836941779187,0.42319566399913,0.5790366267757863,0.18518092883427217,0.23152202445033168
0.9600000000000009,-0.03114753786705633,0.21572500686442347,0.5986087291393197,0.7198353050227303,0.8146485885414769,0.8864709771727497,0.9120358172008952,1.0061600237839392,1.0822892695729969,1.2520425137407525,1.3255025635351507,1.3884919629594625,1.451924010848545,1.4505035722632431,1.4878565874997214,1.4427040716386643,1.4561094439624742,1.442853111315684,1.4986661009769695,1.4352000430221763,1.466348962331582,1.4273346865581626,1.3298917082992303,1.2158244777296898,1.0692628159311062,0.8398367452800228,0.8395287204047381,0.5919915046234759,0.4024722376368375,0.6722210692046613,0.18970359528801634,0.22802735542614663
0.9700000000000006,-0.01202075717505826,0.1802920953572152,0.6005956931375078,0.7557455331202771,0.8208321763622001,0.9335200217384724,0.9485538595113268,1.0319507250493745,1.0907138456367476,1.2380789794179294,1.3556342417329417,1.3886701791324239,1.376722285959534,1.4398889347474622,1.4812257408673557,1.4527718960893932,1.554630941434123,1.4733410282816426,1.5237582498929432,1.4870046317598358,1.481007195107537,1.4167979215031221,1.3115797659456627,1.2330352853104374,1.1080686193699096,0.7972487891018476,0.854468852913348,0.628255589597096,0.4553440676433109,0.6102113943962277,0.15780181781224484,0.21997457665927297
0.9800000000000004,0.09240346924589439,0.15471231098086322,0.5467912451017585,0.6952530181782228,0.7722792044478102,0.8434913455412293,0.9065781737854909,1.0618275264467731,1.117340018155065,1.2268821906215623,1.303698503582585,1.3729556253818278,1.4460274262311483,1.4675052761074856,1.4889639144144997,1.5058718597800524,1.4946651734364358,1.4635209846239756,1.534802983838941,1.469036226902276,1.4877739659428593,1.5092031247716124,1.3438823148875805,1.238080213128056,1.0650555228422962,0.8534712140557426,0.8537865034147607,0.6010050461709671,0.4905370009908939,0.61473977140182,0.18780629323116338,0.20795602703615287
0.9900000000000002,0.02258278349195947,0.17590880307723084,0.5307947200295605,0.7632558985649528,0.7595004561292965,0.8162937368874541,0.8972133967121818,0.9883922273690033,1.1245587932545669,1.2896129311669635,1.3677840497564255,1.3966827319594353,1.3997758024621207,1.4244645545325871,1.465977440571337,1.5383822681431776,1.5407347751366627,1.4722163538177278,1.5050953898630537,1.463399003790198,1.4756181443774148,1.4467742282836242,1.2860431947905862,1.332736751354032,0.9773796362998874,0.8343446943804846,0.9128294842028879,0.6517503826156182,0.477509755602143,0.6119150968892962,0.17614730906039683,0.19261426843433543
1.0,0.11775970049074938,0.15372868980482046,0.4618176179629911,0.6238812813458173,0.7175312471959016,0.8161798545217477,0.8765337757029515,0.983930548931094,1.0712960854312963,1.2354875299536934,1.271526399748209,1.398347052345043,1.3412309196647372,1.4607171892094706,1.5238202649603967,1.5515756412151358,1.5423721845853477,1.433182218653498,1.5015670235742096,1.460321191116681,1.4018243055614255,1.3982290981307133,1.2642158389610973,1.2759242991707027,1.0537690071359542,0.9344059453330048,0.911065857277479,0.6447056500747518,0.5640138305427923,0.6389747990200079,0.15379138593819283,0.19626219965724204
1.0099999999999998,0.09229247742164279,0.17301160273406047,0.49865973760116605,0.6587381592945846,0.7385172176842575,0.8894667232484523,0.8897703775561562,1.0491663878938031,1.098043994893362,1.2217655919561492,1.3049480367938426,1.4005879167375241,1.4590086275141825,1.542900662992199,1.5008198228139855,1.5175202646113408,1.570601306098913,1.5080455153121612,1.4916065994503258,1.4287698138926765,1.444962807497889,1.4111927808383489,1.3068623048001144,1.2626089925583917,1.008431188485574,0.9299610281825864,0.912234803347916,0.5858931401173315,0.4930263179265648,0.5936172551802144,0.19628295627265863,0.23392442055769708
1.0199999999999996,0.10276172600467454,0.17844093884347376,0.46410853294097204,0.640320000053288,0.7333739846200357,0.8336415528304736,0.9320337114165574,1.047141082457324,1.1461500975717622,1.308486258277138,1.3487173496949072,1.3979557503468005,1.392350938995438,1.5078167404668184,1.5154220312389513,1.525854513739514,1.551551396725431,1.4631358407402923,1.4791301996469701,1.4286821158828735,1.4191120923638516,1.3695372170389206,1.2758218832155963,1.2483235671029997,0.935573689917638,0.9594083742325686,0.9781168971363509,0.5797208624407755,0.4863334558921922,0.5973904206782915,0.1867720068933662,0.09554736154350738
1.0299999999999994,0.11048633552828539,0.12374429073833147,0.4750382306997455,0.6366505053223642,0.690743652581945,0.8253688114295296,0.9029801154984788,0.9787151859819105,1.1249613417328292,1.2667014811081088,1.3625519881417327,1.3473629138049243,1.4716261250028717,1.527854193020643,1.5057314883778274,1.5607594297017526,1.5355618302161993,1.420053951162203,1.5125737178600402,1.4225472803450696,1.363553719735721,1.3983102978965498,1.2898040670596982,1.2392756547832602,0.9610810575148558,0.9778555385403509,1.026198561760162,0.649048779142438,0.568446816528625,0.6179372507572163,0.1745357649560217,0.10715977470458013
1.040000000000001,0.06582529232274295,0.16186189499066433,0.37602339933903345,0.5650345660932871,0.6142159407441656,0.834975371370169,0.9099090493533758,0.9681845915206971,1.0918627354847312,1.2135923002236448,1.3013381271771463,1.372269286333112,1.4290626266842674,1.4569984339882989,1.4693250171410606,1.5200822360450312,1.5009052834640626,1.4962120782205373,1.4599166188198673,1.421363009650491,1.4092637734949771,1.42700563122055,1.2144659388194086,1.2582139743997924,1.0752313721548485,1.0175272270154074,1.0010381693359884,0.6260497695592698,0.5697722469604413,0.606925487941959,0.23661016534891133,0.09166321693663357
1.0500000000000007,0.12125537929936527,0.07319044116039919,0.4187335451586041,0.6491657821261049,0.675916327133395,0.7944397031651157,0.9256196695500608,1.0408916389497227,1.1683925980917556,1.233023399910524,1.3199750118433309,1.3714152970614617,1.4123438699852016,1.4568025325012908,1.4476577039879204,1.5208802702378483,1.5405232131583564,1.4591585424461484,1.4867345578831843,1.4224889704009376,1.4065783988273315,1.3204009846698848,1.298197264840347,1.2521889496211522,0.9972650787584767,0.9862043421467931,1.0311425880091005,0.6819797808817749,0.6745389144218948,0.5700595662887353,0.1898997057311256,0.12625845689059753
1.0600000000000005,0.12380003663964236,0.16387728271808588,0.3975652952651948,0.5911437722077644,0.6109719247250127,0.8026185503188883,0.9031587463971562,0.9807783059923202,1.0626864846416888,1.2568434385596052,1.4244352967542337,1.3320097281361831,1.4225467446822242,1.4463759296058394,1.5099019575680153,1.5177899377735136,1.54263903748927,1.5075410284427682,1.4520030381304356,1.449618194948283,1.4345302312951187,1.3624908414319543,1.1927042749749581,1.258366668213469,1.0471601263604913,1.0872257527432372,1.0058316071382376,0.6884985016184011,0.6211890973639217,0.5366214929429498,0.2590985706339695,0.10105843899856529
1.0700000000000003,0.1054607615037457,0.133949182351646,0.40172636742204004,0.5180259749615224,0.6125832325187004,0.8033885460284955,0.9176004801552715,1.050159702350684,1.141747006465644,1.2944788743510633,1.3721893303235284,1.3461231774412608,1.3952893883724846,1.4604519102653015,1.4421520495573985,1.5544703296608111,1.534497760264765,1.510734546001048,1.4524720472595922,1.3757940704340152,1.3873834412557335,1.3979350799538433,1.2130676022696285,1.2275280212895572,0.9600022424421912,1.0972324645560363,1.054037413003649,0.6841821067992847,0.7192865456981634,0.5695767398933536,0.20519625310691147,0.06602833822045512
1.08,0.07630302034226641,0.1253297447792089,0.3163300951369832,0.4968342929415897,0.5995959488405801,0.7653661660910305,0.8470239552296398,1.0379816585135107,1.1424586615300687,1.2758319961006186,1.3101943612876734,1.343934223211175,1.4636059602965348,1.5316049755048415,1.5510982563374447,1.4644780881493342,1.5300507711034248,1.474086348690098,1.476039019664479,1.3939997211714854,1.4042697088835485,1.345481687242384,1.2489143710325377,1.226000581304033,1.026290700607021,1.1666858045667237,1.019428193878278,0.6807329736284521,0.6417647348557528,0.4706109732239867,0.18311067218102794,0.01125489657722556
1.0899999999999999,0.0910436052310218,0.07677425230187888,0.31324737961456206,0.4920142458744691,0.6287182146074756,0.7849330180777411,0.9217769337871291,1.064802632742998,1.12807694480782,1.2732289686316738,1.363910568439778,1.3667084850900162,1.3476621626447403,1.4843778129790366,1.521653442714915,1.5098316314943787,1.4657297240696003,1.445899112764591,1.4420170895322513,1.4012003515649765,1.3744245659729732,1.318013543646663,1.2423038826572748,1.1848841922840911,1.0491427802780415,1.1342027298510415,1.0510810957477525,0.7240044883872493,0.7186066960282114,0.5371210977731096,0.22321467174134538,-0.0043403452176418045
1.0999999999999996,0.07975253280961658,0.15504400954295372,0.35861821558078777,0.4357567966572541,0.5636308813252217,0.8181874250335709,0.9183948122528999,1.0341533408433616,1.1769656287483488,1.2336791064361794,1.3588352011660592,1.4007785690225956,1.420830895181894,1.4704808238661926,1.567216579700097,1.5006136202104083,1.5231654242105432,1.4581146771241937,1.4263331001713502,1.401402411505007,1.3379892949689316,1.2926291895952133,1.1820915011038386,1.3054034634710874,1.0265508780950814,1.1661025870339101,1.0599230636086565,0.6925387982752742,0.704812949048372,0.4380156405502567,0.17879228056303148,-0.06084252616661824
1.1099999999999994,0.0793973610904252,0.18625937836020875,0.33564260066313,0.4964374706370779,0.5933622081762213,0.8116017967047036,0.8998225339033158,1.075802194900775,1.1261691037637849,1.2827032397145337,1.3715224956803131,1.3527687469407155,1.4675205969742482,1.4523854852340328,1.4638688475651611,1.5206544964616624,1.579131795801285,1.5155926419939594,1.4766758268085665,1.3621314761961245,1.3629474872891363,1.3970795906447244,1.2140975822828024,1.2785527816511186,1.074253145196961,1.1093502835129085,1.0520552054072274,0.7070211579837532,0.7684339704072396,0.42161842832967045,0.2139114914900413,-0.060917846043890236
1.120000000000001,0.07971856107859354,0.17729918679662698,0.3384983170202873,0.5336986252318408,0.6198479364025663,0.8108199087472371,0.953910858212003,1.01894941004521,1.085500226493679,1.3268962219855005,1.4137759479299374,1.3986473574276275,1.4803619671919688,1.5123088439937367,1.520005762720882,1.5036123497010805,1.5282143100417709,1.4736579728955856,1.4940125500705528,1.369332729498586,1.3683040818511223,1.270420698167402,1.2579947755154794,1.1915132981236873,0.9708157436271694,1.1444720665511778,1.0432624399109944,0.6981609795692107,0.726279216280073,0.44065805116328494,0.19319165503410027,-0.09437835610338965
1.1300000000000008,0.06433063098348038,0.16806160249243646,0.27734828625233215,0.46689546649031244,0.5345336592567065,0.7438869794080959,0.9818748227893876,1.0139221405476444,1.1555058781706065,1.2343630828905086,1.3904207734423408,1.338420306666366,1.4352788129409046,1.478055834771147,1.494268298980098,1.551590877169958,1.5328577688134584,1.4672198753196604,1.426115085056351,1.440800268788528,1.3800777610931507,1.3612130009532264,1.1818287217958898,1.1814803998864738,1.0473822996118292,1.1384399322887457,0.9393327561387939,0.6644647117337111,0.7560263028544012,0.3875111764075346,0.1448941768770719,-0.0785897270685933
1.1400000000000006,0.07040775703305248,0.24262541818092925,0.3134143829799303,0.4213008183775433,0.6085306840313592,0.8304595833226396,0.92053137957131,1.030365933001698,1.2240537773246636,1.2753934418392452,1.2797034455456442,1.346138128708482,1.4730399539032606,1.46088679948154,1.484605052510969,1.4991272094341004,1.5201924690912796,1.4629343505764236,1.390367436206306,1.3886058587060797,1.4128392811430655,1.1847891257647634,1.2127832486536612,1.1269136582910242,1.0055824691295465,1.0967435134875314,0.8943599843391588,0.6437224246965093,0.7858906909258008,0.45446570326215,0.17220460045665015,-0.03982808300144434
1.1500000000000004,0.132916570900179,0.24669926656798682,0.3465547456463086,0.4773137606925416,0.6417006386548345,0.7708820686587959,0.9601944226072373,1.0601301316740046,1.1983668248362358,1.2647038701473918,1.323997990866697,1.3648298786573303,1.4386366764108915,1.460653565883743,1.4533987779136874,1.4974842398790433,1.525589060579286,1.4974832389859072,1.4479164552046535,1.3568246311291736,1.3459178241110397,1.3157173822838226,1.213440665284124,1.1172471172228802,1.0598066228681051,1.1482796934467114,0.9298389062731168,0.6895204082054346,0.726668038393847,0.3523548200172515,0.19325724737722627,-0.09992030269544379
1.1600000000000001,0.07773594225119826,0.2855256338792136,0.26880233985182383,0.5430982384613154,0.5877492363528408,0.826851376899824,0.9123429029087282,1.0830149420302864,1.1522207977853547,1.3231986429799567,1.334110810661265,1.3698220759338067,1.4944114726117657,1.5331044147880695,1.5065754733248868,1.580683498035758,1.5131594237478452,1.459363656062304,1.4155486337866345,1.365075733459516,1.3617426748205337,1.260515008200972,1.2331269112797052,1.125409654484411,1.0403412560449443,1.1889858782402607,0.9610383217624691,0.5968067330182206,0.709744376592821,0.2720380420179126,0.1553065000900552,-0.1442936244229802
1.17,0.07196020864107487,0.2576639384926295,0.38253783263321506,0.4265913098205446,0.6737375082867898,0.7725497506413387,0.9982377513668659,1.028778583339739,1.2132747060284141,1.272984044727068,1.318182778447333,1.3446642182668338,1.3983154981094512,1.4621781538880911,1.4971190406374564,1.5718511972396827,1.5354880530733526,1.4477142769307023,1.4563732434019823,1.408247668192532,1.3624478860966838,1.3192435733500725,1.1977083927602326,1.1067592323253284,0.9961816211361483,1.092164712415862,0.897485243207662,0.6946374311332163,0.7199865093558311,0.2555317263495727,0.18314645375792904,-0.053020721759318566
1.1799999999999997,0.10252983921913689,0.2951436225036061,0.331120412361861,0.4697887315024103,0.6299230913940134,0.8344730191943351,0.9710385681981354,1.0535665968094188,1.163870115731945,1.2359091664401856,1.3031930965768919,1.320633227053613,1.414193949196518,1.4541970268126847,1.46803119043015,1.51855097546854,1.5298189266352307,1.4138396401634623,1.456456971440616,1.4145734735044047,1.317583869127912,1.3020515916953779,1.2054923675782017,1.0231797150826483,0.9745626139941139,1.1667450691780235,0.8524793412602981,0.6603657811731389,0.7422679882916369,0.29666089655368516,0.1833184761915272,-0.08900907923584934
1.1899999999999995,0.1412524148545785,0.36680279790523246,0.3527959325015339,0.5244969654803884,0.6818561084936429,0.8336130401929088,1.0355032223828253,1.1141586910687613,1.2403555467766816,1.317136185467985,1.3318059465735914,1.3422938953552028,1.4526406310122857,1.472689043339742,1.4723396989847632,1.507569187398658,1.4997382680289402,1.5037573763658916,1.3743858183006428,1.3564115697802086,1.3043996239594515,1.2962201317342066,1.216737166552047,1.0551524677974036,1.0430415634009182,1.1456435792069222,0.8026045719489008,0.658647267195705,0.7837257025675922,0.2774512452382162,0.20242411005637803,-0.11113827246277713
1.200000000000001,0.14568707294827402,0.3805632159942616,0.33931090101285954,0.4725554283380744,0.6949336742541372,0.8290261263416241,1.0529065732978726,1.115648634793476,1.170456217143158,1.2709665257914227,1.3666630133433477,1.3146156817580543,1.3798460809677116,1.4935666991179293,1.497479683180446,1.4874797197231548,1.4809973164870776,1.4454188666097452,1.410876515140359,1.4014530785822137,1.3245607523184482,1.2908716409752838,1.2309901056418997,1.030724213188049,0.9928097612883441,1.0749141523331016,0.8116045866143189,0.6528019858925653,0.6310150682409975,0.23261709426618482,0.19355411814718884,-0.037930994839483076
1.2100000000000009,0.10115983580987765,0.376492215922848,0.3713962114688162,0.5072883750669079,0.6778526474584884,0.8460443057589478,1.02848218885987,1.049510393219895,1.1458739379581457,1.2401096143844148,1.3241019767067326,1.4140864629839245,1.407806925505027,1.4537718319733162,1.4706571538294144,1.4733074386917353,1.505880482891567,1.4481778101645104,1.4403101403364484,1.4123772412430082,1.3511845542729644,1.2936017823632289,1.195839135026858,1.0577668723599487,1.0233721932570066,1.112219091061199,0.8044421387642939,0.7152134524710768,0.6934197153252102,0.25066133456910233,0.2610080386965801,-0.055515087706546395
1.2200000000000006,0.16340130826494806,0.3997425291104514,0.3450602132401844,0.5118177570353013,0.6683883015915306,0.7851496468502888,1.0122817684706433,1.089489890685769,1.1251384535123807,1.213333399342558,1.262641313762197,1.3328352365010319,1.4148764612646212,1.4267894087117323,1.4916681693697758,1.5279608230872401,1.4868701032809306,1.4965117188400205,1.4343901614129475,1.4395680600197578,1.3173222246036551,1.2786028757243875,1.1699069045865003,1.0135226717914334,0.99316637898409,1.0634650028366082,0.8079061054526802,0.7775299716700097,0.64442172160369,0.24969412142288122,0.22008842384844315,-0.0443685592595257
1.2300000000000004,0.2672465643103593,0.41649457387908506,0.3943327780645876,0.5090720814529227,0.74539404613913,0.8769880554536964,1.0287868074809519,1.057862217943499,1.1543173492315169,1.2732673751106662,1.3308341387101361,1.341938041060593,1.4261586077751875,1.474502943879529,1.403948110261035,1.51116221089833,1.521368702356648,1.468341469041569,1.405960003862902,1.3717100941559506,1.3395827748523053,1.2731505156637999,1.1461488759566791,1.0057725441587515,1.0205109167374704,1.0847612673265283,0.7330438877739631,0.7256225068782372,0.7194827813831937,0.2809519564959995,0.2927193716088323,0.041479029335392624
1.2400000000000002,0.19068576972695725,0.4055236700188622,0.3961001767355492,0.504448154916742,0.7512462685580703,0.8304503976930057,0.9226512345826483,1.0921741162665468,1.2592464352915116,1.2846059590350896,1.309125218495099,1.3384402363283519,1.422095071288864,1.4665755243713736,1.4537235646241116,1.5013200078694924,1.4846451253306314,1.4871656293537905,1.425709292213998,1.3433020609707285,1.2854993098615426,1.2460573496122591,1.1576084830297646,0.9549867893161971,0.9894651729287125,1.13147332308308,0.7578427544221438,0.7221501579578594,0.7108080536081763,0.2901961360801586,0.2905163075217703,-0.0012713401921192295
1.25,0.2038717639308313,0.46770808875898634,0.3642043559358577,0.5569399856443875,0.670408943506569,0.7809149459151116,0.9961827599231101,1.0813802659484537,1.168518413709243,1.2207429931920002,1.2882103380729082,1.3112736464029542,1.3914922305349682,1.4639099501443438,1.4182478587199627,1.4643129291951447,1.4295163874803059,1.4568198007506175,1.4770674052439772,1.327344953721883,1.2906893712020584,1.296271700548658,1.237074472231495,1.044920032027822,0.98991301061803,0.9852959997892062,0.6935549407908219,0.773978690428097,0.6432752673465869,0.3442415860944906,0.3632333922397198,0.053021040449636
1.2599999999999998,0.1668706029130559,0.43394621322973354,0.43117359939364497,0.574220824958489,0.8009002249137147,0.8354332295060355,1.0270340608571287,1.0470816201199802,1.1647949982240924,1.2105351127494328,1.3329916810188567,1.3603907074157537,1.3680876415149572,1.4393367144225886,1.4835411967643326,1.4765093037609869,1.438394599682941,1.4382690172800026,1.3771136465705718,1.3394610700844074,1.357883097813659,1.3012965975238973,1.1957285398508566,1.052747995433646,0.9695433759436626,1.0124990862795111,0.7588856714077202,0.836562808446847,0.553022795825902,0.3244442302887253,0.3685801586888253,0.009492947020500651
1.2699999999999996,0.21394600929929453,0.444856784782518,0.38435793377750443,0.5355932595703702,0.7674669627286577,0.836831609521421,0.9968645625541753,1.088966328331023,1.1561916870418265,1.2137542819618727,1.313058935044559,1.3396257918670076,1.3897373414277727,1.4457425160117214,1.5421146400430152,1.4800210234284634,1.5058097793136465,1.483386507928381,1.41347191931406,1.3506535157636674,1.2973818786921207,1.2544036682403483,1.2333530412152376,1.0311869094109298,0.9541796122339317,0.9767972006718155,0.7121339191861352,0.8556773978580083,0.6605721239413713,0.3205563565773509,0.3483046914925693,0.0339414996833196
1.2799999999999994,0.2402189128489207,0.47929444099862295,0.33998237629348604,0.5581171857741147,0.7866253380924783,0.8245704798395419,0.9726291838241619,1.070510568636238,1.196106559249863,1.2071090253953622,1.286719328200359,1.3398420304189118,1.4857790063571181,1.4956961332064695,1.4943690176419806,1.4636114817923818,1.4232476430943488,1.4508323871266453,1.4539446877651516,1.358864073042996,1.2940476825015037,1.2380868874313438,1.170446863594403,1.1017892047950353,1.054902020524836,0.9250905268269096,0.6365341816384209,0.8299774148783732,0.6615541007862026,0.35725465714758997,0.379798169395795,0.10317047195837113
1.290000000000001,0.23214230261535135,0.444525981941317,0.3878195602121012,0.5132059845114053,0.7040750602886029,0.8458128922084137,1.0127315912196173,1.047933722718256,1.1257233610080468,1.24611396826508,1.3480072664891878,1.3218436499946136,1.4112470710704632,1.4692536926902817,1.4644427377648133,1.4689723153444163,1.4846995020084242,1.4951832710643558,1.4502120224261268,1.3215240542667859,1.3086197463278475,1.2678004157540517,1.1260869598473888,1.0827857309589626,1.0455796555498857,0.959641326966845,0.7306520504889699,0.8288021188554349,0.6080721118027321,0.2969560525709327,0.4047243005319081,0.12752065698453552
1.3000000000000007,0.26683220442694483,0.3691642901270094,0.3677800108222872,0.5359872670853701,0.7078957340499281,0.8945463433558041,1.00421839701206,1.0992162532552723,1.2059227881482644,1.236447749673873,1.311508325983878,1.3387024943473318,1.4198542923094635,1.4791719959989373,1.4958277394951063,1.5341189938422106,1.5114276766415347,1.4771736611741906,1.4498640751691565,1.4118786696781624,1.3910452481524813,1.2662752967797033,1.203445289852915,1.0250814504470418,1.0201264542998747,0.9379604112078119,0.6819683346637985,0.852681441333834,0.5622164970239613,0.3701594472295126,0.3756589186529493,0.19536516323098377
1.3100000000000005,0.2503267658516535,0.31491224675165774,0.3551090310582719,0.5439135527644423,0.7849811197910135,0.8407089222394603,1.0080203721096732,1.0282499413090793,1.1902151373854089,1.2092719493220518,1.2587960671223504,1.3552300471457661,1.3869172861806827,1.4748038791921267,1.4085914808161657,1.4294925940240808,1.4367598415062202,1.4573442707316393,1.3911006656579663,1.3553926977644553,1.3588331585216151,1.2858834331303737,1.1559201334474278,1.0450391591157575,1.0613090521933393,0.9139440850010411,0.6776050222798249,0.8690106029421669,0.5521593285659127,0.33171057447860863,0.39036773724339047,0.11973165079142704
1.3200000000000003,0.23508599860289467,0.3887042921409003,0.3848406475079985,0.5143211843999044,0.7238315570030386,0.8354180378254232,0.9583630867174678,1.0245668931560752,1.2006774863160992,1.2319663121014426,1.372431187034892,1.4033444718625339,1.4550092813728872,1.45000657197244,1.4609361019019587,1.4833241153387111,1.4699099060230727,1.467316434175561,1.4960923465843938,1.4265901729924872,1.3349399374995847,1.2742639165022465,1.232171732641725,1.0628294081920187,1.0325800392702051,0.9838508402448383,0.6622010581507906,0.7955966024375913,0.5503593548554153,0.38642331057177426,0.41369360719703246,0.09638815280093917
1.33,0.2740106378255091,0.36349882560601443,0.39098836104065304,0.5861021667746568,0.7850495904531131,0.8318979521859892,0.9458108002524455,1.161183519889694,1.1908322428797622,1.2283810054690831,1.3356352088478747,1.4275678202189512,1.3773004651442837,1.459827109437654,1.4731312082164774,1.4666098260130238,1.526200892991787,1.4632963908071979,1.4242826908800368,1.3967839299693945,1.3586364632328263,1.2514830017627399,1.1839617315802076,1.0213035784142406,1.0927664218834285,0.9589674544765899,0.7075923358120018,0.8833599378887023,0.5249214693068113,0.38123200182640976,0.4025836537615016,0.15517358154155095
1.3399999999999999,0.23295432572476538,0.2912716056182105,0.428672294720356,0.5749246921589162,0.733962280152639,0.8469124710252212,0.988770823813629,1.0312178441973165,1.1977676897400469,1.1885324083474602,1.2706190397572548,1.3785389687477252,1.425972735551497,1.479604027235905,1.4808474581120574,1.4909643972064892,1.451079144419444,1.4462824775337142,1.5032479672741683,1.3650261549534533,1.3445016260331402,1.2432626395903892,1.1622212402135563,1.1176517373388366,1.0551614057056777,0.8720598457089269,0.6882530500819631,0.9238694665571665,0.5919501764787021,0.40552616179815104,0.4218068601247454,0.19331067327606238
1.3499999999999996,0.25822164302371065,0.3421993211436758,0.4126799247073792,0.537263572312692,0.7636116442784233,0.8285988671732976,1.0289533420637622,1.0993548363145018,1.2087849520726133,1.22339419518903,1.325169214152229,1.3693313671100322,1.4378110478640829,1.4859343221931693,1.4824204790145676,1.4957777416213123,1.4289400852061096,1.484042647070834,1.3817347833382578,1.3284233236810319,1.3765824299195395,1.278820467185399,1.144841305818046,1.1227330877393125,1.0223207574462676,0.8446677376606455,0.668668700396025,0.9111756448671565,0.509107748981441,0.301826505376809,0.341355379271646,0.12646712058964488
1.3599999999999994,0.2796632496427015,0.31833241486468006,0.40881397394041713,0.6165972116199322,0.8130247452843946,0.8972450922765355,0.9819738601540868,1.088546140945464,1.2353145052313599,1.2083101861965957,1.3068774574827138,1.3939900228563042,1.4310243373477134,1.4303838035756982,1.4884104122524777,1.4740698232012281,1.4934737282076396,1.5076711276761745,1.4186222700476792,1.3868267046169591,1.375557336505731,1.2935202093728175,1.2034811927856606,1.136829945219478,1.0287288188930983,0.8325546081051792,0.6700543957051905,0.8894156691117252,0.4802422371145565,0.4126695611127132,0.3468854109482138,0.15931231105435037
1.370000000000001,0.2599780761871332,0.3172862318019713,0.3625332566279432,0.6318857110833234,0.8104469411372105,0.8882695918104727,1.039998768827044,1.1498205623742992,1.1570787095670862,1.168767086388816,1.289819033798037,1.389335454170991,1.4270133953944542,1.4032872379230537,1.4437600836764228,1.5453793456285292,1.5013768371033807,1.4987919068525037,1.4158976981011402,1.3768637804648747,1.3637814731549656,1.2617194908188536,1.1684486845640683,1.17817983076482,1.0675085197326777,0.8440822753607655,0.6920208199007172,0.8612162926243004,0.47109785372821317,0.46309239247042583,0.4224889691795916,0.10124547165831836
1.3800000000000008,0.22841337955774532,0.3368821929072694,0.4006772042776504,0.6468987134107862,0.8239167308700083,0.869529190022705,1.0155963033435593,1.1564674652278837,1.1789311003258156,1.1934951490448389,1.3419104477984491,1.3779995858262963,1.4190405444537522,1.4469433136165155,1.4498210005424896,1.4264839984625644,1.5053847686033748,1.4356018474697256,1.3986842885414226,1.3867693214642958,1.3018602135065158,1.2154943919690597,1.1238496039424366,1.1319703898109246,1.0036528936078206,0.80332039603988,0.7237271848065554,0.8737337230860666,0.49306083476464435,0.44132322305661287,0.4247639675585975,0.16085294488870439
1.3900000000000006,0.27130499761020505,0.28473150750818366,0.44736028170459013,0.615584596380071,0.8134077225879807,0.954057266404665,1.0322014962630437,1.10714981879466,1.1993312856589837,1.2290261759810057,1.3219181787141319,1.3579498244378863,1.3882206886201518,1.4481608871571734,1.4524820475394753,1.501174902196114,1.4376689865272845,1.4515375341415737,1.4289437105776006,1.3758428196022359,1.344859315464728,1.2636261226741985,1.1645951590178085,1.1033159787336806,1.0307770481154432,0.7933463725360326,0.7124499891502152,0.8486874592915458,0.3695808316518197,0.39034737576359557,0.35128090182756105,0.11782704898815964
1.4000000000000004,0.23017216656104675,0.29423472115822324,0.44640617756057455,0.6704475620541862,0.8500660969244923,0.9374984011677234,1.037172335968522,1.123061579805166,1.2413470112614684,1.2447713149296222,1.3128285282277472,1.4157382233136293,1.4118516168485278,1.434292224426369,1.5151422158998895,1.4948796935326656,1.4675226666249495,1.4525880207265232,1.4068334620836545,1.3499329926818904,1.269374557031094,1.2318318752061164,1.1455738289202435,1.2183732603353277,1.0595747412999579,0.8337287011594787,0.7419821681560862,0.7905028644156379,0.4776537035666131,0.3249028016756372,0.29000578711033925,0.11221500366021961
1.4100000000000001,0.20822825768144446,0.27176214435238594,0.4645411063441417,0.6047177262561051,0.749849883735986,0.9589521252986852,1.057530980649983,1.1165304196870096,1.197542769975064,1.2619177906115446,1.3113898435725209,1.3722132982807345,1.3831908962150508,1.4395304437044318,1.4535037739330483,1.4922730109635438,1.455195213364164,1.5086319751363315,1.445943270875027,1.3131814854048498,1.292526393061154,1.24077560695449,1.093784988696864,1.1771041580806476,1.093826905868783,0.8078949212321122,0.7255436913984017,0.8105233989403081,0.4334461601711696,0.3906088889660672,0.3241961958649868,0.14648571169186375
1.42,0.23020128077718421,0.27069816846679934,0.4890905839194626,0.6187213497372475,0.7569744468912972,0.9167342876671651,1.0547695899045095,1.165798135656693,1.2500303434114715,1.214265657872583,1.2883426570728835,1.380511755158064,1.4090698955882333,1.476780423478206,1.491621814918299,1.4872723438496407,1.4666915454006795,1.517228066196001,1.427146975127363,1.331358878759648,1.2852625512765552,1.271943640670781,1.1802736314512488,1.2482318760795232,1.0843664877299326,0.7880934790341567,0.7186169038701044,0.7454841286386772,0.3967101284672127,0.40285541613042797,0.3345405562241317,0.21154271146769438
1.4299999999999997,0.2379223699900919,0.22829394344497717,0.4534641369642303,0.6001342605244654,0.7977350595065418,0.9893230349743605,1.0689740611380207,1.129252612680207,1.1887805834018181,1.1851473645956936,1.2771262998090596,1.4076849614420053,1.3879671809605667,1.4806049029196824,1.5056874649329888,1.4573162643908053,1.4136544805897775,1.5001324944794734,1.386806748572996,1.3274578222660327,1.3119278739681153,1.2019386894889512,1.1410355379041626,1.2400085956155134,1.1607241716126897,0.862551781490476,0.8472391231247675,0.7834937524276568,0.4863593457350903,0.41742510072056777,0.30566840934974493,0.17626745156320214
1.4399999999999995,0.26307228046512077,0.2149273459751561,0.5106598410187013,0.6497596150818613,0.8149903540016897,1.0227034975930065,1.030842596765319,1.1033775619070698,1.168285680292534,1.2371203064480953,1.2934099520011662,1.3895573553734146,1.4312697143207218,1.4482606035842347,1.4142313620861877,1.4882626991589774,1.475860576464234,1.4599387568481463,1.3156537010131204,1.3249281255004233,1.3298569940139677,1.1998283227784308,1.1063834569079662,1.2400015063810785,1.13041335685535,0.9072884425254217,0.8772063543837031,0.7966436705286501,0.41881969687517445,0.4595450319956051,0.3200105973035054,0.22389243505795187
1.450000000000001,0.14297600468438446,0.24817065776291128,0.4867347703981309,0.6592724428894554,0.8136558032937568,0.9429393107798474,1.03180609866967,1.079635827347934,1.1734508129376178,1.228303399611323,1.2858295788122869,1.354679337418029,1.395918843609372,1.4546977836172472,1.4174025487939137,1.4672078723175328,1.4632236621859436,1.5093433158815308,1.3671668069853673,1.3471114519702807,1.27304899779316,1.2631272603581583,1.1566378493194651,1.2461581592832631,1.1452788938899596,0.8454349433199527,0.859271527633501,0.756125918439315,0.42857637486714223,0.3932139993803575,0.25999323659348106,0.2160096561877119
1.4600000000000009,0.14498259706234154,0.2395397727321611,0.5159187855311299,0.692643264058088,0.8320610539760236,0.919836250508701,0.9726154593780971,1.0777071300489254,1.1464056909106337,1.2224769800240844,1.3465565038629925,1.3746917322629788,1.4302815623919511,1.469480469385604,1.4840565530785708,1.4550439020854313,1.5103562985500172,1.4781034951342882,1.3804924765103945,1.423484492024047,1.2829009881986921,1.1796873812244946,1.1758486963426962,1.235285513755379,1.1624704682085183,0.869040313525447,0.8583027636219308,0.7811799899950759,0.49684945967181077,0.48264597660454933,0.2819624631791973,0.16263908295181945
1.4700000000000006,0.16377375616485143,0.1918575918747818,0.49686962699619397,0.6823476474123281,0.8171860055144814,0.9268229526038411,1.0606233333354684,1.1136935210636365,1.1175638732745894,1.1959658496965226,1.2759148694749458,1.4003630658038677,1.413864652223608,1.4269153330257305,1.4485763000076561,1.442074154950224,1.483141784622726,1.4975911987799853,1.3533388712339052,1.347440267580577,1.25909011361692,1.1797414342399488,1.193410042576829,1.272832851932573,1.1890094619777996,0.9108863674051996,0.8836065827976737,0.8048694138180322,0.5182968492535536,0.5042346446922265,0.27244181844553667,0.22267643596776876
1.4800000000000004,0.11667264432147131,0.16147424188970305,0.45617078349683804,0.6713209265331707,0.7777955288187142,0.9790310073528224,1.056235554455498,1.1505699369244209,1.1750486341106923,1.2270832183245621,1.2737365549879027,1.3746843665615922,1.4410202507086156,1.4970948548152592,1.4764132827721872,1.519334956824534,1.485867960113677,1.5234962988037666,1.379290330582918,1.3932499045316789,1.2959188728894762,1.1894974962673075,1.1827900171889532,1.3037952352839444,1.1946005264080712,0.9222916160999469,0.9174223418383117,0.6912454108732196,0.4792966366461927,0.5085166773396158,0.2553213587547136,0.18651385729533923
1.4900000000000002,0.16347691008544327,0.2104003564540644,0.5508206617228296,0.6307957709946433,0.7744046357742705,0.9180594274375987,1.0250003298039962,1.1295757556200778,1.1690204052998252,1.2441342120646182,1.2448228073878331,1.4079916073185856,1.3371510538358884,1.4100620431935338,1.3998160857339947,1.4321656507287577,1.4719225384733885,1.5129223120766984,1.3778621212426132,1.3529399293993079,1.2363159655110942,1.1891457950153976,1.2102916895798508,1.3347858666518448,1.2039450789883626,0.8891534446409644,0.8777658057686243,0.7473691960195301,0.4764876949848516,0.49725879825870944,0.157286013366448,0.24339604970443393
1.5,0.09281935433925571,0.18269444406130975,0.4741293388679623,0.6630228896093993,0.7829059416395292,0.9131976893929757,1.0049373203154521,1.1145109246226792,1.2004333176827848,1.3134160450965788,1.3206949492468072,1.40267896102475,1.4559192851413405,1.4153266947220566,1.4405765278202238,1.4776434640036338,1.450190012857946,1.4502439883807685,1.3739413667939426,1.3646560776834509,1.2603838607927478,1.2417911153572856,1.2556272666831034,1.3166914561570946,1.2129134787985811,0.9085855806182848,0.9280166143274312,0.7090759340564334,0.5228720200289293,0.5129498001220907,0.17962564864044275,0.17478952073380805
1.5099999999999998,0.11456531258382444,0.1344315596637886,0.49935513257919206,0.6551100638237197,0.7757436247757925,0.8898641830902408,0.9459450649669244,1.0908557628600677,1.1432034377897193,1.2323810894447045,1.260541337138111,1.3970546451732722,1.4296088334409294,1.4512153855645513,1.493427668644426,1.4523650778573667,1.4747747990092235,1.5146373147786922,1.4040235724311596,1.4255740724026147,1.2823216970606448,1.181847963253016,1.2587232207644343,1.2754988604225952,1.2189570239782368,0.8961142067550549,0.9360834107320651,0.6544459775645538,0.4798681808987032,0.46995926901875645,0.22038562249777355,0.2409286749328069
1.5199999999999996,0.0670105209573079,0.1473952589322881,0.5360965896000777,0.6524277841472359,0.7219986248356224,0.9126681194497798,0.9802117524822304,1.0866404734070827,1.14836921388318,1.2535187483049304,1.352972968694539,1.4088164799613354,1.4060961400636955,1.4650888691300914,1.3964827553308996,1.4786717215790415,1.5033010757806977,1.4991100653124037,1.4021585114100188,1.385335323798505,1.319514992413523,1.2285450680645698,1.303130180770716,1.3410866972680566,1.3135895422284,0.9507840139834784,1.0404568467031126,0.6680466408316833,0.5557136405113506,0.5261597674788276,0.2058857678199309,0.21558885078341086
1.5299999999999994,0.045010652203062655,0.1985727189034245,0.5722799789222734,0.7436899090063547,0.7418027468636036,0.8871430419323326,0.9760929898710631,1.0347549841625707,1.0986821920895102,1.2617732721172303,1.2767346028027384,1.3639262312341638,1.4109419506765286,1.451527651973033,1.4813539395326862,1.4150394455074131,1.450037176288816,1.5436359556602828,1.4306525083848383,1.3983559771822998,1.3388494750500997,1.2431560517964173,1.3163799096264472,1.2848178330232494,1.1964979518217311,0.9658187684901743,1.0163497665135408,0.6023025685568731,0.5250469919246011,0.5183410181038552,0.05997067779740438,0.12341800604231157
1.540000000000001,0.0014679278005713687,0.20121684118367714,0.5149721232998665,0.6276145718028587,0.7000188212865053,0.8650511582441633,0.9436867265787591,1.1374438420056199,1.1389455284744285,1.287614399343572,1.2905030054074482,1.3621794460010759,1.383122269197492,1.3885899688183225,1.4531749822049527,1.4719357550757688,1.487227810412238,1.5391125297004096,1.4669978112958482,1.4465893172201416,1.344053702811268,1.2564933720202671,1.3012179416386247,1.251732528116923,1.2570740248526586,0.9377506160305121,0.9822687132142108,0.6155614503182189,0.544400800748223,0.5066997258076114,0.13177596456753274,0.10441008006662615
1.5500000000000007,-0.0275672453413527,0.09884381815948526,0.5425890201313207,0.6680048416481997,0.7020768280908823,0.9148313106505137,0.9477966080085983,1.0994472502061554,1.132909050705995,1.2478291209920827,1.325397476649287,1.4129599680227274,1.4022953921789911,1.46127417232575,1.4652997895194253,1.472421694465758,1.4784185307763233,1.590548363432025,1.4758462031468265,1.4509957030289558,1.3662658134360228,1.3062639807460565,1.3571624481874067,1.272843598504365,1.1878675248272605,0.9602571683378655,0.9202747012266275,0.62252083237429,0.5732618587123322,0.538682877212927,0.10577174299063105,0.19270457216398232
1.5600000000000005,-0.011432995240301459,0.1674771067653782,0.5322873671544299,0.6876868871900985,0.7445207802854965,0.8368867254907806,0.9401197633263914,1.0615255463175197,1.1220304307743798,1.228602768748187,1.22970808337625,1.2799868553691611,1.3691788572361394,1.4546103483565995,1.5275664153631547,1.541085108145872,1.4632387316485347,1.5576875199294167,1.4636096785343318,1.4616614879544498,1.3453912429223562,1.337548818514447,1.3607022482892035,1.2261849008915329,1.2885889897017884,0.9856677011962923,0.9279705320279177,0.5162017355158538,0.5672477832067306,0.533236952754964,0.09893037958766451,0.14331060780162994
1.5700000000000003,-0.058849703646494264,0.1713102998529871,0.5429393842489258,0.6314896907957704,0.7025296370522598,0.8982684109599898,0.9659788348545444,1.0594042594123727,1.0731725121265767,1.252330624185102,1.2944982189866274,1.3610373553243469,1.4104932509263086,1.44812259110435,1.439284175623779,1.5142498685584531,1.4841495425074374,1.5082944432864538,1.473579068396612,1.5378600558724924,1.37148930147176,1.281995399930927,1.3620334739272322,1.2612220721990315,1.2199150810076367,0.983795354373392,0.9248392578301188,0.561204501240377,0.5437242692988149,0.5435906429603927,0.08621447967794067,0.09722741899453244
1.58,-0.08540037133658905,0.13180198901466866,0.46290947902649104,0.6490729629166343,0.6777599079829336,0.8344109925882998,0.8612992899284746,1.0352083553762148,1.163099531212197,1.3082432178093986,1.3352308652020568,1.3920779765632838,1.4181104317729163,1.4455414894021639,1.456144261327653,1.4740393872166553,1.5367334027879882,1.520015933263419,1.5090334842229796,1.4764401461945427,1.379044865977176,1.271981412962033,1.3337649768173887,1.1958998810756596,1.2256622828837305,0.9884555326269945,0.9539070879253067,0.514835429737038,0.49806903863948504,0.5011281985536905,0.05081425259088268,0.16039064446262613
1.5899999999999999,0.026076614630123948,0.17029292568346455,0.4775115395696938,0.6059355703079876,0.6743493393607359,0.8575744596090237,0.9415827240890735,1.0190501946598995,1.0895227453157785,1.2978000754954888,1.2674562519845434,1.4382509140469164,1.391869664904308,1.4865473339081294,1.4599025270204355,1.5052984473412019,1.4489275657319591,1.5362045641117554,1.4498347098259639,1.487233363677605,1.3813572007870722,1.3424354827833023,1.332971553519077,1.2520231301934832,1.2119380256780499,0.9938590186798596,0.9074562725007693,0.5147917559264205,0.5205850686124214,0.48896514402429114,0.07698970723897856,0.14989726779656692
1.5999999999999996,-0.0509170112489669,0.18781541722777392,0.4648757015665017,0.6590377708083436,0.6708180161557379,0.8323702665771713,0.9247941946295077,1.010875386822173,1.1245648122167726,1.2970777162852756,1.3101218298175492,1.3976289104074497,1.40295313776338,1.4140154629291048,1.488954355642652,1.46168175763252,1.4518147118845972,1.5251648654107302,1.5233287362421581,1.4232012471084496,1.4220828192916375,1.3676863452538335,1.3890356907050874,1.2418935133151858,1.207052232313002,1.0115481334697936,0.9092303564590685,0.49826376845349923,0.5121228096245591,0.503375299576545,0.023869869761857718,0.23588828919302918
1.6099999999999994,-0.0445241499624217,0.21096322827553488,0.5106942776203788,0.6475364324104707,0.6500926667112901,0.8171663703201656,0.9186297591688639,1.0793280904793656,1.1423826377865829,1.30639193183144,1.3829341905519612,1.366656719885727,1.424104639626293,1.4577235454431094,1.4916664679788556,1.5104079943401119,1.5621942197876006,1.538745822711405,1.4638564444978681,1.5584091791704051,1.4123706312814779,1.3791767861443307,1.3595609640283692,1.186458834214516,1.146271915986557,0.9746695645162949,0.9195919236142747,0.529918780961319,0.5518344417487898,0.5132364775671456,0.10685496739909305,0.15243636936783267
1.620000000000001,-0.01447806717587601,0.1871698334897332,0.4776204752268715,0.5993926620380405,0.6936071877842381,0.7974983316238263,0.9009285048616335,0.9977954348298324,1.139418527012261,1.2708183763645762,1.3254148858325272,1.3430416448421316,1.3804551870561503,1.3934707778648323,1.5332057345937145,1.5589963955572166,1.4907841092721903,1.626483832444432,1.5224199759279342,1.514073179728755,1.4060186428128811,1.3340375859779277,1.3639964456526927,1.195546089736897,1.1504722032250603,0.9961202117581653,0.8949150718059049,0.5739724645032606,0.6339298217631081,0.569223310588466,0.10477454453397428,0.17701612763430058
1.6300000000000008,-0.06371674590575327,0.1320474403671572,0.42816392413824345,0.5876189020745641,0.6899330044837446,0.8890348070803877,0.9023944575535053,1.0343722545725482,1.138448689810142,1.2743709433903436,1.2615203083018625,1.3707651290708633,1.353559086508414,1.453043596970497,1.493236453272047,1.5915648255678385,1.490237755212499,1.5751416379276364,1.4888703009908484,1.5300415760092334,1.4716293223082988,1.402555887077716,1.3677291697709077,1.125575277887634,1.1457583187125728,0.9843457366091918,0.8364488030980983,0.45880158140145183,0.5577762036884436,0.5184674520163305,0.10355411895398667,0.14793617222176303
1.6400000000000006,-0.027871570825840394,0.19708204503200422,0.4752379376452355,0.6174114822028872,0.6556660342373211,0.7652614490360867,0.8990179062786502,0.9769599419203527,1.0566547484141053,1.2285704261621988,1.2899005651069106,1.3990722085541085,1.409692709293666,1.4495691184044746,1.4233122610598463,1.4934197132383613,1.5094735469193084,1.5197445534653915,1.4882477219187353,1.5439737289062103,1.4704528996068307,1.3604133525316218,1.381395849112467,1.1566150467371856,1.0922127378269162,0.9656310849898775,0.8090903411640779,0.5185580424159388,0.5598398252221711,0.5050466320729609,0.1229039126135904,0.18233863812120316
1.6500000000000004,0.06207682258455023,0.21455883873848558,0.4100050615390571,0.5789027408510679,0.7076679048372099,0.7827115008609102,0.8949228291559475,0.9935492463930062,1.0992175878119541,1.2959608724724179,1.3392689842955108,1.3314552861889362,1.3899228845566618,1.4235790506547472,1.471964776424269,1.5154259596520314,1.5015092484881576,1.5424341172347449,1.5049850004338547,1.5338804768875258,1.437595191896055,1.415809937247038,1.3715856064686154,1.120939879145809,1.0774787876338383,0.9438889094493335,0.870734328412082,0.6284441032853785,0.6446293243107586,0.5175068629096405,0.12791144957391323,0.20276032084678994
1.6600000000000001,0.036940128043888805,0.2230832253399422,0.5032945788084217,0.6107690537607351,0.6075553445811527,0.7889484691763471,0.89933777186194,0.9594754432855294,1.1304985134424683,1.2935170926311754,1.311633612593227,1.3495445556242156,1.3860714618053802,1.4214306256913671,1.5006547143821252,1.5476881164956766,1.527785203981056,1.5078392580570597,1.5005579201743018,1.5244046403372524,1.4279009589121037,1.3525363183817654,1.3639789431989653,1.101001550182569,1.054891100470728,0.9907771186658814,0.8949473888991282,0.6053206412019669,0.5379506725689367,0.6273511038040794,0.22942011326938114,0.15917997938045533
1.67,-0.018757037068829398,0.259973910998699,0.39372976335018356,0.5037652585367014,0.6335214609188521,0.7691071462154438,0.8804601112642696,0.9808448797341877,1.1138053498152258,1.290624511387774,1.3133805574136836,1.3397745883198673,1.3542721356323226,1.4559673186731648,1.5024744134207808,1.5365697224392556,1.45648756266754,1.4638177163662474,1.461904391012709,1.4981473474568003,1.488643224248435,1.3899311187653174,1.3239828225902095,1.1521977827476304,1.0369192441439263,1.0261002550293228,0.8259237819920375,0.641048479638013,0.5886822114823586,0.5727308909203708,0.2431598355514216,0.16234885114795214
1.6799999999999997,0.032226590070870184,0.23897994858834376,0.37103766651050635,0.5237188359929856,0.5943543648538765,0.7753581614758644,0.9298934995855633,0.9779334521889098,1.1088506024115352,1.2162158217520513,1.282521638701615,1.357340233116608,1.4471400529208507,1.5046283184380496,1.53904998971619,1.5573699505097085,1.5620047638890053,1.513992783244322,1.504320152673491,1.493911466432277,1.398599277252319,1.3235219615960176,1.3528267282667226,1.0969931815442633,1.0320051227266507,1.016265638098561,0.8558440316382117,0.6941975584806895,0.6891266319398737,0.6304447859380417,0.24778843933625552,0.1781217528430099
1.6899999999999995,0.062021244695814756,0.2071491594681443,0.35801894640316156,0.4984046418270197,0.5520509223205796,0.813875961763044,0.9010774582525378,0.9781495158625598,1.1435076424969344,1.2483876562778633,1.297314156574502,1.3589055671784742,1.4016127914581948,1.4508090222457248,1.5024912126771044,1.517908001935469,1.5272559369668626,1.494724780929679,1.439744208657554,1.4489717354543339,1.3836591977545383,1.3620592466983805,1.3273083797255458,1.1337253088297699,1.0524552879605893,1.0174709343327222,0.8518560057633218,0.7117987133624719,0.6606121855264966,0.5938090777851212,0.2871988945983469,0.1557814115673056
1.700000000000001,0.021440009889284527,0.24473093322419867,0.4383736379666442,0.47857119384510816,0.6767725452793324,0.7524012594718125,0.838480461265705,1.0301862890396865,1.1082521974792097,1.2225130341495132,1.333949430666789,1.3523794450816247,1.4136887907988354,1.4341247208653893,1.5139752129478132,1.5436791850460112,1.5210923397195906,1.5036064538393277,1.5147736861214343,1.4815877026937447,1.4276973337409646,1.3041624002197314,1.3286121172736471,1.1090047863352601,0.9898623870057731,1.0577886586475413,0.900159349028271,0.6723328907501595,0.6770918244921085,0.5408113193900749,0.30586161368099524,0.07096158145668867
1.7100000000000009,0.07046919263636842,0.2708064320388453,0.37074436818347867,0.5427347380778504,0.5936017955554854,0.7190583080052064,0.8749469198896046,1.0376087092942192,1.0733474329265738,1.2346059452947746,1.2993979480852083,1.392019757511402,1.4238924476588677,1.5162479323974443,1.498439191970324,1.500752354943554,1.516842282147712,1.4708016280530887,1.56264193312253,1.483044050318768,1.4109735158090184,1.435982011554234,1.3394379462897505,1.1404903410122826,1.0149468063044862,1.0924909495664712,0.8754328530262996,0.7584984679879796,0.7328030872366585,0.540851330784025,0.26084526263931046,0.07480331759855488
1.7200000000000006,0.0660040521858072,0.28173849268053125,0.33482898034314507,0.494640591920528,0.6066308552931445,0.7330097977573989,0.9512273359632673,0.9989280036497675,1.1010355969439385,1.2719871510360259,1.2670239847415883,1.31880833402871,1.4831629945354083,1.3973330631055179,1.5354261458768241,1.4832586780906858,1.5192373018410996,1.4647867809684973,1.4783243509768955,1.4588913783340596,1.416248865935657,1.3855364457803092,1.3308626427172903,1.127950396245053,0.8847843673738374,1.0285298779767031,0.8983854043387152,0.8019978370718368,0.7022315661075252,0.5337565617491565,0.3046072028700408,0.12764054897158428
1.7300000000000004,0.0028397216232702235,0.31861707076099455,0.33442667357892336,0.43641575896387963,0.6578460114386347,0.7040511676108043,0.8514956872857341,0.9879923993210609,1.1989199341703092,1.2356926212455819,1.328091932936874,1.3168967830160538,1.397695832292296,1.3972659321708396,1.5202949994548027,1.5397510004146464,1.5481521206964457,1.4803463107735138,1.5051445501742726,1.4407854837629126,1.4329955871263518,1.3887781892373898,1.3230601837402765,1.131685142457406,0.9908821976405131,1.0629580788180222,0.8140008593617025,0.7664504699099274,0.7528642053385289,0.5090039271537742,0.32565917528694455,0.055439925582813264
1.7400000000000002,0.016238453824858116,0.27684731503820825,0.325541869803126,0.40173777457093957,0.5932855760808855,0.792613732574408,0.857407891548562,0.9663247594026606,1.1467426095132127,1.2287217580754464,1.3515217936640491,1.3708519981284393,1.4567096213997046,1.5009070785340328,1.4895149557176286,1.5518893596402352,1.5104341039155595,1.468756196294066,1.5488088342623079,1.460684062803881,1.4222865272281986,1.3671240954488528,1.350489784137624,1.104542224938971,1.034920637192711,1.0904421599661456,0.8707754340245416,0.7818610373558933,0.702468056057504,0.49546252550568065,0.3996250739900744,0.08382270142241414
1.75,-0.005867439778216507,0.26452297078660086,0.2767897268935956,0.4202588225172318,0.6287676319586317,0.7428716536230195,0.8662579245069297,1.015271073757345,1.0771060984652363,1.2385945726892307,1.2924000570675815,1.3808374068200024,1.4278414456796098,1.4877751361480633,1.5877529724858608,1.5321465040854396,1.51502171846861,1.45992851641762,1.533613049769332,1.4374879452653075,1.4374078745622576,1.363484884210526,1.346382921470238,1.127348128455863,1.0525406734572782,1.1420092532054358,0.8716278626661211,0.8367352851624847,0.7558803074166232,0.5352125184546821,0.39947587699230996,0.08063269476097051
1.7599999999999998,0.08098004014811454,0.2737370680088197,0.2845209781755413,0.4008216010461161,0.6056216407423173,0.7779655492036275,0.9582682963338849,1.0487843589812762,1.164887801181122,1.1963972593649526,1.3151525184319304,1.3345599978912133,1.4016777487484269,1.443171749205024,1.5461641987818402,1.5045286745166193,1.4718444607555718,1.5187437271873478,1.5021025258349032,1.5132374016775838,1.4548481257905672,1.4062321604903423,1.3108206495529902,1.114583233004215,1.004963976232515,1.0954179178636916,0.8867989061450913,0.8957674699376681,0.6927519184443686,0.4605978750782349,0.3903914168524807,0.06818330256939117
1.7699999999999996,0.0655693197743549,0.28419442797264305,0.2774303678761288,0.42923833049425947,0.5821194239237022,0.8049530214094174,0.924083891211202,1.0511295247290398,1.1851700975409172,1.2840619772015336,1.3590983003991517,1.3678394526308362,1.4967270692085326,1.47536531237488,1.586440695195806,1.5455995973273102,1.503197573231814,1.4797628981406274,1.5092576558595987,1.5287336157009506,1.4755784532034526,1.4514541641157284,1.3047513987459138,1.1476685069536487,0.9688307457966439,1.1163570446294464,0.862133532087693,0.8637231105334808,0.7448298059601357,0.4338792442215986,0.47789114877978367,0.023779028586420347
1.7799999999999994,0.037233268742924666,0.3290967999342286,0.2793908616174041,0.4800868581640249,0.6497205624736909,0.6992460654563747,0.9440664232199214,1.066297607671844,1.2136183022092115,1.2102469774487357,1.3842922388124608,1.3516558996122645,1.3781683086689058,1.499097313676844,1.4882244729144483,1.442296484965507,1.4861710513895654,1.4704930996048435,1.5005252011338002,1.4663373031226938,1.4894253897328387,1.4073472278269665,1.2951864321069835,1.0891071970724473,0.9880619276526126,1.1120128945270487,0.8406891580471172,0.8050327675489333,0.6552035793471188,0.40628095703303857,0.427442802494023,-0.016350858930479845
1.790000000000001,0.013668682929229996,0.3305603758660293,0.24642861436024627,0.3935117998327777,0.6269748536393259,0.7670210764676263,0.9291145745506151,1.0524164135761853,1.1414507504977813,1.1819023349802944,1.3268050064691008,1.3553334035024274,1.4305075490403134,1.4886259252828362,1.519538446478079,1.5456211625726635,1.5626788280831316,1.5259194236049578,1.5050452504147174,1.510203035357079,1.4901761403239586,1.3681627004940191,1.3148363699998855,1.0670902627652308,0.9921764325884231,1.0649126786095704,0.844367152307165,0.8637602371192256,0.674007908700773,0.4037067862414438,0.41160651822162836,-0.06900783481040726
1.8000000000000007,0.03893669401941162,0.3083185816375914,0.25867060509171885,0.433898504719243,0.6915464471764747,0.8446319261370469,0.9651387902567152,1.0646614922587154,1.0923446215544492,1.2522925796538715,1.309718966683561,1.3162363953010516,1.4337183139587513,1.5153208886026373,1.5019583207712175,1.5051033707493426,1.5081600142801739,1.4938787623947407,1.5455467397321532,1.478183649645906,1.4445579366891417,1.437397936709104,1.2889747237851943,1.07583098088053,1.0303540370832147,1.1063223779702716,0.8504339080614949,0.8918321436325678,0.7300071672150126,0.34190323870060385,0.4053129033097724,-0.05235026059018316
1.8100000000000005,0.053512251907546576,0.34653304769715254,0.27191699719076295,0.44893565674088387,0.6212762200648009,0.7595030842351916,0.9195622194695209,1.0049873779458005,1.17068757845132,1.202708521553635,1.3026699715053596,1.3727837333883037,1.4357006092516753,1.4677208058121176,1.5391463785162947,1.591320355417847,1.4917253625049829,1.4911798746862752,1.5264959082949998,1.461122391380058,1.3910644297549601,1.3902905355314794,1.232778053613947,1.1168276729922624,0.9418773155507942,1.0819043102432653,0.7243370637109224,0.8472716229602432,0.7333970123184052,0.27353761991036435,0.3893448678682487,-0.0359219758750368
1.8200000000000003,0.08110096558013961,0.3913845843455503,0.29528210341326194,0.4667937823934573,0.6724026004924083,0.8769849357942398,0.9684155910346854,1.0466747184017005,1.2367376923892657,1.2142744834203318,1.3193526186414535,1.4358767212272163,1.449655816459453,1.4439190698876456,1.4759876014104685,1.5374057822649019,1.5571231240798267,1.488793000673863,1.5636224570040753,1.5190638929097822,1.4551093587475512,1.4054525439813457,1.3438167184613,1.0807639243270077,1.0209733036282498,0.9719993690084029,0.741551300425731,0.8731652898992518,0.7138323566018115,0.3125138010338657,0.42978212906951574,-0.06411059690976771
1.83,-0.007099016088630294,0.3933207701792154,0.2676330113721824,0.484718543639663,0.6967363022671831,0.805778021554312,1.0494843944961179,1.1361398080386216,1.241851353195131,1.239580687815553,1.2903794387241803,1.3431063554415354,1.3578328156758843,1.4462646350622488,1.5242732232751746,1.483843888669454,1.5365220024782198,1.4933526092906797,1.55753847046935,1.4534075624302438,1.478884527129145,1.3779499243315758,1.2361617139811785,1.062407180489899,0.9017101968428456,0.9888104612766594,0.8141707813830512,0.894844601322365,0.6786013630616918,0.28324232992229853,0.36165816875528906,-0.09303810930325669
1.8399999999999999,0.021788829159162918,0.335683405319775,0.3079419004860879,0.4777676631703935,0.7128589861712356,0.8292856956566956,1.0137070978060694,1.1213337404972894,1.2132382578544025,1.2487825561945916,1.3282630137442013,1.396641338399886,1.4615394573096157,1.4614996406528173,1.5056379304425052,1.5848129074290433,1.5663411349354877,1.5140620774202045,1.4514899076619316,1.4687541818681251,1.4547847413824258,1.4007717002385032,1.2745732348671288,1.1176352839211556,0.9811625349300777,0.989245700002927,0.8088021927093975,0.7830655475069146,0.5943992463105856,0.24473101463797609,0.43409085711557405,-0.008580136500138473
1.8499999999999996,0.04071428771133734,0.33290464186204927,0.3275528005397326,0.43117958235687354,0.7328902345286796,0.834898860592455,1.0173441319784804,1.0887749180996753,1.1992043693861127,1.1839689318350775,1.3654524218821633,1.402492866234434,1.4481614780308474,1.4427888639372515,1.5326598805980722,1.504766601421059,1.565286518904892,1.4529159739461686,1.4919512906769916,1.4779912347656492,1.4543546312446898,1.320438474419087,1.250941025668188,1.148709212223563,1.0472253839349992,0.9999176734063462,0.6774393189028702,0.8299565356856446,0.5781558062798351,0.24547544458830117,0.37192225008538904,-0.09500586849406185
1.8599999999999994,0.08749656223873303,0.44668894062887243,0.3916762865217029,0.5314968351752026,0.7642986028110894,0.8733948342926597,1.0461791752333862,1.1351038286162354,1.3284548362670372,1.2871577319181624,1.386170669850948,1.3905768924289004,1.4461506328115281,1.5150033981458388,1.489894058864817,1.5665787542731948,1.4974147393225734,1.5105472619459275,1.5098706283256456,1.4080818761232061,1.4166665462625407,1.398649103203696,1.2648003787267121,1.1067600574742558,1.0724901980701682,0.9493372429235472,0.7443013567445222,0.8363944349057255,0.5886011789013408,0.25008944902189123,0.346776649331992,-0.06644993174084671
1.870000000000001,0.08272955408806518,0.36862605208413424,0.34887548953781544,0.5287207790767925,0.6995306843551152,0.9308319769469228,1.0128098039208415,1.068566804740066,1.1990413944198388,1.2480318499263514,1.3601187096987435,1.3876730578332128,1.4586155228443853,1.5775317444654102,1.4908080762160072,1.5199703820122341,1.525248677354563,1.5155270186907286,1.477279390531241,1.415466848240179,1.4472769297180224,1.3752934283048934,1.2326213524248684,1.0823576416164291,0.9748361690523593,0.863705935077339,0.7084956421139638,0.8491251669023051,0.5706403683091683,0.22003101370898712,0.3592579417902259,-0.07383910578052728
1.8800000000000008,0.10611011566397244,0.4396125768333611,0.403148426404298,0.5083122426259135,0.764705600056976,0.8846390434509797,1.04223585783079,1.1698534881475597,1.2302466199910367,1.1985620628362488,1.382461258681426,1.380467380943447,1.4443129207402599,1.5398470006049072,1.5259421997394111,1.5056121872821864,1.515683091610959,1.4743007533928099,1.421754185794736,1.4598003787207603,1.4836254911694498,1.3886068098405298,1.2389990404197835,1.0989083858538269,1.0169872556136288,0.8759785420430474,0.6814228142567845,0.8449468215697105,0.5414436190990246,0.20290511851907442,0.30422838088523496,-0.03951024904882348
1.8900000000000006,0.07057908386378711,0.40943453895198184,0.4827898500431547,0.609669793619951,0.8429899496260184,0.89908304293768,1.0331282778958326,1.1620081357266536,1.198427999355083,1.2682427396012312,1.3458958984135396,1.3506697889446722,1.4368612800949885,1.4621535316399425,1.475479451074846,1.5070639774549042,1.5200506951593151,1.4632041725570117,1.473070832308786,1.4395723627338777,1.4028182544900125,1.3232548236201367,1.2453876473346468,1.0973667668593587,1.0228050389789844,0.906108071956679,0.6476774787230185,0.7521017995798085,0.48269970808114193,0.26167232672946883,0.36439766073831203,-0.06733873906837527
1.9000000000000004,0.1297853194650957,0.3748205071665705,0.5029324289440038,0.6323817745292196,0.7614556097209314,0.8985412137302277,1.0444862779909436,1.096495753884638,1.222470447419074,1.2470328856242123,1.3746470355399845,1.3581597001615298,1.4898824024157087,1.4894676676522212,1.533925016653551,1.5014500336755248,1.542681312552251,1.4487888465442849,1.4646580270553808,1.4067990333390865,1.4723793168364028,1.431819103841881,1.219518084935314,1.1261114651633035,0.982730813112461,0.8968967406301357,0.7051356787744784,0.7908245680755379,0.4820310821665696,0.23947124356654864,0.3162170693602771,-0.0220870625336162
1.9100000000000001,0.10441817164582817,0.3924714853445708,0.4324221171388864,0.6059308841786148,0.791159386348202,0.9337129255946113,1.0734961573602233,1.1329951003422616,1.1665761786476296,1.2531249390653338,1.354358469369767,1.3809790153823627,1.4187443969022797,1.4846105264174334,1.5185167729481428,1.5003189548437323,1.4867345557194565,1.4193356494479261,1.4733128411769663,1.3873664239971892,1.407251308336562,1.3903748530671824,1.2146831159516709,1.1696108696853238,1.0556915728515366,0.8548245150159028,0.7145646950260404,0.7663779879264613,0.4734532655060315,0.24885556217798233,0.36577181272526876,-0.03167999079879037
1.92,0.1094953952349192,0.3824916549661027,0.5246242108531273,0.6346911069602594,0.8121079930470001,0.8718651302089607,0.963223933375455,1.0648026023295862,1.1925421900416755,1.2632933085430251,1.345866239197086,1.3942255858026735,1.460336351817019,1.4663408164669336,1.471662219377999,1.4506431426214554,1.47855654732438,1.4305194760422526,1.470049726783033,1.431703386605801,1.4273523140722835,1.477799986443032,1.2206335362124463,1.11648350426781,0.949651074035188,0.862462653156133,0.7446361507563152,0.740378296582421,0.4851407518112246,0.24194634030622106,0.3151892212943325,0.044066231642423105
1.9299999999999997,0.1956750257969509,0.407593624062968,0.5157543059155235,0.681229510729862,0.8496417582115295,0.8955730100423943,0.9800148377774324,1.1227005249361655,1.2580044007654347,1.270971093377556,1.290539700241655,1.316872358080612,1.4807834636491986,1.5116034791581958,1.5019547714943577,1.4544506037542688,1.4575812097744294,1.3895511276516979,1.4519356016334868,1.43403957891868,1.4576627995295734,1.4203374353294358,1.2429305715526762,1.1552155555543244,1.0457079438749903,0.7898090623909477,0.7424021835985994,0.8106031992513613,0.49903422629748545,0.30192844600494595,0.29005164817091433,0.0006199233044749258
1.9399999999999995,0.19845182831513175,0.4243756962194199,0.5167926376965245,0.7043303652857086,0.8432287825213722,0.887978369339345,0.9976737372783523,1.0864332094937974,1.214092625289314,1.2244118139462556,1.3215320265439778,1.4198235814645335,1.381677494151641,1.4798839596186364,1.5176528294518226,1.4971764005485797,1.4540507535842848,1.5044796510302478,1.4533154833744537,1.4220975269635732,1.465424366932346,1.33002148350487,1.1676337129835563,1.2502600236238537,1.0929137599849676,0.829608874438286,0.7543979180035364,0.7702893779071798,0.38655252357872205,0.2756705548788506,0.3495290466214119,0.0009875123817203405
1.950000000000001,0.22707509731756959,0.3021423378866622,0.5433041817528367,0.6897726515369276,0.876112521896857,0.9478041333414067,1.0479901119720938,1.1202228188754386,1.1850089249115414,1.2024093876815063,1.2770289947022138,1.3727738634191777,1.405363691620096,1.4629953165120944,1.5705061773688351,1.5799601140283641,1.50159532068945,1.5045402067594449,1.4889417178996796,1.411984034900277,1.4503637557163576,1.4198589792460525,1.2197450042021176,1.1716983464524162,1.0496107213659616,0.819008362194918,0.7116273967855756,0.7929203579083504,0.39217732018220713,0.2856964457291102,0.27678489065225953,0.0764857147588241
1.9600000000000009,0.18310313421439586,0.30449467980440814,0.5379384245228577,0.6906490100426815,0.8332145039709935,0.8783859571790748,1.0059885085813913,1.0933471251956335,1.2105420833575002,1.2996820991521498,1.3655545441087873,1.3955067704461612,1.4502762657806616,1.4306155983202613,1.5283229001595007,1.5253240407897841,1.531194135670934,1.4705974381490845,1.517183179455593,1.448335625175989,1.4119827226820916,1.3970856078889238,1.2482538643982286,1.2130583070943652,1.0509599228173503,0.7974037059965946,0.7558387950504201,0.8172466849502646,0.400006253972215,0.2749852503537744,0.33898232399859896,0.047208650582918
1.9700000000000006,0.20585586903781963,0.2852245081711292,0.539478192675109,0.6978177837914258,0.8025119003286532,0.8893274649869659,0.9908311895990783,1.0713328733163396,1.162287302578839,1.2045313576770702,1.2904199171521107,1.388286591710081,1.4249781654967877,1.5011326495893946,1.5477839498705142,1.4899218906157603,1.4980980778813244,1.458255025573064,1.5088652334177712,1.3646513304618693,1.4237397692131326,1.3907410646041485,1.222813310196396,1.2482633723480037,1.1331488429961496,0.8229857483272132,0.7756936430516994,0.7637034667841792,0.42828668325473884,0.3208158035408692,0.2941591590422081,0.012613105815237927
1.9800000000000004,0.2108454248620476,0.2371403635447257,0.5709879451293626,0.7134995383303686,0.9119598824851346,0.8622163772058338,1.0596692019654745,1.1019150987797104,1.1999554137809831,1.1626034434530428,1.2751178347151346,1.3876566731920277,1.4187671250227563,1.483947476595014,1.5254049062965744,1.5464476004637757,1.4766590040137502,1.5102316547831363,1.4799366109202214,1.4098948036232486,1.4569278100822542,1.364657932100401,1.205788561658568,1.2632873772685436,1.0606585705782212,0.8201245140973789,0.8277706826367336,0.8106219210732529,0.4103332076631287,0.3089361133238833,0.3174910407698783,0.014358311637358375
1.9900000000000002,0.23325295566339774,0.21501219824992568,0.5026159027943744,0.7130062439582712,0.8836004367009813,0.9053408660098795,0.9602298678209183,1.0738695913612695,1.1821102984220877,1.2339902381571257,1.3050983866446986,1.38426502293412,1.4177356500698988,1.3810424606586453,1.4964897527114542,1.5130440206055618,1.551721093013771,1.4401086016455809,1.4772995626440908,1.4136528881085304,1.4469113708848105,1.4453750431614325,1.2058665900328702,1.2402232917511236,1.1518236663886083,0.8095766840885619,0.8322615747031638,0.7964312060302114,0.4285332439920608,0.33119189475618094,0.22402582430324378,0.08790472142113528
2.0,0.25489608406571523,0.2527365993125175,0.5424688316522139,0.7079461182580452,0.8370939642265689,0.8920467920391576,1.0006777374470164,1.1130292215513504,1.160614808772338,1.2186292062460402,1.296835101349547,1.3619745675699584,1.393739152870426,1.4480653977576405,1.46527249303411,1.4916287654215525,1.5324908904509025,1.4588486979853859,1.4804552198365026,1.425556459399889,1.420387614153924,1.386958933773283,1.225974483795248,1.2249462239581628,1.0587543236679053,0.8554133523520252,0.7798074245426647,0.7289242660276402,0.41220829397094244,0.3775386089504579,0.3111856265866738,0.03906661148461492
2.01,0.2458915001136368,0.1966210793735198,0.5444842576698302,0.672793532084734,0.7582142537252615,0.9272270008506778,0.9847191612413162,1.0736101567335066,1.2313226577087613,1.2435036036774572,1.389836314521351,1.3689055349778498,1.4193979732045334,1.4351803360701174,1.4658794183457555,1.5319828375072817,1.5295209685320916,1.5323868082702667,1.401800886546623,1.427616448883519,1.4282523210953086,1.4602494868537055,1.1553283922879436,1.227106336885964,1.1427531646853852,0.8021931818388709,0.8249896278014774,0.7960497346050356,0.47703960274519397,0.3435975321289334,0.26793797524247337,0.1522706257380426
2.0199999999999996,0.22971779786809593,0.18463749308444752,0.5130195702104955,0.7172927937795476,0.8267654861962315,0.8724166383094584,0.9872673294465533,1.1331477551997255,1.1472552611354185,1.294911369460638,1.3076526087729998,1.3651740547591424,1.4711584066096313,1.5193682467384908,1.4930039656541056,1.5460817688431903,1.4768915170850476,1.484165174224889,1.5017770181477832,1.4224589303172424,1.4219992450101753,1.4440692894035665,1.1818051166845092,1.24683088925179,1.1568409017237522,0.8726228712821595,0.8628601189411117,0.7426776532542506,0.3800551040548518,0.31774698497403026,0.31051140279472744,0.0675129294970887
2.0299999999999994,0.2305244276004794,0.19504039930984118,0.5585476626050905,0.6926778392120969,0.7852991071128169,0.8658321082598106,1.0701811522516125,1.1420573255099689,1.2010786250187555,1.2955268633287769,1.3452236304497034,1.4237891747833937,1.440072824176334,1.4487572841635314,1.5015280157641844,1.5290523327635632,1.5675455117650492,1.517420043658836,1.4954597794079694,1.3670261490074658,1.4245293436473068,1.3921937535815823,1.2039931856336659,1.2757519531800026,1.1957652376252839,0.8473797297533625,0.8618315582980692,0.7417533655803874,0.41877336088902983,0.36186810466801184,0.2555539903266943,0.10077893911071524
2.040000000000001,0.267443316745075,0.18774182459723932,0.4500400273405971,0.6616481282165229,0.7638739147020993,0.9012725694178004,0.9848611796900529,1.1067615681384646,1.1824157802285062,1.231396823868031,1.3562085670496693,1.4123844570423272,1.4126144952719297,1.447705851165208,1.5327455569519284,1.5040148306462424,1.5122556115000605,1.5174955142531892,1.5026112675651493,1.367192207961664,1.4711490406144547,1.3747663586294228,1.1884432168693493,1.3082451604633385,1.131318560003982,0.8839472862687843,0.8957619786815963,0.7517115798025421,0.4569759924654631,0.3142778932819619,0.21956928298683026,0.08686628153451412
2.0500000000000007,0.25454655977600316,0.1638411315347475,0.5322236456009243,0.6374190224514459,0.7202337799347015,0.9245667024306523,1.0215816550925367,1.0665631807616134,1.1642342873271783,1.273887754419503,1.366998215569973,1.404538961878685,1.4252087052631086,1.4427053742359257,1.4566045731360557,1.4492432233928831,1.538537888921927,1.5108694138705663,1.5291479985373138,1.3937481557717923,1.3976425766398037,1.3567970756703158,1.1747959860361699,1.335670568838445,1.074763918155426,0.8816886547767939,0.9644719467139563,0.6600627029157481,0.46807234602001496,0.3500582954345657,0.2614498172209717,0.03341795403738975
2.0600000000000005,0.28976274420482284,0.13289816765405205,0.4991447549974283,0.6623154727145991,0.7569701764389174,0.8961918532446886,1.032275187899558,1.095427552491313,1.2010808153068835,1.2020276689732687,1.2679325299654904,1.3594435205576798,1.4261807276765814,1.4578251907918118,1.4585432327970498,1.5745441938034082,1.5415711251129662,1.4624796474676194,1.478311111359427,1.315903338499126,1.3689245502278777,1.3369395743001362,1.1655180031037309,1.2541232947265606,1.1225715320513785,0.8886739482545355,0.9585812009266111,0.6893155620784064,0.4846154853234587,0.33319014635622224,0.2082796516362932,0.030970346562102243
2.0700000000000003,0.2514881991663729,0.14616061705159714,0.55327431197924,0.6834245129735864,0.7254041716599291,0.8931706823164964,1.0297617420140872,1.0787007790192455,1.19194855156132,1.2606397153681344,1.3367199146119453,1.4066300953756714,1.4143495767740495,1.4262933985410535,1.5491224358771576,1.5743152493230426,1.479349124184604,1.5563731527033398,1.4112311574578271,1.3865854284975891,1.4063587730307643,1.3614814955932268,1.2108571410490807,1.2521482804648632,1.2189183011450655,0.9342380609650621,0.9595235620872516,0.6941944405206192,0.44471707988245046,0.32355684229301995,0.14958707514949499,0.08831048625018799
2.08,0.271346640316994,0.10567552959215258,0.45994601428673015,0.6090966665536998,0.725695671927631,0.9654936825709284,0.977565353869208,1.1090853119801842,1.2266490687872855,1.2622691416873328,1.3344360415230287,1.4217665529768524,1.4250194329939252,1.4831232852740124,1.4999525718394537,1.4633870708963161,1.4937792522186653,1.4261099372712067,1.4508887714905367,1.3599915979066644,1.3760001244005597,1.3094439300917062,1.1556619312188057,1.3062892647492332,1.1516074873925075,0.9203909390388728,1.024723408162864,0.6737375639628773,0.4984456217905887,0.4135435509159379,0.20698429745311772,0.028746141736107803
2.09,0.2195551758865244,0.08751450514958053,0.5252310443120912,0.5909894137393832,0.640901788006599,0.9707096745556874,1.0115467972448673,1.064818459848205,1.1870083834226066,1.2445278415195555,1.2914169534263344,1.4578410259750234,1.4143751160761036,1.3972732692471186,1.5165546654014757,1.4496081021432132,1.5116952411597777,1.5203198282064314,1.382747122626717,1.3540624892952198,1.3004054134887018,1.2872125508007701,1.1402338845635227,1.2996229412564948,1.1947378870850283,0.8753888928362374,1.026089269017931,0.6378348820523579,0.5283227113394254,0.3734658657998764,0.19066370531923518,0.061313063779497676
2.0999999999999996,0.24249116769905582,0.13737265287485922,0.4976739795112779,0.5879351814488537,0.6953628085626036,0.9111930817104898,0.9796033673897383,1.1350883214709377,1.1795036426850483,1.2401377272528973,1.2796500231129233,1.4367633653546743,1.49230153816024,1.485334734784318,1.5069427253340357,1.5781232525385798,1.5249415956711638,1.5247834579491566,1.4864937634882345,1.430979608980529,1.3746253973073326,1.3328523169460131,1.1980328585647713,1.3018022209929563,1.185191701274974,0.9767190180966857,0.9916609516928344,0.6522574790860727,0.536638166258479,0.43643098618710047,0.12878136571325788,0.052855515753325456
2.1099999999999994,0.25838762892135153,0.16268214227318464,0.4942331642286241,0.6325042227951632,0.6532278900286125,0.9066370309203935,1.0703011196150556,1.1627564948971547,1.1687943440286563,1.2406448395189045,1.3084557650912492,1.3763036185697248,1.438992607943388,1.4457675342059038,1.4471725087420542,1.5470365702807174,1.4833970047592764,1.420067963457334,1.4297553354461152,1.3576822881036579,1.3010463571592459,1.2749691561713754,1.1090350735043213,1.2497257112183906,1.133272353129632,0.9647232157665583,0.9163212155834688,0.6513010413965931,0.6099645909185137,0.3956295288618056,0.14941736714157808,0.08284887007981213
2.120000000000001,0.235068759735917,0.11839313910463718,0.47413438467991553,0.631611695435605,0.6426561709704397,0.939417395259585,0.9992290876493746,1.1296352492636943,1.2113876102578602,1.2600158268237078,1.3734920950729619,1.36106947760005,1.3897027629896195,1.4853054141533426,1.5108064091987474,1.486543667163922,1.481911878504387,1.4837613179607976,1.4405778668080214,1.3460755646943647,1.3022550201346073,1.254328513580809,1.129782109318339,1.2738173954923513,1.1863167613936287,1.0394253756514917,0.9672335598865015,0.5979103759847912,0.5930986648026695,0.4108330776090791,0.15119478977850137,0.10201016468623147
2.130000000000001,0.258592907027916,0.20015754479051226,0.48060821725237407,0.5843444555789938,0.6790547109908229,0.9042930894737291,1.016009747353972,1.1215000234730281,1.1915854802573338,1.2952173001631755,1.338320093195694,1.3951527689068441,1.4701479467702727,1.4641625609265656,1.4448748103350275,1.5330564975593122,1.4495094122099137,1.502866620292414,1.379244143164133,1.353557508007172,1.2692378074866917,1.1947641990205677,1.1884207636393462,1.2629455705313564,1.189124918853049,1.0598519405237776,1.019490093334487,0.6606436115784791,0.6660155682925091,0.4347316210357126,0.1778381690979223,0.12256733151124362
2.1400000000000006,0.18393143532379413,0.14201416143360346,0.4244458312774387,0.5855441177603402,0.6409803124666672,0.9013218921308453,1.0331934669809155,1.1091787203066987,1.2343890466894243,1.2719977053784075,1.2686039445279358,1.3534327781159066,1.4433482150146266,1.5085357115765343,1.4508760686065298,1.4425813809661383,1.5312130940916797,1.5167337933281413,1.3466645886243174,1.3523141089007131,1.32163787721098,1.2324779783726914,1.1951273022180775,1.2678351292739356,1.1621194001546624,1.0282260941743249,1.0145821459554847,0.6327342085731893,0.6548563670370228,0.3799344571441811,0.19271447513763013,0.09559812981048671
2.1500000000000004,0.1966899755622931,0.14678800168382927,0.3963908686200861,0.5720768017618391,0.6501437210762643,0.84986024171638,1.0017896728664781,1.1068708345375584,1.1355345749453485,1.2907014516969137,1.3243478554310175,1.3791567069236372,1.4161958029171042,1.4418198437176355,1.5184923970646584,1.489321812349551,1.5700262545275092,1.5248933209558444,1.3957204349045713,1.3894562652633808,1.2614526391370529,1.1794183590113938,1.1583400166157838,1.2220025311469378,1.1705164581034326,1.0827121510374023,1.0548552297775573,0.5830156985111642,0.6552576835821474,0.3903191437465347,0.11501066792097145,0.07055794817353495
2.16,0.1819855232360047,0.1987605736264224,0.45410786265384656,0.5711679537126995,0.7258954010695541,0.9128819172927214,1.039900390727958,1.0863509325007163,1.155313031152974,1.3210414943438287,1.354536565259658,1.3764204865087855,1.4361489916297434,1.488149828420099,1.4748943478181193,1.5495491290275019,1.473185180791088,1.475637040082937,1.3496384755908104,1.3865399753839465,1.2632427972063245,1.1956179508094185,1.181464229970648,1.2716015837276247,1.1873538174772313,1.1296193537526507,1.0204371268194983,0.6271924269108171,0.7287984893658738,0.45721204459565057,0.11003562441039931,0.09692706922581987
2.17,0.15231024733022178,0.164237751592696,0.41285183383370483,0.5449153387466521,0.5898402642400359,0.9139287949783726,0.9251965730415266,1.1068315001046394,1.1617409078541738,1.2574306922244092,1.3776800306645198,1.398175686116316,1.4884167187385868,1.4184680425586038,1.4734417631068675,1.441707242799291,1.5257617874188805,1.4567369139561896,1.4299634441033966,1.369075104859908,1.2779276936247748,1.183069504437281,1.227758160841913,1.2561289755883003,1.141288898610969,1.0990222085717367,1.047146771688264,0.7082112181788445,0.7969054373635667,0.4343640874218174,0.09525328846361923,0.052089337224549656
2.1799999999999997,0.12597158704393255,0.23478548442857866,0.3788658836252514,0.4926381304381099,0.6399170447624617,0.9002079839798846,0.969276575611438,1.1237971739707266,1.2190564540519124,1.3229451724584362,1.3094311139484585,1.406714305880888,1.4238776307842005,1.5043886340725745,1.4880917353694225,1.499482338915535,1.5010318768419082,1.5123255446969877,1.4344867622601616,1.4263228265462287,1.315994067321308,1.229225481683677,1.2487067477083118,1.1970910488318554,1.2287712001324238,1.1768111440942681,0.953543502934972,0.6175013868943774,0.7198174071919798,0.4389935685810474,0.13697595622462333,0.14313024583717165
2.1899999999999995,0.03480634741002297,0.20594592000207196,0.3680997746179361,0.5181785758349784,0.6518040112508185,0.8601859147672993,0.9545077865481593,1.0953054584215434,1.1528024008578182,1.2581555642752704,1.271142783262038,1.3700272092794819,1.4795440086281517,1.4687730587072318,1.5070167475007274,1.457371882263836,1.4826089471058068,1.4667812440583734,1.3470849641276221,1.4356996822068293,1.2624692534657045,1.226965410947817,1.2820467599968242,1.2058401678510768,1.2519012013489292,1.1710805096483823,0.9976520667614984,0.5971469674894746,0.776749315447215,0.4995560937947184,0.14050938077958544,0.14763929017445002
2.200000000000001,0.09792417944022581,0.2622486411883429,0.3963433891157462,0.5630785055544096,0.5829842524294735,0.8807380844720787,0.9785821081759143,1.0869994885413692,1.147197361915171,1.298664478286323,1.328980725652995,1.3619605524283471,1.44281921331924,1.4063396693046002,1.4539805178020355,1.4175627833451567,1.4136497577162157,1.5210209678118083,1.3881531747993106,1.4418308654065892,1.2558332075111382,1.16398495069639,1.3136461325610458,1.1997556050648042,1.1887016503559003,1.1183106473554583,1.0009802871840308,0.6305918385438489,0.8001981368296462,0.4687480514480067,0.15413244082136182,0.1910357911208933
2.210000000000001,0.04364326726741241,0.24767849053307753,0.33516496252908984,0.5087366809864126,0.6042950168945643,0.8577395882376764,0.9700751544570488,1.0181799923113575,1.139176103748249,1.2993699838201345,1.2775765314747198,1.3819449179718704,1.419070448521364,1.4428175506446226,1.4191216650838512,1.4051703569400427,1.39789313500579,1.4681168708978451,1.347936527482282,1.420491058147045,1.2564943442003684,1.2123304725539146,1.3238038438264164,1.1266367190225914,1.1887416266817472,1.1841383817910376,0.9748752806680651,0.6456577419197033,0.7403236699943488,0.48793642627016254,0.1693391382244272,0.2049794929688968
2.2200000000000006,0.13994662070406866,0.3222702106467491,0.41844378129839876,0.5789866562470813,0.6438019087511921,0.8538052518918469,0.9514275419638697,1.0708738823870074,1.1142781556659216,1.3050321560937002,1.3025063433769175,1.3594745436151494,1.3876678170347383,1.4232816995598643,1.4361936619225966,1.4768601912791002,1.4624940469116579,1.5713792560207018,1.4298953061946833,1.4369957195662413,1.2579549391440692,1.149096903191179,1.2984104503850924,1.1782659160619726,1.1354524905106878,1.1742061930144332,1.0108237418148134,0.5894751438414504,0.6980690938516639,0.5488596306166157,0.191718223435258,0.17686721027566416
2.2300000000000004,0.022897411264539327,0.28057802662036174,0.28560360062268275,0.46843955511551527,0.6157635743505697,0.8845521731027377,0.928076326038246,1.0343449782895566,1.1795781971253756,1.2840260564745727,1.2435507982832232,1.3890641452140593,1.3546362324611265,1.4574532508490152,1.4805483795154113,1.5123688529381014,1.4994998218819822,1.5618261840351302,1.449004799873748,1.494180428336239,1.3055204572759873,1.2064814481514206,1.3158327124621034,1.181318363200026,1.1068343451777327,1.152729345365057,0.9302705898527006,0.5987120388580834,0.7903423733103778,0.4876493515394407,0.07967806878822016,0.1140342563660454
2.24,0.017288107357469797,0.2864682395022338,0.3693759605357897,0.47029965488698167,0.6863175585564347,0.8022811599126356,0.9603177200555512,1.0339128168548604,1.2230017232633468,1.2686474941533274,1.2764974876389672,1.3809252764288116,1.4093713140808337,1.4151333360030278,1.5153408686186656,1.4517111851050335,1.4544651896392844,1.5594671194279455,1.4508574119766093,1.4604949186067318,1.2913776042487983,1.197512510703629,1.3291960108295333,1.138625945812956,1.1478915443544506,1.1370946755169233,0.8870192007974672,0.4924097100127888,0.7803287195095068,0.41642891804764914,0.08496279855695205,0.21512047336939644
2.25,-0.05104489257879051,0.27034023249042577,0.3308965543676515,0.5533338662157684,0.6618989446196758,0.8805956313363559,0.9462234460202658,1.0314386430850138,1.1849901219380823,1.2853236251260993,1.3006351687756141,1.3529164421370428,1.4312507928892622,1.4287112297382412,1.5009878684406412,1.4534969779680162,1.4718528721627049,1.5231253656881227,1.406758512192913,1.546555023474437,1.3495542386593469,1.3146979521468407,1.3671534454961654,1.105092591718722,1.1063592907908908,1.143312702129299,0.9235638803410836,0.5799527981460466,0.7335101263051849,0.4673191231263754,0.16003437623749758,0.17419110551332856
2.26,0.004017170295439354,0.32772660472382487,0.36518892731965613,0.4737320260100151,0.6626277759806699,0.8267158083792863,0.9332490319103977,1.0262960964626875,1.1179465969628641,1.2436468066683357,1.2570002483824085,1.3247282422511488,1.3768911777754824,1.4837392884766218,1.4348786961676734,1.3713366235952142,1.4612927738822237,1.559401166365465,1.4320837586721138,1.457348968400306,1.2902387271364795,1.2003012844092733,1.330219185783751,1.0970773341580264,1.1334571288401831,1.1131073078012155,0.8428439631267955,0.6156027662876635,0.7150630354091142,0.47498426645306396,0.1147203475639883,0.18404910988998058
2.2699999999999996,-0.030910981500281175,0.28732832133033265,0.3308974682538792,0.5369317981277797,0.6973702034831223,0.8350908111554495,0.94116034795692,1.0488458052860445,1.1628877576010366,1.336490976724944,1.3037558963524973,1.3434274336631935,1.3731381717766942,1.4059961212305385,1.4317041741909349,1.5071317787728735,1.4695487633883608,1.5220826593294976,1.4280421150103049,1.5299847685500767,1.319160711567709,1.2727943137330358,1.3970514337722189,1.0232116203343509,1.0352515566614133,1.107349001722692,0.8251171371214061,0.5539058777725473,0.7971842202096863,0.5782342765991388,0.1825201767072391,0.19819700588726136
2.2799999999999994,-0.093817257405179,0.3288963894942101,0.3204520412046927,0.4904840018416143,0.6922091175355077,0.8319374934661594,0.8666426060181421,1.0020551544252125,1.1045848702586611,1.2605349766829819,1.3089520762889408,1.420908973833187,1.3868487342317473,1.4757250893155898,1.504004923238171,1.519086021491796,1.4960180859136454,1.5033214722538635,1.4879627225747638,1.5445904471593521,1.3415328858458682,1.2467479879244427,1.3852063933053205,1.0780701497154532,1.0592681123604397,1.075777757075991,0.7838473000857739,0.6031515234821494,0.7058778475993107,0.5157775456142091,0.1954007264891519,0.18069425584006762
2.290000000000001,-0.0465648761740458,0.36553563054363036,0.3407269710681419,0.5180608556870183,0.6875909785994608,0.841200545043855,0.8851057079065286,1.047269284326204,1.1493296630853485,1.2928186407532516,1.2969267798398088,1.3816955607004098,1.3790277972666845,1.477001217234869,1.455096013833504,1.4706866079592316,1.4044468384957483,1.5585068753869262,1.4624702674248362,1.5203322927790144,1.3249048367461764,1.2484109356702384,1.375599039176865,1.0374608545440287,1.0043502210927606,0.9847596821611458,0.7487576498816312,0.6100242728787427,0.7185748186119713,0.5210647902276527,0.2210373205339718,0.15989272544064606
2.3000000000000007,-0.05541976889395503,0.362527366062908,0.34637664061202383,0.50592532934715,0.7407585880691872,0.8240345514631364,0.9283797412070868,0.9811137882017509,1.1648998205586858,1.265343416006036,1.2614191676518716,1.3876703823349943,1.3925827486016205,1.3955968718766751,1.4958525919975771,1.4495897970735925,1.5086458269523233,1.5260498521920536,1.439101204429525,1.5006253625751174,1.379552086463808,1.3185859948356642,1.3657940952136727,1.0431791960695513,0.9854613845170361,1.0125971629500083,0.7470809770146903,0.6494644157147377,0.7124682418092386,0.5045825934442268,0.12420987739133571,0.2130850023341695
2.3100000000000005,-0.09079376579072947,0.3995946123618306,0.38294870980326223,0.43911252813955026,0.6943259495088275,0.8112032686861925,0.8779000088275504,1.0885750926759836,1.1279150304258254,1.260812886835907,1.326569765092499,1.340300248122838,1.4092688879608728,1.4793611136091547,1.4986694910487002,1.4410851814169419,1.5099925433751968,1.4853160029024766,1.4079838025261058,1.4717569953945064,1.3406049160620515,1.2708215824808216,1.3984124592191474,0.941808906566643,1.0104029517519744,1.063199946681133,0.7321840869258789,0.6694752510384302,0.620016531156213,0.5536150939342955,0.18511858714033927,0.2217665350613867
2.3200000000000003,-0.01329353427430209,0.47639125408260086,0.353625872337171,0.564324718759423,0.7505019275994835,0.8189663519704172,0.8617836199981581,1.0293750800040324,1.1410643587542413,1.2149235454899638,1.258975017649175,1.4071755544295204,1.3671445989410058,1.4450268197079015,1.4886252835558347,1.4981573753774728,1.454901271939045,1.525048860461772,1.4439635065857248,1.5599414169620334,1.351972312935537,1.295820097112972,1.3312480007431102,1.0015581651140908,0.9567958979377248,0.9782992938116595,0.6771393607526062,0.6738012796843932,0.6471908896210615,0.5666370186415818,0.21456699266257057,0.2512400693372228
2.33,-0.005460854956659392,0.3945492006392599,0.35178253883709254,0.49600680063570174,0.7079014952243573,0.726797840442689,0.8775714532759745,0.9639633603174568,1.0813275043374506,1.2730808966678704,1.331107077196294,1.4149168654640045,1.4225478616837255,1.468910954860261,1.4717181126180616,1.4443356554356674,1.4658713877079437,1.5139770438058475,1.4760819269078163,1.5311731188725413,1.3947999853089066,1.304089373037486,1.3780359651904193,1.0118292095198724,0.9230649364511191,0.9088424926762974,0.6502358319362805,0.6129073514126421,0.6466749614373534,0.6300082188070051,0.29529864874109635,0.29735492945453146
2.34,-0.026510278444689662,0.4146465935633067,0.4241915195520955,0.522865478339548,0.7374243199248015,0.8321065011279767,0.9098563553580407,1.0022553450819296,1.1018012621459103,1.2637637837034228,1.2473827405132951,1.436896572444421,1.4090054343591798,1.4453166018133252,1.4584565653578596,1.4809654434982302,1.442261231582906,1.4699290968323753,1.4705630144255903,1.4658526992808618,1.3380755581701997,1.2917155954668833,1.3220078945461171,0.9722784395071602,0.8639374822699153,0.8421316848020034,0.6672501856835291,0.6361912307087736,0.637636408224639,0.5874404428594694,0.229590365448214,0.2737593374274386
2.3499999999999996,-0.0024438151962291287,0.41598703893819455,0.34389324399260734,0.5316677002255488,0.7670936655899284,0.8057103580628602,0.9570892005421738,0.9351468038778353,1.1065322104420316,1.2475421254153862,1.278291036739328,1.3647868816087654,1.437631578149986,1.4000631631090366,1.4449750201219007,1.490067087950151,1.4861382380028398,1.4673679134359137,1.4531017567557303,1.466585710278996,1.3724323062611294,1.2872177225977925,1.356661738218148,1.0668955732136092,0.937483100823274,0.8849749991782423,0.674370042815764,0.7075634031890252,0.5667621250740111,0.6238430604694625,0.3459678242877208,0.272358335150783
2.3599999999999994,0.035647374403755254,0.4382693326666833,0.46855567473038245,0.5416112064086008,0.8084712489390664,0.8379468528683515,0.8993388738538028,0.996275136540739,1.137426262068421,1.28514853304126,1.3061587379980764,1.361186682871697,1.3848196480717572,1.4423214842122163,1.5104461417994215,1.5204037615830286,1.4804257395238956,1.4588601971674722,1.4214318743485401,1.523883537972134,1.3888075791206114,1.2708490072424299,1.3209527233348237,0.9673273733860867,0.8679084918247835,0.8543221852695182,0.6626297411447328,0.742726209610179,0.5436999331502026,0.6066717717371133,0.2997438357691449,0.30328240036944143
2.370000000000001,0.018582711319739948,0.38614927790015363,0.3961306915967985,0.5341434245267968,0.731243777501317,0.7630379017117371,0.8924538266442155,0.9702807773855396,1.1006839992277506,1.2836584036273067,1.3393536403114257,1.3896820771876102,1.464712472745418,1.4042331759418951,1.449899144358184,1.5090024641711048,1.4870860323150483,1.5185836599792264,1.4645325658800215,1.5203428781765236,1.3831254569014406,1.230516830433195,1.2898764582929974,1.0061915208376926,0.8461189415522241,0.9082930826860389,0.6550669273502846,0.6992223916995278,0.5794976706181665,0.6271047018936626,0.39489762801916223,0.2782540943011011
2.380000000000001,0.06803740717794225,0.3946312509642545,0.4175072124971852,0.5298573287950812,0.8091614750244608,0.7259328927598432,0.8806188207791069,1.0390873438966972,1.122286452621907,1.2649877214122436,1.2789180572864842,1.4006232937856158,1.4229369423095917,1.493466669703854,1.4335255354353251,1.4085323017355469,1.4586552218313316,1.416662858295348,1.4900030301755338,1.4610009544981328,1.421062297760936,1.2838558805785976,1.311040543304166,1.1023001312917942,0.8431093797309895,0.88508136641646,0.7149725859009682,0.8187788740491504,0.5290766447350583,0.6169090200127898,0.40304414064398253,0.3806337797195307
2.3900000000000006,0.056214026714203155,0.3607765823034421,0.4783465475796318,0.642512033215608,0.8023870786336804,0.6961020043540411,0.8799041431599343,1.0441486543743665,1.1402503866721914,1.2123110262621326,1.2761861096062599,1.3551663693750267,1.4140756849631637,1.4193325781216815,1.4734999958872037,1.531071059884941,1.4535899292286631,1.4788868925744583,1.5419058659816183,1.5818493687546666,1.3894180921481363,1.2799131377919708,1.3288280122282838,1.045030302754076,0.8071453946306749,0.8324414971703159,0.7193143359614429,0.8046441267118895,0.55769837318726,0.6371899740847806,0.4284468731861393,0.2445518515682135
2.4000000000000004,0.059965636418762146,0.36536667204765205,0.42145565347987773,0.57952492470418,0.7613223840386849,0.7131361814273931,0.8157821919890685,0.958386217897273,1.119005241248915,1.218037307095278,1.2932613276756248,1.3583116577818983,1.4465309026123137,1.4256204233136276,1.4639170793105316,1.4610086075063715,1.4186982929920022,1.4230230577709153,1.4999182749282125,1.4902560390948434,1.32631958058745,1.2827821199980496,1.2507000276271467,1.0769813472366505,0.8913532174933084,0.8490511310495007,0.7696232723340184,0.7840860630129598,0.5054364720445053,0.639375791958137,0.45888624493143015,0.31308059859687687
2.41,0.0939988241166531,0.31269854262152286,0.44595696453451095,0.5553075281056331,0.7348930036826326,0.7306202507747684,0.8778529717812096,0.9975400213877195,1.1173115980762942,1.1840272838404524,1.295285085774323,1.337047691912151,1.3749322182385866,1.4235591222709654,1.4226225284159724,1.450609170513102,1.4775315382661631,1.452634031215299,1.5000541195794135,1.44643272620578,1.3553736478412048,1.2784427651944805,1.3327665369352786,1.0779806250961248,0.9002392767690638,0.8415389441707544,0.7482095486108704,0.8474084161074165,0.5897651117494065,0.6360955365031117,0.4216600587238625,0.2911380867137689
2.42,0.1393014091989091,0.3878901178718841,0.4369794105319742,0.5491423923272283,0.7495993733948815,0.762634974613052,0.8356737033638606,0.9555143735047457,1.0953803796890975,1.2348964466838999,1.2987793059645916,1.3433445327230586,1.3748407663116273,1.4156014631559706,1.4831505495211075,1.4445509630501976,1.4939263700422007,1.457313440965209,1.4655941544985442,1.451282905254386,1.3971856452179354,1.2670597507323271,1.2416488831895336,1.1461561772427478,0.8707194828207038,0.8057221623859475,0.7736368297351701,0.8955852358295013,0.5921726729982386,0.6338777209803947,0.48152194464707515,0.28449051047193835
2.4299999999999997,0.12623368467049784,0.31287699439474115,0.4159965211861425,0.6086912312735671,0.7908658044710766,0.7430516992858278,0.9391844808873319,0.9917006375286586,1.0940230094574679,1.2506568123779909,1.2924288531997428,1.3302791552992554,1.4031899189191976,1.3702961872346018,1.4600725261294447,1.477525359112141,1.4345991468104047,1.4428998700419617,1.4564285659609397,1.4881532965466722,1.3645575201787972,1.275722329886855,1.3106265734251479,1.1655340024312655,0.9468192624693211,0.891841614296383,0.7638594855050692,0.9086716659473595,0.5696861848199672,0.5958783206342495,0.3788435826488645,0.2532299564647927
2.4399999999999995,0.17780137374634547,0.30800595160289035,0.4187478494308811,0.5855947655951016,0.7855518939021815,0.7376243719834898,0.8499708606417841,1.0107462369990703,1.1440712919286649,1.1821435613990925,1.2886151905584422,1.3858323384538467,1.414571336583618,1.4348604159139198,1.4743977709834424,1.4577167067488654,1.4386260373731814,1.427605942267296,1.486343591201903,1.4493685259130125,1.3947095429887832,1.2835854023734774,1.229499484373434,1.1663070113283067,1.002810605219655,0.9415575914926001,0.8562081269498404,0.8998793377783005,0.5776518864006477,0.6343745722869925,0.4737706339762822,0.28883959801995385
2.450000000000001,0.12778122545107043,0.269514184173825,0.42076597568092394,0.5658863178493628,0.8056985259542826,0.808919752145212,0.9609112648799316,1.0366017469280873,1.1524251292113457,1.2131075074869755,1.2648368895317383,1.3788101778885267,1.4489677039577569,1.4778918682534334,1.5145662385305778,1.5245603938129098,1.4517522441204573,1.4213071508381596,1.4281397367136064,1.5234259515460364,1.406155018736067,1.3522535480819942,1.2905658747619722,1.15801187885844,0.9468708630391838,0.9283607756627783,0.7610269215288322,0.8859602353898693,0.525192314307969,0.56048997576621,0.478347979637822,0.22321948580950812
2.460000000000001,0.09483582837732715,0.22991765324466093,0.362601134951036,0.6116053862176795,0.767704063582226,0.7206193011783695,0.8725167571462616,1.0074081047753338,1.1869174319024323,1.2172866835790568,1.3330754986882878,1.3670587008816164,1.4258568569691235,1.445357669781351,1.427032096921115,1.502203157516292,1.4783485750934344,1.4283011156597616,1.5187936682930738,1.4526101087919554,1.436752162915002,1.342757967240254,1.193450122706694,1.184825998544904,0.9835173139246789,0.896050079525541,0.8566908325700382,0.9225360292243295,0.4854210667959843,0.5900246264694761,0.5067380658784642,0.21005833417624412
2.4700000000000006,0.057698776805126264,0.2975309467738317,0.41140812112701797,0.6102966940235288,0.7914606588305863,0.7697879711092199,0.8882147803896715,1.0271802260842255,1.1906435468423964,1.1994811850806821,1.3147628462919563,1.353021691878407,1.4811338395907756,1.4570495708197657,1.4778260234194556,1.492897698726611,1.5034242273982175,1.436919386725771,1.5130174634560365,1.4425876546215295,1.3757645066277977,1.3140856448279428,1.2959056822107724,1.2514977815662776,1.0686029630041816,0.9625953692857495,0.8575975361095557,0.9057170972358205,0.49992127446212536,0.5500158407087745,0.4642711968142152,0.22139388319544484
2.4800000000000004,0.094489906205934,0.3398899855924762,0.468310991532816,0.5769730174794775,0.7304381671995245,0.7421630832550012,0.9288939308399138,1.0563584380537194,1.180993155899755,1.1917992213522584,1.221432098742844,1.377539303184594,1.3736960001825673,1.4744283060913417,1.4464953244450238,1.5225216268738735,1.501828610219571,1.4736118831381884,1.4312716510292398,1.4297724769354903,1.4329793376501903,1.3319273402614582,1.2801800027475763,1.2238534699691241,1.0580253774907504,0.945274561492837,0.8347733925897263,0.8991500082970709,0.5148786459069973,0.47356528038353735,0.44560087196271625,0.1904086539358334
2.49,0.06861349587965646,0.2547997475479218,0.46382721475978794,0.6608467025376741,0.7788469560447632,0.810092002410536,0.9023669555102815,1.020028954939665,1.1314317294514724,1.2522791272271057,1.3122435039006768,1.3124303070478762,1.3401672923219161,1.5054098241732492,1.5201624640987372,1.4912272228714911,1.4833249813379292,1.474881782389422,1.492351505279499,1.4896436568683529,1.406920090845142,1.3072591800348428,1.2242582774856035,1.2312367960147914,1.0563717789834877,0.9461489461538557,0.8510086150222205,0.9141070462647256,0.543416673795323,0.5149039997944989,0.44955620583484995,0.1308588093214449
2.5,0.06134463349418985,0.25808690109770493,0.41689461298635383,0.61158871057585,0.7950089306227389,0.7530745979929554,0.9851623937670659,1.0710061945945817,1.2209088736342724,1.1822621367595765,1.2729851591140222,1.3565492015354077,1.445259053559341,1.4458887403563239,1.4412474323770963,1.4321498264530101,1.4650857034998803,1.4280317943623586,1.4944476616029745,1.456309734836024,1.4505053061153148,1.4076385022418425,1.2666080922610694,1.245375217992505,1.1316120929674083,0.9101815394173274,0.8781284036194904,0.9329586092066858,0.5383261121023539,0.5214734038690807,0.4266332740307471,0.07924745848362372
2.51,0.1766728534936945,0.23563158432030812,0.47216079792213356,0.6145323537107361,0.788363343182136,0.8727292229997263,0.9069452811241415,1.0498144420890068,1.13682501427204,1.2181756131245223,1.3542320148087372,1.3376107692064971,1.3967571773156724,1.5104790722610852,1.4363771733133943,1.481311215109184,1.492083166830064,1.3990241514015722,1.4843660322252719,1.4333931354271452,1.4000153462644631,1.3476208356391042,1.1985352553042499,1.2295301758857131,1.0697702001227087,0.8729889057813514,0.9093764031048284,0.84281804316684,0.5081059081887567,0.49296510634964436,0.4157409710561496,0.08710797848938476
2.5199999999999996,0.13343129821261784,0.26049054159630036,0.5110015459963276,0.6123269969758455,0.771932785067462,0.8371716497987015,0.9549299053406122,1.089286514581527,1.187657701547823,1.1796552638587936,1.311363491771279,1.358992314119565,1.3706330660879473,1.3961960692495698,1.436517542632472,1.5049426634099947,1.4565326463236388,1.4351694090571545,1.4540453760580305,1.5016662024701777,1.393166109802137,1.3545152108434664,1.246958838281791,1.2919663357141593,1.1039985350309656,0.9570457942393324,0.8600624148256741,0.8383748858369936,0.4999422047144801,0.5409967130833099,0.4682419689454055,0.09295428558155916
2.5299999999999994,0.048695009538505446,0.23499702748144086,0.5118080813667633,0.6663150785696756,0.794045739732913,0.7990970636520662,0.9325696007311772,1.0756862610265518,1.1689153474574372,1.2005303617604492,1.308582307619605,1.3515663307621706,1.4191473463078055,1.383311593254974,1.4609067258387038,1.471684844172275,1.501710048582986,1.4552118409319292,1.4882901325198614,1.4299123595291594,1.4196046096048542,1.3600127306726426,1.218986896661567,1.241907090392108,1.1073864216203488,0.9006098483761696,0.9328848498595086,0.7903943500016247,0.45554232618634694,0.40400542327140737,0.3383707441988553,0.06080862037546436
2.540000000000001,0.1369084379730903,0.3206462344399509,0.5117897565583118,0.648725062486891,0.7342996180368624,0.8605376363012606,0.9628364013322591,1.0321011797923014,1.211298005731581,1.201604471171712,1.2962996717365654,1.365747041584879,1.435801760244954,1.4785775921011048,1.4674239681195103,1.4979457796528948,1.4728592225080193,1.4710098769816222,1.4815650365978732,1.384605774022299,1.455408876543878,1.3294126021003605,1.1837377060584917,1.28018336904229,1.0982831344264052,0.9074247426030626,0.9046011830578893,0.8219326162072489,0.45456338344995284,0.38961870750287253,0.30937276149935455,0.03360517733252928
2.5500000000000007,0.1836850770959073,0.20714605356861623,0.5524620733718468,0.7170855352108096,0.7842390502807428,0.8057845762035961,0.9856694802704326,1.1034358697622682,1.14442372605874,1.1992276400788804,1.3050138513864522,1.4081698051019822,1.4035803801565618,1.4671051702728635,1.4777075705498506,1.486017396484914,1.4076689103422753,1.441323377477713,1.4858670589598733,1.380604103858691,1.4639079367165084,1.309010995506496,1.1450741253665593,1.228116882204667,1.12463146601255,0.8937019250393058,0.8827134912213176,0.8125196824451335,0.5032229712045688,0.39121317452099147,0.30772887742359456,0.13955001761561642
2.5600000000000005,0.1481448525827231,0.22456756107038478,0.5610048822686988,0.7413781566509429,0.8398611501255709,0.8640347674853379,0.9661784935862089,1.1051384276785976,1.2184004914434645,1.1986889815986008,1.3162479668378333,1.377022195939069,1.3818419781832965,1.4401754002905176,1.4290237016900094,1.4659671411944015,1.520197138207617,1.4517838698649341,1.5224774819890825,1.4005999875006443,1.4704583885285747,1.3906723834058596,1.1891242972252887,1.2568288068823261,1.1940506981541832,0.9197701467511652,0.8739168312355439,0.75647552753864,0.5300103521738537,0.38806993504608045,0.310909774562742,0.059105887244154026
2.5700000000000003,0.13920597512428295,0.2577551732481109,0.5998187776132083,0.7916070986240731,0.7840731178736171,0.8836920257420883,1.0404783769793995,1.1287018869598429,1.1895226547081004,1.2308490963884045,1.2644724684354334,1.3283177542141351,1.44966648033455,1.477733529550412,1.497153269359995,1.520546389793264,1.4331314370253168,1.4150404373807284,1.4404597418319438,1.3950414365060733,1.4286355176762013,1.3993087804395254,1.120608387928473,1.1884721397548585,1.1291458651363493,0.9169494417451584,0.8779208020486731,0.7930696081149872,0.5090852657908046,0.383479361570167,0.2889141263584198,0.06568515802463694
2.58,0.15583185218353987,0.20366615448612618,0.5621114986771844,0.6109466942104566,0.7280322983330122,0.942854421131525,0.9858081038272497,1.0806374750734418,1.1183188461678366,1.2192570953845254,1.2685935572625822,1.3822164950569296,1.4370578430864835,1.435547564719781,1.4527174340974807,1.490168273450966,1.469913143312181,1.4741598668164122,1.562520038818854,1.4074521407930254,1.3967604355998995,1.4290056805968638,1.188963150939239,1.268129108725393,1.2519370215723564,0.8847556411785891,0.8479233568520771,0.7764074920560032,0.5002640361891129,0.30457302412770954,0.30498418581199843,0.08323058386737966
2.59,0.16038774854489088,0.24493340034515854,0.6086397483869297,0.725649737782049,0.8542942924151375,0.8940872336229175,0.9607562709990368,1.1428353789323025,1.1577934444779223,1.214511048833728,1.2630088720249957,1.4414637354967361,1.404324903347857,1.4540779761618483,1.472391726896893,1.5095159894075394,1.4732280739133077,1.5001051956107951,1.4875881460820992,1.4460558729050124,1.4588812117702739,1.35741356833644,1.1477978211128883,1.2433487363898277,1.210235172530548,0.9003247483283107,0.8957434984386342,0.7781110840880144,0.5423357261552169,0.388842747764038,0.3056065318047002,0.14264608977821014
2.5999999999999996,0.18107582854394752,0.22898266439656106,0.5335909015186782,0.7365368732501392,0.8224565429356373,0.835143137343657,0.9341436279414106,1.078251166180663,1.193055076920516,1.2300031783814482,1.2822830072141282,1.372587003697526,1.4029394032058622,1.4823229759530145,1.4722877801027434,1.514035347971788,1.4675264868685323,1.526599706951473,1.5299994816809162,1.4401053283579661,1.4765688029359394,1.3389162059723376,1.186986999274663,1.2312383506363704,1.2434908555683521,0.9119290728858052,0.9568896858163459,0.7313596611599887,0.5168806859028149,0.4066819977443098,0.27487592242372094,0.05187282333855833
2.6099999999999994,0.22026491474142537,0.3125402553476803,0.6117726442859993,0.7019562114175462,0.7536140638004641,0.84288265585044,1.0094221832774575,1.1400866293977479,1.2340532653859766,1.2255856901711786,1.3642309864191866,1.40447038318145,1.4428591211671666,1.3911380597043788,1.4298226649808432,1.496093057788882,1.5023301712849528,1.5192681373521126,1.4925755861464314,1.437254324759645,1.4884054394352932,1.442463673374813,1.2017071965382256,1.243887016917648,1.1828594331577467,0.9106956402145567,0.9401195113914612,0.724630079240552,0.5571303931354832,0.4112767430161483,0.2779112919179202,0.15090369828726696
2.620000000000001,0.2584481452854152,0.30330702717792807,0.5649109431924138,0.7450781074700938,0.7705205305993459,0.8410735400899422,0.9770011500826834,1.0344563452435107,1.1994104534671255,1.2231890249261865,1.3473808468340778,1.3733222429728658,1.4614735359687,1.4593976603190062,1.4849070218410618,1.4798616268339282,1.4804895376718126,1.4630204351010787,1.5366636895996266,1.4235543022407817,1.4731791430734995,1.4025677330428998,1.2036009456425387,1.1942937389766803,1.2395767303491523,0.918869264871397,0.9494053383944024,0.760411523442673,0.5347043852843685,0.43780331811212686,0.2919375430343793,0.13772272178122455
2.630000000000001,0.24804090447364532,0.2689685599304649,0.6602045635940044,0.7200657056494209,0.7479581390924451,0.8464715603089705,1.0047244268494766,1.1403582161437817,1.1995055137458843,1.2661621196045174,1.3737930440277182,1.4035075396986751,1.4061047371213533,1.4638042424196218,1.5270659349300009,1.5288399964647814,1.4961922306002922,1.5263366253736597,1.5163848185172346,1.4368237761509102,1.4717718490223042,1.4711133018165021,1.2425674523271049,1.2569127093995995,1.1833949356691336,0.9504872090476246,0.99565913432467,0.6771931735928148,0.5373853746992812,0.4156922855375635,0.23237304221137114,0.1354844522198178
2.6400000000000006,0.21696551529942304,0.202575742158144,0.49340380053338573,0.6671448853191561,0.765373085808376,0.8595228599887711,0.9443614329572549,1.0546607654483378,1.1961553305993233,1.2471131474879744,1.3184217684024588,1.343967614843292,1.4023980128696478,1.4675653373781097,1.4782034374954458,1.4862386117635609,1.460321091157692,1.5073817476722726,1.477522116876578,1.3529987871145672,1.476794615931453,1.4564025125090292,1.2008713804622175,1.2500247347769289,1.1755266664514905,0.973441649280467,1.0008900967740375,0.809480966604396,0.5882369879588428,0.4826478593678014,0.24740282766802035,0.16408207434556554
2.6500000000000004,0.20531592719925992,0.18336146098355152,0.5268753455432211,0.6915170891942252,0.7287888674284675,0.8436603863433951,0.956884547283461,1.017988635722403,1.1586435843498066,1.2317533355721453,1.2726426625140472,1.404578141032879,1.4146493388486505,1.4556734017229476,1.4657919107115531,1.513893006578108,1.5272871325726338,1.5622999159034183,1.5197087173406452,1.4041951156658725,1.4728751788872123,1.4169901394686184,1.2449657169073842,1.2584709509016592,1.3048678196482837,1.0090403581189404,0.9496243027434861,0.7256947391175865,0.6044516813352658,0.41009198566517524,0.2612039781173158,0.17471773262081775
2.66,0.22408551508607308,0.17200546784116053,0.5140642957941838,0.6302032401293858,0.6788652565517134,0.8358923049702189,0.9635115626610298,1.0955836302509883,1.1737821303956537,1.2601579397452278,1.3657085060972431,1.3967575333677076,1.3835669605343042,1.3865407846095164,1.4425338562394505,1.4899667766678801,1.5080551216699964,1.5460489405901565,1.5176514464898319,1.392989002400881,1.5053115058934374,1.4453602593848511,1.2033709828376287,1.267961872815651,1.2090396796795786,0.9989895549316257,0.9052714598966812,0.7280563541057341,0.5937450809077904,0.39964953150403937,0.25558031934099124,0.09325529738483043
2.67,0.19885478140532822,0.1944597255069975,0.4721531975389135,0.6223996283453107,0.7246531716652088,0.8474113741242633,0.9509971208682273,1.0815697977530176,1.2045732814285737,1.2344452745151502,1.3507014971681581,1.3428593121049024,1.4115349111694175,1.4667053451389447,1.5138951434277679,1.504882041558673,1.4674881683724073,1.5105990992709903,1.4838895447052551,1.4020311321098398,1.5104813841181215,1.4975241945934787,1.2093210675037485,1.272924377233864,1.2484551503632804,1.0536273307207429,1.005133298603107,0.6755305485487884,0.5743872642753374,0.3714816438340822,0.20551234570828236,0.07807324580901974
2.6799999999999997,0.1908512329016798,0.18289661897861625,0.4335490750905341,0.6256793344556848,0.7187558307511777,0.8374202338079415,1.0073557945263645,1.0225452143163258,1.1486918894063314,1.2909349529457759,1.3323302928198064,1.3875326464179167,1.4453858139342273,1.4562237939331408,1.4865027524864205,1.5141396606066333,1.4602155052394354,1.4599972162477106,1.4796760024247724,1.3836866740587912,1.4960155263912835,1.5423235268950102,1.2173888311355507,1.2491836532074008,1.1927344804827558,1.0480016366448355,0.9762857351250953,0.7214355760911775,0.6104557024001539,0.46530540421190647,0.263380465221375,0.14150289783481018
2.6899999999999995,0.21172316004596362,0.20862935146806383,0.4516496127603618,0.6022088196591161,0.6778640056296402,0.8397554094012148,0.9202895296529848,1.085359708106561,1.1846333558666768,1.217322475064634,1.3730020495014252,1.4649795616520795,1.4457375076877996,1.4264661494414332,1.508254838960029,1.556894108236775,1.5725335140304104,1.54013732812513,1.5343393882318341,1.4511734702991788,1.5053783252300539,1.3714343048932065,1.2195498658938217,1.2675296447691826,1.1604100131231811,1.0304644968772658,0.9882779177094685,0.6692108894727319,0.653672840724752,0.43091108820019314,0.19871864552388718,0.06552547281424904
2.700000000000001,0.18318640805850828,0.1554528363667468,0.3952663365415011,0.6105738649946838,0.6624856081433911,0.8575981407366292,1.025351146203841,1.089331071556199,1.2425118544063192,1.3131670340056394,1.3729612029395173,1.3726262064961685,1.4238928499015553,1.4584112388402508,1.505382102761787,1.5524451938215864,1.544109819783316,1.4973751723861126,1.4726223687055007,1.433513507491828,1.4699109101613894,1.4851346168351507,1.1340423016056644,1.238115408149841,1.1809583946165938,1.0708303763298161,1.0034175808734422,0.7157655154932756,0.5915058419637309,0.34596345045847215,0.23342569062203275,0.1229280246443119
2.710000000000001,0.1620320685040051,0.08463892932490466,0.39783053947761454,0.5881094970217816,0.6416643540801623,0.8206293667218644,0.9888436090444984,1.062871988062688,1.2440965697569484,1.2393888794982217,1.3083684438469516,1.3872463815379619,1.3927549988928107,1.4714203737747975,1.5472921390150465,1.5629381305425067,1.5173601555186673,1.578499060999114,1.5075479169768167,1.4642445271743427,1.5249146020931852,1.43077202924093,1.156002216542425,1.2332906927424852,1.2054644017036016,1.0826632769202995,0.9379090521365236,0.6816959139090104,0.6510997955714816,0.4293725333665655,0.24382378726387482,0.07308680971838821
2.7200000000000006,0.16661687881715323,0.16476382209244655,0.4279280513201622,0.5222071901414416,0.6415004415522376,0.8666119518585104,1.007440174128215,1.07060532256845,1.1528299064222738,1.199039854795755,1.338302712915793,1.3567548353670662,1.444676641580202,1.4970081736004868,1.5013846359873573,1.52415099785712,1.5137567487390924,1.490689729518226,1.5111997007537807,1.4448314927781802,1.4679094656805591,1.45024008521801,1.282289967192695,1.2600786597022486,1.1254960437508634,1.0348353965636772,0.997272147054733,0.7043649765920155,0.6814350076698495,0.34589768353633044,0.22345860485663163,0.06279959212509664
2.7300000000000004,0.14576108445097272,0.1213006646376307,0.3702603544625392,0.5323167348414949,0.6523435819747636,0.9594424504558765,1.0542214893368356,1.114156507530954,1.1985958483626673,1.3021830974799826,1.370114897163917,1.4038708643883764,1.3923041521694546,1.4934346244913648,1.5073017872379966,1.5153607140772734,1.5043008303105487,1.512297646905902,1.5031031140524014,1.3584080316032772,1.4707963960467973,1.427656869234566,1.2951811801051072,1.2751542056774772,1.1340277306827968,1.085184135690408,0.9671000949798215,0.6329230047435679,0.7103676350207117,0.31014770500127237,0.1492091979272609,0.07435327467115006
2.74,0.07434391830571654,0.09402941866354017,0.3106386672480535,0.5192636494359412,0.663707824128856,0.8652535259558678,1.010181231726191,1.064735995148744,1.1883280471080375,1.2617560771133913,1.3193917907102657,1.3597513452858099,1.4530074047095902,1.5029677825224292,1.4967897441181828,1.4691783064848232,1.5705862119270746,1.5236072229579405,1.518942957411476,1.4156755767754634,1.4467537177796785,1.482002099007766,1.2839695161700417,1.164466235070308,1.1702526558303932,1.1199151189556351,0.9681555181496312,0.7212166534695721,0.7297683647149041,0.3524454816543996,0.19205141435945863,-0.002353452953270117
2.75,0.09498048589926579,0.1264521997407559,0.32319590377495466,0.4919870347639205,0.6012975702661011,0.8594949286942893,1.0065855840620475,1.0586621936192502,1.232433598062755,1.2802814146680213,1.3598596406405032,1.3754340598866075,1.5156454296576987,1.5611940608621788,1.5217623089914716,1.5473450048755448,1.5616490262563636,1.4606183704978326,1.446443777847335,1.415049792609834,1.4014525033700953,1.3963031371460477,1.2283648707410755,1.17142245444427,1.0422296317864381,1.1012644434861352,0.9343453199763099,0.7043591896196051,0.685911863454025,0.35130984317670805,0.17203739398362075,0.013946792487261413
2.76,0.10139021549040983,0.20559077205557774,0.3124589733533756,0.48094836581902106,0.6521844538696506,0.9105291822884669,1.0283890023213238,1.1358019739966854,1.2245679095492392,1.2517648039931681,1.318583697248097,1.4527921110947006,1.4209089237848493,1.511649418186001,1.4890787706228554,1.524248269893956,1.4616366725087069,1.5000255160964073,1.4260359326742131,1.431876225592392,1.4220333449796432,1.4389984522022834,1.2307174113331238,1.228536677763062,1.0390319620485646,1.0725517773791382,0.9438345258826664,0.6606839844945901,0.7165062900776697,0.33675680789894946,0.1803449521112143,-0.038110212488505484
2.7699999999999996,0.11413110743446733,0.1547509639373443,0.31738528443485586,0.4977986518566765,0.6245383643668454,0.9552672771903608,1.003186357492475,1.1363527710574324,1.2345445795230168,1.3016005160164899,1.3102027634063278,1.365983924401343,1.4065236127086518,1.5256770274761222,1.5242583605558424,1.5318648492784661,1.5766758032548867,1.4887949306822237,1.466267800508346,1.3955793108150827,1.4180418864019924,1.447653077252803,1.2905196801179,1.1748510636624236,1.0722981608043167,1.1002255521581317,0.9263076235152897,0.6491270399808651,0.7118512329415537,0.31445981406533463,0.20135238956634957,0.031823076666791385
2.7799999999999994,0.0492414583788397,0.2286871014805209,0.3185483904161916,0.4683282452821651,0.6600368390928678,0.9267993809271011,1.084277562796965,1.0846209471635488,1.1498348452493636,1.2512510157789132,1.3603787604008892,1.3727907356594156,1.4044638264930913,1.4836500738822722,1.500727643028913,1.571418489125475,1.5447499888456606,1.5074469898475598,1.400083328948057,1.4204449234259442,1.3847898457015646,1.319030773091371,1.2631987207484672,1.1431328390632742,1.0155560953223406,1.096403628324759,0.9442015760687301,0.6755768275122557,0.7322443714930309,0.34172211817928233,0.19411282958832426,-0.050795338044952884
2.790000000000001,0.09989155574204199,0.2114055394057888,0.2739549141048967,0.465332509856308,0.605483565664591,0.9546819288477493,1.1879795097635837,1.1478449621474,1.2150664721168682,1.285207161778001,1.380489056559997,1.3957547442053242,1.3866517648474765,1.497614342718318,1.5457157609598506,1.5637279482667983,1.5104935716555548,1.5012854951547692,1.4755509588194293,1.3996033846201217,1.3392099627530387,1.274866976808225,1.3001947364954667,1.0992675708300446,1.0574193249189072,1.1010151564447141,0.9296636203327411,0.6405651728000505,0.6514294798270227,0.2998272550404791,0.14036155996123628,-0.02698713870044004
2.8000000000000007,0.1016362868970752,0.28144617617932643,0.3375521437825318,0.5079172539500842,0.601845049106335,0.9046879017781256,1.0487483757096918,1.2339378503633034,1.1901477661930948,1.2550043276532663,1.358616948347576,1.341835845471192,1.4391381557178702,1.507443906301734,1.5230641435708563,1.5104850967519639,1.4826703743102696,1.5021708577153599,1.4390632558125933,1.4256236197628456,1.3818288191214627,1.345225902914181,1.271302780052118,1.1780499365582828,0.9902244217897137,1.0902948543404143,0.8940840781308279,0.6071837900288957,0.730900239587619,0.3032759178525391,0.08236181518675659,-0.014416178186647675
2.8100000000000005,0.03721582170780303,0.2354074840860416,0.29661755601588374,0.4674143822494459,0.6330831122936377,0.8918216116420477,1.1266830213497983,1.203086963402131,1.2294864504049932,1.2463200851943625,1.3623531277681677,1.374261153452255,1.4913175465103499,1.5120632406293537,1.5040962343459297,1.5270198708366174,1.5785318750470294,1.5179975157288048,1.3991583595147352,1.4457425378492315,1.3882293855961056,1.339639913188499,1.2566045393593108,1.1903439846687345,0.992129171700095,1.1256983992480052,0.9009678337197836,0.5793910503032258,0.7474004690373284,0.29077661718411285,0.13095473468235452,-0.020704008379027136
2.8200000000000003,0.09636657816688006,0.23369054735123002,0.3240433365958706,0.4399487422027555,0.6327131461508789,0.9478535996223344,1.0691784705431835,1.141778840398465,1.2429000753895918,1.2829362614745146,1.3772766888240544,1.4070277536607823,1.3944661726332837,1.4664830602371872,1.5115719871829554,1.533840228688083,1.493044313703294,1.5192038488488904,1.3608428459636168,1.378887411959695,1.297464416040591,1.2700663919840292,1.1851288621605118,1.1424986491578242,1.0424389760440989,1.1036259966434052,0.9361994083041099,0.6201191320559382,0.7330532812088872,0.30170402357320586,0.08849055621534255,-0.0996901807342728
2.83,0.009260516475502908,0.345081653874972,0.3322526489795588,0.4335901367696863,0.6248812678540364,0.9317320701027452,1.0936983813714825,1.1781403727424293,1.2113229760129678,1.305207843718691,1.390344879050267,1.4126063957903745,1.4216396086801462,1.4741576829551155,1.4668545907267116,1.4848152948684037,1.5648756369787222,1.5216508101023611,1.370817165178835,1.4583708306848273,1.2830538831618055,1.3327335843394423,1.2812083323502634,1.1298962982352379,0.9160813443093396,1.145677950772285,0.8864284888248176,0.6207207868793531,0.7288033603439239,0.2729642308274531,0.14930482105443782,-0.07996351351409031
2.84,-0.01824327634235117,0.3008234133597979,0.31420161900022847,0.4782125844871551,0.6433513620601977,0.8897232772521335,1.039339537231617,1.1965858309448918,1.2292538557626136,1.2862032060361583,1.3825426517311195,1.425888751839174,1.4206092180885013,1.4631453228893652,1.5151383592343661,1.5470450470385615,1.603086200102338,1.5480385611001228,1.3978366013885353,1.4253803553378397,1.3665300064331452,1.2347929175757286,1.3049433225970726,1.1155535387331161,1.0451237383979828,1.0825883367178541,0.9021850779429557,0.6105770331863191,0.7456520450281346,0.28888301010180206,0.09806417071589416,-0.04447250568493687
2.8499999999999996,0.07134005042589678,0.3469676217582856,0.3387407375691572,0.5078748215882869,0.6543329483411124,0.9377095517823361,1.0826830646462582,1.1337598484488935,1.1940099004624638,1.2656734040680253,1.3592568206799607,1.3903008749746428,1.410887761292377,1.488265847039864,1.5184395047500387,1.5110082465081853,1.5160643425751756,1.5248620948511677,1.331962962602784,1.435700706106836,1.2683473732985175,1.2262348265562133,1.2824109529566514,1.0905234918951743,0.8953809685850054,1.1318046696391235,0.8420513894623434,0.5753393701890887,0.6898783112318272,0.30936617606859423,0.13454307031392176,-0.11757367111260804
2.8599999999999994,0.009925203123638898,0.36084808232983007,0.26329865458290974,0.46851806546247615,0.7005123940584022,0.9491770748842001,1.0302882770105413,1.1408254171049004,1.2223502346473671,1.2939780548880544,1.2826953773325067,1.3687183049655436,1.430240393049956,1.457539605486125,1.4913623976417227,1.5232880216828095,1.5431321905743047,1.5166375750354497,1.4300522475363842,1.4424585990090129,1.2639138154573935,1.2282855296655744,1.2521580152611635,1.1538179222870355,0.988988356906054,1.0665979152014229,0.8418497864585898,0.6342892779505991,0.7239812444310192,0.26445188365420447,0.1582449065313867,-0.04902236786292633
2.870000000000001,-0.04496895597078163,0.27177132826181816,0.2741967662976366,0.40125714282794567,0.7207166687127575,0.9368744335753292,1.037004503844464,1.100421912947783,1.205073750115722,1.2663770368740142,1.3327448878207817,1.4262454602924326,1.5062172380500067,1.5008475366728686,1.5063367558263794,1.4828302151485244,1.5591884546935664,1.4577967104713885,1.316828151930352,1.444526790028882,1.255617558859704,1.2298257183136305,1.3477725290345457,1.1252348597287627,0.9225571439667983,1.0732996450773897,0.8403605447788236,0.6064500396461745,0.6740673447183658,0.27567219409590377,0.057720231205346674,-0.08033137148573828
2.880000000000001,0.015979931657290884,0.3260572361521159,0.3491445199986787,0.4908580472348395,0.714450362357797,0.95868470127321,1.0706823616363537,1.160660515303596,1.178916608375961,1.2608730358044253,1.3574601307638585,1.359846815491035,1.4421480544502003,1.498500160115376,1.5290695375187073,1.505046406489811,1.5526991146735338,1.4906123996202068,1.3974140189931927,1.4476247368103223,1.3282258284850443,1.2187241820949333,1.2979367941592903,1.0682749033418988,0.9491215778918225,1.105398269943442,0.8190876191811857,0.5957313672052482,0.7679849426906393,0.2602116239185885,0.10965222008499712,-0.07697527901680268
2.8900000000000006,-0.05983176995634448,0.33153371528272896,0.33068337990674823,0.44182711756384946,0.7142657044355673,0.9209480749578678,1.0641908545333965,1.1185091213005331,1.1741766959207902,1.2736333887278055,1.3661214006270068,1.3763807487144466,1.4680404364988517,1.5182385647788368,1.51068075275637,1.4916767899732022,1.5530969100350698,1.470459196000237,1.3921282880621242,1.475417677735598,1.2960373043288917,1.222281721331245,1.3396318088619992,1.054642499018872,0.9924010626989763,1.1010699213910193,0.7847965568247363,0.5599394059877878,0.7962419344112964,0.290495711119497,0.12877358496803554,-0.08385827077783024
2.9000000000000004,-0.04673641399530003,0.39090268806691386,0.32348420353087115,0.5292724715970375,0.7055352700413347,0.8936554923282838,1.047996679765585,1.1280817306337267,1.1679850874183062,1.2581541239908673,1.3280857269549897,1.409165704302223,1.4436584038179523,1.484997425022748,1.5193002458607305,1.5177262045053121,1.5325807287811477,1.4805288945042296,1.4166716887956066,1.4738365756875256,1.275025062025135,1.2050214802605839,1.3344065168180284,1.129912751581292,0.9940586236314901,1.0670329631181172,0.7988492978234671,0.6070282420174598,0.7187532057593323,0.2676446448440367,0.13062128611422472,-0.0203487921954342
2.91,-0.050729285838225294,0.3578613980067829,0.35497133891395405,0.5969299930671524,0.7486262832800198,0.8585347534827653,1.032887858327518,1.0993054657139258,1.1926919103523768,1.307458114362822,1.2669473385193428,1.3662889275848675,1.4346246193318322,1.4701848873470587,1.5710147759273934,1.511642413434616,1.4657418274285507,1.4923472345462532,1.4318484404030454,1.5416857845936829,1.342890925932618,1.263931422011556,1.3669457635489208,1.078924983986005,1.0366018082192463,1.0933013330634214,0.7904766282199499,0.5779802529257305,0.6327087875662872,0.3315688812271645,0.14481820066532092,-0.0606440764062177
2.92,-0.03926666606623605,0.35799110747643864,0.3785271810710858,0.5012200657181181,0.7469413083472083,0.952475944238452,1.1050602347492544,1.134870307123772,1.2145391774033811,1.2887817618889947,1.365960188918935,1.438984621006826,1.4359046418055819,1.4726837027504642,1.5176145772641862,1.5821230173791578,1.5210457791136065,1.510807009937403,1.448315474156743,1.498231331575379,1.2669302822946313,1.2440509606485743,1.3501207175236984,1.074632724179188,1.0066263778861098,1.0544493942649253,0.7592615702078471,0.584019633064024,0.6256971839700407,0.2796090641868417,0.07838363002424682,-0.1228724698166777
2.9299999999999997,-0.08724408103582454,0.42664462027351674,0.4104778928030018,0.5089023477353951,0.7350989727389945,0.9209469690044417,0.9946427895208163,1.094161353826835,1.1762748732531811,1.319684775978424,1.33595498873714,1.3679560855209327,1.4079257594683396,1.4727059808729295,1.45992877578158,1.5026142746539817,1.5167413748317018,1.4785721387488249,1.399266701640347,1.503003362254914,1.2858702615399933,1.2242228846418992,1.376200602621109,1.0207248680898453,1.0441745111525382,0.9870581781154225,0.7782183896449082,0.5387854604155657,0.6178040877628899,0.25445143571466294,0.055988631138369646,-0.04976422091309877
2.9399999999999995,-0.052696631537242196,0.36397422455140177,0.40973212384839514,0.6156053666047445,0.7418278587615309,0.916351109370509,1.0288126764493097,1.099756001956148,1.1852655811748898,1.2887394334768525,1.3226230743404663,1.3975546598520028,1.3785811152656053,1.4506368773903247,1.476855869743315,1.5035786730516911,1.5095243833396856,1.480069610662944,1.4590556968414217,1.4911719363932414,1.305582059809694,1.2308348782053844,1.30863730506401,0.9984180535936832,0.9897171393156983,0.9740397231516988,0.7537494498657162,0.5457128754354862,0.5384700839091758,0.32053893116464094,0.1047425175982194,-0.10502965393625674
2.950000000000001,-0.11715655602282946,0.3746457508745924,0.41252587563144427,0.5768233191128327,0.7436777699827777,0.939075237881216,1.0255054228186138,1.1137706912423768,1.205419861787005,1.2158864515813905,1.2992879719119348,1.3409287017798246,1.3653384028491309,1.45186803252639,1.4580533595092826,1.5340227364609853,1.485159841516096,1.464990494114778,1.4642166467483146,1.539870279369911,1.314394742773262,1.2321152856645317,1.3373537172009162,1.0301066121697648,1.0516353989008296,0.8876540783200214,0.7031699267496425,0.546700930953666,0.6145254779169198,0.2692342329411537,0.02839714978930367,-0.07674875174601364
2.960000000000001,-0.04770565497225503,0.3758930542259213,0.4246814064683453,0.5863136238346063,0.8097926983521521,0.9351320481012871,1.0273987933991728,1.129033236918178,1.221332610381439,1.3316230293880396,1.3568585137415257,1.4239989095541756,1.4648812902434327,1.4907983552263226,1.5244482329938154,1.5621816975511569,1.4569502068793212,1.4495225624059793,1.4341730290028827,1.5094915682557537,1.3378211323450544,1.277565028516056,1.3119331193555686,1.0142322800093597,1.0750350468157206,0.8838636887943252,0.6343302112114276,0.536933251892795,0.515799851425223,0.2156119915435964,0.09072406285779333,-0.11574196393404089
2.9700000000000006,-0.009448096257103536,0.48938329903764827,0.4833418323157993,0.6675754099856525,0.7723959399890261,0.9504501930142351,1.0319246296525881,1.1336945720085707,1.2382596651047784,1.3046469907893599,1.3631091641113882,1.389995642773754,1.3993223787227513,1.4754936252608823,1.5148965399710042,1.4874784346991876,1.4645070052166964,1.4955893736193577,1.5207788760127297,1.490418118616033,1.3459092228581448,1.2667043289363793,1.2890526722164461,0.9929395855220924,1.0594664402826788,0.8902651665257388,0.6307445895138573,0.5937048204467505,0.41083490067803036,0.2751593882559332,0.08717327882800327,-0.01517080419193257
2.9800000000000004,-0.006948784618001958,0.4124136244530751,0.4996900908377858,0.6021010047912149,0.7977624071456582,0.9464191298100455,1.0385197997660032,1.1277033691890166,1.1748764082596135,1.34523481959409,1.3336787715783875,1.4387187757210531,1.4240779307720794,1.4983112867101653,1.500202636876366,1.5251723866198514,1.4715182306489718,1.4153285718876814,1.4329809370778106,1.5171995597104138,1.3417893569462775,1.2374659879643821,1.360019467384907,0.9796832503509046,1.0286648783865742,0.9007779102554397,0.5862721272607673,0.5048498479341265,0.4243279005067881,0.37110770745520105,0.13570727258934853,0.009817942777966394
2.99,0.009901357935875987,0.46043623357534513,0.5383847288397627,0.6887227839357595,0.7899746463365684,0.885511556911704,0.9616340234722346,1.1550384536375309,1.2000414549833933,1.2152081359402218,1.2917857461531042,1.4289720588979282,1.418289125388636,1.524505824112496,1.52007671106491,1.5196701270622053,1.577305198321612,1.4491597014044568,1.5134901254830038,1.5112729949465993,1.3512829657472827,1.2940963026742798,1.2889381816931782,0.9848824986421563,1.0240326156795916,0.8384505291845841,0.5916822650350828,0.5088146392753077,0.428332468442872,0.2740678603998487,0.09773783389669842,-0.07696952579855758
3.0,0.09076171245640931,0.430955821766579,0.5608794029913875,0.6561840171205776,0.8890379531117257,0.8417739563013754,0.9865209979193031,1.1628254414047778,1.2014252254776994,1.2688664286738842,1.275866448475479,1.458113803179382,1.4425464041694023,1.483593598095934,1.506840921994772,1.46439823539067,1.4942954884589044,1.4575571398691758,1.5235648398238284,1.4058295084117596,1.3574766178975382,1.261014840488347,1.285589392051273,1.0481096181106397,1.0852415439721017,0.8564743158803975,0.6423048014883679,0.5952920822064004,0.3971243574845774,0.26439431749719994,0.11356052142823632,-0.006636406242832611
3.01,0.02985495878784767,0.3864465031486672,0.5811031911777655,0.6960554968103085,0.8420812702595638,0.8970730879407542,1.032067183683333,1.0616026231086826,1.1641601180785133,1.2829892390460091,1.2884856978032329,1.365348912673059,1.4247629229095737,1.4859654117595062,1.4534266942732943,1.4936542446384207,1.485968566804584,1.437354323729575,1.4755540883027165,1.529011819566351,1.3227079776840545,1.2478358631094246,1.2250493490137955,0.9797630430084308,0.9866745406004523,0.7790876240924366,0.5579518510254469,0.5460345020045042,0.37958395993510946,0.3581570040896853,0.16579117255274495,-0.028067651577934342
3.0199999999999996,0.10190370995527613,0.4503874819649856,0.5200644253075194,0.7146858523902679,0.7969366026207266,0.9373210314932071,0.9522154922096119,1.108323222887444,1.1371705953662596,1.1886890251254023,1.3239941846764052,1.358833103662826,1.4097402595956692,1.5088030774172412,1.511937996296708,1.4812929256839098,1.4786332926927108,1.3984554339898516,1.443892229926428,1.4314194949530512,1.3490844029268954,1.3449806596642027,1.2168808736456407,0.963637688544091,1.0259369904438818,0.7423305058735711,0.5652228294585524,0.5784760600854065,0.3606908707170044,0.33862607040411713,0.17365091230627616,-0.027912659264727836
3.0299999999999994,0.09988718032721164,0.3552353254384494,0.5319603778400434,0.7510577005878327,0.847737176433809,0.8513313639254052,1.0269974724196707,1.0542759859025361,1.2004529761797438,1.2886143135126504,1.3440811311501921,1.4062750240893231,1.428317032994185,1.489495076516397,1.4870857638689556,1.518894949697272,1.467196309917962,1.438611134260745,1.4485395232070328,1.517966782392155,1.3738166871277389,1.2498182605780626,1.21597332718765,0.9665405858381071,1.028901602338913,0.7322194962574503,0.6273145420366846,0.5741634584431283,0.3269645433095226,0.35380810346599895,0.1538111888159186,0.004694283701841275
3.040000000000001,0.1584091111127658,0.3724672649620636,0.5542019394704195,0.7167683260872743,0.8538334225599125,0.8551197983464223,0.9647721019754416,1.068103459949178,1.1395353423122576,1.2038632115739492,1.2885344176693196,1.311540600626725,1.3894257225999684,1.477886546447398,1.4623488177895907,1.4941287996949648,1.5067154344099845,1.4687394781991814,1.474036588158924,1.3707465359087603,1.4185858023125701,1.2573230267131952,1.2619688894915158,1.0253350606003488,1.0012543870828672,0.7832450435232133,0.5953267324551216,0.6275041705140045,0.3417025368638247,0.3903783279461615,0.19297187938680324,0.05881958536617994
3.0500000000000007,0.17511779045533696,0.3913826529914509,0.624894504577232,0.7320290226673134,0.8534800228076944,0.8383391021964252,0.9722256454861724,1.0674763708279642,1.125474063015827,1.235404682515044,1.4228182053946707,1.384434125708243,1.3853668199364708,1.4910747094961128,1.4819285975030443,1.5258253099054886,1.4693134047243204,1.4489052329082037,1.5139754824905636,1.4267009135370639,1.3484830922152375,1.2416095674331693,1.1963535612957101,1.0272411190005035,1.0212286698637796,0.7170721157972326,0.6498443300002352,0.6617792157317234,0.3615781050151964,0.44666001304505903,0.17741690558878837,0.08619105611104216
3.0600000000000005,0.23629486118938134,0.3670507402790362,0.5548007639825087,0.7296507601380764,0.820643696876673,0.8021417240152676,0.9408365713989348,1.0625211337773341,1.127109840299263,1.2464018833868356,1.2785630723051318,1.3754598474426305,1.442946078285267,1.4675398085256581,1.5068765869568161,1.5065038034880294,1.4935624925914859,1.4487640213635906,1.4324303305539452,1.4041352585703317,1.4105062428963733,1.2680287004248347,1.2030449899286606,1.016491578282077,1.070855351053966,0.7723522343391649,0.6870297110711104,0.6714269634918764,0.376211358669152,0.43553917145383975,0.2526649829905239,0.15506490692999228
3.0700000000000003,0.22570084573816443,0.3886305366781603,0.5767898622271537,0.698961396221252,0.8149355233452907,0.8217407336979798,0.9828721072012244,1.0668053380765825,1.208173302522724,1.252785519958809,1.362497115375972,1.4288240266042485,1.442355632801309,1.520710990355681,1.493384077419228,1.5096692864253007,1.5240909184251956,1.4492069706992243,1.469573924245017,1.4023095378910098,1.3554830616468636,1.2752875276023001,1.1850274532321572,1.1020913196177007,1.0850486413283724,0.7875959470725541,0.7126453562948193,0.7741737106660498,0.39325427478433733,0.4144171566164909,0.32148589156009566,0.15946094842431538
3.08,0.2529891940381181,0.35225107193007044,0.6044363120619878,0.7114130312062614,0.8432826950311684,0.8473936631462545,0.965321638010716,1.0646449299379848,1.1038769159678365,1.2167806001601476,1.2762393393647682,1.3314879104765507,1.3938937218534702,1.3974911142669215,1.505897226733869,1.4687940003918867,1.4986463941669521,1.4220791387126512,1.515944460725899,1.4420366291021864,1.4267552203235758,1.2619609240640148,1.154672276127077,1.1006975132227566,1.0912245996376742,0.7595826655788591,0.7212894960367575,0.7696103936438922,0.4117098775741412,0.46771514130620173,0.29066315370693213,0.17509417951619946
3.09,0.24598913586720222,0.30498619611563704,0.5699769119640994,0.7060636495521784,0.7818410460876876,0.8497619575671261,0.9048065893872033,1.0402850541881843,1.1094966648633113,1.1498373735886172,1.3641586805664256,1.3976967695846056,1.3934496223663997,1.4997653866472247,1.4663884903828517,1.5001461819916415,1.476962231621013,1.4630345383555203,1.496689983524494,1.3351325840118051,1.350694267808988,1.278869795354347,1.0954667200086818,1.1059849671055781,1.1003641176006338,0.8057667031973075,0.6815688658550105,0.7523861665816391,0.43881852534915944,0.45405323879273457,0.3357855000061041,0.16518815649293808
3.0999999999999996,0.2951589119468505,0.31297134624321,0.552199053738208,0.7390046213257575,0.8884757348556236,0.7915380661181768,0.9340329948055494,1.055823019820113,1.119944824418852,1.2723942249470361,1.3342926798876353,1.370476403835949,1.4119696764456457,1.4863638306670823,1.4424229097344385,1.4430300519267292,1.5245917280726742,1.4921786832785664,1.52631416080164,1.3776249923688668,1.370769212492399,1.2589643417228396,1.1423757580241134,1.185109375968984,1.1414846776766996,0.8187600712030039,0.7541544693105918,0.7757545284090243,0.4034370670015087,0.5283148777837564,0.3907663515127881,0.15662662815093964
3.1099999999999994,0.2872145855217918,0.2890638597960443,0.533540368706098,0.6214147603608178,0.7356182635155284,0.8373065259650226,0.9788508432361545,1.081374587790678,1.1404256828853758,1.2059424103666636,1.348010258706078,1.3742627879090337,1.3960390451483355,1.370486961059195,1.3901160400328632,1.4924818798592494,1.5062304394929227,1.4163600208478,1.4739200160438783,1.4056698519297253,1.38240700619344,1.3168102299334623,1.1062860240980101,1.1601486303528628,1.1249447108740183,0.8353470470194937,0.8126625821790299,0.8142286757673552,0.4909810337283374,0.5070517391141505,0.34860557809119314,0.09313070555525307
3.120000000000001,0.2689175771587278,0.26338983587217046,0.5335463639818844,0.6783147825349766,0.8131053524306009,0.7933453582641911,0.9095194349283783,1.0071223831043703,1.140564975395535,1.2101813314417742,1.3757814303647076,1.3520726397957312,1.352231888805836,1.4768817198442632,1.5170791434120807,1.4352006433522686,1.503743457796513,1.4763438440357475,1.507883490121978,1.4081038459583461,1.4349897670875282,1.3731796629219133,1.1158803284444214,1.1604049343712284,1.137165680253341,0.8407867041435256,0.8725560935323533,0.827193330932438,0.44166956660732026,0.5552025413353815,0.40321636300878805,0.2078066625037763
3.130000000000001,0.32217464065585616,0.26439344738997866,0.5201183960039186,0.6417173134936128,0.7625098501511386,0.8160531002728254,0.9683902881274725,1.0627097970835102,1.1393049968979845,1.2075583779478276,1.3565837891466423,1.3722603653544185,1.4543126049803032,1.4761848744350163,1.4704132641326386,1.478997675155484,1.4588956735052974,1.4649843702949579,1.5360726588667022,1.3622646048407159,1.4026998776020472,1.3369402293345183,1.0855011528665013,1.1965203552589867,1.1723417238512328,0.8716299490961371,0.8195780261064605,0.8098619995487543,0.4346349116689582,0.5438903891478127,0.38965685664479227,0.1392216150882522
3.1400000000000006,0.2624809009221668,0.26923013682098407,0.46711652681750143,0.6180281065881998,0.7611087765381636,0.8093733557489416,0.9351619399135047,0.9871092217588772,1.1275065156903055,1.245347960837276,1.3017925907009336,1.3147071365645122,1.4150613248046136,1.467572521002112,1.4300071273652442,1.5540676901615176,1.5805296341095452,1.4783778339151146,1.5184659780258603,1.3557339398220145,1.4104242975463148,1.340806442441044,1.12180680255433,1.221829220060282,1.1936492574817934,0.9396877653640211,0.8510527631179206,0.8412324474043323,0.49636237389081567,0.478668731324499,0.32662812609157166,0.16275295065876627
3.1500000000000004,0.18965450504058937,0.19974188729070685,0.5038885338262477,0.5991193186729658,0.731854666883105,0.7919745994203762,0.9015379683985346,0.9916656715129084,1.109881363961534,1.2092058494744888,1.2777505357983856,1.3848517938007274,1.3939562255671258,1.439137762202614,1.446125029351346,1.4514267661344993,1.490418772336961,1.4889884281666608,1.5120609307211388,1.3063529730646726,1.454028088379806,1.375396428803184,1.146500938677991,1.2695805700503362,1.214779422220433,0.9182154697316609,0.9147475964288281,0.8978717207792066,0.5326581680846829,0.4879070811533715,0.41640584156954324,0.11260935835934405
3.16,0.1990455010364795,0.1674080354502371,0.5097976113642365,0.5782122030816778,0.6726867747055882,0.8044565860916013,0.9463776413608266,1.0667837967799034,1.1312138309435478,1.1831225282950795,1.2542257649407036,1.3832637819340616,1.379447121307371,1.387802692024547,1.4621653670304482,1.4847417231464042,1.515002570929294,1.495582714176468,1.4556467053383735,1.3688425584080708,1.440889545275497,1.335207942994516,1.120523628737511,1.1582683396135185,1.1987901829155918,0.921430608126635,0.9482120245386019,0.8776333417616425,0.5332607611983764,0.48593677778409344,0.45063116296599603,0.13082532604505004
3.17,0.20711264303523627,0.17474466925041576,0.4979935557991332,0.6070879057348804,0.6694184638075383,0.8127284795569206,0.9399937591996561,1.0244348374468522,1.1777930231662133,1.2559986729390085,1.3209599647166155,1.414396206781896,1.4020986436743685,1.494345516302706,1.519258063009665,1.476416684020183,1.5286417862675465,1.4802809370122494,1.4952455013507946,1.381769595263067,1.421918082776773,1.3410573087011783,1.108520992052484,1.2108773628852072,1.2081316341617272,0.9447897072930664,0.9100924720895015,0.8724159073403662,0.5465867041577861,0.5123847129952698,0.4004810994523738,0.12417900469409084
3.1799999999999997,0.2207718651179241,0.23301725434829149,0.4968370364541117,0.6053222628701717,0.7251877267559644,0.8050015440876164,0.962053462330519,1.014916978254633,1.1725642292025493,1.2814833880053338,1.3158851174918236,1.383197379572932,1.417279171029719,1.5299596794011159,1.504177421235989,1.4801287037045274,1.4832356663658237,1.5051174135678134,1.4862248060261098,1.3109874301782853,1.4342057107160255,1.4277959111045113,1.1565188282987515,1.2257466028112165,1.2010445255280193,0.9662070125646578,0.8908899496624009,0.8369568668328,0.5871722466717259,0.596140456366766,0.4202102355992074,0.130197843941502
3.1899999999999995,0.16958346623636839,0.22014092715225989,0.4378465056176068,0.6489109422391527,0.66698742824413,0.7976662952874976,0.9462850714941525,1.0472658457094584,1.1595014185390782,1.1889406090028154,1.3701890589849723,1.3602643233299598,1.343782556425873,1.4503795366291299,1.4469395815698325,1.4627253383811079,1.4504128367347575,1.4763647673278117,1.4903253255782447,1.3336027378911663,1.4565272843672852,1.4091345702695355,1.1754717659991463,1.2200726958847057,1.1888954369788767,0.9610457940565251,0.9549142371595108,0.8668160815582119,0.5526582496833043,0.43027046988694284,0.39410626928104364,0.09528803971261492
3.200000000000001,0.17821714522528087,0.19621789414115362,0.45232948691551195,0.6232694912429323,0.7141328907014014,0.826272847411992,0.9282575777454788,1.1115062536349727,1.1786802877225377,1.2110782381894978,1.3255878416233509,1.3847318370870345,1.4739870490363818,1.4422569000812502,1.4770163573017403,1.500232327547025,1.4178170837580593,1.5005037080794343,1.5117849179167935,1.3575232633500989,1.409328067197792,1.3977995343068934,1.141906354100742,1.1967219175103283,1.1803214347054773,0.9779036652971266,0.8944682349104572,0.803511609280926,0.5620959596259242,0.46685880908851823,0.3332142802940274,0.12154321402258503
3.210000000000001,0.12370253463493092,0.21953222479925413,0.4340472880215126,0.6291624256175864,0.6802953839395559,0.8542063880138098,0.914665677734665,0.9849611542461625,1.1723672661612354,1.2020696492566403,1.3318552565914197,1.3818435098111344,1.4228582834770735,1.4801170072843364,1.476918003614396,1.512041301062597,1.5013717134092108,1.54842808047105,1.525771100033947,1.305398698243391,1.4380861930721365,1.3366285898507713,1.2249441144242887,1.260889869254035,1.2044066556918867,1.0143849890179248,0.9868806129765356,0.9017352083944905,0.5714582491713395,0.5091020291259767,0.3963193911203857,0.12234041063016418
3.2200000000000006,0.07955188556041502,0.22673578312951082,0.44674595175994314,0.5837092279329555,0.7197159052156187,0.8640194310175247,0.9682363790185259,1.0598574286992994,1.1416679546960173,1.220293370794174,1.2769087644911115,1.3710595294110208,1.435856196330189,1.5100128082341178,1.4611757894209747,1.47237355728084,1.489825034787999,1.5015968019391541,1.4869977457489736,1.3876201555105527,1.4581837836480471,1.3390380232122958,1.1930512687908796,1.2734628590066241,1.1947644198935117,1.0045726230083833,0.9829512002215113,0.8254947339558606,0.5303555423003142,0.4625805799339282,0.33952916731230237,0.08253510315249808
3.2300000000000004,0.1079993175372135,0.2125530750448491,0.45652609406271477,0.6197791313386167,0.6247657091332625,0.793134614359129,0.9571507339266643,1.0784552423824654,1.0978006207787463,1.2263686667640576,1.2826766509194654,1.4140631522858587,1.3875547726055841,1.437707699989335,1.4543385809075409,1.4810914031485833,1.47498015400618,1.4822858359355002,1.486901003314076,1.3311041245179682,1.39173559755759,1.3173163092967224,1.2255961047748158,1.2530671820301704,1.1563470005125054,0.969757886429432,0.930731799464051,0.85502365743775,0.6552545114125136,0.5076391101753599,0.4146013637302198,0.1068808551077094
3.24,0.12704243483651628,0.16566164879290818,0.45590098164955345,0.6187233322737749,0.7103851173581774,0.8184124208745128,0.9117256106443198,1.0848464536287958,1.1328531645474482,1.270174214387501,1.3268260146240745,1.3062124749808741,1.4436624345660745,1.425428826466973,1.4923164121914996,1.5041794483526976,1.4527499098328083,1.4816109948643381,1.4782199644758538,1.3864085388215768,1.4365609543504707,1.4447450021381534,1.2318646183298159,1.2790171463978832,1.156415849960716,0.9974620202637446,0.9196835562135085,0.8268606091754513,0.5985909714803647,0.4476874443117498,0.3598573898397656,0.11477733235702281
3.25,0.09797064669034447,0.15313407605453144,0.4102598131362641,0.5456887817469197,0.695152365534369,0.8320067289685771,0.9566132907554614,1.0795074973952663,1.0738411895277695,1.2272890455580006,1.3253454137441116,1.4304542418999269,1.3844956601202782,1.44877766113377,1.4787041506655572,1.4979117829103379,1.5016358463513373,1.5100649794070853,1.4281103483632425,1.3458255348643022,1.5154171493432216,1.4490710681185999,1.2379873780699524,1.2652998167192548,1.1850832188521316,1.025425638409599,0.9892886425065673,0.8859402935503772,0.6309739208650507,0.5354137673207073,0.34163159268251353,0.07935748661565449
3.26,0.129505160495757,0.22069451978650373,0.47188743253152443,0.6082065532734895,0.7241328136054693,0.8719033847394729,0.9624113172775426,1.0476424807799098,1.1419847627303863,1.2913659855941533,1.2889540454928032,1.3825523755816234,1.4402528636404257,1.4376873172071243,1.417988917242543,1.4724556298901388,1.458357229447216,1.5885358845157376,1.4619434977071943,1.3899370902521457,1.4390223546069936,1.3610224685877297,1.1920472326428126,1.2645588519893312,1.1192787845526369,1.045280089085807,0.9100457978710835,0.7959206298842408,0.6585892934654658,0.5432686378280767,0.4480017962886206,0.1881403329283342
3.2699999999999996,0.0566317674582004,0.2230555549200295,0.43032797529420624,0.5900872471691943,0.667325961370996,0.7634485235388708,0.959127851358944,1.0921820752154905,1.1570887948751836,1.2570827432252452,1.365645520136629,1.4153629331768547,1.3707575492387643,1.4551537734483264,1.4343252798519885,1.5003926841998747,1.4802492123783613,1.5489881237706846,1.518108226250636,1.392147871964412,1.3856491204120693,1.3854631675902718,1.2438300574341308,1.2468530863410705,1.0850266741461412,1.0380552273619879,0.9335462859717065,0.8666166036630527,0.6160316082115582,0.5343246810891922,0.37341633235191235,0.1813047809313161
3.2799999999999994,0.003931762409220909,0.18250906838908862,0.49201247307094836,0.6444001899862809,0.7436318515175603,0.8679703523033057,0.9895971888266373,1.0246076561177113,1.1990030451594391,1.2307582055094557,1.2664285566738303,1.356869351812226,1.4366039865564124,1.4412792546149802,1.4469450288450108,1.4709380959121452,1.5013230905289594,1.4974077389279072,1.4299385318336333,1.4490507877110037,1.4463304658736629,1.3901277958376386,1.338960321000079,1.2480698640043633,1.1152010192298414,0.9814155363842254,0.9571101364539755,0.8739175930597873,0.6279451841751148,0.5257554242413267,0.39755585811946115,0.14533032476934918
3.290000000000001,0.03408670291940297,0.25085702168726515,0.424860714861401,0.5620900058250478,0.7591562779183058,0.8031363824985481,0.8914114631084984,1.0655947236591345,1.1520038548910825,1.2660018676979206,1.2600634994478688,1.341245521691739,1.3970141625948793,1.428129592480181,1.4022998992048994,1.432874566879378,1.3712201373903685,1.5160607185440895,1.472317980298381,1.415218471609469,1.4065464041748195,1.3752044225984636,1.3256351300655185,1.295810180821011,1.0959300701546977,1.0723929573230349,0.9149502856916983,0.8046090152925222,0.630474166300601,0.542586154839188,0.3674176058033854,0.12891439525228768
3.3000000000000007,0.03825398013440753,0.19908351763520088,0.5065752840242721,0.6537443067726565,0.7435786987074164,0.7347958968719408,0.8538524693891664,0.9503689585227902,1.0990815804710918,1.204812803207687,1.2687133820901648,1.3433299811985908,1.412352232823483,1.3588733692511379,1.4182725217177048,1.4620197909328634,1.4475603578257834,1.5825200369390033,1.4892406572131869,1.4608306199885934,1.4459306871518036,1.3813537348214513,1.2884585145498855,1.2616702674109768,1.0231894115542244,0.9651625590765746,0.8840869682553875,0.8428891361296722,0.636341689420759,0.5340489847841164,0.3553371419719014,0.194140616768028
3.3100000000000005,0.07048727475453224,0.21412258787779437,0.4637476179162664,0.5676899246732929,0.6860514452714439,0.8398429447058637,0.9220768861551805,1.0577704353559807,1.1515940212472575,1.2660323862898,1.2983073711904614,1.313009672918245,1.4020834152672144,1.4348769772587109,1.4888532955720521,1.4666340262645565,1.4342813829474896,1.495136851827534,1.4478968344958196,1.3912314418925082,1.3892630111251936,1.3678795659111809,1.3166014070538776,1.2793751686343289,1.0651413124490043,1.0247241244875047,0.9024426354578818,0.8094179371951629,0.636608983941175,0.6741574569792641,0.42794506645439184,0.2487182772479794
3.3200000000000003,-0.019998122103686497,0.20759880045830426,0.39968856097565864,0.5372185014955194,0.6619527712810496,0.7230374790072467,0.8885862740419176,1.006619772591252,1.1364010910963371,1.1758930780836045,1.3225663807010757,1.3184783981817025,1.4280245463578456,1.4257044534351224,1.4403316168695917,1.4586213048665353,1.5324757445573831,1.516781076717434,1.430992914383812,1.5001881265476764,1.4228760329038697,1.415777014450395,1.307150022051535,1.2966837381659277,1.0396469709924605,1.0134432875534374,0.932687407754651,0.8608723326611487,0.6770398354068506,0.6169191099776948,0.48858566029547906,0.22408864335938253
3.33,0.05012670771763857,0.2319570882936676,0.38282318130151266,0.5567807207494392,0.6691507344713411,0.7358463592267539,0.8501836698161185,0.9299600784954413,1.1403540374196193,1.2429730253484956,1.2735775031534688,1.3574857133499725,1.4120145835992728,1.39285025437495,1.5245996854209154,1.4804263914512865,1.4774213631479347,1.4498257816042435,1.4327896409299579,1.4211364427082793,1.4064795228957068,1.4271727888489332,1.375719227540174,1.2603850469339732,1.099208470052981,1.0531087101644234,1.001251361295456,0.9144927166460575,0.66883875475397,0.5637369968836381,0.43758109528604294,0.28391402671635024
3.34,0.009968856714261155,0.11655920917949689,0.40441223247949926,0.6151898052411473,0.6801918817706577,0.7896911444154664,0.8244665404725202,1.0261613153532,1.101766714127894,1.237249760654344,1.3383181037657774,1.3304400875876703,1.3393325190565852,1.4233110327833722,1.4962182444028747,1.4624660416382558,1.4359590028142366,1.5151368734669324,1.4444454004828742,1.4270096300160122,1.3869860183009828,1.430617772303066,1.3907851692682436,1.2799518048970946,1.0291650128569136,1.0575250087670856,0.9596461571963198,0.95006016151507,0.7419731709062033,0.7007489421854635,0.41227427886945317,0.2573501673152266
3.3499999999999996,0.07859178741120605,0.1748783627454673,0.4197642790913328,0.5663758983931259,0.6784345088633417,0.7627126818290448,0.7855037351569416,0.9984495095272123,1.0508707989930908,1.2045586164576458,1.2739391552978705,1.3117139262211333,1.365934752429606,1.4465898428978614,1.5073897376928174,1.4269809328592435,1.4557393346970648,1.4726004555405743,1.457609397202108,1.5301261664196364,1.3565273860773661,1.398303248736074,1.3899314103786384,1.281163379877948,0.9919653411091888,1.019199920030562,0.9832716395310652,0.897893910173815,0.7440283651381112,0.6762935632725042,0.438744820126858,0.2713072492586552
3.3599999999999994,0.0227021542533203,0.07492684496920904,0.40670047620634764,0.5155469460166865,0.6810694303663666,0.7562320174695469,0.8650141998629346,0.9745178374213179,1.127907591370323,1.2214304534941305,1.2766891890678713,1.361134315060578,1.3888146696059889,1.355180611622641,1.4762583054092806,1.4595372260967951,1.4278391338804666,1.5292961864152546,1.43029161985966,1.5134965378357064,1.3452861077376137,1.4496683044386303,1.4062988773100882,1.2284125262908037,0.9648610945824713,1.061604923519007,0.9710675035980093,0.8516077787299667,0.6888457042488718,0.6250557241935364,0.4354129370082366,0.24470829415563852
3.370000000000001,-0.025554874580425338,0.07776948854786575,0.39889696244562145,0.5538492389669626,0.6092118849188234,0.6808725745222829,0.8063989106700248,1.0104752746885788,1.1192521990643853,1.1882687096480389,1.2801472442940702,1.3832306705440207,1.392385093373851,1.4322988332160096,1.4802102818518519,1.4499023940686897,1.4540499376271323,1.5030467435213546,1.4393435647867536,1.455990000978979,1.4042387264637533,1.4134382898778832,1.4172841641349745,1.2601395643995044,0.9464403308197862,1.0535766962871742,0.9978505631681694,0.9001159474320448,0.6650924656371746,0.6919627508186512,0.5088262090945402,0.29435520919909036
3.380000000000001,-0.026788055166607965,0.08430504483508194,0.3535424407398658,0.5128222147591727,0.6303150428820021,0.6982276521011308,0.8843689118091902,0.9888496759459545,1.0972745512481537,1.2036275097140627,1.3023915045281178,1.3955858946595394,1.4448576543335196,1.457849766959783,1.5231870322378138,1.4465093237978934,1.4163092054017898,1.4767567903739263,1.426123876147536,1.5107266156116694,1.3899870660977258,1.328323708480755,1.4557877818078149,1.2646117857925683,1.0029678720394792,1.0742216235396083,0.9796440137119039,0.8912858527239443,0.7413844302134105,0.6315671968768073,0.4247681592231799,0.35426560589054557
3.3900000000000006,-0.028349354699757332,0.0957904647536766,0.32343186964380316,0.49372178860838567,0.553737148211899,0.6950420254284293,0.8686009083673994,1.0224393684356199,1.0214670560833823,1.213316657479968,1.2635825168707284,1.367674888499198,1.4063723382131854,1.4721765146924293,1.5157015217582563,1.4275639191627483,1.506966267502911,1.459917178347468,1.414334082091695,1.4855767800203328,1.4202371438684627,1.394300619904561,1.3698076900683316,1.2641252538905583,1.0371869258645692,1.0720987865607345,0.8928130593043148,0.8725647279485484,0.6829211900947377,0.6399193935849079,0.44070749130951914,0.265229557089196
3.4000000000000004,-0.014609751905699353,0.13096387903724288,0.2901697164193475,0.4706387659692194,0.6451116635269898,0.7719418934859489,0.8778411979262201,0.9886954161393435,1.0672661884097445,1.1520702474791173,1.3026468290718585,1.3329944873931534,1.4048313852539196,1.4614413355237077,1.5029902034907372,1.4990532086370112,1.423225728503785,1.4593798259333923,1.4265472268901431,1.5018967187157872,1.340178906732886,1.4278132817995948,1.3637246261114246,1.2850794296413337,0.9625803651222573,1.0758495178849508,1.0314334702804384,0.883407677956044,0.7199939133779818,0.6138837789452457,0.4088806799182743,0.26034443059970214
3.41,-0.03899939441428961,0.11239689838845973,0.22047667782724464,0.44412759013336595,0.6366031642584465,0.7193602035789473,0.8978516301923,0.9546092685041855,1.0815953126982205,1.2222867354905445,1.2965847546321192,1.3247525124333164,1.3992508304203775,1.4370208525766741,1.5224717809384067,1.4823854601115483,1.501082046306395,1.4965016594708405,1.4352573147114813,1.5110676384033095,1.3907564792220641,1.3346523894429358,1.4053998648648258,1.2744954451092685,0.9424120098819174,1.0915347927168737,0.9902450248296578,0.8972276349026177,0.7682194673929212,0.5777030632376167,0.4445540696704072,0.2501829088763757
3.42,-0.03563521278423579,0.081829968671756,0.27478756603064225,0.5145914378089691,0.6059357541358406,0.7482646546059936,0.9064727220923525,1.0524886484424334,1.0895235245682675,1.2838289580138023,1.3087560830276372,1.3525499049668785,1.4038198168632792,1.4272956120353515,1.5313560654654104,1.4441382900859991,1.4471441494857678,1.5308846594625074,1.3796865867609196,1.4689232179273009,1.2514217352969679,1.3037399694006777,1.3030745387715958,1.2371350561039496,1.0031489688071031,1.093629257065432,0.956250339859142,0.8343299751327815,0.7136181001049267,0.6552292870764638,0.47151985299530313,0.2951208205027717
3.4299999999999997,0.041394724105057276,0.13881939600545737,0.2928682478174785,0.4454519414704197,0.6022770314300157,0.755220425993297,0.8649479671558205,0.9519304645327298,1.1358736611216722,1.164448545694781,1.3373402685761069,1.325642421790949,1.3933803916509055,1.5194429959464422,1.5185210171732368,1.4879929749218204,1.481617680537174,1.4927967111796057,1.4493714611933466,1.4800802153561956,1.2945752339856074,1.3417464308168834,1.3997007399545682,1.2721004682332415,1.0103165637240683,1.052338885020485,1.024492039689501,0.8780479436751177,0.7479965002553048,0.6517054979495721,0.3983116014387933,0.2609146408124679
3.4399999999999995,-0.028842349015176634,0.07828346631784738,0.3265823682533797,0.43788601062534005,0.5872011797260849,0.7929058398500669,0.8851420214227658,1.0221087882659756,1.130456885851367,1.1994980331922143,1.3208646203700085,1.3817583466138128,1.4793367604461791,1.4884168267167541,1.532444565730239,1.4754028839011935,1.4012035514956096,1.4731088742639737,1.466430537620879,1.4703178537499315,1.3642518864410775,1.3114109426810279,1.322786421838899,1.235406629112625,0.9329195946270452,1.063757467299315,0.9625632774303875,0.8311614328580975,0.7709992771619882,0.5386504777552323,0.4263821492875543,0.20703669865475427
3.450000000000001,0.023127331808191254,0.1279036417315007,0.30708180822797554,0.4585652042170736,0.584401527326323,0.767982994633386,0.9385618344158855,1.0478516511856728,1.165165992588586,1.2017232358031347,1.2796814762520148,1.395421962419466,1.4659974452525089,1.4871736717414938,1.5203459784841042,1.4706263506750519,1.470549569735237,1.4358843415772418,1.4158668365092677,1.4994641896150331,1.3414892027837961,1.2657000445182223,1.311023130833019,1.2499967114332666,0.965122510674441,1.0628345396011158,0.945837217885273,0.877554396070689,0.7287102585936188,0.6257950051798337,0.3992466415559991,0.20870161522289057
3.460000000000001,0.06832915396728571,0.20619015535713175,0.32847085519470004,0.36865986476168,0.6613485519067888,0.7829621400665845,0.8969968329602667,1.0591045034590525,1.1292108630788842,1.2228374261575994,1.2649069186065547,1.4470334170592463,1.4562161430093599,1.4332762357918878,1.525316144122773,1.4905259628023462,1.5026840710531404,1.4491722496025465,1.4262310468090662,1.472529307706361,1.3580993125570362,1.301297345414193,1.3594864506901951,1.2739004751382628,0.8950741134269089,1.055339239833202,0.9391124221114097,0.815621524448326,0.6608065693029933,0.5730109636434297,0.4222721309238994,0.25065342559832987
3.4700000000000006,0.07706317752286879,0.14952452098068184,0.22249591930697546,0.461366242625866,0.6644032118684903,0.7974990242567741,0.9241686977408348,0.9945111691903035,1.1594395964317752,1.2339341980255463,1.338525146359909,1.4279641770350584,1.3849103656140311,1.4944405753366978,1.478783278190992,1.5157910919568018,1.4545058382638314,1.4712096556072631,1.4423781500985144,1.4307912058209293,1.2804879910513651,1.2560368934913828,1.3410788371346651,1.2571169421532935,0.9167448259916826,1.04636312160076,0.935732011065834,0.8285055930116467,0.6935165243749415,0.5880807035906821,0.4082177251002316,0.2564732385929291
3.4800000000000004,0.10875740923802335,0.14347553287449336,0.2622851185783489,0.43672043230753754,0.6439777363090936,0.779727125209757,0.932515964804292,1.0146515558128626,1.1162861493671834,1.2296887990462573,1.3119342310472122,1.3511685228125074,1.3762777471380117,1.4374005521029214,1.51894236711398,1.5094365474237799,1.4750314983655937,1.3682388791544189,1.4197984348579644,1.3883994475351595,1.3434972649973533,1.2290268267806972,1.223192820819134,1.2210775016059217,0.9596583850989296,0.9974211429371449,0.9143385084492857,0.81873085295403,0.652427702355928,0.5788741261537494,0.41332254524206113,0.18010486442932172
3.49,0.0683188813765873,0.15181893990396073,0.30836841487232497,0.43846559236774346,0.5924645979351831,0.809203307962618,0.9665419557710901,1.0318592339481267,1.201552108081007,1.2174778840677771,1.3450478613280907,1.4016222481146106,1.4063671915541462,1.433090128844544,1.5007588757638215,1.5124760214000261,1.4470943708818378,1.461543896542584,1.4256686837614336,1.462894013495847,1.3065759494710967,1.2180831937974996,1.2109147436248147,1.191134805830475,0.9873221920979811,1.0663091326512466,0.9232401514033403,0.8195195249451692,0.7151261187840764,0.5270865916223125,0.4140531225423727,0.2464476730812049
3.5,0.03908761988168576,0.2679390081290442,0.38771983895034734,0.512524815004663,0.6327159830969478,0.8082957684858005,0.9372554304544649,1.079648273387601,1.1361500544791618,1.2208222718996329,1.302662870306812,1.3412530263184939,1.4331061847193594,1.5029549847938661,1.5027859889031818,1.480973914596106,1.5324250749967734,1.4026013704175444,1.3665873417728107,1.4502097603279593,1.281022298102356,1.2025226761096257,1.2104523823368805,1.2236503327910913,1.0261300967881002,1.0819493897662016,0.921459683582924,0.8048644232356224,0.6820136201133906,0.5111631474460203,0.35797065527390454,0.1669173796729614
3.51,0.12095947357206527,0.20361893313447665,0.28926941655047406,0.47918846465933607,0.6338761187798883,0.8781713010436831,0.8896603316900851,1.094840084818894,1.0873285611727626,1.260304240081399,1.310754355024455,1.350102450647838,1.361696542076873,1.4432120684218328,1.4928063956964324,1.5127287227156136,1.5023313530618403,1.4223185246895322,1.4510578321401972,1.4093957675871138,1.248282698118361,1.1922650531541754,1.2849359366724384,1.2374413752382054,1.0203045239610162,1.0485972772874592,0.9564050655761895,0.8021644261433714,0.6921737343721919,0.5632748297452954,0.3432461926795251,0.1323867490432404
3.5199999999999996,0.08946104849418018,0.26836703922110416,0.29430544376194784,0.4566707729217976,0.6650485361365435,0.8491572549244991,0.9507570579253007,0.9581509587249744,1.1445680351348668,1.2230704357772815,1.324498594679063,1.3782586728929476,1.3625625386831208,1.4663178715559202,1.5413282128219392,1.5820317420687668,1.5203977800260589,1.4713271851332765,1.4148257518709826,1.3676270994096018,1.2542567106688332,1.1868867571760189,1.1795069481133007,1.1989772519173933,1.0490467770258713,1.080827118823796,0.8768802807755479,0.7528296334049768,0.713318612009155,0.5643737335914758,0.33924263045430914,0.21176931363770615
3.5299999999999994,0.16153927265474452,0.19579287841297852,0.29468143664038243,0.5136675249983139,0.6245856698402678,0.85792737095369,0.937494291412519,1.0520066432637964,1.1767499567407247,1.2375171196856207,1.2857349844359776,1.4097524424917782,1.3857998219732546,1.4981509023340132,1.4929802487741197,1.486767253490361,1.5162932660087498,1.4486745695081933,1.4401807217446807,1.5100915586126218,1.3062738704425505,1.135848906759213,1.2264008265693436,1.210546706489098,1.0714303762739035,1.0823528745976916,0.9484620824681383,0.7787827078002569,0.7357296136919196,0.5426703041837828,0.4093267057799078,0.21051075663070548
3.540000000000001,0.13645736526194321,0.2465757644867846,0.28151846603601,0.5418557328932516,0.6976409252924084,0.9158306358490772,0.9959149007020317,1.1211926194328117,1.1710703370953632,1.2542647261153423,1.2786581575765503,1.376245640598545,1.4774646866847583,1.4913607803016542,1.4504750744547024,1.524199285221786,1.4772694267769348,1.4703177626151536,1.4019568294840352,1.4288551432218144,1.225357402703648,1.1726772519722735,1.2098049321233835,1.1617961337030933,1.062363522726554,1.0971818324955827,0.9121657306081316,0.7773176122440721,0.7273563099503453,0.5351329310007615,0.4020849200247791,0.11780308955912704
3.5500000000000007,0.17783805033601655,0.2869874991119191,0.34200233639745997,0.4948990049843126,0.6686455292416025,0.8653773678963705,0.9703071706282835,1.0455904473018354,1.144231076203311,1.2260787846485555,1.3191929039666335,1.4068987899234644,1.406364447978204,1.4502413002374486,1.574261371317984,1.4923470691926974,1.4853532341408027,1.435731128175582,1.4864881812353086,1.4285881388100017,1.3000503936928256,1.1685478645956526,1.1536938880655314,1.2000468579805277,1.1075613679749041,1.0129120435005257,0.9055557063648051,0.7920489021196506,0.7298103954458061,0.5407591268608245,0.36520120562465413,0.1463193417960285
3.5600000000000005,0.2326946807006693,0.2726576429597461,0.3336685747108977,0.5341253707592046,0.6847391884846549,0.8480945850332879,0.9299555648515887,1.081642450836623,1.1253103393804584,1.2592707316036587,1.3443351784260755,1.3311946577508629,1.3957213926939924,1.5539488949427174,1.5330328683076822,1.5808440909205133,1.5208733542650439,1.4394588071985845,1.4736042457194798,1.4344442263185138,1.3282621335767186,1.1873694954682885,1.1448600996874418,1.2098074362460354,1.1722617279328371,1.0684646934421977,0.8899600144849823,0.7560648662644445,0.692592250138034,0.5189356129110758,0.24254695227349715,0.12027239044134955
3.5700000000000003,0.22661811080500313,0.29103332896770845,0.36882090579430593,0.5499912864144336,0.6614198015228763,0.8762728510199144,1.0261913694813385,1.104478668146795,1.1238416448767685,1.2719141140921923,1.3417735326455464,1.3874091355234415,1.4292892582172945,1.4140400441258987,1.4473307584016288,1.492294320043555,1.5460083599216368,1.4761577673047617,1.486346391101425,1.370283767005465,1.3311287579091367,1.2474678031777124,1.1751643127031624,1.1906339479479175,1.183000058971302,1.0667898159096771,0.8898686873516783,0.7424262139103,0.7061143631216126,0.43418344665080255,0.24598666206476827,0.13130377786204694
3.58,0.19216257443602447,0.310127168474271,0.37610379797439597,0.5719366175214486,0.7412255196540812,0.9322650116952773,1.0120158472789313,1.0657457704595639,1.1327429622863152,1.2822038914845928,1.4144685697393373,1.405648310519733,1.4205124406054468,1.4635964930601764,1.5318143845373193,1.4845681743311228,1.4950185463645917,1.5102706064357923,1.499938184568228,1.4380401513073442,1.3264321567540167,1.1348337524119803,1.2242903715762026,1.1642884789221533,1.1478770356904184,1.0443079174805872,0.8287730136395084,0.7532209870639063,0.6212198426838602,0.4301560206129904,0.265895193021155,0.13055808005138467
3.59,0.15545400000501516,0.3038018961326996,0.4079746953775209,0.5586123592917334,0.7547950807422095,0.9065918606769233,1.0376559638812357,1.1328875222417043,1.1935655001574355,1.244667863741296,1.3244636723170746,1.3568484758662922,1.3792406616045403,1.5102220914253845,1.4940483152990647,1.517599018273917,1.4687047051886184,1.488983859240846,1.4578227995535633,1.3966658160447376,1.292954259514559,1.2005024805148197,1.1397358887684104,1.083853801582806,1.2475090965789648,1.030645819769597,0.859696362850279,0.7674001142601847,0.6671132293768528,0.40140299748936564,0.26343042545934564,0.1546884963647814
3.5999999999999996,0.24640803846419262,0.35817433807091087,0.41525379628015613,0.5746543998406282,0.7151336609393095,0.8956870245979408,1.0005640121938058,1.0860082451314046,1.16204985398008,1.2301262819382464,1.2833012519998432,1.4022026265062064,1.386592655913876,1.4392045913255116,1.4705680741936575,1.5824399907874676,1.539339613006702,1.4317822884747877,1.5246018055888684,1.3898551410954214,1.3964183655160012,1.2599623822545305,1.155626327113306,1.1240030150736948,1.240675835008171,0.9885537978986618,0.7990404145888426,0.7089349556943799,0.6270419329619866,0.40534206450279314,0.25781209052340104,0.11874687646311398
3.6099999999999994,0.25580338933157987,0.3303762054916516,0.4013182249793065,0.552073123084406,0.7506346214014142,0.8858320970776336,0.9958522548873163,1.062763502406018,1.2323182993775241,1.238535550176573,1.306640480292063,1.3481885202852322,1.3946144216953358,1.4365100140244744,1.4938728774155625,1.4896740851248675,1.5341841918428518,1.4938498158647753,1.544197246843746,1.4846800913293425,1.372923304124604,1.2216675218347923,1.1994806540260043,1.1963210716065265,1.2275848328073677,0.9816765939241981,0.7675483709065347,0.677390493851438,0.6519594876360754,0.3647625243829572,0.159625165645213,0.09573528231539144
3.620000000000001,0.16963881801742656,0.33341846087957994,0.43778739504314357,0.5551479413946081,0.7155506100051412,0.8690096337056646,0.9057618803196348,1.1147532684695454,1.2150496845888916,1.311987305736121,1.3230886126452743,1.4100756251389661,1.4324454357431884,1.3814100778298843,1.4696634902987948,1.5297874750689513,1.518798037962064,1.475729248084939,1.5418495516589523,1.389085924111651,1.4266395112982027,1.2775800745568144,1.2004588719527371,1.1559285041456349,1.2814813881325824,0.9989607361373554,0.8352503565050956,0.6783694245786845,0.6326012591241894,0.40969983592523285,0.16798768581489978,0.11339189986091583
3.630000000000001,0.19322757834566762,0.3668150406068385,0.37129951472127665,0.5848060808830767,0.7380816912331652,0.9117299908080252,0.9692967420343527,1.0945827457622508,1.1661684119088152,1.2942161312538574,1.3824320749362184,1.4240273224766897,1.4616829214960585,1.4445214639305552,1.4899140568536267,1.510042460285339,1.5330513582676146,1.5351097699009566,1.525748131698003,1.3924932557563274,1.4202253159185705,1.3402693354194068,1.1568732034299467,1.1567480592509847,1.2932008471309606,0.9801099726248436,0.7092216886697676,0.62887556097955,0.5535275108835692,0.3516655910510061,0.16777538701790662,0.10660979295571235
3.6400000000000006,0.22409733126691728,0.37309172777959304,0.468196517005378,0.5879224305305746,0.7435227822963258,0.868141822540833,0.9675016613925068,1.0886013963567496,1.2020643422960116,1.2766754018926874,1.3025895402310383,1.3642929042758636,1.2988950375787347,1.4729303958430058,1.5035553673374933,1.547599720580383,1.5511993815493403,1.563051786440617,1.5007183818332581,1.3366918842713844,1.4362533888259337,1.389317753910997,1.22184323217133,1.1461730421068275,1.2737369376494916,0.928042555529611,0.7950027315745719,0.6159181325064697,0.5276326229237945,0.3252446983695902,0.11161470539678427,0.08120440802630317
3.6500000000000004,0.17098690446025833,0.35303773423471146,0.4832439581869337,0.6776852650480859,0.7436356574762418,0.8437637156790841,1.007877951693283,1.1413231056585764,1.1903411189238138,1.305516827574027,1.3658040790752468,1.3854435400100586,1.4320203108137397,1.4875043094471916,1.4128623046755426,1.535450339195116,1.514064516787968,1.443725815698064,1.5515273867566548,1.3749349039154009,1.4487749288057876,1.4085788929977405,1.1976531670146573,1.1273921078086662,1.1881171972197975,0.918883401418673,0.763112081162805,0.6173756946315878,0.5031137328894023,0.33512196066688743,0.16561268578405736,0.04645036019000367
3.66,0.21118211953843366,0.4264028325134436,0.46783201684908193,0.6411867636086916,0.7906104881749938,0.8859444320189402,0.9592471151192367,1.1374393865637473,1.2013839845433771,1.287202434283091,1.3544647882914933,1.3845580741742256,1.4395946739418386,1.4360993413719396,1.5033708874499774,1.471109425037835,1.5461782073992365,1.5292162511361058,1.5148987771215674,1.401784139034545,1.444239394301376,1.3645540197692747,1.1819425590561543,1.0417227076139708,1.2568326700343342,0.881652503981434,0.6978925630986741,0.6290955275769611,0.5108430236532394,0.3123060977364522,0.039920973484849506,-0.0012410177648705372
3.67,0.21569789079623153,0.4312065293262565,0.47954801106656375,0.6534708091486991,0.7697246282915906,0.9199938509959401,1.0122868813381396,1.1394183824623898,1.1905592132298153,1.2724010920153228,1.3245097732637758,1.380537371209275,1.5064767898594777,1.4889463320802505,1.5064444952053544,1.5353877809649332,1.509380222504786,1.5488141767013834,1.531603837354389,1.3593410279323568,1.4067295397060642,1.4151452429544114,1.1916246791348681,1.034168331933339,1.2573752685792896,0.8222136658703916,0.6581768937243673,0.5633442571974286,0.47115941026721175,0.3412323843944993,0.09373117647696373,0.061672824984901384
3.6799999999999997,0.25732134613499746,0.4459456971550014,0.5349571744530274,0.6473993459087993,0.7790054849550301,0.898251119591477,1.0076497153373465,1.0796949229891704,1.1834389144830981,1.240670544334014,1.3483933755835653,1.4332843373754804,1.4156541703693826,1.4498165586802478,1.4699521043623196,1.5313567736608287,1.4579886646532525,1.5722319899445423,1.5194984259340105,1.458863405830642,1.4246142051427277,1.357756725430742,1.2349048102751767,1.0679940893916267,1.273869589171791,0.8428578050210754,0.6335704212199986,0.5807303660660267,0.3847323101343451,0.3546824732133614,0.0884326911658406,0.00026835209018956016
3.6899999999999995,0.24014455951274363,0.4090958171902442,0.5483878225376826,0.728537370576096,0.8218786781754821,0.9080771937305951,0.9474168804092163,1.0632645099498081,1.1827621013426328,1.230166221837534,1.3729642308169911,1.4012596478376511,1.37009060062276,1.4666986657092753,1.4710209912689778,1.5576926880213293,1.5093455060647074,1.4841115879798836,1.5761558404455083,1.3380471981940663,1.4550997360662372,1.3587029682398764,1.1857832804067678,1.0656575481104147,1.2073440628767027,0.8191688180253665,0.6782255701136104,0.5236499552623451,0.3828281695460005,0.3452274965771634,0.126082084128092,0.02943147093568917
3.700000000000001,0.33680802849391345,0.45916680609445826,0.547215987020037,0.7065399222515218,0.8201694137517332,0.8469032593448758,0.9978554635059842,1.1704044942166285,1.2052833501847235,1.286524281754244,1.3403395127923916,1.4118228122336212,1.3824771365886765,1.464658794301205,1.4442784819465313,1.5049603082335856,1.473155269111515,1.4409966631446078,1.5307656550470772,1.3697815671525364,1.4395803790147657,1.3769596944879425,1.267447475008329,1.0199890748661429,1.1802738907206853,0.7583031267887547,0.5503602883952833,0.5400735356281796,0.41134823243985025,0.3331782303455097,0.11220809553490342,0.07416605537756173
3.710000000000001,0.24669584394609856,0.4408496014393242,0.6135472569742262,0.7653248102765615,0.8763686175837668,0.9254831668367779,1.058567435507111,1.0820169133605038,1.159301829101802,1.2758042072050886,1.3339455705280805,1.4077762570878416,1.4283692290882988,1.4567333131000484,1.4732871374887535,1.5275008958425316,1.5574666938012072,1.5357868050629078,1.5160287256303775,1.4098032112722276,1.50770551994038,1.429790990559824,1.2085971643878388,0.9948062085283091,1.15839929612425,0.7752286456859538,0.6107938996788864,0.6034700933110552,0.3366279538369181,0.35684817834911386,0.13815814800167814,0.09092582835850552
3.7200000000000006,0.16761865838605006,0.45189885545396274,0.5510424365965175,0.7049710805843548,0.795667046594706,0.864115383854523,1.0194167662440368,1.083674106759552,1.2129368033913066,1.3024062120903754,1.3582614418948527,1.3830353238309891,1.398878758773944,1.4180688834297681,1.4574096183781675,1.5580601106872776,1.5523768972751337,1.505505803201351,1.5221910193443078,1.3985244732066313,1.4729015854907672,1.4155115508530447,1.238967461130878,1.0027476821523724,1.114991090836804,0.8141868948661892,0.6294077657665726,0.5561168393765936,0.33815490505975776,0.3611988378212439,0.05929353322039406,0.014527783688638891
3.7300000000000004,0.19177305806468653,0.4287597065738858,0.5986691943936986,0.7146189922728687,0.8819335355245722,0.9206503649022398,1.0186812100213507,1.0579273046439772,1.117763436447928,1.2527214944553082,1.3539382000675404,1.3431704570401042,1.4670082524864039,1.559942830475462,1.5190729080555534,1.538245082538404,1.5107878334165366,1.4693956508651915,1.4598545720199116,1.4114784105486797,1.5158444383761684,1.4515723886928005,1.1161197136050023,1.051587695602887,1.1442128649469725,0.7432328398047023,0.6441268618160828,0.5417542521958612,0.35799277154248704,0.36486030450417867,0.13289806748428448,0.022934319110838576
3.74,0.21872964009402743,0.47209795088134565,0.5740707065865416,0.7964965823509245,0.8551816872991991,0.962981440477515,0.9832307103604566,1.039916885208828,1.1331294104071414,1.2619593073261455,1.3189903732107764,1.4263993490921314,1.5207798659061256,1.4934879936288374,1.5137254162950105,1.5974211873589683,1.537562073345267,1.5574478092981678,1.4898830865807027,1.3970968770082712,1.4884861546457842,1.4357666746719508,1.1786238075402564,1.0115794760467884,1.133036409769542,0.7422051872955064,0.6090223704668458,0.6177306555977818,0.3685344918428625,0.27014103361000863,0.13596154457555815,0.06018902381926798
3.75,0.22048613098537084,0.4064676725220619,0.5946418391955902,0.7265351616161976,0.8652224049926842,0.9016829183874192,1.0524393710863065,1.0887359690151464,1.1647817770304218,1.3024935940831184,1.3375198560978059,1.3648215311106338,1.4467000926058198,1.4514472933109177,1.466099360913249,1.5139617076735217,1.5436395163963132,1.5258837645367351,1.4659387046744967,1.359326383568255,1.438447114910811,1.364101687241825,1.2360246428964203,1.046953422412866,1.084379200976936,0.7911338582946185,0.6640348166200416,0.5561374737451661,0.383558864885911,0.29618213565772267,0.0829975145178291,-0.01288616045000036
3.76,0.1566570342028722,0.4421743505706924,0.6619858928012954,0.6931646969909118,0.7980379736318264,0.8608443325906735,1.0081914910214342,1.0767594625173396,1.1805296493232442,1.3016435911551398,1.3704533552801714,1.3934402220970357,1.47911339678011,1.4500066056488048,1.4749552885200647,1.537403130742237,1.5512067078397997,1.4829035287833066,1.484132418656614,1.3814138125965079,1.4167465930383933,1.4175439292032745,1.2260422675409623,1.0383607934258652,1.132762180606167,0.7858297185858822,0.6487049648223341,0.607873307192017,0.39450831451058105,0.3534142669870469,0.14468640072846126,0.030933751448962772
3.7699999999999996,0.2160033981106671,0.4020058676071891,0.54977105105718,0.721569606115946,0.8417736134403206,0.8641372366174921,0.9814582153744525,1.1433833373628206,1.1516173527056763,1.2646030140859648,1.3674019845308687,1.398454219515697,1.4587742793253615,1.5094630796049262,1.4615833677752312,1.5372545086341995,1.5549056475213272,1.5668666433055118,1.4678644530785383,1.412177268836582,1.4183539771761446,1.4703087373672583,1.1533842879381946,1.0037477669904968,1.092022983590947,0.8267598120352343,0.6910914605113814,0.5487780984859416,0.3746018878879961,0.3426821586787043,0.1208465255729293,0.012838477799002702
3.7799999999999994,0.18768650464951112,0.40402677294320677,0.5734722962212431,0.6835366070984679,0.8101077096128086,0.937713843767157,0.9575538975035325,1.0590753948211495,1.181209648837667,1.2455984499394113,1.3045955819347652,1.3642980120412842,1.3964170175497297,1.4396982276391666,1.5594142059111984,1.5500637097313803,1.5657480025909507,1.5195297373012577,1.4520531769071723,1.3819539625287633,1.4635153721413992,1.4455627947957255,1.1872898242218375,1.0242826031767347,1.0379884845084377,0.782231840080426,0.6529783916384356,0.5653141005996273,0.39164681691961567,0.3866559419802053,0.14380492422729607,0.006724068813444147
3.790000000000001,0.16496054249343486,0.38375938471098153,0.502734007783979,0.6420243047138458,0.7979705205315629,0.9063034008930494,1.029260776401983,1.0948907420539677,1.1689475589770293,1.2860154580708563,1.3876638686402543,1.3681009138479079,1.437435835651822,1.5218257629533867,1.5390598515680494,1.4966938360074826,1.5302405392453418,1.534620843240026,1.453913293430113,1.4401445550522507,1.393110021543849,1.3546792883054173,1.2707973747969432,1.1024663223698767,1.0743758183596719,0.782740284797462,0.6796373101281532,0.6700308549918489,0.408249256643115,0.36036064539923246,0.22085523562802903,0.03349040972757368
3.8000000000000007,0.1306582559541669,0.390947249506647,0.5911766996893358,0.7134998257108282,0.8944989562817013,0.8794451302961357,1.055246099184797,1.0661853821097147,1.2535657284540462,1.3054498430531596,1.293322229071028,1.4337258827928967,1.4538955376941403,1.4617468475575206,1.487284011370147,1.4845778688324176,1.5402489673013784,1.5019722802448188,1.4306926712187988,1.365071787542607,1.3950310029212727,1.3747680149539458,1.237470930258654,1.1568503483165995,1.0647634982811764,0.7962212658881578,0.7101919400377773,0.609959776534187,0.37334691225102623,0.36826426161718395,0.1904508447709176,-0.009608639419182469
3.8100000000000005,0.1685374277194193,0.33553546937729256,0.4884587718391272,0.6194682197234614,0.7446238157125002,0.894658613218505,0.9951009193605324,1.0909718221949045,1.1623201229315185,1.298929591601282,1.338637670852786,1.3745990640635577,1.4566679748056937,1.4623202370290171,1.4732072634342057,1.5378350856290781,1.5315933092703216,1.5196280788425398,1.4877615787508869,1.3862783329283426,1.3766617982666356,1.4060771066599516,1.3093667902334885,1.0980977427667247,1.0399578087917611,0.8461919228512417,0.7307610279567187,0.6399882999386616,0.40492760482075285,0.2908675345051321,0.19616144975961175,-0.006264180330250805
3.8200000000000003,0.1011928890349312,0.3886675159004406,0.525934625831564,0.6412596832237519,0.7526591075591617,0.8248829089167914,1.0382283153090788,1.1201842955536456,1.173551036648709,1.2284317684537918,1.3326098694938304,1.4093687816818539,1.4836448493551955,1.4941827675294372,1.483877618430347,1.5369265199078905,1.5477723152047997,1.5214325908678428,1.4516188081707933,1.4551664435003329,1.4470795118014474,1.4158759826880685,1.3221062669773413,1.143510947667694,1.0420158691368782,0.8651728217307874,0.7135486174363808,0.6496668132887472,0.40760042126219037,0.28156042409998155,0.16160382184411454,-0.011211554029418
3.83,0.09206440628871346,0.2932626625788029,0.5745388682480553,0.6034161216236813,0.7972461540677505,0.8403322789888202,1.0217847803636937,1.1288830257323825,1.2838880622077016,1.2567342680776383,1.3232636643472326,1.3841035851023085,1.4280809908501708,1.5070256683912164,1.4735256261053358,1.5459719937704068,1.5284879246956202,1.5137666880602034,1.380052552204878,1.471471052111765,1.3602091034007076,1.3560922813605285,1.2999058895927824,1.0939983538674525,1.0320135002699484,0.8982433507936773,0.8071099910638848,0.6779520958177507,0.4795107572283205,0.2880796193767588,0.20404765253386875,-0.04733392752602142
3.84,0.05194729791218371,0.3413545877464706,0.5174753603605269,0.6272131033134235,0.7371895325103293,0.8846715597855194,1.035939705010086,1.1384684046145694,1.1743610238927313,1.3021034432645187,1.345906329837997,1.4302609129663393,1.449243247733368,1.4806701783687548,1.4368759070808996,1.49995026436734,1.5473833820039626,1.5818816712532557,1.4706283982016524,1.4330875284852522,1.453559753956746,1.3958231316371035,1.3420727469058513,1.1084370026334553,0.9799253707591656,0.8992270910932025,0.694748971000884,0.6343057807340591,0.4734089416305028,0.2746696255603949,0.16348448748175642,-0.11443989167206031
3.8499999999999996,0.023382919589360354,0.3297196217191206,0.49566482726708755,0.6439249227632207,0.787520792876734,0.9195413804786341,0.9803689965697007,1.1755760740262784,1.2144216987894194,1.2692853013049956,1.3332472618424527,1.4053690764261957,1.4094276789710825,1.413123549037474,1.4225783241754046,1.485614326194192,1.5810153744130921,1.4847263793574912,1.3986300550177615,1.4268622620933116,1.3642642866818586,1.3954985723082702,1.31840406225225,1.1647408887857371,1.0441246921784657,0.868544035023693,0.8223436177848182,0.6261728326499497,0.4795995253831216,0.28399282063694836,0.2180450882346817,-0.08554620978129186
3.8599999999999994,0.01879279373333304,0.33429960325389463,0.4725977275011009,0.5950043588850575,0.7719156181748079,0.9077508415942108,1.048282480696364,1.1429871579436857,1.251477246204555,1.2862505148162868,1.3330354094799532,1.3678100432870222,1.4283686440847352,1.5188874454386232,1.4863738564867137,1.5535277705106392,1.4961122747175457,1.5228758253082137,1.3926939022154248,1.4568854491137382,1.3319739215804314,1.3511567800591164,1.3074008512905355,1.111988159165418,1.0309027764050218,0.8762543293329224,0.7127722180528931,0.7016973846326255,0.4783582332982104,0.27337866691090257,0.1078708015938554,-0.11628419725118502
3.870000000000001,0.005754082254638939,0.2925320894219832,0.5046210392911179,0.6352184761272794,0.7651335664396199,0.9355908271816324,1.1202448180103275,1.1499923825537166,1.1942709488196788,1.3270763750224799,1.3310413074568732,1.4123062152269852,1.431993559501704,1.5012772429328538,1.4860011980070997,1.4435688478894957,1.5077185391828474,1.4684361261911978,1.376296310245877,1.4831303268953115,1.3636298896513364,1.3776531516917632,1.3419856537717578,1.1384881981027424,1.0631469465334797,0.9610016119912259,0.7692214379458062,0.6121529356504873,0.4903816027333612,0.1908557529073825,0.12803429274171185,-0.15157406500457674
3.880000000000001,-0.01239375905783779,0.29851365321827755,0.45965905754710673,0.6443764851065905,0.7170121975490242,0.9305109816584837,1.057349913139946,1.126608278673162,1.2237319930807573,1.278573619779754,1.3624698342587342,1.4295724660863245,1.4748049387644362,1.4640802698292974,1.4667765176496734,1.4993760345526397,1.4550183649371096,1.5013065233050642,1.4526792636242554,1.4382061982344407,1.3469611273222437,1.3888735950006925,1.333103284154692,1.1010359674721966,0.9982364831176179,0.8973126932181436,0.8054180235893671,0.6163568191666717,0.4855934032279039,0.1959213947461996,0.1179579835293526,-0.0844261345468376
3.8900000000000006,-0.07466248819110853,0.36270276658389017,0.5256010963221964,0.6621829859923827,0.7686247548637617,1.0186330108490071,1.0994239841021265,1.1427264289198151,1.2199696881117081,1.234837405415242,1.402837836910819,1.4183732318065931,1.493407784397002,1.5090663010330942,1.5207719126293107,1.4654622790481466,1.5056338487085883,1.5406608960047325,1.4314886602147543,1.4602849577321257,1.3337363731757261,1.355256094238518,1.4211932930286542,1.123932219459248,0.9960789831719719,0.9173266754470102,0.8006709421627001,0.58202408705195,0.4607199363944018,0.23578325131585184,0.10288850241028712,-0.12146825341244438
3.9000000000000004,-0.005519962913894488,0.3292488246712311,0.48548621274561543,0.6067960224581745,0.7161528680473007,0.9591134796187885,1.0619255582681746,1.185549296542033,1.2374258284243094,1.2204336851460504,1.3421206829610972,1.3674561883891974,1.4153167705176914,1.4848209637886824,1.508915633454477,1.5065648779472902,1.5043827727632122,1.4644724668059264,1.421840690598836,1.4561122126290318,1.3085162931675558,1.256774467023546,1.357580673911775,1.0819758730536049,0.9957126725599204,0.85939450012802,0.7753211148717154,0.5485868610850236,0.4939494869751004,0.1493108961829014,0.09962568760494908,-0.11505837006431584
3.91,-0.004722298691768403,0.3999551880812484,0.4551881388999467,0.6548423279291548,0.7265464560157199,0.908401822097665,1.086461318635284,1.1492746953899313,1.1968824715416482,1.252969881962374,1.3979125494483835,1.451123539456719,1.4570784010522337,1.4763459215530477,1.4584061801741148,1.5282326383923146,1.4872165590919744,1.4934213208149771,1.3627448705202556,1.4748076116083315,1.308825485149077,1.2639154051888073,1.3577179128819747,1.1237109788636486,0.9728183108062991,0.8741510706079991,0.7422120191898192,0.5711460193094433,0.45891868403781416,0.19505057337352077,0.09532134935203067,-0.13272068302984344
3.92,-0.06141392273080045,0.3832513260799889,0.4852340356039253,0.6291847953971339,0.7148847597879517,0.9483568077832983,1.023998372860852,1.1476592922888753,1.1977683508573365,1.264647509906201,1.3253234600777146,1.4492973367255633,1.4080708071368953,1.4882727356068315,1.4390184408266142,1.4767437329927853,1.5098443109663686,1.5051845581129337,1.3990785723921482,1.4312774278714429,1.3107869791432893,1.2778622834814921,1.3133813087695803,1.1452668776489383,1.0605240489237542,0.8845378159894579,0.774870305144213,0.5895522947123735,0.524812380766457,0.1967018163389859,0.09499987494709695,-0.1258145650948692
3.9299999999999997,-0.07928789676980598,0.3771594153648934,0.4771998952109629,0.5979874516468262,0.6865364425596664,0.9689852301156859,1.0977881425736915,1.197844729422683,1.2289774975634264,1.3112691829855492,1.3153340293766174,1.3679726646886616,1.4462403109816,1.5341518614525123,1.460600629543893,1.4404766270479759,1.5029149077667323,1.5013994676030487,1.4582094065446505,1.4863111226075016,1.2838493981360246,1.2947260296197267,1.3699371435630312,1.1252687944695907,0.9498899346950541,0.9148215832318853,0.7551000010542268,0.5515118553541067,0.5217566934382978,0.1608678005021459,-0.024177164826467153,-0.14917788684037042
3.9399999999999995,-0.054557134627122986,0.3177847134500974,0.5139346514739079,0.6071514529802245,0.7832645344919459,0.9777888490384801,1.0259603957313839,1.1639824999253372,1.2010613345967103,1.265558857901048,1.3214617358731882,1.3580906191670414,1.395889918977587,1.4652611653161323,1.471200726307385,1.4511656431135784,1.4656466827254466,1.4444206767469603,1.4001005073852197,1.5259320447377398,1.2838160766624296,1.243954841256939,1.2993681220548898,1.0819900504438578,1.0174811663494026,0.9236848198282146,0.7778880642378464,0.5573567095862942,0.4772939162765845,0.22438953759476904,0.09980719516206644,-0.15904964626755755
3.950000000000001,-0.07459577989132422,0.42113275176927034,0.47852738853968685,0.6461537396408259,0.8173911299222164,1.0143029902336034,1.0489749641745632,1.1110601818517438,1.207744946095539,1.2955527476879083,1.3127324282127457,1.321322908657656,1.4146034934441254,1.4317755493958229,1.4652767419849455,1.4267144950862551,1.4325599579017678,1.4294815472803677,1.2993919701303283,1.5336362747958714,1.3231025305890594,1.2524137067476508,1.3261950308173265,1.0850622280638602,0.9649434642000645,0.9216835561590386,0.7348717058172506,0.5137268430165757,0.5187935899888728,0.23894483689713744,0.0527080089095253,-0.06269575655068553
3.960000000000001,-0.07406809526847526,0.4048930639309124,0.48663977600442765,0.6695011268203119,0.8074390607965609,0.928828492341259,1.0166407386652994,1.1642597516230204,1.1762354250692275,1.310183819475431,1.3312758662621695,1.4270464844809214,1.4284223262812532,1.4599251423108925,1.4692348876679362,1.5047853587323072,1.4910013215158862,1.45238078777525,1.3506896095043832,1.4780500376977361,1.3068605905502741,1.260401566823989,1.3675832635062792,1.0873360501661535,0.9876632973707289,0.9346062154017198,0.7504446674770126,0.556924755284545,0.5497367497987857,0.27167873272514476,0.09540840190160653,-0.0559497061822153
3.9700000000000006,-0.019079478062177538,0.38382596258297175,0.5166495394002432,0.6948955432213744,0.8055953764285152,1.0123735369785851,1.0152343253261626,1.1549347379524397,1.2528497775970777,1.277333646414132,1.321798568243321,1.3573428698119263,1.4146164754442787,1.4313278342292468,1.4433774796606962,1.4356947992008422,1.5228649277774091,1.4325278557864423,1.4008737118846197,1.4291537676968138,1.2438268254532,1.191531272904915,1.3701311400222242,1.154034902369075,0.9546217273623769,0.8869356178065506,0.7798086733970331,0.5543596345488045,0.47670721299180707,0.25896543478927464,0.10777950234262317,-0.055332284250735254
3.9800000000000004,-0.022185992785092597,0.3847030570813164,0.6044699697994528,0.6496584543582445,0.7698624816337627,0.9009185603911857,1.0510129100475045,1.1229624476300881,1.2023954826397303,1.272006183366286,1.3189335699394515,1.4594573612505066,1.4162590657747247,1.4364593702341755,1.4400350388603005,1.4149786418088912,1.4273682264344196,1.4121338445739873,1.439579486659923,1.5674949795143207,1.2950485684217232,1.2648134659845036,1.3163373438111021,1.115888240791463,0.935904809391967,0.9022755967043703,0.7692286226070267,0.5806734250211568,0.559086038507492,0.2674297746728065,0.13976094720293555,0.02112411491389937
3.99,-0.01756273488535058,0.3964130947353858,0.5517396474693498,0.6379516558087299,0.7652015858709501,0.9786390228767684,1.0033109441223391,1.1516293262500035,1.196359254382118,1.345765939555117,1.3131865674931684,1.3922713865250287,1.3924695688715167,1.4442337545613473,1.4682916880099237,1.4782154725968812,1.4673960565678454,1.4852420994293039,1.374587454510172,1.5113346702204877,1.2710411697233304,1.2673723897607967,1.3294055265419105,1.0847919915574087,0.9536332170307976,0.9191852400635693,0.7478616456023663,0.4811045957035492,0.44909153859305606,0.29057715010269425,0.14970936986040354,0.02459827672233458
4.0,0.0025165063208840537,0.3490060704414486,0.5210129699574011,0.62612836027361,0.752631858722336,0.8911388141543334,0.9837128052887214,1.1629462384712637,1.2005401966459603,1.2633760466791264,1.300248803269461,1.3654080714669983,1.352249342656006,1.4408750006109523,1.4899804476579432,1.4981997751240987,1.461561212172955,1.476369878850481,1.45966023340225,1.5009448745872078,1.3004285455608204,1.200137797321441,1.3350089428125715,1.1341072667114203,0.973581707025799,0.8402270856502254,0.8161235643245661,0.6314729860490083,0.5871068440601934,0.3327685874163387,0.12105224038994981,-0.004544034713393659
4.01,0.07562517357825302,0.3697699326310955,0.500846954510841,0.6706689554989949,0.7408420618547474,0.8900937431479494,0.9743026383734397,1.1027448330202927,1.1884384822750411,1.2633809970434446,1.3650309147841697,1.4333089241467716,1.4419904859391186,1.4296019206100175,1.5147771665838876,1.4448920637516889,1.4565665242586852,1.4884262623106121,1.3867890711963753,1.4485817260612115,1.3444372498004125,1.2421448798038044,1.3577128444905768,1.1596388316567132,0.9568142466690307,0.955132376613155,0.789215686736261,0.629933416578539,0.4435942982882923,0.3670513500547562,0.13023826874445232,0.03096550552641875
4.02,0.08017835812686713,0.3558748977606956,0.4474303359768897,0.6478661660720765,0.7872121419848432,0.8675207218284307,0.985960046359731,1.0798849082506219,1.1221640593819409,1.2562693340899733,1.3731544850696005,1.3796101541562051,1.38479816681363,1.3860619993117353,1.4908680320725582,1.5083247885803808,1.5026346923390517,1.5478164960518042,1.4909520999945884,1.4715507874579077,1.3281662230927236,1.2094439412361726,1.298229762440033,1.1402875369611079,0.9598213139923589,0.9338557899424487,0.8819497604948057,0.6437457004186886,0.556691637447573,0.32360358058078215,0.14118468900976874,0.1416585549350157
4.030000000000001,0.07196823874223608,0.3711780563571463,0.5028428852942021,0.5856332279867332,0.7725184671578005,0.8516970889839922,0.9735708701480087,1.048053593705388,1.1896914790553677,1.2327785322103544,1.246367291936079,1.4382065034611722,1.399875751744722,1.4598718878576413,1.4817104767602962,1.495529792935813,1.4789308488462023,1.4859934328969866,1.4960915674029212,1.5088977813970124,1.3498608363361784,1.2263984962488477,1.309992002319418,1.135683567418815,0.9736259075455848,0.9624312767288558,0.825076331919775,0.6690970921540592,0.5793601158044805,0.3841945277400459,0.19069184321286278,0.17964949632915841
4.040000000000001,0.08826781957436738,0.32127716936985434,0.45906104744933823,0.5981809640010987,0.7054864021276704,0.8594006553765008,0.9709343500161234,1.0509680930961618,1.1499338263927827,1.2375595688196135,1.2986555155765052,1.3736132703076132,1.4261110865274644,1.4149547233596507,1.4854874716970796,1.4340418900301328,1.441249592230482,1.422050313599414,1.5204701848197326,1.428484581560355,1.3886499581517993,1.247738498849517,1.2947173393813882,1.1390277905550616,0.980980177822338,1.0283640648824162,0.8161361633251003,0.6796262679624161,0.5610891931675239,0.40364803166574575,0.20661040009649756,0.17546755836451894
4.050000000000001,0.14624052560690864,0.26433557331666363,0.391456258743313,0.6062365115371423,0.7366184053215687,0.8836750101273285,0.9548493380174018,1.0375462863600358,1.1652413978268352,1.2382508225192863,1.2326260233954076,1.358813435242854,1.4174000112557241,1.394807756129432,1.5079599770622474,1.4311220016706327,1.3820855843364002,1.4838719956283746,1.5182708205917048,1.4905588636842784,1.3705432967101363,1.2593336551297158,1.2543274355838632,1.2103976489546848,1.0042047712418147,1.0113761919580062,0.8031239946126505,0.6693517066375905,0.6109921126375939,0.43884560598444183,0.2197624220854651,0.17706617517456782
4.0600000000000005,0.19085209890966193,0.2635666413099476,0.4150068024187641,0.5896460200830005,0.6602508532907653,0.8743547743427399,0.9566491868884274,1.0566550653708258,1.1674892813830562,1.2785854169652535,1.3259686479247033,1.458260238436719,1.4444789794493356,1.4524510268739814,1.5326559488618743,1.4517966040871877,1.4420605994677245,1.416532318091983,1.4674188993803463,1.5130617831845008,1.389950255934831,1.230573755858255,1.2575603752162439,1.1747336796648757,0.9916246404571456,1.0498416333216094,0.9214854461511126,0.6999158341510657,0.6037654647762567,0.4365016862852796,0.2625283041695604,0.20969924008397542
4.07,0.1770138777209646,0.23772090032650867,0.39105831771617267,0.5076572302439413,0.6230551166021294,0.7932849858927246,0.9000517617342313,1.1087659672873307,1.1352382964623666,1.280722294696268,1.278624208414655,1.3942468327313473,1.4017622399480296,1.476364902230208,1.507949309242385,1.5252705179296802,1.4390676966129425,1.4324655110626356,1.4643326870196045,1.433367842319085,1.3717173907891795,1.2899148356306134,1.29273538860178,1.1627079219146383,0.9712610705803778,1.004618714727215,0.9073820750975551,0.708513857191014,0.6145593930891995,0.43524438302601687,0.2697365571494615,0.1901379289204137
4.08,0.10255605424838665,0.24662219718668957,0.37921952081503085,0.5509479363195282,0.682199297750186,0.8599977662571714,0.9764604171490967,1.036879597275525,1.1616501838948055,1.2155420640707923,1.2903607399618076,1.3428552982479651,1.397986627742362,1.4200684144074227,1.5404406011994787,1.529513876577832,1.4451271450437706,1.4331924834753405,1.4571055770225194,1.465173161135988,1.3472365470088619,1.243159139421261,1.2216422142064596,1.1711422172503843,1.0054616092398512,1.0330275545139405,0.8842561030976669,0.7173546258511055,0.6181284069312457,0.4374995575012348,0.2595224651423709,0.16396076501062312
4.09,0.2174825531034529,0.2250052536528856,0.32685370197389435,0.5017965874772822,0.6465002885084917,0.797053109984802,0.971186685061202,1.0460261438014633,1.1562692263762386,1.2292317751203066,1.315017316147087,1.3727211042154972,1.4165687698119884,1.4649182110845382,1.5631665467968223,1.4322105354980152,1.4278529052843025,1.41857429602356,1.5196857313997516,1.4772027316448093,1.4251883626186386,1.299646484743416,1.2441763597459086,1.1875437487175786,1.0122928384587133,0.9830087588831241,0.8947221062216084,0.7070049813460298,0.6186149035710715,0.4128194940593773,0.2591039660403981,0.23028721827680793
4.1,0.21859044870423708,0.2335185449127977,0.39343966975864036,0.5192245545761908,0.6208950155331026,0.800576495373198,0.947254565815853,1.1064082769900305,1.1910043133229935,1.2167901524670761,1.2431948837098974,1.3380870343858768,1.4529708838411437,1.440851271081142,1.4699163637260284,1.4976413833313564,1.4572076449874822,1.4558783830573667,1.5527208208062908,1.4258085221559411,1.4295953462490831,1.2789256178525343,1.2088918950593053,1.19489530021205,0.9845898350297382,1.0595372199416722,0.9443895636466606,0.6827635501417758,0.6520175000413602,0.4439497379669762,0.2999796719044592,0.23196760651764298
4.109999999999999,0.264553948739092,0.2001732995408404,0.3733756611854076,0.5226958625955143,0.6566546889679234,0.7796434030928081,0.9379446479271298,0.9962749505854904,1.1057540467119837,1.2952470371832596,1.316104018075855,1.434142693215327,1.4402463497007052,1.5035621938941708,1.497605916206246,1.5287325079800658,1.4676750623105044,1.494701041776864,1.5412322538282037,1.453847075632041,1.405173152668603,1.3338007908929537,1.1799461084776321,1.1845455961177567,1.0193723842631353,1.026255484207386,0.9171399411600369,0.7442015555185753,0.6934656164852366,0.5470175875601324,0.315983060421039,0.2548147318427777
4.120000000000001,0.23212342170321393,0.15789700678480012,0.28954592959121117,0.4453216283727231,0.5757030497088538,0.7796409037724769,0.9345093850957212,1.0987701974599586,1.14462242072299,1.2407620917230096,1.2804531973653508,1.3296840657926463,1.3850453214000567,1.4838621095624638,1.5304415416977823,1.45813322447548,1.4335066701337287,1.4354599980465639,1.559177420972202,1.440022444024387,1.4230189131994113,1.2020417215928467,1.2164251025364687,1.280905995731879,0.989615088422612,1.0471135681190746,0.9472303763651424,0.6837183289825185,0.6197185187401938,0.48602602117214816,0.34117793086655623,0.22865979136068454
4.130000000000001,0.24781013517227862,0.17918029100931204,0.32658084575611035,0.5247829998801721,0.6243719222417287,0.825085390407119,0.9235993529057648,1.118261292594843,1.1305695866335026,1.2774516509850244,1.3504970656778301,1.3397877565163547,1.3561932389045235,1.4550784486418746,1.5384716789803354,1.4614234024952153,1.4281755893687758,1.399320448876859,1.5004181312840652,1.3654685722994597,1.384304134930771,1.283645885247641,1.150860391361547,1.2413696370063134,0.9915478881540267,0.9777578819223535,0.9568613274382805,0.8015028649351602,0.6876760098487978,0.5164290864990767,0.2954374749816275,0.21437407037059708
4.140000000000001,0.2978508667376241,0.14030202462326724,0.37724803129760365,0.524690316374909,0.6998266874663592,0.8309865356737728,0.988037875998904,1.042350441262152,1.131437300253931,1.22838215652993,1.3063448410226592,1.3997860319614743,1.4113976646978794,1.4487750868813314,1.4558614838798432,1.5117499062954325,1.5678227859886993,1.4750240057580954,1.4969457561429582,1.368849102949494,1.3871191165855206,1.3239420335663492,1.1481242420421442,1.2498068770202047,1.0098866972224487,1.064963535641029,0.9665467007868558,0.7813339701214217,0.7017207037940891,0.5328972347515277,0.3566757499315722,0.20001929835848703
4.15,0.25493660853762423,0.15453839079011425,0.31078767494704274,0.42774386206726167,0.631417700807434,0.7997085646378621,0.957190067101292,1.0754653927504862,1.1143743435216569,1.2306366855066382,1.2999264361397658,1.4421273398345227,1.4450139952585637,1.50321384193221,1.5494213680374875,1.535893147934649,1.4726641148488049,1.4370663790180742,1.4922621576441835,1.348624595519051,1.4211755099206316,1.3142522723721886,1.1459923009096078,1.2615437828960934,1.0249988971223072,1.0188974882173694,0.9093876986459417,0.7989238956367551,0.6358297861814646,0.5650978534968562,0.3707271759163232,0.22834663712932085
4.16,0.2936898038953662,0.165570525910917,0.27488649433884543,0.45828121321245663,0.6241419123089944,0.8533432452391068,1.0063794677353568,1.0885074755594695,1.134247327378519,1.261966778795064,1.3167429004934592,1.385328962957208,1.4133563655761434,1.3999296700460437,1.5028715792299543,1.5553437048314591,1.4867456820254872,1.4675041988881068,1.5429308317253163,1.3737563664428756,1.45532466996098,1.2917697891023272,1.10453701664434,1.1757163820390748,1.0568254569189388,1.1167047732337891,1.015570408376989,0.8782069427311038,0.6883345527973191,0.566667223847812,0.3506321854178245,0.2640035163672672
4.17,0.2578472926027846,0.15393255539573342,0.2852338969570464,0.4951919787804843,0.6100419897105047,0.8203602357650603,0.9374139811984238,1.0463803400954506,1.1758213212113036,1.2383743133500555,1.31018446709256,1.3951044321681212,1.39240060703838,1.4957280344252375,1.504846429273619,1.4874920530431963,1.4871517257113047,1.4136014211689676,1.5226767566212929,1.3711204985397178,1.3784744903705246,1.3609106813237402,1.1461937453712785,1.2633485943168428,1.069312282631235,1.079835834125341,0.9699882523382825,0.7878135916263912,0.7328032508408684,0.5597469254307071,0.36809987906228586,0.22280877951925868
4.18,0.22293708499555878,0.18559823532799907,0.3189837159118007,0.4653012440096401,0.7072057416058241,0.8928351382564862,0.92296294301331,1.0298416734760327,1.1726083646800094,1.2055125178948427,1.304394211570361,1.3299420956285646,1.472797806878274,1.5091248707674423,1.4784227215524581,1.4846092236499944,1.550982338166433,1.492970592003893,1.5346918066502941,1.4228105895937204,1.4039460607228322,1.353046504343246,1.1238555482674468,1.2722141338503883,1.0642010110030031,1.0871595189875665,0.9937365992181574,0.8265270441015213,0.7222095367310233,0.5022962642481682,0.39866183480555495,0.2688436427201878
4.1899999999999995,0.2864835147920053,0.12225538124944625,0.27878081037709057,0.43250439862450224,0.6466329947632606,0.8300992558205242,0.9828785284032462,1.102941563635258,1.1684142231480752,1.1992152378405971,1.3689084440022579,1.4105436835807974,1.476914704738734,1.4515791454290303,1.5063131546875659,1.484180585082843,1.4695367051534158,1.411312439918575,1.4369044863660225,1.3425747945094575,1.4043245911182216,1.3299775412472807,1.1230048297778312,1.2842238432581774,1.1115544908066115,1.0986663722378387,1.070467050577634,0.8632101954647362,0.7223151599762796,0.5637044174357825,0.448140025556912,0.2502470549785731
4.200000000000001,0.22046376018828742,0.16880320180128827,0.29109372577145837,0.5089560390136536,0.6895811004618038,0.8260026447546848,0.9943862447540326,1.033663444090958,1.1671847929062433,1.1694889428111401,1.312384826543094,1.3929998957031366,1.3623867519333164,1.446096087229577,1.4851956122121406,1.5001173827356762,1.472783031538812,1.4559869996459505,1.4610371824672175,1.3451488668051736,1.4564756723307388,1.3643105290484243,1.0861223358491698,1.2948821495616132,1.1063987634764638,1.1575343681472539,1.003683111999513,0.8251607802994206,0.7872234691009891,0.5544851740661089,0.418499118590275,0.22814444947494944
4.210000000000001,0.2959860989264065,0.11511319912315107,0.29382264856429874,0.44309124677626016,0.622031554162587,0.8225322379838816,0.9105391983065616,1.0357015151000677,1.1399914930914536,1.1968697288600214,1.3089866905028278,1.3293808272042071,1.3925915207346395,1.42933721857433,1.487093996615454,1.5135684759887302,1.5472532807939614,1.4641622963824386,1.4706969061803028,1.325973283752144,1.3980773092195389,1.313979643579292,1.1010316761880643,1.2564270338451755,1.131765459432469,1.1122006340285437,1.023197226520845,0.8467927027782557,0.7428264078247495,0.5528316771660374,0.456895005827072,0.2944439031520962
4.220000000000001,0.309549584652169,0.14633011778484917,0.316133021514417,0.5179924528657656,0.6726253231224101,0.8685150098565066,0.9935470819340255,1.0220551591456144,1.1646531450580604,1.2178769378675398,1.3687724142513311,1.459758801411815,1.4727453441817158,1.4672409395092076,1.4962947286978394,1.5535595298249487,1.5335352514596758,1.4535986523645883,1.4381871863331064,1.319186499448425,1.3372860519400094,1.2852286761767964,1.1383941960651986,1.2865198799051047,1.1511340148276832,1.178771745165341,1.0486334829556458,0.8754511400938442,0.7972535674668868,0.5672069607443696,0.3902901285308479,0.20799762405891598
4.23,0.2416149957635103,0.2252949278809597,0.3026429990278263,0.4713373877542758,0.5834410161816426,0.8735007177645254,0.9521626822323797,1.107757426490074,1.1826936286667136,1.2382572478406941,1.3501529193554624,1.3898599634598856,1.4320591518362074,1.4629630769881212,1.468990728359901,1.5774295907442857,1.505799419759742,1.5054380206304478,1.4794210677779231,1.3401153825604848,1.4359147305240765,1.3678630321202212,1.1908537671993669,1.3234978111265279,1.1007814996988226,1.1919366280511072,1.019029834473718,0.8791191737048669,0.8540772059731506,0.5563878866322838,0.459761744926639,0.274241181618357
4.24,0.2946963228497997,0.1899248727012334,0.2954437696273489,0.44125510877268703,0.6485684516919451,0.8369007279475718,0.8626528792755904,1.0206951482763196,1.1847882253067057,1.2255388279027537,1.3620183230776493,1.3986659682421145,1.3767967340997356,1.4281543483143244,1.4925271630978552,1.4998781608075529,1.5274034744817087,1.488873544985254,1.4824499193961787,1.3609840276724094,1.382513807613313,1.364301338747144,1.1279528894725788,1.3185244456473224,1.2333748922663867,1.186832558371595,1.1134238456678052,0.9131921418415636,0.8275949999355906,0.5452430878211709,0.34228692033477764,0.27917843557301536
4.25,0.22315998036682289,0.14997919877454385,0.29759408164433754,0.4920604289902049,0.6592692625389245,0.8384715918168653,0.9331603105686794,1.1046399948109524,1.1004016773601013,1.2172892565798725,1.3309118568625768,1.327665844408604,1.4042868990888377,1.4648024995429278,1.458842446974467,1.5597434124967977,1.521875220683855,1.5038415796384035,1.4408301793023777,1.33410429953592,1.403433809136662,1.3406888515153168,1.16311670958913,1.326671789656297,1.2189837924163984,1.2817638170404404,1.1166032780580089,0.951302886908018,0.8683339576803951,0.5933183572546862,0.43198528840088296,0.29735595046066204
4.26,0.23590596536192093,0.13414947717516681,0.27758908119446263,0.4732145812106299,0.6144736557330366,0.831169787096396,0.9273504687956429,1.0810056139626996,1.1918004437545164,1.250247825531576,1.3184513289567172,1.364558412493039,1.4524919173460216,1.4853338293432752,1.5026105514931067,1.4740067713936953,1.5105409274198758,1.5443470478835652,1.4983315036685674,1.4166670553683376,1.3945556419915401,1.3366433887604838,1.2263937962986005,1.3173870577895173,1.238135506495059,1.2049818203590035,1.1303561156486053,0.9195956824758047,0.8289276323185465,0.5885415918867812,0.38022400560532543,0.259872495486504
4.27,0.19160598980018656,0.14739798302993803,0.26044751506398567,0.4361396917891446,0.5689708481579014,0.7485348010868256,0.913042382623434,1.0398360031044107,1.1353037400971553,1.2247582792302691,1.3622615741499438,1.3777769266150055,1.4145490733881225,1.498634064510408,1.439351748069618,1.4926150001099345,1.5667333845916032,1.5770207992936385,1.5063772790413292,1.3599141934842558,1.4240733280997049,1.3558078076416338,1.2654531174843582,1.3292464297144682,1.2607902878673805,1.2132149347190166,1.0964016932955591,0.8317787431073216,0.8307216993893562,0.5279334085066962,0.3914826234924297,0.2106594241947852
4.280000000000001,0.25606593132460653,0.16532143801451166,0.2599139790748897,0.4588440641983118,0.5869042780661148,0.7947676126173097,0.8973512476467076,1.032115332306853,1.1760245211753826,1.225032038448249,1.3513705921457013,1.3924584874917159,1.3873100175389077,1.4236970757127572,1.5251775176865232,1.5211143762373038,1.5398785023778514,1.5185983205336522,1.4765945531211195,1.4579053393808539,1.3699502047974392,1.3740871510030381,1.3037599255133205,1.2865783807294255,1.2993450151288397,1.1958819125476523,1.0652455342017264,0.8455202041505883,0.8139328273969915,0.5564937682313863,0.42465333701098573,0.24389759633918018
4.290000000000001,0.18163135098885708,0.1957800715390206,0.3328122818295314,0.4418972094146263,0.5621656318238308,0.8051071645569553,0.9482834332845564,1.056594109524144,1.0534749855993037,1.230935139554879,1.337365393388155,1.3903612724923962,1.3797053653694755,1.431504238333291,1.4997678690018972,1.5124032547410013,1.4764218441300276,1.5033670680293247,1.4526111384369114,1.387089772698866,1.4598032071562146,1.3964024774391517,1.2139657134089463,1.3872863384950866,1.278751349901135,1.209680143286059,1.034911271540232,0.8701019026437335,0.8683718637069942,0.5271515377369653,0.4372780139615519,0.2591638842374859
4.300000000000001,0.055505490887656446,0.08211237846840053,0.2518117343844977,0.4316298267485722,0.6188866128190267,0.8242193851348469,0.9024260872906813,1.0488220119828668,1.1281709733273233,1.2045648376861489,1.2841729299473374,1.3798190666854648,1.4533311909769242,1.5459814542711805,1.4562096074285777,1.4732567567329067,1.5171655706960359,1.5341837357607762,1.4596017263369012,1.4008604388521029,1.4051301647764307,1.4029674217359727,1.3387680043299137,1.3637220719117669,1.299622915034688,1.2034156607242916,1.0782931356792826,0.8602982181627445,0.8655289322928564,0.5742611168159106,0.3791895797798821,0.2164111392456524
4.3100000000000005,0.10542431651837354,0.18579829472637174,0.3008376035867111,0.4593498305601753,0.6512740328181474,0.7494596150498549,0.9320547445405761,0.9821201322466463,1.1406079442199244,1.190581776777958,1.3703611248564758,1.3977640250006256,1.3911842260961245,1.4302810047752037,1.4831368891646493,1.4972702994929437,1.524218088133677,1.5588641727592059,1.5094835335604484,1.450534587335502,1.4245984705884203,1.383904159368124,1.3001035688690925,1.3197115229765777,1.2947294495593682,1.1434822165350105,1.0101861156775458,0.9034921093958738,0.828528519885495,0.5460684951596091,0.38511917657864714,0.18404873747808712
4.32,0.09785210918848612,0.1609310081426383,0.29255601164469247,0.49717667242492813,0.6872411983845401,0.7287851244741624,0.9326887776269994,1.0105746327972078,1.0964370415993518,1.19805213685108,1.3357139809931775,1.4066213016684652,1.4349114379804382,1.4621703992519681,1.447344580031898,1.48981659157129,1.5418453606639868,1.5240022243470543,1.448764160479541,1.4276139983814953,1.4451586165847787,1.4413311227157959,1.2543066278246158,1.2864581546724572,1.2324610386293164,1.1701094826387268,1.0291408400044126,0.8363595452753135,0.7293209659147308,0.5236551176173402,0.3721925966228235,0.22937623574921465
4.33,0.09513340760573284,0.2248619028333097,0.42554151057404865,0.5497510818172267,0.6764291483294679,0.7448449795759581,0.8897265759483176,1.0101294375934842,1.065393717235705,1.279978243924669,1.3362391458181364,1.3142332870192899,1.4277706018538896,1.4982961676530462,1.4906319461057214,1.5429910336558865,1.5811507362410584,1.5398749365670565,1.4728411410205349,1.4234321862893544,1.4029600020749444,1.381228937390492,1.3339830968138588,1.3286732838934874,1.2927883951090529,1.1996859096864068,1.0125899241103922,0.8722235285963076,0.7740859368727722,0.5289959987429343,0.3801356802049175,0.15748487674517417
4.34,0.026055618174161337,0.17705002394757235,0.38421341368529643,0.5070893388322886,0.6299812212726743,0.7241941259822753,0.86826195332576,0.9974919857105212,1.0489994771584041,1.2535778666735253,1.335093244951333,1.3882953443534451,1.4194858250834081,1.3981139207094135,1.4287306787607066,1.5231995578413644,1.5027463025257535,1.509191889945514,1.4022904287862812,1.4678318941183779,1.432580103258383,1.406457523040631,1.3653120156793872,1.2839457908127654,1.245334860266499,1.0894677991747508,0.9997855312955101,0.7929791655132193,0.7389152316877303,0.5395904243449254,0.33569056030450317,0.16227014750916893
4.35,0.02227459099126183,0.131644456017952,0.33298030836144965,0.4942345875387807,0.6351858770700526,0.704451262066444,0.9070962652505158,0.9596262763070817,1.104078223289224,1.1997569043175311,1.319791018739236,1.3027874015573486,1.4485818159619819,1.4687707968122674,1.4842255123566768,1.589181734216673,1.5387329085046757,1.5666738314835702,1.4860299230160692,1.4985537772036241,1.4441711763201515,1.3982924032362432,1.3130958517705011,1.2683644103650384,1.2275536151431024,1.0961096570381095,0.9882498567040241,0.744536011940027,0.7192081133585821,0.5454677003332898,0.34691691232535327,0.21090681566409553
4.359999999999999,-0.013173365764809628,0.2201209568043329,0.3251326504044347,0.5594548177869941,0.7205098019580138,0.7848539946809053,0.9142135278756225,1.014613009670449,1.1570573493543819,1.1648168517926913,1.3860336997283405,1.370194598049784,1.4333243083149454,1.500103947554773,1.532764721488559,1.5492895021166146,1.5856487810018356,1.5570018343717866,1.4998267652344601,1.4821807676346634,1.405828777830319,1.4455639808425989,1.4497326635891779,1.2082227681755946,1.2736104601058946,1.0486164682300427,0.9947646878568848,0.8754373867367694,0.7485551556928537,0.5471139209968141,0.32355612104094733,0.12517174178947144
4.370000000000001,-0.013831043186670828,0.19804696609270456,0.37924413117560085,0.552220559139954,0.7174609449932904,0.7984983381055586,0.93042600629934,1.041274631102417,1.1168691526547585,1.2211607213830464,1.2965908553922765,1.3550257035406368,1.355766535969665,1.4865426902072183,1.4852594113574076,1.503284781973679,1.5507566024148556,1.573130094203131,1.5037056085993998,1.4964533282668913,1.3878365123734386,1.4192768287605826,1.3469545809180299,1.3158817952724273,1.2239326009097473,1.1048102244870848,0.9757504138661466,0.7500966573916061,0.6128261563891118,0.523102145821454,0.3661667408344508,0.14011883382883913
4.380000000000001,-0.03694011682754005,0.16234780152282058,0.3402046870569546,0.5369021104362166,0.7042316778476548,0.7566898266326559,0.9086938221878832,0.9769363845846954,1.1004493948104648,1.2714161168599243,1.369097347861189,1.3271193942984698,1.4465199318831548,1.4636679417567375,1.463434674227973,1.5214095737107136,1.574878759694684,1.5631750593225138,1.4656516198042462,1.4916154850957979,1.3963858426074016,1.4292465073333422,1.4320146861329683,1.2701349656395202,1.1711325501474685,1.065779645675846,0.9718111321984627,0.7730841396935431,0.6287960165945676,0.5447401368585195,0.3198934502824215,0.14925861464411122
4.390000000000001,-0.02707754539348515,0.2073270471324241,0.45255931629324386,0.5441016532941051,0.7508642863549916,0.7824375808563199,0.8943816011918863,1.0164881720798162,1.0995416498820643,1.2183107966517321,1.3535137113703108,1.3527745813755367,1.3850833519528711,1.471430741133949,1.4623920120926077,1.5349719829506254,1.589705552554447,1.552247076807258,1.4913881644514388,1.4500418029481739,1.3513221966921944,1.3446650239303277,1.316830685985784,1.268020401217391,1.1814841249172328,1.1011316003618792,0.9585338664835391,0.8059783455795646,0.6301900182084039,0.5412259739472138,0.32261799121711,0.18228217053609624
4.4,0.020823863307919136,0.17045793352132121,0.3497357843062037,0.5343097410575228,0.7012302726171041,0.7703215930210728,0.8149493101276237,1.025869762686519,1.16720538773247,1.2550121289512053,1.3656280629168165,1.3427849860092933,1.4279368687825686,1.4277957577046694,1.4659289227259946,1.5021765698998522,1.5751626463369623,1.5033156093551687,1.438957900820376,1.4514437386770165,1.3655088563361226,1.3457521481554564,1.393831330666128,1.214611311697168,1.146215662613667,0.9652318796302573,0.8340254781560348,0.792563946187088,0.6793601317044439,0.5506750034573503,0.325714257776292,0.14793002086401388
4.41,-0.007247520133164608,0.25772993088774715,0.43820430534632326,0.5998341114407181,0.7041530013324391,0.7554392189345289,0.8528720148348348,0.9934222773965947,1.1202795093836975,1.1839409980411308,1.3133466360085375,1.4237305205046145,1.4607102012933713,1.4814579473786715,1.4875121466375527,1.4989418482397812,1.531610335206993,1.5132466878349844,1.4544158548721011,1.531723603282593,1.3771004134304092,1.364833682009847,1.3869883874525601,1.2510324891140925,1.1222906070003524,0.9890367736107607,0.9637588582961093,0.8272798282978072,0.5808128475343011,0.5467397841301975,0.40195098588925143,0.16610314380881983
4.42,0.03866398889779512,0.2196262838119605,0.41513360276631883,0.5796527949288944,0.6968968138628209,0.755593112386553,0.9250272527680484,1.006635157400405,1.1318655851658335,1.278552754888714,1.3236419733152238,1.384771449302877,1.4601330970939435,1.4733317251313143,1.4571344860043378,1.4836390505966053,1.5529883202259904,1.4592183353392094,1.4312717338530454,1.4627353366174194,1.2925890807748635,1.3589554966695994,1.3228291550227558,1.2311838894345775,1.1005013311517442,0.9759057841461165,0.9046541787789643,0.8778439687918311,0.6010624876337803,0.5499919628274897,0.3963190961517755,0.11528764463105008
4.43,0.013132534193732026,0.23970909387545292,0.4295792066448365,0.601354498553138,0.6953483532637719,0.7556558650537868,0.8883458735674878,1.017102139833873,1.139198291399768,1.1855916906373056,1.33519752212475,1.3957447522634208,1.398682043248381,1.4667282879390862,1.4346649839202428,1.4916203492401066,1.517517281916946,1.4949366827825343,1.476362631455914,1.44767491387199,1.344598957444948,1.2725124772710474,1.3410911411598445,1.227874080044407,1.1245687129125634,1.0474642997015768,0.9814243947400929,0.8719172645778305,0.6805782194096199,0.5686648639189948,0.40988487984313837,0.0860432612822527
4.4399999999999995,-0.00044910416104289655,0.18862400885346747,0.4295977170371943,0.5826607977303387,0.6850750700328173,0.743580502141289,0.9100198385834294,1.0539146910825672,1.1250996207592072,1.1953413275294342,1.3351506865479272,1.3759804130431303,1.4395042060818162,1.4693453140386528,1.4620806765238668,1.495597441937576,1.537828712092801,1.5048717213297325,1.409881595028743,1.4416504150406535,1.3762180788905662,1.3248554657647718,1.3342143571649432,1.2738531296555875,1.1288299793101262,1.0544110825474253,0.9823861075135222,0.9266602604776483,0.6602632556306894,0.5506671836125658,0.40483458011403545,0.09806928727183355
4.450000000000001,0.058278516610170035,0.16482931456267502,0.3659454370848827,0.6256106736868825,0.6885358254183893,0.8020955898640957,0.8692581584621175,0.9715734301697333,1.0685727868752342,1.2151310622448026,1.3668602335691717,1.366829280770207,1.4435206882323124,1.4380133189363176,1.447851330354135,1.495502025291367,1.495843160750502,1.4452216396838224,1.3831279647597343,1.4561025277645183,1.3370229355264307,1.2596576152867882,1.3524480028964154,1.2243795220929574,1.1276473662072841,1.0643143180359773,0.9848321896466612,0.8286658792668545,0.7137648344256902,0.5173663571054644,0.37545393026713597,0.11712074922052182
4.460000000000001,0.05284746800655182,0.2309532945218352,0.4357373339038365,0.5966640522973606,0.6670123827685415,0.754074383997707,0.875124051395582,0.9729783900086797,1.1704385813189089,1.2246504676673702,1.3950751402265067,1.3076215964494544,1.4200263365950239,1.4408800714988164,1.5160712055453154,1.514344452197965,1.5290240270219884,1.5085882329261517,1.4483035908129782,1.4920569495688816,1.2789628258832328,1.2884748752732498,1.379728905604559,1.2429554505322167,1.1326769264000562,1.0285116915287706,0.9679697316781369,0.9117212518307687,0.6654334354749447,0.527996062339488,0.42777483643821035,0.09521772651915346
4.470000000000001,0.051163405192105625,0.1469104873281067,0.40823444543923953,0.5867268367555375,0.724813533485208,0.7904035942916516,0.8698316045287369,0.9936596681660503,1.13288715289907,1.2130347671400517,1.3512651676115413,1.3556399884712345,1.4368864232820913,1.5096102408326424,1.4065315928692688,1.4965176242431857,1.5362708242103997,1.5389621625172885,1.4046506654905115,1.448843685767875,1.2764238045535696,1.2419060913995872,1.408431671678516,1.3171382523518527,1.0859654142223163,1.0502959787618995,0.9884500906137242,0.9270924395943215,0.629266691460532,0.5404884743719678,0.4085985373879871,0.10327851012302766
4.48,0.03687002626967986,0.18094065994383252,0.42669361822827795,0.5370466139662846,0.6742609861936059,0.718057511838683,0.8994959141872589,1.0099981721965272,1.0568560744143203,1.2601450225739934,1.3713893597312354,1.328042984525303,1.4359945666780236,1.477933472742464,1.5328089986734261,1.4777257082251705,1.4941661796527599,1.4828019049735541,1.4205337402937241,1.4788348699666318,1.3185326176188465,1.2707190103253605,1.3529409674021329,1.2096609155559295,1.0216447069673618,1.0284186794651817,1.004911743006201,0.8661895700026474,0.631385401452072,0.5486933338794769,0.43916254980175184,0.0531916276135085
4.49,0.03848189492943552,0.16425890500158274,0.3431780842569637,0.579756725979407,0.6711970753271039,0.7460072048961695,0.9386591673791811,1.1048994443677964,1.129047268134271,1.1778251521107859,1.3593130263231723,1.3993504378695176,1.437714280044354,1.4896075960347026,1.437413761309108,1.4604997269606397,1.5518148177762932,1.48393961088372,1.32543024689839,1.4362131146275194,1.3125553614349845,1.2454642296096672,1.2954342172219262,1.282537881013588,1.0715617260327024,1.0249857808229226,0.936472416850332,0.9197220340079122,0.6349084564507794,0.45148173473310776,0.40191773338260095,-0.004437943156763725
4.5,0.008626884227881043,0.1254419958648027,0.38850238570966483,0.5340762517779982,0.7087351867724337,0.7811322795476111,0.9391972532029426,1.0779838991222925,1.1622047356719811,1.214159755141022,1.3406147017846792,1.3288222322211787,1.4318336043365472,1.4587547847522089,1.4821949467741085,1.4460900809564545,1.5262225132676341,1.510553566726288,1.4587849524231737,1.5084293047215322,1.2807928822403938,1.2590163418135676,1.3729488976473485,1.268439068786993,1.033757421035589,1.0894562406087216,1.0260680156780073,0.937175696297991,0.6621922325827294,0.4901659456437751,0.41991660796251173,-0.0026779294829222602
4.51,0.05794798269400678,0.17972098997898608,0.38036445181770684,0.556488665017422,0.6651397439329292,0.80664224341989,0.9149607449380739,1.074376551945174,1.1602506607603618,1.1985153320549906,1.3432978468993175,1.3528660276100215,1.4288873090690584,1.5000398470325955,1.4495363847026617,1.4291275525100804,1.4766952335238608,1.4849973766453184,1.43355296613622,1.4575545768491744,1.2776102825770994,1.2312263846940907,1.3475545010514711,1.260969890779567,1.0489270530080286,1.0804971213334083,1.0270150011106476,0.8804081683758367,0.6459862546749175,0.44274192861394973,0.3977029712901713,-0.00993979250744576
4.52,0.07951298966243561,0.2340406818268905,0.38628098492378377,0.543223407030491,0.6870853136839151,0.818532705214705,0.9368090223893778,1.0452523575570107,1.1822959201430112,1.2142586378426738,1.313405755558218,1.385182163535803,1.449159163705217,1.4677594298344725,1.4733836673436118,1.4804670695183297,1.4931500247767016,1.4786809788426447,1.4533663120061833,1.5356781995048232,1.3173060114586908,1.2191242646905909,1.3480176347975699,1.2574437275189978,1.0640151181786206,1.0781043413991147,0.9883595202146758,0.9028500776878818,0.6638905455764964,0.4818295955459431,0.34320704789023465,-0.01432355819079473
4.530000000000001,-0.009829503866414043,0.13049263476842948,0.2777374400429584,0.49569232145876174,0.6773090822805798,0.8124345835716269,0.878717516173454,1.038541242594081,1.2274945874540413,1.2320127887995513,1.3185905591529308,1.3845861418479224,1.4214501372504285,1.4263180072890775,1.521804712116961,1.456122743385479,1.4919474769792633,1.4844600024436876,1.461422769163638,1.4293015726769025,1.2794083992826732,1.2082838989230662,1.2750545371629756,1.295551204044046,1.05465847139911,1.0097268872461709,0.9885245246315061,0.9423110309385738,0.679559609794688,0.45686687770886847,0.43133082462666994,-0.03655387365186244
4.540000000000001,-0.0274648779651702,0.20033307639023754,0.40678356904385193,0.5124147558271399,0.6651504080128777,0.7989446265493749,0.9236397701473651,1.0875470188383913,1.1960536628271026,1.1717390028323353,1.271467719465944,1.3783531596621532,1.4635735666373353,1.4586522708724492,1.4831663970269104,1.4455590229641424,1.4695960315018923,1.4637294712539917,1.3856316887021536,1.4315998718404288,1.3304407796897117,1.2231414237368714,1.3266392972960654,1.2768542351678633,1.0939965270112304,1.0244783879665247,1.0201829958193167,0.9060412072447704,0.6438688610877861,0.36935642482254477,0.351449764607487,-0.004864019860257822
4.550000000000001,-0.02796455722879958,0.18169235370552744,0.3719237349789584,0.5680695411818913,0.6963963579663361,0.807950600916595,0.9759428387363991,1.067107046587103,1.1956439916506252,1.261218142955967,1.3495039413395984,1.3454215556748848,1.4073252899564717,1.408775139933499,1.5252448475979934,1.446485203284326,1.4539763707482767,1.4791215021473731,1.4080259375584965,1.4223376791613715,1.329095679029391,1.2648827653017571,1.3451941102948604,1.3004715584957343,1.120091069240432,1.0051703597136703,0.9461966840870961,0.8331672167368898,0.6325732266291468,0.3457232047077661,0.3929977686859807,-0.10276862327753178
4.5600000000000005,0.0005967385567132565,0.19576535927941907,0.36437006645700376,0.5732111754925922,0.6865809449800742,0.8189788382263807,0.9469982358802966,1.052879149519006,1.2082149561564353,1.2412223355281966,1.34412735919654,1.3524002246522349,1.4251886394207782,1.4649202061116366,1.5652144015333271,1.5220136391324517,1.5205255811701754,1.5390600886632417,1.4672041596121836,1.4569131146580365,1.3335980536976133,1.2537273561357651,1.298377349397843,1.2415638952696941,1.0252577788786967,1.0643866471225623,0.9484947542601173,0.8706193240047712,0.6060378812268078,0.31631007923450977,0.3289852192510895,-0.11138735463541392
4.57,-0.03310151472672056,0.21058456031044848,0.4230802710052084,0.5959974809818092,0.6955721578491441,0.8075045486405915,0.9945168722116846,1.0700340814495384,1.181298518257507,1.2377425055171107,1.2487655901823256,1.3186338968641906,1.379814629966262,1.4348881692340334,1.4689506562559116,1.4357535168398332,1.4231623405057128,1.5077673322134535,1.5262176956038775,1.4807103232058647,1.3606898427909029,1.199345334906733,1.2977851806880156,1.2721372103754605,1.044075654708025,0.9349272708555879,0.8924469843486849,0.8267316521272796,0.629232778470026,0.3229379922759794,0.34987790876113695,-0.1078105659141996
4.58,0.006909258713240628,0.21040144112547648,0.39420422052839704,0.5927447593526255,0.7002161363684426,0.8550073427514171,0.9802087059069153,1.0340635920084777,1.1999941630631936,1.2605755846072815,1.3698613395128532,1.3490751478510776,1.3725542305742628,1.4258740384916833,1.4855705983260543,1.4875498642114033,1.476905694889867,1.504593053703671,1.495401755911844,1.4576426964922458,1.3432828420479883,1.2458111616987448,1.3180508192356604,1.2212926319851647,1.0504260339980254,1.0328389722973845,0.925013818993785,0.8277070620029938,0.6306011215375856,0.28592154249883633,0.2513623414041026,-0.1843573802214395
4.59,-0.008405840843245405,0.24894375648747216,0.4264067776727102,0.5882819552028993,0.6899523987535452,0.8716531459288055,0.9976245308997213,1.065130205752749,1.2145219701465668,1.2504889752292803,1.2975701990426096,1.387128137349417,1.3864845286718248,1.4188040359100293,1.4818056399895385,1.5066723931808708,1.503623793030227,1.5250373727689361,1.4215408874366309,1.5053552910936698,1.319467031860766,1.2422146651055292,1.329193352140482,1.2415472516712052,1.0360111575948605,1.0060494331364656,0.8892904667065911,0.7546469996356059,0.6344741028643746,0.26372870370775026,0.2016590441380706,-0.08359173628671633
4.6,0.03819910898057975,0.23360405323666864,0.443283333603552,0.5843323675696261,0.7456261330564248,0.8716220998968963,1.035602742534274,1.1329268325846644,1.2036935062530612,1.2144651939032194,1.3535362152571122,1.390851716375774,1.485485027333257,1.4453927283116905,1.5363496764373865,1.4596473550976072,1.4885003600645503,1.4731202385575393,1.4382251819363028,1.4523543470399833,1.3670993527288509,1.228130839538413,1.2518378294965555,1.1829457209450733,1.0017947290902849,0.953904573077804,0.8535666854671494,0.7892822181158935,0.6688638802573134,0.27562030005144245,0.24606490773799258,-0.02323933175993751
4.609999999999999,0.028287002779530515,0.29068969507730635,0.42648360608257585,0.6754729031410922,0.7667806887780276,0.9532023738151005,1.0335115320565837,1.0881615752144091,1.291140337236015,1.2467179664809032,1.3345264122468645,1.3579987019197208,1.4074056978959946,1.4489825346197425,1.4715561520455358,1.497074402450933,1.4292597349209428,1.470916203720731,1.5034769751753365,1.5128506262023833,1.3764157964527723,1.2476755787684015,1.2766145788734835,1.1857031045134803,1.0611950696393995,0.9622098354777343,0.7999379787646438,0.7326296578735638,0.5063321281961781,0.19444769166311093,0.22521398332914536,-0.0659016661719844
4.620000000000001,0.017353181347842424,0.27569363875444103,0.4467799846944654,0.6835589909362044,0.7600555609645964,0.8680005840772325,0.92754110884813,1.137412119328884,1.2204037066867506,1.205495164320024,1.294796737602449,1.3921263590530808,1.474162336682365,1.4506926702391811,1.5415219191508398,1.4940558746508437,1.446780312984354,1.434379152667419,1.5276017304424836,1.4729505988139477,1.3921873786971375,1.2620831832958597,1.2633651647106474,1.1425047732306988,0.9375465695344481,0.9273816063604531,0.8582566489605279,0.6835706549758453,0.5203135809374043,0.21927198218873953,0.23031990833193616,-0.07767544229669328
4.630000000000001,-0.013982600940940015,0.3172240998339923,0.4716977173974602,0.6405548605229576,0.7418059976362524,0.9127456854254506,1.045941769083575,1.083315276032924,1.1720165321425393,1.240895420497895,1.3379352269973481,1.4193003151805426,1.434483269021522,1.4872285618871777,1.5954730061100812,1.4162322394470828,1.3854876483683316,1.488085121959141,1.5673193758930968,1.5130295252037442,1.4632646960153672,1.301297830875179,1.2633991452669417,1.161238211310305,1.0332605518636946,0.9338460425045924,0.8292228052021466,0.6903621295179968,0.5067681286801514,0.21440975005067248,0.19982113536394516,-0.06532727694489095
4.640000000000001,0.08348866116898113,0.3968185569914862,0.5877811109069148,0.6292793751405584,0.7922842846809358,0.8970474435905647,1.083255181466164,1.1520557015092603,1.2290886903115161,1.2469208643477918,1.3101013355812596,1.3556819168868814,1.3866873849433394,1.4052475033598324,1.4856759757810962,1.5254711036463666,1.521871065363116,1.5070578815325244,1.527281833269499,1.493656911833205,1.4297568112987042,1.3262029384770642,1.2835073041841216,1.1426009557208887,0.9634686269781182,0.8910055308198803,0.8101626742683372,0.6704331806774171,0.5305848542798958,0.2955379935638295,0.22455109092427886,-0.04174146466161585
4.65,0.052846586888592215,0.3525681025484845,0.5822992998164367,0.7282670657625118,0.8547223492505975,0.9013506012108391,1.0750809829956536,1.1103954877994882,1.1620620024245891,1.2988601742458867,1.3393156657582101,1.3384274410731996,1.4210419173173454,1.4234931748207795,1.4893287126074277,1.487168250429513,1.4061249066128632,1.478511094847795,1.513921251540335,1.4055578579803796,1.4168920559305387,1.2416104418176355,1.2603123775139684,1.1079623696280814,1.0420912993217017,0.8934609411044049,0.808200978679944,0.7478693428457193,0.553692796099767,0.2468791311073662,0.13658324095276994,-0.0732707600953502
4.66,0.05446998779134485,0.4169464444020001,0.5566899571497825,0.6828250272689467,0.8153340654804393,0.8888881289550313,1.0432758371988713,1.1082796884737207,1.1940880750801723,1.2383492809521532,1.313966046599821,1.3507526221362112,1.4660847347659716,1.485607303255073,1.499350510051345,1.4384197362492077,1.4065579541055728,1.4540642643258925,1.5044332905593307,1.4285643847496943,1.3965002237343263,1.2615827364827163,1.2240936210403515,1.1626381214774633,0.9798844095587211,0.8759489001728457,0.7658543515787575,0.6831823078039647,0.4464479667583527,0.21699249166123719,0.12295285645747717,0.04253206193773068
4.67,0.07456810714939575,0.33919276791940495,0.5991328135474016,0.8002439692669484,0.8462502727768938,0.8921380266341592,0.9775186511538849,1.0839973820458806,1.2327482000138594,1.2770744992585024,1.33401729182615,1.3989530826920529,1.4132456008739078,1.3824885862758833,1.4559640734312356,1.423972680225431,1.4886001180918376,1.5248517506490302,1.5473973903863438,1.3935680917905144,1.4317866040774403,1.3310167262695034,1.163980543951035,1.0585897271254048,0.9444758985818179,0.8251898173353867,0.7272508099642577,0.6354230171912117,0.45490950309350575,0.2560785585437996,0.13234715754483956,0.0041587730112374694
4.68,0.13319984844199947,0.4287011896422943,0.5129724176214026,0.7628195581048719,0.8474990880412833,0.9057839454073349,0.9842163931451242,1.1069767176938707,1.1765977016645743,1.244266813277027,1.3019157034084516,1.3513478863297692,1.4212232289370061,1.4108678111090063,1.401594207927191,1.4617085720072176,1.4596495120179331,1.5349020204796573,1.492276678001392,1.4578820568622952,1.452313022500165,1.3391535274825295,1.2417923319878281,1.1344235047394318,0.9897021769596651,0.8246369268057065,0.8282106086471805,0.6264573600561135,0.46652630049356,0.25430895142522136,0.16407221771969202,0.026146343072990602
4.6899999999999995,0.16351935839039192,0.45375798048255195,0.602181084357334,0.6952909365127752,0.822856791295561,0.9245110776104367,0.988823118950761,1.106792819573171,1.2026907922451426,1.2616118892981596,1.2692919002726701,1.3663354505178837,1.4444910736868748,1.3983986984034507,1.4670519378692128,1.449024630004743,1.4536623168557479,1.42702920001184,1.4470303931618929,1.4394936083720964,1.4526230835142249,1.2888702824545024,1.1654628180963753,1.0738865826311053,0.9994447305590834,0.847158106876815,0.7089282589573498,0.56580317357227,0.42897930624654274,0.26194242283791497,0.1742368934422473,0.06633271507976667
4.700000000000001,0.1690188934839082,0.35391167111260363,0.6313212602152664,0.6653577492406353,0.8271288433593182,0.9034220974085175,1.0366916850287007,1.1293413409064137,1.1566105897879901,1.2779873502833616,1.2824939574360186,1.378282233675173,1.353510102830287,1.4322159487407682,1.4944245456611025,1.5505034809012896,1.4769731554509689,1.461890902145438,1.4877144227132,1.441450217792458,1.447519133144804,1.3591614185072256,1.233676598111972,1.0282564467127617,0.924121369022501,0.8360057874869167,0.716887022533237,0.5877624336367268,0.4510759450688972,0.28118263516938224,0.17332943744305557,0.09332310822736954
4.710000000000001,0.19080396349113826,0.44312279430664786,0.591936295963719,0.66569058455866,0.831239572442189,0.8677133337428404,0.9855049218645758,1.1418345339834974,1.1860915669242695,1.2446760171088302,1.2860106509982523,1.3653440176755118,1.4219080569010905,1.4035574357594487,1.4193016851900544,1.499856486761249,1.472865639285227,1.4471982544196036,1.518000522517078,1.461501569798679,1.478901757613197,1.3740392341140037,1.169048641750554,1.0779496971947071,0.9562287948170274,0.8603345769070535,0.7255417663427718,0.6247100872709791,0.42194350792533303,0.3145819762761314,0.1503627226438672,0.09899282399674794
4.720000000000001,0.18346459598123152,0.4095080585867256,0.6347119877989238,0.6922456407685522,0.8491443828517238,0.8728921157917274,1.0158157399641707,1.0856171291313816,1.2319022428449355,1.3084706117865503,1.2836569789807346,1.3981489396984343,1.3819765362336234,1.4268029118162817,1.4943700509197184,1.4267118649294177,1.4358619881720796,1.5235023480596763,1.55783718339711,1.4495524308445298,1.4962238267567085,1.401533559892398,1.14893528687316,1.0922301359530031,0.9083761019982575,0.8839334243905813,0.7313946673870643,0.6164301119878093,0.43310736823578455,0.29489541875616987,0.17781055900514434,0.112532121796052
4.73,0.1932924428382766,0.38375748623353684,0.6384683200890038,0.7431173500383625,0.7793592677336671,0.9001988936125116,1.070207128746406,1.1469202301947228,1.1842165443291306,1.2768776479054327,1.265821739382313,1.424680745607098,1.41660286067974,1.4224857710780652,1.4395788354650838,1.5153227765824562,1.5066837647603113,1.4512130316248109,1.5564537623641723,1.4515323941456504,1.5034541212224193,1.4520401833622913,1.2121799245118834,1.0219669552644188,0.9217974758777174,0.8003950630007348,0.6791514558633271,0.6339082982431056,0.475232226880515,0.309370695715238,0.1413690688664692,0.17834205148795512
4.74,0.28071772053945887,0.4060215943431244,0.6258251679744878,0.7367835484936615,0.8456196907615287,0.895686483566535,0.9803327571463907,1.0796366848142336,1.2334890252923874,1.2986581608827539,1.3058740837241316,1.307329254597395,1.4331174766679748,1.4610633395663521,1.466384533543539,1.4635310066161247,1.481068570647685,1.4658670445830642,1.4999771322776012,1.4380831094996191,1.5237368675131273,1.4142006082176772,1.1739152494135627,1.0832334277779543,0.9009351526968189,0.829299934661829,0.7138532608652036,0.6154241409424075,0.40759610368870713,0.319899137584715,0.10614830414268558,0.17513432637884083
4.75,0.2283785369122967,0.3593733581959539,0.6268989622055403,0.8093307265035604,0.7896186613967244,0.8870951258977563,1.069222927630035,1.1437198428013442,1.193830877054267,1.313612993880832,1.3084601188012548,1.3491534811101278,1.3583519617001982,1.4170913672530203,1.4805177805662082,1.513885841587414,1.4093030915010973,1.4171356243305384,1.5416318926506747,1.4335330078622723,1.4941121197890501,1.420729249282781,1.1298425894909077,1.1046550746167674,0.9694026870506632,0.7909905723133261,0.7361967939446906,0.6536731054348541,0.4768698418021954,0.41816498264558527,0.1711009337670178,0.24543296813141777
4.76,0.20371050906502003,0.39183979007974323,0.5922496957674721,0.7214329987921868,0.845409595684809,0.9378631839679642,1.0680101967682,1.0765864380095662,1.1890073153010543,1.2445526266926303,1.2818558428419808,1.3330441385127283,1.3559135446420643,1.3982470233814137,1.4134655657791402,1.5051493325382148,1.4920637150336389,1.5098130224923811,1.5585481226849613,1.4272427982916238,1.4889855085333448,1.4661130712126507,1.207015492891829,1.0829604554600885,0.9074119125204815,0.8442490831712414,0.699477246387065,0.5949912055508825,0.436842790517514,0.405677101864542,0.20363793213237133,0.25424533765922314
4.77,0.21313933961029846,0.3502005512877898,0.5930287158919816,0.7341515536082571,0.8142456700396306,0.9201684375503254,1.0143829852708317,1.1239988186526952,1.1736321352901238,1.2591563360391778,1.3115701968877143,1.4046701446076442,1.4151947133824272,1.4551510074597584,1.4531888304470966,1.4851363147836796,1.475031339754145,1.5000281326334906,1.5373203461811824,1.4080016933272521,1.4980411254479267,1.424067767493643,1.165995864582764,1.0272251827059218,0.925006609586465,0.8014273906925828,0.7185718518045038,0.6346420908068985,0.45886533799912,0.44454953138795805,0.18547164861236826,0.23572848456667783
4.780000000000001,0.25609576657268224,0.3101334490027053,0.5793025823475574,0.7694843435178234,0.7605606237280873,0.8941037794536281,1.0040060943847342,1.131440839301103,1.1370570612126414,1.3114375431793754,1.3128299976190496,1.3710964538308346,1.374719301853358,1.4537205284134675,1.5033721028104194,1.5793574409056652,1.555289156923772,1.4582414249611013,1.5208489181342724,1.3558997430790787,1.5677627027382453,1.4592554069598327,1.1425320667667735,1.0176052371169129,0.8951047757029549,0.8165469487681968,0.6893238857941403,0.6134554331812648,0.42447232552612957,0.37038745209777413,0.15419777176549687,0.2434920592335477
4.790000000000001,0.2512035007410913,0.342458307707415,0.6045730103042642,0.7008090180594235,0.8088239040000165,0.8350992439957419,1.0132674135316566,1.088133678875599,1.1897964179673808,1.1942214880496471,1.280533549052802,1.3582386431618132,1.412507182012896,1.4090890023136826,1.494507627040027,1.5368403407393956,1.4563858659375295,1.4583594470910628,1.4888580734591974,1.3965200964134366,1.4903816713406126,1.4476765690488085,1.1288637493769902,1.0532007173982194,0.9855928952467818,0.7545275694376289,0.6860539200699952,0.5536205492060817,0.4227612263052663,0.4048229755239514,0.17418876324577345,0.28401530032708794
4.800000000000001,0.28955620053954845,0.4070831039257749,0.46656759305047885,0.6448914179850579,0.8199622236668161,0.918734065923284,0.9969565660523695,1.16522262541774,1.229806699196922,1.2797088267013246,1.3219858397396758,1.4222429474815343,1.396481833797799,1.4569518321727288,1.4633791041600364,1.5177871195837558,1.5620458851709125,1.5069321591631317,1.5048305117928773,1.4065676992209757,1.526327244418812,1.4927561047616045,1.1683399550526194,1.0140738007336707,0.927613153653814,0.7915828505308389,0.6638885726301345,0.6089274559441094,0.3745995898706318,0.4490914311290828,0.18527105893432386,0.30708633789552536
4.8100000000000005,0.25870065415232885,0.34401046946048497,0.530383864289989,0.7320352258308997,0.770379724168962,0.9432347223647511,1.0563362395298532,1.078526081465088,1.209732442181687,1.2619586398733451,1.3567502831359695,1.3992348211783527,1.4413613156094975,1.4895455164693283,1.5015902862000283,1.5372079206193854,1.4987049304559696,1.4623871185360684,1.4673318317460746,1.3889123554724139,1.5216594494230944,1.3867491195115758,1.1405501392919937,0.9769419706415566,0.902140450273209,0.8109980354152754,0.7296460932555884,0.5827642296192438,0.4639488532460126,0.4524710369062187,0.10604609224608032,0.2510471674771438
4.82,0.24718602194271827,0.4240414293184778,0.5724411869400872,0.7365785583629068,0.8733405549074045,0.8670825875579592,1.010157095446448,1.107528874600807,1.1825137002515214,1.2908570507757302,1.313265268077332,1.417029418774115,1.3933230994539483,1.462519658796289,1.4295327724948048,1.4921856879092228,1.5118364711390004,1.438130983357515,1.523602349941864,1.4295613791684132,1.4442720147105295,1.419581253102957,1.172754505521842,1.0856843862724606,0.9313395782447409,0.7729154257788461,0.6413586425888174,0.5452707828724889,0.39882168162515624,0.4784149811994604,0.22522988596815824,0.21398894857806627
4.83,0.28116886902972843,0.388305837742948,0.5648128554218693,0.788808366671834,0.8025924777743626,0.8743105729216919,1.0002630578482516,1.0985160716236675,1.2259740042261758,1.3224006243363577,1.3619329778870597,1.398800772784939,1.3881297337961673,1.4389255064610957,1.4697819813723567,1.479454386397066,1.556724467516791,1.4379315437171685,1.4574882877574569,1.295870519788145,1.4842888506288137,1.4602924169590572,1.1146330247497918,1.0437521420634084,0.8687970924338092,0.7921774697057428,0.7327967119923265,0.5651036099407695,0.4242776658173817,0.4655641826927648,0.18058546688048766,0.2639410252737586
4.84,0.25207368927218615,0.3532532891609622,0.5412506700536193,0.7195344109951577,0.8467726746495925,0.9941720268440997,0.99158934342902,1.1295245924623776,1.176485096466172,1.2600645266452462,1.417854683556629,1.3564219284051233,1.4622901936227453,1.5361077341564475,1.5409458901888062,1.556064730224598,1.5575516097256155,1.4861011044330086,1.4612268680768257,1.3397378706814815,1.4542238223608106,1.4092190085565435,1.084924672309047,1.0165047236176445,0.9050391680128743,0.8302335290346294,0.7356247752387222,0.5782224716123641,0.3904769847946186,0.42319294930382284,0.18595646466322752,0.30715742014015934
4.85,0.2581916140484697,0.3450114802120138,0.5759480220621227,0.682545575818815,0.7421893403939879,0.9244500827340534,1.042496302685207,1.1022725751492572,1.1976574475896427,1.2478172412123107,1.3524082173220098,1.3707692159017841,1.400284018826366,1.464912349927813,1.4663151130226526,1.5172147562340732,1.61431623419361,1.4805230730269494,1.4660961705450186,1.2748666275609368,1.4032564769244429,1.4198438941546692,1.123171928197937,1.0971960946143962,0.8814443554236906,0.807277439736117,0.7286292976188815,0.5543480603703509,0.42203401213973335,0.4793264938551296,0.17341457127262602,0.239366808478937
4.859999999999999,0.2808006533552803,0.33166889337181854,0.5267416783241233,0.7145919827263526,0.8451126375271476,0.9688950229020675,0.9929037392495169,1.0463978314896085,1.1741092705100213,1.2904032837271757,1.3068445869459193,1.3974168285183024,1.4535462219657331,1.5051431637979282,1.4858863578045518,1.5136772808860026,1.5524682639589673,1.4357842100745681,1.4378246012771936,1.338663654384768,1.4123034766923401,1.402856018415049,1.1330243278005525,1.0576532224043116,0.9657372830139207,0.7779984651866927,0.7246119657455414,0.5671331992832565,0.38327459040041806,0.49237544287411494,0.18050950288791967,0.2273285235941176
4.870000000000001,0.2538732781359836,0.3662222860956992,0.5716197217301966,0.6890526724491831,0.7464456872888513,0.917952842997845,1.0171924644411994,1.1411944318710148,1.2123784309877603,1.2896926619299005,1.3082921158280334,1.384070678062529,1.4756180823845781,1.4935481961600927,1.5364014844042428,1.514148093699658,1.5661182170653487,1.4372291285927181,1.4558566718715196,1.3110498044932586,1.3747140660320039,1.3228631567034808,1.1179940033093898,1.0106465221969652,0.9163178710714315,0.8657210185901647,0.6910098046909414,0.6225733473849309,0.46097410184068793,0.5210030103547428,0.1940867728081304,0.1918063068287028
4.880000000000001,0.25717801685701963,0.3436537667113146,0.5273612357617443,0.641865615138257,0.8042585481184594,0.8903095748619672,0.9971360959283212,1.1290647929032587,1.207346196400908,1.2279532854545032,1.312028548840754,1.3876522117813228,1.5008703992911414,1.5012533198323144,1.4738845845256496,1.5468695158520682,1.5241023686732689,1.4598737035933316,1.3979824688605142,1.374810455844718,1.350170192310209,1.439769535305748,1.0790212964342754,1.0381640376658303,0.9142464963520294,0.8461965324226826,0.6891249460024288,0.5751274902455349,0.40531487335185484,0.5859491518534423,0.15923788530211505,0.1855968298120466
4.890000000000001,0.2748500092797885,0.38794737912882876,0.5509551431341604,0.7010232900267477,0.8125796809368369,0.96930752570721,1.0307531783127653,1.1381902297131021,1.219520015239185,1.2792207525442332,1.4228863820093545,1.434021585844155,1.4338075198899924,1.4419607059413544,1.5347722868162896,1.5154715888142234,1.5182366744650089,1.4619876557540021,1.4104941244423197,1.3093441060130249,1.2579810408519931,1.2845130463205745,1.1067116448624552,1.0670028964219311,0.9876995792231728,0.8179170085947366,0.7275952053304977,0.6019886833236183,0.4359741674931403,0.508029179999982,0.1507794689252324,0.1680014791045127
4.9,0.29543615830190856,0.3512823885319586,0.5101386103798389,0.6674335914444547,0.8169848801485735,0.953167891944012,1.023108034334715,1.1120463091844641,1.1688995959436637,1.3119971611528831,1.3069626560723409,1.3803122250381448,1.4364085689964483,1.4892474853877136,1.5162821835700213,1.4959250888099593,1.508095548768228,1.4229873281891974,1.3583680501109137,1.2901566005739926,1.363817872896301,1.3180851134470395,1.1348421936021602,1.0682493346820205,0.9515723807709663,0.8477049962660584,0.75433428342954,0.5711047973937884,0.45670409403334,0.5416091185887765,0.16052522409481282,0.2324763519423919
4.91,0.22158984628309122,0.36570892098104907,0.6086440930028716,0.7359363393794951,0.8666577907467848,0.8954930661628678,1.0172451146462245,1.1544535681485142,1.171449251502299,1.2667491491659426,1.3446032533552925,1.4275730211482414,1.4265494580703098,1.4372928367321112,1.4564827954355068,1.4992490916544927,1.5586187311637894,1.453255241284354,1.427902188576606,1.3209643200775,1.401523823069159,1.2664610947323958,1.1070970473189043,1.0518475003493415,0.9932324972417775,0.9065955101207326,0.716837298519916,0.5881250682183116,0.47880262094528253,0.5855559754566724,0.1376426132045762,0.22721646030549206
4.92,0.20377310534116175,0.39058763660679596,0.5372815107998418,0.6716686205671156,0.7575655049726245,0.8806423563826684,0.9862237924399703,1.104872371932562,1.171897024982395,1.2727618040648918,1.3272619797331633,1.4413693264490053,1.494181529554528,1.4060121883026218,1.4638977422124788,1.5789297182719522,1.432720563523572,1.4267044877918684,1.3490515164042318,1.3394838030272138,1.2941267162758203,1.258528639856875,1.115382468447756,1.1073660846877784,0.9596410510642972,0.8301090246203416,0.7782059135738023,0.5651475453287365,0.5469584439696344,0.5492678140327258,0.12223725538791319,0.2299028844792258
4.93,0.2022873901026413,0.36938063486788364,0.5449445760590372,0.7412289311293411,0.7561662578282771,0.9088193819967854,1.0493021959315867,1.1053541604867687,1.09488607017945,1.26322292226441,1.2841424384460045,1.393600250057631,1.3795210734048002,1.4444939928731146,1.4439654573283371,1.4588756335763533,1.5302894630995554,1.4643082864423653,1.3570731481362936,1.3165336519877198,1.2763864535957352,1.210741650735931,1.1362145462277924,1.0864246195190108,1.044289710929047,0.8985852770528915,0.7725216088216578,0.6164739263210846,0.48189935851148646,0.6365170998053312,0.1859766834194866,0.2015329832642784
4.9399999999999995,0.2478945571484752,0.39819801559445783,0.5539745412259638,0.6325928049009286,0.8067580048576015,0.857045395320439,0.9853146379762133,1.0660010057357483,1.1116165587241809,1.331826006328364,1.25400930691288,1.3233542793126702,1.4331675079511301,1.5504951731469745,1.5044088123443875,1.4716204080337527,1.5023474740082023,1.4452751132224642,1.3390776127197086,1.3667856062838286,1.2723797004190494,1.2612387025250098,1.192699612739236,1.1416674530627784,1.0580573163681088,0.915274523897717,0.7520589308462483,0.5800196241330997,0.5103008045360543,0.540620782771496,0.1472143409743176,0.17881402893376488
4.950000000000001,0.16868607653569026,0.40461246654251115,0.5024585311051448,0.6721746293554827,0.846287734129054,0.886379461578252,0.9769697578537377,1.0464034026076574,1.090927896887711,1.2558946475587187,1.31313310954436,1.344461112080019,1.4316749471806245,1.463124594870927,1.4795271028626247,1.4520362001204319,1.471605238484703,1.5027322253043476,1.3920650158910064,1.4329081965158987,1.3027998581865121,1.2655862031352274,1.2064302831573621,1.0876062026710385,0.9675317922738665,0.8964243905843702,0.7569629268391638,0.6221390306390857,0.5505624447391714,0.5583548062009625,0.15975457726631453,0.15019963689905358
4.960000000000001,0.18042260960459883,0.3880707737969347,0.5278110762017014,0.659928693021196,0.7977586941582044,0.8677215664332889,0.9210263176671322,1.032143905892371,1.128031311354791,1.2467408447644222,1.345535318668148,1.4169836526510045,1.5256478130291868,1.5082724998228862,1.4824895163892473,1.4776801759148528,1.488757138911132,1.4669285372611534,1.389884572698891,1.403991164050416,1.3598484545221947,1.3100077408074906,1.200332908414818,1.0987671507022827,1.0640129385894048,0.9405919843435722,0.8029981337800838,0.5612176199395444,0.565947258829112,0.5907038911558337,0.2063218699142306,0.1546552750199159
4.970000000000001,0.15432158151745856,0.3707294391122034,0.5215650418442243,0.681396493090041,0.8020932295917926,0.9044493436001162,0.9400247757774303,1.0161991467004032,1.1262407949940818,1.2970384716098402,1.3226362481599754,1.4457384813390544,1.46275593619075,1.461727660301198,1.4827376803163017,1.4981351029634826,1.5009019630620144,1.4855880980818192,1.4500048114011928,1.4229855102301479,1.352260806703444,1.26747705841899,1.2250206627145572,1.0760983707548375,1.113730134289348,0.9650571162433097,0.7891707570770689,0.6217379627273685,0.4880216376555323,0.5494862574816922,0.12628704519291464,0.1253825310139775
4.98,0.08492615655641486,0.34895111447589383,0.4637404159467995,0.6598251313943663,0.7976416604538581,0.8838056692390668,0.9125630012145518,1.0535045138986474,1.1577497530172587,1.276643702240192,1.403093987261767,1.4041770935188398,1.4254237198156374,1.4845100306959667,1.4797604973035852,1.4534190714062978,1.5081200180015402,1.539931631146955,1.4212381201125002,1.3714815050678257,1.3068570075729393,1.340912771553227,1.278311192771014,1.1362261987911237,1.1168426627369086,0.9056598323105107,0.7896251806081587,0.5761010361310474,0.48001215212043935,0.5057386626356054,0.12691304444402174,0.05973344913637129
4.99,0.059788577699496054,0.4394450398129918,0.49916380186625053,0.6503341940826682,0.7698941956270469,0.8597868912262544,0.948001955547329,1.05837897869126,1.1682662935448485,1.2609447551591584,1.3472458055952499,1.3847513806877605,1.419504965521775,1.4161573304935262,1.5035618058146445,1.4066174836444862,1.4910517710280211,1.5185718976197047,1.4023044161286318,1.4649819417767993,1.3009543623961117,1.2987388302941874,1.2810440737742652,1.0601121150566675,1.0974109300606005,0.966497391770875,0.7766157281815732,0.6143113769951812,0.516640011685736,0.48770979728892,0.16533148939653586,0.06426485611442993
5.0,0.06182789991860671,0.4458107692105318,0.5146091922546947,0.6808862544154936,0.8158878949537025,0.8259136375031565,0.8849975058570134,1.0808811144887556,1.1094162096748181,1.2471501338196402,1.3369180771151599,1.3713622744873322,1.4043753660245055,1.4473246643378734,1.4367405537433935,1.432769282948732,1.4476111483995535,1.4707324723134891,1.3906920751944363,1.4446152726667694,1.303335273625297,1.2279115825359195,1.255815480545682,1.0709150364474662,1.1111018416110268,0.9239065237263338,0.790377962037115,0.5838571374326362,0.5342794520051701,0.5440426205224389,0.18733670659278162,0.047824095669502756
5.01,0.07525090834941894,0.4600739865275506,0.5635770972807016,0.6025676325742987,0.7717268166701963,0.8799452079650562,0.9255041687639133,1.0143073751347464,1.1408507163857176,1.2142773480385882,1.3609852823916182,1.3915647479381539,1.4418497795517027,1.4664191259283093,1.4983925492371826,1.425031757116347,1.428448533174191,1.475896116975706,1.372674842976062,1.41801694418351,1.3036464299181423,1.2841839363090275,1.2620300876808588,1.0510801074508132,1.1979655897471193,0.9524212933406392,0.698413848272585,0.6152712808430676,0.5211228925423197,0.5235192938781468,0.15301717236609735,0.08971119596057708
5.02,-0.015931969203946447,0.3896077297155659,0.48713141928891407,0.6095320847168192,0.8543196496058791,0.8312457736203311,0.8854346647889948,1.0090182245686585,1.1123918500268852,1.2573428783414606,1.3263966741358535,1.3703050648340729,1.438247890811831,1.460529951761,1.532953012525646,1.4327371031502913,1.452540452181048,1.5269514778133664,1.4284596232488236,1.4083571694390393,1.285108024876014,1.2753023516016782,1.3437926406487632,1.0815844173500393,1.166880086403532,0.9600205932907714,0.6441263258029593,0.598605281587654,0.4716476841059548,0.5510403789503003,0.09708090025511382,0.07991569088862248
5.030000000000001,0.0233947071342432,0.3177948337608608,0.5366743240706753,0.6270496971581259,0.7807591493530797,0.7918519649222673,0.8906313371572049,1.0028203541756513,1.1477926770906473,1.2559105980592373,1.3414031303364702,1.407719076255683,1.4561145237844624,1.4908603521991166,1.5470826759618048,1.4472633082580877,1.4270891110302064,1.4776996935173488,1.4805824727444352,1.4674122558945362,1.3618008153525245,1.2749444999677562,1.2841447449738852,1.0367334385536744,1.210633692978362,0.9617942944366873,0.8134833525704371,0.5320383101827759,0.5745569080970563,0.516910481165582,0.1706254015070616,0.02245572448565698
5.040000000000001,-0.02505344078796395,0.349784475672154,0.5081196999103286,0.6650502854445335,0.7727968784580975,0.8326655505980809,0.9148559505540934,0.9888836456087402,1.134539526425937,1.2068663992060102,1.352335123587381,1.442018014183194,1.4633297367178528,1.47675161794809,1.487925379347627,1.4445930105623719,1.4630050686517615,1.5387187558693098,1.5053593797046394,1.4499015752421942,1.3163285977275119,1.3065554100424173,1.3399780123413394,1.0479819061807034,1.1450071006974956,0.9295187491756157,0.739458902041281,0.6157558384696531,0.522821317537547,0.5785807978251516,0.13868191445992,-0.040159065400058404
5.050000000000001,0.017916355996302438,0.3726527202494307,0.5255364256588393,0.6481062758122574,0.7634867901079208,0.8100955401192013,0.9033285777882576,1.0130452483525778,1.0776306482786109,1.2361466089438078,1.3040397634674397,1.36815370118915,1.4451538383223999,1.4760174296985507,1.4879381707712214,1.534147760729501,1.5086177213335283,1.4993873683571957,1.4254833064032753,1.4177812236278877,1.2988119238831681,1.2642217971586525,1.354379227579625,1.0365248366201505,1.1496016750712263,0.8585221264852183,0.6843839718989695,0.5824202419106003,0.4541718515649855,0.4980335668101595,0.20250370558874842,0.054687450447794834
5.0600000000000005,0.022322802328709562,0.41212883662303856,0.5264362730042498,0.6803581017749493,0.7779411393280496,0.8150160392870773,0.9327627206652026,1.0723570677724228,1.1363188609241144,1.3063925203056692,1.3185598536611263,1.3447825535857076,1.4651385934316574,1.4835871679701265,1.5687898729483076,1.4598187261104958,1.5397031997645287,1.5002773536705056,1.4783275603288841,1.540374996905427,1.4248569906162214,1.2166113858608172,1.3184153233497897,1.1119038620793167,1.1177625610082285,0.8706495709717493,0.6589595996889667,0.607076042978325,0.5301031266578294,0.4511195751329589,0.15098295024135555,-0.07418066455204834
5.07,-0.013433569501292663,0.34604385867510773,0.5097374873748179,0.6755044690476374,0.8215276115090824,0.8325996827375722,0.9189217260058804,1.037495002706122,1.161514305257481,1.2245508675609953,1.3083176801701082,1.4283020520229581,1.362578202863708,1.430501026391243,1.4505026853069196,1.521160438671293,1.415585843135637,1.5107919814426973,1.4597470717669714,1.4329475724154923,1.3300843745219066,1.2725503245582048,1.35354723882579,1.0423581858258288,1.131767803478656,0.8869183140640564,0.7473455668586777,0.6567128931983118,0.4827872123807478,0.506390219027121,0.19307730377876448,-0.07586198884232337
5.08,0.007378832565016941,0.36060244520976903,0.5037332982047013,0.6716210099672498,0.7108306415485391,0.7546477205796351,0.9003997541637749,1.02466915939037,1.1084718480616318,1.2691668010008446,1.348220904477379,1.3850572227836628,1.3776165907923485,1.4244884116217333,1.5034486538928666,1.4295199710882736,1.4857232830124802,1.477602519332596,1.479968005508001,1.4451730516612007,1.359539383458262,1.3270554535984707,1.3123766427220238,1.0412087624729718,1.1349312602577022,0.831658292213827,0.754611239831507,0.6495556920028666,0.44372688945713584,0.516412608694602,0.21945461714660963,-0.06831380404067461
5.09,-0.028705741347312966,0.3256780854930163,0.4927695360209963,0.6614485868312882,0.7585232424477265,0.8263087227534062,0.9120112478938807,1.0307334351252935,1.1304307846509065,1.2629986917570644,1.2722880176468958,1.389558442324304,1.4514432563797233,1.4019019435928777,1.474033619153265,1.4455232594409426,1.485560540628904,1.5302592015208885,1.4637453399361886,1.538308240772078,1.3828685785380448,1.3202078637973214,1.3218542765876276,1.0695056931073745,1.1769333096208503,0.8814115719651512,0.6735064762321311,0.6459455163099477,0.434774318746565,0.4912353801250588,0.2287219199381923,-0.029761988347542862
5.1,0.02206294744927558,0.29108664129658396,0.506631684193955,0.6721694423337977,0.771206810689659,0.8169381219844053,0.9216998011352437,0.9803913663380874,1.1456837630607124,1.262633641569032,1.3167814738483223,1.3137891469163796,1.4363510655287064,1.4549471774435019,1.5183935674950861,1.4504626309323143,1.4867156345446626,1.5060001109417869,1.468293691134438,1.515054771296419,1.3359476814300117,1.2911979762691055,1.3022255020482107,1.1116658117748772,1.108334751134203,0.8855049870767202,0.7343731492458054,0.6343190045015639,0.4562269585336083,0.4874239076420218,0.2237166775498711,0.000518417222895279
5.109999999999999,0.002660088032439209,0.2998178116420899,0.5342664167928582,0.6565130488037353,0.7460873286854409,0.7868831328965876,0.9263640157217231,1.0128045047542429,1.1410068925113008,1.2763058309088615,1.3081875830205845,1.3842215342881565,1.4201389439918333,1.4408558834076108,1.464985269486956,1.468977281676895,1.4447149613789618,1.5035044029958256,1.4440718571359874,1.4361849608053927,1.3463101147493537,1.2849841004001086,1.301150099584172,1.0694237885654316,1.113593862545619,0.8613174010890995,0.6943287451029501,0.6838738912110998,0.5310124250342114,0.4831540168133037,0.2759955360861643,0.018474466688780142
5.120000000000001,0.04755937323873628,0.3021185039998153,0.5390706303280886,0.6389067984475498,0.807328637350724,0.7360169435213555,0.885629617291759,0.981706638232625,1.0524945220726067,1.2407764227936031,1.2987286757235827,1.3502543868826977,1.458295191961897,1.407635547311368,1.5817025508761864,1.4855491488407517,1.4701307914738182,1.477670230998532,1.4277494777606452,1.4572850189505553,1.3927051980569256,1.276757849524158,1.3172906705936671,1.1347626310375212,1.0937621093259218,0.8868804436361036,0.7756763641959853,0.7303436343328704,0.5175170338494544,0.4534098710701217,0.3438065354127331,0.006220673952068872
5.130000000000001,0.06468228640320081,0.2911085651745647,0.525717431373608,0.6406810440064866,0.7295065489305254,0.7921742286093936,0.9598580762213007,1.019312833799658,1.1005672444781645,1.2028244269463693,1.26201098460495,1.3169586107746858,1.3986691629323016,1.4817414682386383,1.485079334377207,1.47520690645291,1.4492300556119402,1.4960097700993995,1.4547553606148225,1.4348698609155268,1.3599663865076077,1.2577513227928963,1.3207972934291576,1.1640327819581187,1.1493322488273443,0.8830119624470466,0.75684429024656,0.7760971509338068,0.5208788972270979,0.4570709516351804,0.3635259300611227,0.03829760606277863
5.140000000000001,0.027318928538121935,0.3036196700151538,0.38676735474440116,0.5831511759358277,0.7442520155678645,0.7506740537340535,0.9163315689616958,1.0360997048605953,1.1202283209085346,1.1933814835859764,1.2529220038104918,1.376884213098771,1.413259279183862,1.4148875414688464,1.4956621247384512,1.5243329067749458,1.4718714699476312,1.5176042069693,1.427306600702617,1.495548496929811,1.3800547946139188,1.2918734490613013,1.314791103068013,1.1303169612353825,1.1238166299451702,0.9088860147389014,0.7928328931493307,0.7757099845542305,0.5799453711732386,0.5372220460716588,0.3477160152820996,0.03820924500620259
5.15,-0.011410402802660102,0.25042064090864374,0.44736047170351095,0.5414080936681335,0.7276718630814646,0.718668864514883,0.9185986737411987,1.0133311312610542,1.1626422092655961,1.202740990781376,1.3356218687743606,1.3315805952568973,1.445184008341005,1.4462720828262912,1.4964903400257847,1.490700428772744,1.5156365021739369,1.4987012222577922,1.4444838575862744,1.439664437196931,1.3395736782937304,1.2790699581065152,1.2489400651235094,1.1443381373257502,1.1074568566774659,0.9474931308095251,0.774371226302609,0.8575182722459547,0.5531732063896195,0.42901512407659337,0.3701223133874717,0.03658110481854169
5.16,0.03314223838396933,0.2736048165021663,0.4496082976362799,0.6143470307479418,0.6676734137061362,0.8051524622471289,0.9729194108644899,0.9915158541331415,1.1426140264002091,1.2207537010050042,1.3235716963491724,1.4192996712470003,1.4164918404000992,1.4255891876945594,1.5163219893550366,1.4396378795695033,1.4898687668395867,1.4935162670380955,1.453326802440583,1.4028497837561502,1.3855763158462844,1.298049510680289,1.2508199262180277,1.1467989289376348,1.1620487418420513,0.9872686186535098,0.8514545340208955,0.8459480135411744,0.5760623156102256,0.44216785232000905,0.43162808073278636,0.05096426978195767
5.17,0.02383888536902151,0.22853213329245547,0.37703239960611556,0.5223618687884288,0.5992417276573131,0.728027924663322,0.9534770580647729,1.0088238187984158,1.1743719265382608,1.179448724931749,1.2382144312292742,1.3122508453572066,1.4187629366108634,1.4329034202586124,1.4797966820415893,1.4828225634249508,1.4658736594707726,1.4984503827466549,1.485146692583317,1.4560812172650512,1.3761334771002875,1.2117764168003464,1.279182182168263,1.2352930001422322,1.1760422480001316,1.011069453613494,0.8598121652340563,0.8867908311202457,0.6902403752147375,0.49295637934102304,0.42781589985601104,-0.004141088027537799
5.18,0.016292949728263985,0.19515088981883602,0.3374185055002039,0.5647822940749377,0.6776669512627918,0.7462664139696485,0.915763315953282,1.105495397097241,1.197140472565319,1.2762257590020614,1.292312702024541,1.3526692425297575,1.3845739362154785,1.352376825967164,1.4099244080016997,1.4458634168705813,1.523364267206547,1.543362827612637,1.425338886191844,1.4370685942077766,1.383767388325002,1.2858643098614682,1.2950658683460483,1.2592854411803214,1.2132272305767435,1.0216521809844998,0.9126901410208015,0.9016663129595067,0.6204240084759204,0.41029567448540305,0.42214963970849445,0.00302942531681435
5.1899999999999995,-0.02371561347608269,0.15148921198369106,0.3605794131256785,0.4951249240541078,0.6630668366607919,0.7138750476819931,0.8810669621002585,1.0443435537309913,1.186057151931642,1.207037808235555,1.2904464787901175,1.3365510730721848,1.3994119071308375,1.469264498616428,1.5136176694277153,1.5239619138205835,1.4877689413014246,1.5075461727957,1.470549128354623,1.4397005364505246,1.3955590868565628,1.2667682980143424,1.2982456191305043,1.2288827716157849,1.2213292161984581,1.0266621815418897,0.8910028417342097,0.9261328955768015,0.6041328801586532,0.41707309693993444,0.4664799003989142,-0.04128500200379559
5.200000000000001,0.028200106750895317,0.1735018524095069,0.29992140632781095,0.448834663131788,0.6852928181513711,0.723518564154457,0.900391668228908,1.0115706807560303,1.1972071641746758,1.2175852441805104,1.2989999370400902,1.3470127857022087,1.3764901726751613,1.47339268625266,1.444523063457323,1.4907452184674554,1.4310020400419396,1.5134362399395729,1.4696362813886326,1.479336529463692,1.3902905038531272,1.2977919774667965,1.333813542154023,1.2476257591063364,1.1897260814525183,1.0857080225689966,0.8951195433075816,0.8888100696291292,0.6876925329846225,0.3650653132716327,0.5177803955921333,0.03704561657547644
5.210000000000001,-0.048672503898266335,0.0640988330088883,0.31147879652518135,0.4423126489825034,0.6124743604434815,0.8453159393002935,0.9285713454077992,1.0984301161549241,1.249565473521178,1.1885308535651997,1.2529927493129656,1.3476707501789258,1.4016063035817419,1.4651698492487426,1.4942962421980477,1.4820129063910403,1.4995158278497294,1.5310123980483217,1.4918282256670634,1.474673128837105,1.38218579602823,1.3351415959749098,1.325815908354752,1.2116591425871885,1.2501156888734477,1.058781497328656,0.974793448365973,0.9325422673416746,0.7005085896036465,0.34494794176483257,0.4630201803013228,0.040946910297271696
5.220000000000001,-0.02983979933294579,0.10419444523470889,0.23944970480921712,0.48940548172947534,0.6277848053446214,0.7387722750350597,0.9829827214977305,1.0624217092890391,1.173216997649398,1.2369256066670715,1.2466050322580098,1.330816363939431,1.4508447444793484,1.5079969234193071,1.4615129506835902,1.586606319521676,1.4909973221881954,1.5046151276796824,1.5327735200480577,1.4567290576172585,1.4018585923067908,1.3192916125757315,1.31215879336147,1.250249847269976,1.2237827033346669,1.0917136987760727,1.0309085973297871,0.99211793467437,0.7211131158789686,0.35199208780716784,0.474643935947009,-0.004073486472865541
5.23,-0.03683515002075128,0.046654727195276566,0.3437240676272036,0.4976322687698608,0.5933757620518886,0.8093970566423715,0.9452200718850712,1.057101371536207,1.2001291921498747,1.2531262679092765,1.291249256182757,1.3377590856685002,1.398124248959557,1.4606082456372587,1.4564758151996167,1.5369303903233968,1.5284613416785435,1.5448772710762038,1.557064502958676,1.524420752111541,1.392742056527606,1.3085706310905287,1.315763360849759,1.3031816832741427,1.247996018365054,1.1061097853175046,1.0017803331904755,0.9342720814473713,0.7107032491824697,0.3714331955822987,0.5037719245667681,0.08637761133775015
5.24,-0.048891078862763594,0.06484015625598089,0.2839358084507866,0.4399112584999422,0.6224044036334773,0.7348496254779548,0.9782764244109763,1.0879389931855021,1.2034268919557538,1.2147021971005865,1.2739028478552374,1.3686613626037578,1.4558870901558727,1.481495919272762,1.5133884488698544,1.5368732289806495,1.5246862520049775,1.5496402269031626,1.4935861887943904,1.4703519339435285,1.3849326503511201,1.3578626574609236,1.342986617091432,1.253207202216477,1.230549896927199,1.1167196197308906,0.9819712116349013,0.9841151595610579,0.7159992938724393,0.2677816036768871,0.46108368022659785,0.05886584311714321
5.25,-0.04629886119946055,0.09901619043599055,0.2901607085903187,0.4666348787420883,0.6390566840793525,0.814588684583528,1.0142045889668432,1.071370849247788,1.2152940949202071,1.1912331720541187,1.2420545935854492,1.2821084796773616,1.3477671507991615,1.4720529797495028,1.4984713365149893,1.5401648483706438,1.5232427156816801,1.5286707703624964,1.5419447067286827,1.5172448194127732,1.4405895964642017,1.3419175293138266,1.3580328974207951,1.2543083662245673,1.2593268954108934,1.1216828408276862,1.0278232787147472,0.9721155511425492,0.7555873718411826,0.2649015408455387,0.4699222352771112,0.018253317666291555
5.26,-0.0639645946579811,0.08924248623438784,0.3000028603743798,0.5024130678275829,0.6539485572265495,0.797756883703065,1.0558878083913295,1.094177175915449,1.2671625590613411,1.2718355428536365,1.3304905134383942,1.399894181818465,1.4242179821287828,1.4462200305991797,1.4446132428473415,1.5046126770906265,1.5088670126155657,1.5661200199750613,1.4905757934229846,1.5597082947933485,1.4688553085191054,1.3952946597860798,1.3627773209631164,1.290886757747535,1.2514046906960123,1.1668215343273691,0.9792935481114805,0.8862736217808336,0.6745501999472342,0.24905065750003502,0.38571819616653785,0.06376194797684133
5.27,-0.04811650513660171,0.08547632529190102,0.30411626216077353,0.42753689516219745,0.6032863417392607,0.8683872045814088,1.0309269841828272,1.1225181402580229,1.242189169433097,1.243915622368963,1.3069071501022447,1.4232068399124187,1.472479459113531,1.4940557491821773,1.4601848150785322,1.5423358384055046,1.5416489490642005,1.5433617011815985,1.511186961774194,1.5044473898040251,1.4615630050373687,1.3327489120389449,1.3713051180867604,1.3267589026713527,1.203030924552208,1.0479460908659173,0.9978630008363976,0.9267475302085896,0.7253205510910531,0.2219065774530978,0.40866974026159597,0.13938965172903478
5.280000000000001,-0.0353049554884846,0.10799944426942769,0.28194298645377397,0.4781876731394354,0.5873678728395669,0.823428510003025,1.0705185181933876,1.1117959887558444,1.2026779096783355,1.1687814961891023,1.2406113081176084,1.3739916615922159,1.4124626633159605,1.4965502135031021,1.4738377656899315,1.547546195660287,1.5966695746416741,1.5163118650283598,1.4499312807086233,1.5275787291601584,1.3945579353169704,1.3757156118299894,1.3545796534328767,1.2973693818149241,1.279813123866275,1.1927910082578677,0.9821725374077354,0.8859080825959806,0.694322826998472,0.2099771828954246,0.4153146115511419,0.07812877365028424
5.290000000000001,-0.09251064424800709,0.11902478630577881,0.28718685299798813,0.43910111662027057,0.596657618772355,0.861594955820534,1.0053765277763238,1.083279645883627,1.203282179711083,1.249391539518367,1.2859149380993793,1.390869869211258,1.4152595303977733,1.4806775417964277,1.5040472337479869,1.5265836419407035,1.5331664347371963,1.5076512530549755,1.4859559331552188,1.4978482026729667,1.4998709079119754,1.402852409321218,1.3695466453370215,1.2663828520840794,1.292562994649378,1.1301146251146215,1.0263615124177012,0.8869949340712768,0.7280433522298092,0.2474567964348431,0.40568943937035,0.050099371532439055
5.300000000000001,-0.030261661660712775,0.19458993856575413,0.3048409573947731,0.504883828001,0.6791403789015517,0.9114820044442877,1.0661256070991363,1.1565942780649896,1.1987470078755662,1.1781918190203564,1.335191394573346,1.3664976843746788,1.4364941825507163,1.410142529206632,1.5219137249898322,1.4942601472527086,1.5079482875214183,1.5818285018072211,1.49736945753199,1.414152483458946,1.463301524959633,1.4077453106913924,1.3151239264911005,1.2509949262489086,1.2553006909489612,1.0609616104729278,1.0215698037709993,0.8812294694212975,0.726242426029503,0.26627144441039124,0.33289729715359495,0.11902987384989226
5.3100000000000005,-0.08231422997472225,0.16697168714211094,0.32965124807683177,0.4492533469799628,0.6677434485167597,0.934626102687666,1.0347372720008308,1.1363302404493145,1.1620604625899578,1.2847404636207211,1.3208401080624017,1.3587237149170863,1.3735519290248386,1.3997957529242446,1.40874086961286,1.5241664740664636,1.5356543021085103,1.558186475133587,1.5211299506352183,1.460720125177922,1.3825827850908488,1.3972240143109949,1.3204857627629465,1.3183174361799654,1.2686666740573203,1.1097801769450713,0.9939694974986517,0.9135005772736734,0.743461553158306,0.21223006018141286,0.3540669241783978,0.1382100972828033
5.32,-0.032872203882227,0.20898124713821445,0.29414537774754723,0.4363168739283938,0.6332139137464645,0.8993952104715965,1.0365554752993544,1.1384431819209957,1.1606397113223048,1.2309531958928757,1.351278238181377,1.3905260868514033,1.3722161756663462,1.480890028055755,1.48720321083188,1.5461844148727735,1.553555135100735,1.5503593606593076,1.4743427765308383,1.4849761052067418,1.4722281098532148,1.40231778661304,1.2596427427070112,1.2717588209212254,1.2306170528642533,1.0978856789909113,0.988001585882796,0.8324778215595222,0.6863905095241845,0.278509045780821,0.37571918262840914,0.11729538527823528
5.33,0.007120305236314814,0.13368638809308087,0.3247590965585088,0.5393516943429605,0.6696054943794923,0.8756404596399596,1.016086585153646,1.157057836390869,1.2534020981924456,1.206792594885332,1.3602938608157589,1.430176625271736,1.4793274677948272,1.4646106861331392,1.4654626606367263,1.5017956533230485,1.5601120351286524,1.5546426925597623,1.5065425221892386,1.4728014048213618,1.5153950008520194,1.437617218438616,1.305468112207623,1.2882827826250396,1.2639320004433026,1.128677983020995,0.9950998361897537,0.8433119603623066,0.7469072550412209,0.300414374120269,0.33886224376537977,0.15568213351593949
5.34,-0.08636131725468742,0.1922048997029364,0.3546060299670899,0.5009836099131254,0.661266734388095,0.9120105683677114,1.0981826188528645,1.08498662699279,1.23330751663385,1.2203647729040605,1.3489384684301213,1.390601476063052,1.4641090507947074,1.388021763036492,1.4640209636654826,1.4907669823313006,1.5517727581251182,1.5049500290255375,1.5182324881815807,1.504830057949827,1.4192467840607164,1.4160646252491618,1.3559703076598266,1.2587966538122994,1.240022242026169,1.1088376643639508,0.9636655316931676,0.7593644447975195,0.6795427724394765,0.24531350577912023,0.33477356612587944,0.1362912270112273
5.35,-0.011726411084340754,0.20800859376131092,0.3776991624522541,0.5106741247719669,0.6284520757706443,0.9537044613080097,1.090367094764201,1.1282865454554811,1.1905421581444826,1.2337411348529377,1.3133194197954337,1.3779924195950235,1.3839039010146104,1.516297342517783,1.461734199219859,1.5533259144079934,1.5121232709997567,1.5606361787521372,1.5485886539968454,1.479295710311814,1.456233651093233,1.397448566885803,1.4094264475478082,1.2623487208818789,1.2495838260808974,1.0922195130235883,0.9551645584959423,0.8138669211752273,0.7546796451530773,0.40801911975773636,0.35690935288547115,0.20085886852058496
5.359999999999999,-0.03482556417987814,0.14176715053850628,0.36116354890561314,0.5664345898338926,0.6979288229127436,0.9064691401566333,1.0841990913189445,1.130633876242793,1.2105121970003487,1.223308057177801,1.3164257997896553,1.376552803433863,1.430828521369511,1.4700788079627305,1.4868767060594381,1.5359947616299403,1.548157995601263,1.5217816266333417,1.5231622244128646,1.5361678195401955,1.451546688656074,1.410325756398834,1.3159402294722184,1.2496765359482023,1.2228312087823046,1.162624916487243,0.9580791289059073,0.7952152655147186,0.6634322285414394,0.38177142324905267,0.328281341594174,0.16205143485696705
5.370000000000001,0.023308335473845504,0.1741700601548014,0.35168148747527117,0.5233457766860427,0.6912221185805494,0.8687300435260821,1.0769510131611908,1.1774953775199648,1.1998517017044068,1.234809022584654,1.3517141890071727,1.4175605762593957,1.439095117379463,1.4577483581572763,1.451185099965169,1.4734599615467323,1.4963885181174037,1.4909331829297485,1.4853121623403858,1.4815276509436717,1.4872553620715872,1.3809595130606311,1.296045385606334,1.2812764767679758,1.2150276666573676,1.134111756618896,0.9678475648832293,0.791803297843744,0.6792378266448181,0.4454547545971723,0.31199655981058055,0.2096385944429905
5.380000000000001,0.03328246386383303,0.2396805595060801,0.37723493087831106,0.4855159803150535,0.6602134374309757,0.9063015796538366,1.0951029287545606,1.1239228039831133,1.1801765148298573,1.2142682397485831,1.3582356495677206,1.4212554773587651,1.4505073281467538,1.3880880702796803,1.4815034322370197,1.460130588732404,1.490435357897105,1.5219252606340363,1.4731732814077756,1.4245955661554255,1.5092051387446712,1.4015863512692701,1.2722120843066311,1.3151838536695017,1.1995774052325558,1.0796844013134343,0.9684943623440033,0.8224648249172575,0.7138194943388829,0.43135730259829397,0.2723856602659171,0.24998865170719767
5.390000000000001,-0.018165491595133545,0.1403893022801964,0.3828635023511213,0.49926749795835274,0.6742950896222575,0.9802602287678592,0.9662305010371868,1.0933218251571672,1.2283632852620443,1.2471777387132013,1.3384742808243781,1.342279021685524,1.3692867545925071,1.4201990689781478,1.4890160792900622,1.509457832064335,1.4891976592993184,1.531545622968549,1.5270600622602282,1.4859964056309622,1.5252598146795753,1.4242210076958055,1.3556389035490566,1.2717649165710205,1.238183927638768,1.0626387266707866,0.9903471800291181,0.7901342111532086,0.7358120861800802,0.5175103118479535,0.3387815325661163,0.25038748383362336
5.4,0.09742795526228899,0.12030084279877822,0.3497007103461917,0.5218329963775077,0.699610231668045,0.9247252068887454,1.0250910483266429,1.1539320331264897,1.1408597534891651,1.2198816928852079,1.352800670640899,1.3542768736115256,1.4671619050065041,1.5061729350208477,1.5426257825107688,1.4955521984927496,1.5713392198451266,1.5903823721713621,1.5465817517494125,1.4887254873470432,1.467528022499471,1.408812349957545,1.3337788378980295,1.2990616788923428,1.2178039131675855,1.035639544019316,0.9984715274112271,0.7754395370141403,0.7309077077800215,0.4883728572661786,0.329284633496969,0.17255669063774676
5.41,0.05718999103586167,0.194740084978188,0.3286585617867372,0.49267568843221693,0.6767199894816641,0.9405887859637935,1.0114133297120267,1.1154132280644846,1.1595173659797684,1.2512254860016703,1.3030014838836697,1.4300741959931818,1.4547273405016314,1.4915824494432346,1.4762186979558454,1.445844359669056,1.5296737983727506,1.546657770877702,1.4517700681363477,1.4611775848689936,1.4689829085435682,1.4504146881237958,1.3276098654854425,1.2434485865023999,1.267923817971761,1.0777194434280684,0.962738449219478,0.819691127646057,0.737028867271633,0.5218594177543208,0.29304814803934925,0.24652667856744045
5.42,0.10349311996434961,0.13853020159687457,0.2974695341329241,0.4325491332208748,0.6781766414168393,0.9448511514451977,0.985641712154941,1.1178741378266455,1.1514881108416692,1.2177610294547034,1.2987257469342492,1.3849691770325687,1.4508957545645103,1.4392724694933003,1.4829309785632376,1.4666208313541884,1.5162809546299885,1.5278867526136024,1.4736946229546128,1.4599479905991604,1.4862857053029204,1.441362295528331,1.3427598412631447,1.2654108097209333,1.1439355788192205,1.0775481370223103,1.0262455421437167,0.769623467893208,0.7155210545658227,0.6032772181676196,0.2969613560434087,0.21511105971106728
5.43,0.15345215884733324,0.16988523936109126,0.3360262376900712,0.5035636374697294,0.6564137935469999,0.9249833417839507,1.0739133503686418,1.0977537696728519,1.1131037881171293,1.2375357906251336,1.3113335243567252,1.3735423015168515,1.4455678630018456,1.5225948987517484,1.4566654644222083,1.4775135251796099,1.5073583344253871,1.5652434441516605,1.556724695640756,1.4708993882913501,1.3903330045784572,1.379125986063572,1.3135799509584196,1.2066622784646757,1.1598545842856467,1.0671293544130622,0.9886158658336633,0.7065249366782871,0.695620602304852,0.5877635445043785,0.29704353862825694,0.2262054835921304
5.4399999999999995,0.10950069382625363,0.16576119551031446,0.35720638507100544,0.48599034195284097,0.6524926048245525,0.9301610399436878,0.9734054216430743,1.1445306825444854,1.1951769500157075,1.249256191363559,1.3192887431087572,1.3712631153868813,1.4258845340751538,1.4294198659302815,1.4762528010760814,1.4476957156209245,1.502299832308254,1.4717759188133959,1.5595978590735127,1.4768547249911301,1.4663976737780897,1.459639199568623,1.3074865584371627,1.2282436856892154,1.178943087247456,1.0944051346819215,0.9813954125354395,0.7570538983780585,0.678892638675916,0.5973136180175445,0.3269501651260997,0.225415235948712
5.450000000000001,0.11962443552872914,0.152807298758762,0.31576426001239166,0.4455522366641943,0.6849832463045181,0.9416814920683938,1.0106692780867872,1.1048056655641196,1.126064429505392,1.2468893957197347,1.377470311864191,1.3421852949075035,1.4788906194727751,1.5173272465881846,1.4132556681095407,1.4604417575740314,1.4999428021323182,1.5538875359688888,1.5401153262580791,1.4618656259683442,1.4481368221025963,1.4233981236932387,1.3265475519209995,1.3026852560095958,1.1485040576705092,1.1237123197445869,1.0020372877959551,0.7894376326908109,0.7409970954854554,0.6356948358995343,0.2659497754141328,0.20716899291296278
5.460000000000001,0.1445989432493312,0.1612880912677908,0.27608089194005336,0.4710430769391188,0.6066561304339744,0.8638568927918111,0.9747549257433593,1.0832908272707664,1.1348899113905409,1.208982926211282,1.3292551720898387,1.3847020853645742,1.3831499059396688,1.4561902636210529,1.5103477458135939,1.546319464295777,1.4279969075805894,1.5572163802313834,1.5380687698861173,1.48065672837362,1.4401880172771055,1.3917776235332433,1.298474906887276,1.2742429046638726,1.167766759452174,1.153761292625986,0.9697896143853821,0.7433556063727637,0.7388460678309651,0.6477980900436586,0.2781645783416844,0.20829571274727535
5.470000000000001,0.11984971729005267,0.1512810096404967,0.3003630694796566,0.4812344436571693,0.6251298854726918,0.8855130553063386,0.9299778580286723,1.1338898150247583,1.1032906798429427,1.2641339413284045,1.3221801894449248,1.3943423097577754,1.4699115485356,1.4678444221051103,1.4518797120546125,1.4994455356625827,1.505696600365644,1.4933679385308614,1.5109206009805358,1.4719239473494734,1.4954804296160367,1.4681222843266564,1.2562749023565027,1.2807159853585073,1.1518973388730402,1.1076010245832204,1.010332117419007,0.7458828122524033,0.663279705888396,0.622455453372173,0.2486753311459197,0.13962647549681578
5.48,0.18272182009913696,0.13827137641835605,0.305950148026186,0.4986568269916305,0.5960767517861687,0.9085771365154088,0.9390933425851083,1.0994908731466126,1.1584966271622867,1.1968752476145574,1.3380697651210398,1.3957996759697109,1.4267902172211415,1.525211300932624,1.4675618650048665,1.5115881155577626,1.5020746141448655,1.528114557148156,1.5247684304223146,1.4385866789605362,1.4322736678690153,1.4069586887527838,1.2393654218087038,1.1955746680292663,1.1422261349161054,1.072173777116927,1.0085557241236407,0.7237148611418883,0.6710537954256561,0.5768932899343753,0.20248917031094432,0.14695076065775553
5.49,0.1723115660017571,0.15516719843958096,0.27066231518538003,0.4461581036773588,0.642856611779546,0.8624820613628257,0.9539836986023863,1.0747171440859582,1.0630791519154834,1.2521211307325302,1.388573299204153,1.3671820568912125,1.464435905551664,1.475927053304801,1.5191771659301896,1.5120766815393496,1.5255803852605576,1.5243734225523342,1.5044877016896838,1.4168516380909884,1.4311427258210618,1.4354836718027975,1.2633370159769022,1.258851298297834,1.1963066820265054,1.13544684226094,0.9544455460686196,0.7230739121270499,0.6734757214993962,0.5681715361878973,0.2518807904204041,0.15767611522551303
5.5,0.1615245045760716,0.11628685505721792,0.3092901337783929,0.4510756172615731,0.59990494147793,0.8997343019856193,0.9577121119937387,1.0674683391078705,1.0772158584596077,1.2485014650725048,1.4167523793441772,1.4080415948870422,1.5171738573477043,1.5196003295401952,1.4894277272193015,1.515063174614354,1.460621997901842,1.4616635178321211,1.4628006578836867,1.3934599420939204,1.4279783442993645,1.3687787310378718,1.212508213740873,1.276453616332209,1.1619175771276964,1.0870828784008435,1.0060786877998351,0.7730464779844076,0.6867806344841371,0.6196442638091433,0.2442533700164186,0.11349857517246559
5.51,0.20875883228324238,0.20222718292378816,0.32189970139417123,0.45450878495153346,0.6333752902604174,0.9168048165762841,0.9269711138353363,1.0793484695781643,1.1053716844964385,1.3260776479886025,1.37396992384095,1.3561688353590875,1.415612353253267,1.4715624600612225,1.478418805221387,1.4547338371662328,1.5008597387701375,1.4878978855788676,1.50246214012323,1.4073920648836418,1.4062251208327716,1.379084210864981,1.2163310247736783,1.2174474906318253,1.079858138347138,1.0104694148781472,0.9697945687204267,0.6934684424659885,0.7093007216154579,0.602996642987834,0.19538904515120048,0.11256511599676922
5.52,0.1517626433829806,0.13640416244564482,0.31932432037117825,0.49849503546836327,0.6442114615399654,0.8635331520962153,0.8902946657425278,1.0537970162317962,1.0752795819136767,1.223445732920692,1.3372209789958787,1.3772048347611332,1.461020936367555,1.4754575996470713,1.4566524751616055,1.4871802709874686,1.456693611558631,1.5116839363366141,1.4818807434986396,1.388118804971205,1.3691249628097266,1.2745522348262037,1.2163730824128083,1.2086882003660813,1.1041509549502662,1.0431789960620537,0.8846510589907179,0.5915155777405797,0.7292649270102083,0.5663925660188623,0.1924342979459581,-0.022322134732287856
5.530000000000001,0.13572889542922575,0.12037911466111165,0.3528683752123155,0.4306353115212471,0.581515603063147,0.8512818554146808,0.9440521374501,1.0742271749646226,1.1577184008010157,1.2389918470062058,1.3405577373826305,1.4298910347583995,1.4364403663085503,1.4544424212084788,1.544088940513583,1.4938639616744536,1.4736526633095632,1.398584832025871,1.4854519846485201,1.4319846784742063,1.4043725591769776,1.35964061335107,1.2030542848574304,1.2411881491912917,1.0712013701526013,1.010448376014444,0.930114619197991,0.6831196900057461,0.6498486466503625,0.5784972683427788,0.1842475475640593,0.014071300938676149
5.540000000000001,0.20733321408779096,0.23433782044940302,0.3789009849270307,0.5002223145642986,0.6320768920809856,0.9161676690345698,0.9200966782247639,1.0254096821654126,1.1549556224989352,1.2889498933486332,1.3218022966146687,1.365580513863846,1.3833602691954745,1.4677929117401183,1.5908423366574997,1.4621220534635708,1.5417789175318402,1.458828840752325,1.4409757260898506,1.3956909194210154,1.3963554905077789,1.3483249124777337,1.146795205653548,1.2077237085659343,1.083551463879176,1.057260972936506,0.936916913014319,0.6974930466390461,0.6764091672251408,0.5541076285671167,0.2156371472292548,0.007868312272360468
5.550000000000001,0.16113054662089732,0.15300300443493903,0.30240029506834215,0.49985754690742684,0.6342146906186034,0.8639519336806923,0.9371888886088665,1.085968249288941,1.1396092261116268,1.2458479364692494,1.4205395451193732,1.3614585142273108,1.4303505241486532,1.4347577206948472,1.5529188756393792,1.4615027110102947,1.513817039645066,1.4368646639431824,1.4460935374877917,1.3412781889653378,1.3079962253104684,1.3146569630684066,1.1176165382842391,1.1940832920844906,1.0941081009673548,0.9808407443676125,0.9221398728485224,0.6687485555846936,0.6555126400440717,0.5857412899855072,0.19873722178990497,-0.07073253670611698
5.5600000000000005,0.1627243700524356,0.22045680801931228,0.3314377051709309,0.5482514256525552,0.6433735341257287,0.909524285403659,0.9252026211738604,1.0349500773764562,1.1390168145550867,1.2676749906611506,1.3144327263389213,1.4029439794636862,1.4581625013551496,1.4473852310122532,1.474886695603838,1.4887696116892675,1.4829780455500852,1.495233417160331,1.3856955137224698,1.3183650071294952,1.3441162813019025,1.3088016079675258,1.255681387727649,1.1946103315952656,1.1155479340196377,1.0010237186866187,0.9564478917137874,0.603568232366435,0.6414346551817794,0.5579172728290483,0.1795528569349013,-0.14251683262107573
5.57,0.19163457021558883,0.20484794547901342,0.28901087117800933,0.5138595155588256,0.6271428997760673,0.8876347129571609,0.9604061072574435,1.1187450484834727,1.164798368063333,1.2652018477476812,1.3369364632529845,1.3946603512221079,1.4009286592661,1.4422041139992117,1.5048211039001391,1.4811101672721572,1.421415910451209,1.4500478013216362,1.413951923088506,1.3577751226920096,1.3182384499011783,1.2528564803025812,1.1522193418649052,1.2232227661512862,1.0751877355527124,1.1110651088186847,0.938441527068273,0.6421105038435965,0.670191195455133,0.518540026876035,0.14842659532693242,-0.05749375494654342
5.58,0.21900121183225102,0.25460124960168207,0.33010039120318724,0.4895414107494202,0.6598188431076504,0.8627760700375209,0.8936237721131401,1.1110678983170956,1.11520304417239,1.2228506884280474,1.2943379249420996,1.4149723508810663,1.450374044762487,1.450749013629323,1.472795970971566,1.5049669332384923,1.4704942219735944,1.4760541546674701,1.368468109601901,1.3300096734249247,1.2450801993032528,1.2436783857045297,1.1119534699101348,1.1710438263390803,1.0333603080752656,1.0386804227470303,0.949748341539341,0.6511059298199653,0.6908780954246586,0.4712301879740743,0.14716240146283532,-0.004695166497002969
5.59,0.24219020450778492,0.23244190427333322,0.31645515497842536,0.5034318633488837,0.6248673303014287,0.8262488556860598,0.9267630097982147,1.0765185927722318,1.1704959303741294,1.266968673273619,1.2958903115841451,1.3526380101243045,1.39531771649131,1.4597492699725916,1.4816670149253424,1.4910778787837389,1.4656531414144633,1.442672722701769,1.3856770123460351,1.3687607283234906,1.2533987280670111,1.231102863350372,1.1928906586742498,1.2182988465193834,1.0470297452357493,1.097526685959283,0.9149655895689658,0.643418903931399,0.5588965165649924,0.5102960177305459,0.19316998548886535,-0.06757227836815921
5.6,0.19933075656173302,0.23211013663954788,0.3366105191260008,0.5393715218237871,0.6899820322959075,0.8799833093004336,0.910310409958465,1.0281567865689827,1.1228111781032404,1.3094291394085515,1.253278459702201,1.3772124127984124,1.4790301760455535,1.4890892771969424,1.475535330515525,1.448660891035349,1.4632000191127608,1.451951697949738,1.3472871319980864,1.3412734011190428,1.2876887061586817,1.2062033999064312,1.0949716341138445,1.14419558824305,0.9969056345002852,1.0227335296544724,0.9999231905104442,0.6545711566894805,0.6830815872206243,0.5219141388927513,0.14122062809442845,-0.07265559018995654
5.609999999999999,0.28369964819084903,0.250214861449292,0.3647610679333574,0.5228266793176608,0.6785167840074524,0.7898306952448921,0.9057925678598946,1.0646039844820765,1.1783702177362914,1.2635471129913596,1.2890384415685257,1.3954383767481167,1.3666902225836608,1.358687167550041,1.4848502140962374,1.4769488813695113,1.48535573346261,1.489142687858222,1.3103008995292882,1.349054185956551,1.2851434400893194,1.1904949222505272,1.1193234438892181,1.1658791145933476,1.0560577506442508,1.002709470983386,0.8872806548613551,0.6051416522836226,0.6352434936833973,0.46923239690469265,0.16577596306273393,-0.013501233561996742
5.620000000000001,0.2247654284352574,0.2699535226109712,0.4011587481748251,0.5430333277582777,0.6912881121398757,0.8248214355155207,0.8545043738146623,1.0375814341538727,1.1506412166399618,1.2717506737430504,1.3346265807231346,1.3935396511793512,1.3651107966553107,1.4373305304943,1.4674482652705791,1.4447242854697122,1.472166670535754,1.4715234490821443,1.3859226705835404,1.272859231526208,1.2612662373565555,1.2098587487703436,1.1574575999781764,1.1248814829087375,1.0273277756896888,1.0263807849365685,0.9121320751050056,0.6188282309283184,0.6868671971362081,0.49365879476242647,0.15208902831414928,-0.0585895676365905
5.630000000000001,0.25543700137899533,0.30572629778409555,0.3990279292823751,0.5722639537398635,0.722590434553565,0.8063486300481444,0.9239396231865131,1.0297164688202263,1.1172312967494344,1.2720683477977002,1.3129959057450435,1.365678168577267,1.3793222700296646,1.3956658894395273,1.4624356374947827,1.572172239206203,1.531458355046428,1.419977918136539,1.450875101317827,1.2978747804849065,1.260506319435454,1.1501225959199328,1.1167326649599991,1.201301572105532,1.0268382111233325,1.0145478502304488,0.8794744058399673,0.5989010020135654,0.6230456113530218,0.41439276277826603,0.20173807928274015,-0.09816785434865485
5.640000000000001,0.13101153093839507,0.3313904058978799,0.46384844813097775,0.5600431129170182,0.7110120684058011,0.841534383715014,0.9261675811834558,1.042120449215198,1.15501430196866,1.2768005949063657,1.2831521253545808,1.3202138573732065,1.3830832211638138,1.4228687892518497,1.5379717349000495,1.4746866335451936,1.5196764914797685,1.4389959567864181,1.4019100405630327,1.3429096845878363,1.2779686737267864,1.2327958001976638,1.1312088688696211,1.1251125508977626,1.0980217934488583,0.9971972950615162,0.8584383943166073,0.6686888956770052,0.6602287447666271,0.39514049943793067,0.11935184199645758,-0.09930159696968145
5.65,0.20363870643835116,0.33630163695427095,0.40055269936205645,0.5900689416660639,0.7787908373477103,0.9307052630704727,0.9555459646665428,1.0300231092048773,1.1585604633121567,1.3035044848800021,1.286431528537676,1.3186452415099676,1.4374823063492808,1.4293339521224129,1.4925459850380434,1.4634813284310841,1.4925702665225544,1.4902233430332807,1.3755784323140419,1.3041130231182625,1.2693672110160554,1.2002284372443395,1.174510466816819,1.1380102133563603,1.0478736234910413,1.0495164182214982,0.8441004856348927,0.6307047856908694,0.6563470614885208,0.3488797445218718,0.12704831065405506,-0.12212603631760088
5.66,0.11735204427430032,0.33709010459665545,0.38870461108775084,0.5549638223691429,0.6778191266244873,0.7588590719447574,0.9350992417378979,1.0048356461267591,1.1912020297790333,1.2853896916998473,1.3515928772345958,1.417383725846911,1.4361914583154243,1.4586564226966188,1.4908918149416304,1.4717926457663875,1.484611168827284,1.477912760590462,1.378462377761452,1.3550537818696302,1.3105512201169196,1.1939480718495468,1.2165829139812017,1.1569774122050824,1.0564754866142823,1.01971923392452,0.9091350402728892,0.680446839450311,0.6620352902148204,0.3317985238465856,0.16551603663003042,-0.06958662589619644
5.67,0.2040307235497769,0.31040690247878533,0.4212289068316447,0.5571990938159026,0.6926543672111977,0.8555524457678602,0.9218535934621735,1.0458234951589045,1.133214675105583,1.2740680112213385,1.280068282776662,1.3591049310154035,1.4520489081220096,1.403121684407796,1.4830130666298,1.5070034116113706,1.5065157743594355,1.44945493980556,1.3828061605311113,1.3914558903903305,1.2543342785198313,1.1723930872245767,1.1406173770671506,1.1146201544441765,1.0260086647104218,1.0193825547204773,0.8571494992871066,0.6254084570421595,0.6114757993439498,0.32471504523460143,0.13591228744332037,-0.07347776260055461
5.68,0.21700687142441877,0.35066500580784515,0.44819226860111333,0.5674350780675327,0.7270531418555967,0.7394377270584357,0.9720617001948485,1.0103917773471112,1.169523961818262,1.22193675559972,1.2866893479628558,1.3375065421928602,1.4317312126400707,1.4529965985057747,1.528807497487684,1.518942622534559,1.472739845684799,1.4748074219294205,1.4164760465942987,1.4190226609939702,1.3165468980626458,1.1350259527423312,1.1654874246634521,1.137007836559648,1.1128670056565744,1.0104441701882407,0.8298470658129259,0.6053660931477501,0.653251698507425,0.28160375943499566,0.18599483735664682,-0.07093712326893671
5.6899999999999995,0.2080140184511343,0.38488194428569705,0.4299120024541445,0.6008082773996409,0.6926943514704493,0.7838801337573706,0.974233739175485,0.9986529959235017,1.1258357043382696,1.2909736363380866,1.2964175904524398,1.365348151815346,1.3202177508895097,1.439503048150276,1.4859978208307814,1.4481042101153745,1.4498983436852777,1.554371697752777,1.4006404630782334,1.4016944970384613,1.3140663620111557,1.2435488390834173,1.2427802773849506,1.0805044423773749,1.066345191420157,0.9490438437411588,0.8103358186726757,0.5706311413521703,0.5877645891865086,0.24944354955746204,0.11186409190460579,-0.058583691074150374
5.700000000000001,0.2082398490846379,0.3775757863889589,0.45617775047292136,0.5763564755834358,0.7740813939210506,0.7189725868521634,0.9091494374701662,0.989701328246019,1.0855126732133267,1.2787083339426542,1.2817937145799854,1.3807844309775867,1.4325630905717484,1.4699143022696886,1.504924758292341,1.5051180395697128,1.4954034826250187,1.4746187934569284,1.380332436219917,1.3654403899042808,1.2934777535986646,1.1850047359989255,1.2383077563182496,1.0424666496716135,1.0337321202618621,0.9278410526596215,0.8063961184096863,0.6121548327681725,0.540679228158059,0.2700952299349717,0.20346764438770812,0.02005894765148919
5.710000000000001,0.20654436020462355,0.40090709680450326,0.41597053733610795,0.6098688330563136,0.7686277840253145,0.8054962107535264,0.9499517127588053,0.9983253622859148,1.2039670377015066,1.2851429290913507,1.294924765745115,1.4019175030090365,1.4454675027290818,1.4132120333276068,1.5079363594991109,1.4985433793931535,1.485546886278543,1.4828769661908678,1.4177738654197183,1.3750628723376972,1.276314416172999,1.2061561843153734,1.1821317726321996,1.059238619232613,1.0274657391624935,0.8796223989176996,0.7693515574319478,0.6315344295239479,0.5312913898035094,0.24823401206537585,0.22746491797032142,0.10093544072326127
5.720000000000001,0.15751138679024454,0.37960743238361166,0.4800180169408371,0.5893499001008893,0.7931180932984458,0.7563043648184866,0.9124408162854911,1.0150483456922028,1.2071307919574672,1.236264328410838,1.251297717901007,1.342610249451769,1.4081658096865795,1.4612064939236808,1.4991156327444253,1.5279573639408912,1.5051967662979826,1.4654738308836408,1.415011073005919,1.409083197597922,1.296297921768867,1.2386753896213705,1.2191551369317897,1.0312279911779694,1.0832112440979975,0.9080878787233017,0.7213166363460625,0.5993616055252563,0.4819580078187631,0.1877816918766351,0.16079946816286672,0.06857480719357933
5.73,0.16195778481459752,0.4399858983413202,0.4744389652476946,0.6417620492639828,0.763177875254448,0.7829456802568713,0.976684433344867,1.0342058327709638,1.1730952888756172,1.2873340111718392,1.3073809391636333,1.281868155674713,1.409303511446928,1.4393674758969714,1.4912365555805795,1.5453884487087222,1.443625149422033,1.4489408162338797,1.4325633314362507,1.368634808479223,1.2616803119012825,1.200046042019383,1.2109713219619427,1.0211970655239244,1.0784653103264772,0.8516008096432163,0.6836189064207007,0.6546537494359224,0.47338693511902136,0.20779055157561213,0.12584251950631453,0.0693772684512443
5.74,0.13691311025269554,0.40916289217673557,0.5086445491038294,0.6234718778857575,0.7921413139014717,0.7257596777050989,0.9000527576065156,1.0960536291663199,1.1788031208675316,1.3192807886489695,1.3326617598766761,1.3259433532185165,1.3688046873189887,1.4298386555150273,1.4637671021295975,1.5455349199420778,1.5169253730452814,1.5010297943584208,1.4312851354309424,1.3964793993883673,1.3261305361220455,1.2503964717092924,1.162609113842128,1.0704478292210966,1.043461500152248,0.811829705002917,0.6522445200039664,0.586119951024935,0.47487322762748435,0.24644700274566478,0.20314055988700186,0.06541373676579412
5.75,0.22467329159838698,0.4531291066629254,0.5918057649089998,0.653658568712855,0.819158931976514,0.7525580084727914,0.9692499772444905,1.0170885381369024,1.2132983548098222,1.1900634930808196,1.271348445777487,1.4312957815556482,1.4150378039625513,1.458140463674561,1.5307810703808513,1.5183641059325597,1.513913668647151,1.4106847382797714,1.3988336040172855,1.3840405143492924,1.315697284983208,1.2179778659159206,1.1582764906810148,0.9661265174136158,0.9587115769909266,0.8328922413260209,0.7071665351005942,0.627083708123693,0.47559764070806565,0.22771331760048316,0.25011563253517577,0.13580386156940433
5.76,0.24696503566577765,0.4740165206283762,0.5638995576945746,0.7284281168880705,0.8580334670319921,0.7514399341011353,0.925245363233058,1.0980635597519266,1.246166535183539,1.2297298419363982,1.2758597383715509,1.3821250961720453,1.3772327683863268,1.5143655646078895,1.4480288965143555,1.5010615898311601,1.5644013226925901,1.5259389611724592,1.4287611327592085,1.3851502713039938,1.324004911950808,1.2336395834251113,1.18186634900037,0.9731067922350027,0.9666969153004215,0.8068240669941629,0.6313228718345272,0.7043882053701414,0.4358704210426403,0.2914534078396374,0.2547203365723457,0.2058803207987266
5.77,0.20376034162629858,0.4230515308281467,0.6085664861132226,0.6642120599592264,0.8080907672915062,0.8148445034947667,0.9904271671604379,1.0300190614871185,1.21235046724482,1.2809169192796133,1.3085263631953001,1.4374303164407256,1.4390013927132461,1.397646619395704,1.4935814421426417,1.527901814965147,1.51239295593724,1.4362584335070143,1.3949649791802627,1.4258129550945573,1.3326668350712751,1.266794037546884,1.1777071635142546,1.0131682652770104,0.9369533584093092,0.8053077632570348,0.6483230614438449,0.6538043886425512,0.4121566571424525,0.2311643039811448,0.3074078686089925,0.20540194708152562
5.780000000000001,0.29071981265338664,0.4524496804412398,0.5662841026526209,0.6817520105897857,0.827075285612383,0.8096648037890087,0.986899255885525,1.0630952516653749,1.1493551105984627,1.2837007413108605,1.2926687311303116,1.379014253647835,1.403129829203436,1.4852472826276766,1.4715375312115773,1.5507178504724315,1.556333314196315,1.4170060931466506,1.3859931396069234,1.3211698791074662,1.338360100684312,1.2830598815490624,1.1560217919430902,0.9558503897428354,0.9542933175076547,0.8079452674439813,0.5985223242984407,0.6853870792118134,0.38991109701477217,0.2823616339102252,0.2494595140882844,0.2029697159734486
5.790000000000001,0.2695159802220689,0.45977951563196934,0.594493468185389,0.6687032830982915,0.8488927802661951,0.8294944364171929,0.9764860870404054,1.0350311108973065,1.2462857955124396,1.2322978463147343,1.3386422086948226,1.3907914294347155,1.3967119871891087,1.4777821557446662,1.52215532217958,1.5968466766885931,1.4927604818954854,1.4455363432348474,1.4442986101588524,1.3625917419066313,1.2759545099954772,1.2386911332846533,1.1434098662976586,1.0459185053797633,0.9677332746606517,0.804100972440781,0.6683248381167429,0.7322978428394592,0.3872266883122362,0.2210129694121276,0.2981976835271649,0.22731083913768385
5.800000000000001,0.28064008377050365,0.41870042814081637,0.5691926549744145,0.7044156488093187,0.8566416206562056,0.7992283981087192,1.062670842527261,1.0751160296242332,1.1342756826242915,1.2240795585512423,1.3750814364930015,1.33814418306855,1.4047931032353405,1.4643704075014723,1.482939650654464,1.5200358083800751,1.5193525878624559,1.4218655326246163,1.4746625394643431,1.3357038086435642,1.339815723460511,1.276230391949567,1.133345198530807,1.0139977803382554,0.9385257119665641,0.7624043312080705,0.6764086420302496,0.7545234630847295,0.35176895410514886,0.33638769553971004,0.3913256564356952,0.28148017511653123
5.8100000000000005,0.24409377774185903,0.445062877375672,0.5687202832917031,0.7287037230800231,0.793053875321049,0.7622321289338524,1.0277245842178,1.0452037775697185,1.2101064565304818,1.2144651532152757,1.390351329712,1.336818315057336,1.4700868620529883,1.448180613681862,1.475995144040582,1.5463978089929762,1.531592304355757,1.4381036383206205,1.4155173456229728,1.3971319730768275,1.365826140969971,1.308388608672458,1.1475665146102045,0.9776400470075504,0.8922211748235402,0.7179876810356731,0.6210230598666439,0.7924883600874476,0.4090108182176202,0.3461698220217198,0.3347913794827842,0.25848281418968144
5.82,0.2758389782626104,0.40509015979613333,0.564486693190917,0.7426916873197639,0.8176527619129899,0.8353150481041689,0.9828642327053834,1.0391921210281796,1.1497530719927713,1.1736824740882774,1.3481375972162104,1.2972060540074914,1.4156718101892147,1.4677163134456246,1.4829589033907475,1.506616955704049,1.5143299702651694,1.4552106964399765,1.4057372543388564,1.3940113570765253,1.3199060166514966,1.2871163993461274,1.178529050597853,1.090556265539813,0.8835117363943225,0.7483588398165025,0.6268702130186931,0.7728349105533562,0.34214530407231236,0.4142703317839702,0.44074630613703997,0.36701131695280287
5.83,0.3334636761403255,0.43953732725043665,0.5264861548887555,0.7104244240508637,0.7621406706498252,0.8208803235202465,1.030032987891025,1.0626387123327397,1.1930617522712141,1.1704779485702934,1.2829261285114872,1.3324719796101323,1.3895942318054906,1.4633538634704548,1.5052755688308932,1.5171654541379822,1.541489187085161,1.4308793028138076,1.396661971146697,1.3833125242057,1.2789149368953039,1.2489114526525642,1.1297310247783008,1.0250897142389106,0.9083578994412781,0.779412984488055,0.6869568603546002,0.8316528717168148,0.3614547132812401,0.40305976216706696,0.44774595755317964,0.29457705960934416
5.84,0.3679319394173307,0.40474030889849044,0.5866842684441977,0.6916451355765616,0.7978732714623992,0.8633779781299675,1.028493530166131,1.1259217535272503,1.1761581204606188,1.284959522397336,1.330431259545536,1.3431007869733447,1.4117621309016695,1.5049130575670073,1.488372688667487,1.5401160031334604,1.4953859044151407,1.4292639001736256,1.417997534049919,1.360103045207566,1.323003501042407,1.2257151669277009,1.1064367872995118,0.9873703719853896,0.9006724359184988,0.7834761113357196,0.7038358111770243,0.907363452526493,0.427148852136643,0.47063920038030993,0.39285449147084633,0.34573959657161774
5.85,0.32346821501069667,0.4019934336683618,0.5748247930695446,0.7383831012919411,0.8358210355518542,0.878112966087073,1.0376923364717394,1.1041254808873378,1.1967324139604198,1.242055655989465,1.350920161402954,1.2651160970321225,1.382598619822243,1.5271787586804653,1.539309736562978,1.5387951164290214,1.5746176999288455,1.5274751457432096,1.3842792275868188,1.3986149109084238,1.32565395869568,1.2613987781986198,1.1779362696144335,1.0452694292255953,0.8474011483599341,0.7770007518427587,0.7161210656557346,0.8567158849191874,0.37854447341158526,0.48977830958105245,0.5336227485673446,0.3838306356007322
5.859999999999999,0.3581118855277679,0.38055402690472795,0.5448445745382517,0.7024361653978545,0.7979735751827617,0.852059372729284,1.0110786402649992,1.1135316203267196,1.1910659143286653,1.1787254073317983,1.2870356337200652,1.3601843409819905,1.4915778616708513,1.497726004945333,1.515034718136084,1.5287838726082845,1.5277339244704566,1.4480788422121051,1.4514210435610508,1.3330516469323297,1.2906056518072497,1.2436008863705048,1.1430630392438732,1.1035020608855943,0.8842808164219611,0.7559807977303755,0.7163886582249106,0.844427961026613,0.4393835933254091,0.4669192526195752,0.47919260015421744,0.2936005122064212
5.870000000000001,0.33400943111533987,0.3496078037359627,0.5880276451851484,0.7044800825267792,0.8099094007948856,0.8529118326512801,1.0066520349550434,1.0997828930219535,1.2094697422764977,1.1984667691493236,1.34512619088044,1.401238402996015,1.3953796034263892,1.4991577728531609,1.4625919659452502,1.5281133605772934,1.5293507036389866,1.5039871503505435,1.435175289238512,1.389735679067121,1.2859528557415805,1.2053297691122007,1.1549047509443708,1.167835536764833,0.8455396204879246,0.7551205092106767,0.7685428160854677,0.9204232556709216,0.5016881562215371,0.5172767568537081,0.5336067312185298,0.34641436036551826
5.880000000000001,0.29013354532472924,0.34981772391790933,0.5441940288597067,0.7197043746783977,0.8019455000196953,0.8867107079129619,0.981195680591414,1.0992878227393632,1.219618351745707,1.207287267067722,1.3499898250352484,1.3629395726991478,1.4497334080236635,1.442941174254694,1.4064958291381187,1.4692238616884603,1.532729090259334,1.394554965866885,1.4255319125113008,1.352262852952494,1.3628555484063667,1.281257027537481,1.1889039733077629,1.1935959874991027,0.8835234736332219,0.8501713507406137,0.7852772771710408,0.9323585100553599,0.4571437484051809,0.5033110373902521,0.5054498372479951,0.31490301369819124
5.890000000000001,0.3102015001973877,0.4179066901712295,0.5156674113730616,0.6847829144935359,0.8507540320481923,0.8497104283737418,1.0201348032604773,1.145327988167709,1.1943075421610658,1.1984539429630743,1.3799071030983732,1.3857138684080614,1.4363377352335516,1.4531051366638847,1.454281962482588,1.556226567603414,1.577782213338246,1.4857718999215148,1.412956826145427,1.371483986907188,1.3769670590209144,1.287957090827507,1.184165536046452,1.115331200794764,0.8692708113882427,0.8407764555268713,0.8063941636520003,0.9323076853501369,0.4502906870012931,0.5222548560351215,0.479678474541826,0.29951242440279013
5.9,0.3367912069047454,0.3109942993479565,0.4781786383109305,0.6125791755740182,0.7564409683196782,0.8916833558275195,1.0238043443583509,1.1283059129083042,1.2000726488595623,1.1558478766281075,1.324919948047015,1.4400341036773519,1.4831283056837803,1.459679731913165,1.4324045909117034,1.479818427779066,1.4955986522859692,1.420703201657334,1.3736575536319746,1.3536251802437114,1.3402714563923401,1.314867554831412,1.15520846578881,1.200235850196252,0.8730656668388794,0.8377444080037272,0.8696922935826411,0.9999607135180871,0.4969407349046416,0.5506690199112025,0.4847271798478905,0.22258545599173618
5.91,0.2757914310234768,0.2996864477623642,0.5581124316133714,0.6351445343154001,0.7233665557997739,0.9140004776104227,1.0105119946161034,1.1017305987787587,1.1663648180297346,1.2284478904453937,1.3033347303893665,1.3383472942530816,1.4261816958544091,1.4672771421785897,1.4884103004525633,1.4938719231169428,1.5536846584621438,1.4452003393881139,1.552390265091355,1.4752154987891382,1.3932300890913918,1.2551069348710384,1.1492566531303932,1.1834407737062316,0.8636265703723984,0.8845147070142028,0.8609102286255177,0.9401813689518753,0.5064121544527495,0.5531495696303491,0.5172532382817048,0.26190906680887766
5.92,0.23966559422107217,0.24699042187268838,0.5154230360665489,0.6593574044286418,0.7632410386637706,0.9485670400164951,1.0207840148588194,1.1399914886588105,1.1810908488452387,1.1362170745215345,1.3437784842391112,1.3740635448464198,1.4282446324370695,1.5599515432941504,1.4958028826514238,1.493439393568241,1.503022589489021,1.4092259186977054,1.4569868309130813,1.4261628306663943,1.324555265180801,1.2237690594187294,1.1892746185627525,1.2153793621540794,1.0101105789647906,0.8846309352121767,0.8878543314720234,0.9399101424331536,0.52472100298249,0.5364037855741273,0.4375189120977233,0.20967783985906796
5.93,0.24093862073992642,0.2829600428766358,0.5150022617168102,0.623215906246837,0.7598656023697072,0.899728517126303,1.0501695736810936,1.086826296614607,1.117241969346012,1.16190421181294,1.4002641139303238,1.3599904822292501,1.4057329868324424,1.4271934846135763,1.4281247069508423,1.4830431406087743,1.55423600810986,1.447040815255564,1.4664678641076132,1.3780353742737061,1.38822023634368,1.3277673821265383,1.1881670272845644,1.239546931354092,0.9756485017667389,0.8642975141167545,0.8519415937015737,0.9415496447089838,0.5675836674494568,0.5717328810964142,0.4777614167271236,0.17517335150932892
5.9399999999999995,0.21105974205905853,0.2623449145853421,0.4866908688412238,0.6468279691538132,0.7507298549060657,0.9664037257626517,1.0698909157994265,1.084970953213626,1.2020494029912436,1.2085210875979524,1.3152482613452925,1.3992172877654094,1.4072647025929508,1.4518723955423827,1.5021141706283565,1.5530884522226784,1.5211010782111813,1.4281228405387225,1.511983066141448,1.4230214834096129,1.3637356975769288,1.2650964620836838,1.154663509715484,1.1557621564080305,0.9623842523901871,0.8517131928792967,0.8447983674758998,0.943214567001755,0.5260013497375443,0.5305209989780358,0.42176607276626393,0.10327154761389737
5.950000000000001,0.21051394008557978,0.2203074651947815,0.4414623918651746,0.6701661874761132,0.8108292079908072,0.9735653763675818,1.0248789627966217,1.084343921374658,1.1626042417337286,1.275556726151896,1.3485049124409305,1.3879722915154658,1.4571558847852892,1.446076293334677,1.4696389002718842,1.5383391793783527,1.5067846962525622,1.4279278833946298,1.4847307296857972,1.4621018483269412,1.4045042302542048,1.3034605576970768,1.1899650463050215,1.2133781911787647,0.9559484471577183,0.8790941681475829,0.9025179382021656,0.9291110019421427,0.5736547162355765,0.5037199441105155,0.3986875299073158,0.13205390522759455
5.960000000000001,0.12899112751291375,0.2625192827980165,0.5227755779162333,0.7078848041673901,0.7833237813583556,0.9609465875151237,0.9781621937467523,1.1461834095587276,1.1236067073371254,1.167737726930338,1.331649170307852,1.3879787483064636,1.473251413224674,1.4886913203914922,1.4124830457605941,1.4118858654997262,1.4992083843606785,1.4899515559561447,1.465099954221074,1.3767601351994336,1.3753756516402456,1.340581722492781,1.2979144898104293,1.223037282973604,0.9771494860392795,0.9089471136245147,0.9195421429453049,0.78805584931942,0.5697478918804616,0.562388999801694,0.37772437715725127,0.047719160770133544
5.970000000000001,0.1270759715738528,0.28854339914918603,0.523713246032986,0.6215934875753459,0.7972129924099889,0.9563542910430204,1.0171124560559293,1.1270932984047155,1.188054098994968,1.253664752505496,1.29244725604147,1.3918339426191673,1.4801685046467992,1.474240603406389,1.4218055125939726,1.4706028271306675,1.490828693713946,1.5176748158211222,1.4490246668896654,1.4317439371206944,1.3705580795842156,1.2909353611744117,1.1642712728614057,1.2348387881435747,1.0240960942976203,0.8948654968018878,0.8972437921624639,0.8262976413457931,0.5424791952906188,0.503418125780961,0.3613124223422842,0.047615528742253485
5.98,0.12762368383082096,0.270869297004502,0.4691716776655208,0.6403388111724274,0.765902177865844,0.9636379270141414,0.9923501540544242,1.1425879500034528,1.1428451231443537,1.190834454617019,1.3635960547282833,1.414804010530789,1.4674878328044427,1.480190979904814,1.5432632907854167,1.5050540509068209,1.5829538389642133,1.3952088320640053,1.484562201377586,1.5177990053386041,1.387387620730331,1.3062584194008067,1.2217720827752756,1.2437140510069804,0.9690674739310712,0.8692761001684424,0.860617457284199,0.85359087408562,0.4765118676319059,0.5188350833439971,0.34183064175839667,0.03605887344091615
5.99,0.1532802623760312,0.30062787923419915,0.5069777640006112,0.6457716452606227,0.8156047679871408,0.9248220471024906,1.0075381164076505,1.127623702625086,1.1009311530468118,1.2262377307166423,1.3050482426401004,1.365895057013223,1.4086273181227962,1.4229845123798324,1.5120881447451526,1.5069531368256062,1.55744991068513,1.472693258293682,1.447584743182143,1.4482440625830646,1.3964194258502647,1.3266672536466653,1.211904065103872,1.241425740238405,0.985625869533703,0.9368047818049167,0.9216825910827725,0.8006220879701841,0.5329422033793544,0.4778126827194525,0.23311564265762938,0.019072947196828803
6.0,0.10928860764009321,0.24037998428862264,0.5289884022565708,0.6798854291162411,0.7876799916576399,0.9260211698967312,0.9836947894858022,1.1612688245412084,1.1484853386142477,1.2307993162523472,1.3746501547454806,1.4323309751120585,1.456372980218827,1.5281527163747606,1.493422195913307,1.4615128569959777,1.4275649526419834,1.4751276665295507,1.5401826130685479,1.4412816585963573,1.4230973966008678,1.3333108862114287,1.2311008292406076,1.2687754310607944,1.0548891790186268,0.8960678225556798,0.8811858851554598,0.7771754920794594,0.5265564009382617,0.4938769055112096,0.2278346483541997,-0.09668993162323337
6.01,0.10932378409113104,0.2672611045464084,0.5491485665354747,0.6737094664879439,0.7717957013433848,0.9961665230970309,1.0169134770343013,1.1388604224440906,1.1630573156613495,1.272108729108185,1.3073535797345728,1.4031891595642467,1.4565504431884817,1.4633634881912867,1.5345060398131376,1.4950943075763092,1.5062153971014012,1.479416192132043,1.4373836202348655,1.4475498650465233,1.3809279407589365,1.334586560293566,1.2449735648076945,1.2262328464202974,0.9790037481624256,0.8737515294382718,0.9121830164859303,0.7375431566877562,0.5501756537550411,0.45237523348546144,0.19286173056328995,-0.05873280150550989
6.02,-0.009680843162923117,0.32065939508563734,0.5578655572430994,0.6745957728915352,0.8248293749318074,0.9537285877100687,1.024581182121103,1.1240181102265905,1.1221675212587718,1.2324229181538289,1.3272678366491732,1.390540886497427,1.4753403033710761,1.4685103021894323,1.4874618130693218,1.4671247336248754,1.4789975843168832,1.4859544782416219,1.5001622455848684,1.3964874686869764,1.4192509388227648,1.3747492731942117,1.226371908451986,1.2965576078480407,1.0897838000768638,0.9551284722682993,0.9858109532675177,0.7623837321842857,0.5294951402280589,0.5123630257770602,0.18307697526540637,0.007742290902586459
6.030000000000001,0.09061195126620614,0.25512404963579244,0.4864653553404893,0.6430121841014077,0.8261606275727775,0.9966122576574284,0.9342034774440156,1.0966409032158195,1.123588937917137,1.2292599197727907,1.3391639322990014,1.4109996570741363,1.3813652135874674,1.4804227503975653,1.5053857265580648,1.416458353164024,1.4145523948264422,1.4933586795621694,1.4744238341600115,1.4126852025339438,1.3947589786331311,1.374546888096063,1.23703778971035,1.1902586956136643,1.0198116515516749,0.8869126767292275,0.9932713692313209,0.6950607398900293,0.5240713719629517,0.4905684754198786,0.18716699556372535,-0.054449346702641774
6.040000000000001,0.014418871519948936,0.294400178843164,0.5191154194121513,0.6663150146149879,0.6851994128688936,0.8977045836283561,0.9425524320464296,1.0759869999924854,1.1603840306782682,1.298173866546131,1.3067153142284467,1.4357890404669047,1.4821003881526553,1.4833763313401753,1.4612799259134408,1.4501234317282188,1.4590809240890523,1.4847616476658285,1.540771046373675,1.4772504527663222,1.3614410702091222,1.3601652311700774,1.222960866881739,1.2670564592374627,1.0394050901724272,0.9443947049261828,0.9236775448256083,0.6300366457725282,0.5246835470958385,0.5130472751131054,0.1284114545732446,-0.046854649554276366
6.050000000000001,0.0897052892578909,0.2316289445785505,0.48060014058239775,0.6168815258212696,0.8002881138698689,0.9471740431634805,0.9867812783677191,1.0908166241567847,1.132770089617086,1.2380045475782795,1.2306399896448934,1.3862722403695598,1.4639668707870026,1.4452628658092228,1.4777744507937662,1.4599542032764778,1.4718212624991187,1.5380076341540503,1.5205086927221707,1.4255769010398611,1.419434982041705,1.3331714905454222,1.3010261366641218,1.2047308740002673,0.9925843542317201,0.9422117724850918,0.989452115461989,0.6536658070445769,0.5238827875467678,0.5052775669381461,0.16671068193369512,-0.02523357768353901
6.0600000000000005,0.09170905092611314,0.2891341980735938,0.4453317337321203,0.5847099461949716,0.7912695836878327,0.9468131022660481,0.9332453532371031,1.0217890483599068,1.158330998064603,1.3021730025338552,1.304114222842757,1.3819093036583758,1.4027350321487115,1.504473482734209,1.4842922822811329,1.4766990316917101,1.447801429515264,1.473668643866382,1.485913989022863,1.4952426186383607,1.4275009270094912,1.3974248379486653,1.2805688013933114,1.319536069536498,0.9945744590409472,0.9104878126512199,0.898059776913682,0.6756500558462033,0.5175055219383018,0.4320362287771228,0.11967322804765665,-0.07212375238302045
6.07,0.029096783529221508,0.1838563835618227,0.501168303209197,0.6571077926312567,0.7346087841802635,0.85901589572102,0.9309056825455593,1.0741584773260904,1.1790726435195142,1.2760911699638964,1.2885604216607118,1.3995429529229317,1.4478992663547103,1.4779722293879605,1.5250540206672394,1.5043226225775344,1.423918659540934,1.5089655282244152,1.4667602502959323,1.4482479897889093,1.4124350725664774,1.312000458959625,1.326928111952762,1.2530843980857884,1.0415676089129888,1.031578381225832,0.9489113873700494,0.6473993932854031,0.5284559489825267,0.45649699128064425,0.09579931292082508,-0.07484901603219894
6.08,0.06052173940343312,0.24606827687839247,0.5731956855547612,0.6730305024616905,0.7902717276037112,0.8572496732817863,0.8469800088064516,1.0136481887880118,1.067339888541266,1.2673151619274172,1.3171940245745675,1.4522110660836962,1.3827772465094477,1.4971727305994749,1.4343120549227586,1.4635920920944305,1.4741037988819674,1.5055242432375537,1.464935037669537,1.480955918045278,1.399768448259426,1.4566596820173088,1.3294109243037193,1.2894526563842008,1.1123289951203281,0.9668887169313275,0.9496578402715358,0.6136424984293902,0.5607919882340888,0.4740752943767802,0.10474566015816703,-0.010965731600894686
6.09,0.06540170104246182,0.224281055775374,0.5086592415248693,0.6498396175954496,0.7726410520096981,0.8628213362155549,0.8831846487044115,1.0010795737613045,1.1162531673854459,1.1911612336352562,1.311972345671177,1.4391302196770972,1.4679822152294393,1.388828738663208,1.4674751451514312,1.4878526821443652,1.4321577207777128,1.4398047636911357,1.5227469259070923,1.3899983224400212,1.4701817941420228,1.4081031650916525,1.2619171704655336,1.2601261087348004,1.062885918712225,0.9697900862946154,0.9902388239992664,0.6279569360830229,0.6100706313627505,0.4924295425308677,0.15580289050239493,-0.06808529470540961
6.1,0.06669273038093493,0.19734321503679841,0.47813755495394217,0.6047956761037818,0.6976839860243865,0.8343819117231618,0.8933258160473325,1.0092173841913974,1.1365379378218403,1.3303935015165338,1.258270160131669,1.3645177686371934,1.376220801599072,1.429429574309993,1.4400094488171435,1.4910939258488927,1.4339137070909458,1.5104929704009473,1.5595881576951292,1.5102856885900926,1.4759301176488193,1.3899204866460204,1.3392712309437842,1.3439989034793671,1.0426684747500932,1.0240393152821965,0.9769399589143256,0.6555646607311683,0.5747915772864659,0.4679463452570122,0.0884347625266977,0.017511701388904878
6.109999999999999,0.07331568791036239,0.2330196479932532,0.4807779636278923,0.6153774522640842,0.7288357307951371,0.7958260552380368,0.9334874920540313,1.0296329165494742,1.1473790359007694,1.2003262377523363,1.2983899275413577,1.3697422481663335,1.4564790318164784,1.4437330274919167,1.5333353444897972,1.4152559546162364,1.3972903478475647,1.478108137417564,1.584695225521036,1.4980391290614703,1.427599290110478,1.371250528181614,1.3231666639728696,1.2749276298923096,1.060864356599428,1.051078017304818,0.9600807371680413,0.598568697039811,0.6393646064232035,0.4216766065146036,0.10889547799520363,-0.02844258446494121
6.120000000000001,0.07898911885006549,0.21598394499078885,0.4495562182540221,0.6011372456007248,0.7230185723705352,0.7945808739036184,0.8278793338682459,1.0179881712756256,1.0905462132013537,1.2136429418305457,1.2605697693813023,1.40125027979016,1.4215187868430137,1.4527306919768872,1.481716028990697,1.446445194866608,1.4668686551074028,1.5112356439906207,1.491554976910765,1.4824354992935311,1.5289924125285739,1.4372942749896584,1.3552228808231974,1.2529756690831968,1.090477463168238,0.9226354548350264,0.9281780033399631,0.5697178689783734,0.6353523729396351,0.4131775637335271,0.07569875739246287,-0.011725235141553386
6.130000000000001,0.0783074666397643,0.14699344203270534,0.4288088638982706,0.593195765846979,0.6497285127023265,0.7518455173975354,0.8466621070819235,0.9620358498131427,1.1152700832524982,1.2378625074843612,1.2662579483040195,1.3456178964216678,1.394558502121701,1.4020904664466232,1.521885892240614,1.4880136210150066,1.4044147589021432,1.4903965615122705,1.551217855971924,1.5582193030741482,1.4897472173350252,1.422315857228734,1.4030151535114057,1.3507911582835934,1.050747372191808,1.048684507941059,0.9777826278192308,0.6639014584190026,0.6956089947333618,0.3626250101780352,0.14941755783485336,-0.038097693053964224
6.140000000000001,0.04655893038734509,0.10176838408804643,0.39945976557690993,0.5571683952014678,0.6240157902694918,0.8555153087719409,0.8815256482109967,1.04239172854436,1.0901815177094047,1.2569920665627998,1.2762353296789282,1.3609339414351185,1.4019851750350214,1.4498828145342457,1.4568837441706177,1.4893637280874774,1.4332213776969907,1.4776888645277129,1.5743543269664562,1.5307778844138906,1.5130990977839676,1.4257363787446389,1.3783497418749289,1.2935396555418117,1.0666190619350064,1.0123280038227063,0.9787497137898942,0.5983065474896981,0.6440325262303781,0.37942541198936214,0.08269321592406378,-0.004513728421486911
6.15,0.0670978829780589,0.12036895689005768,0.4053757239836736,0.4891356264322793,0.6672843474500699,0.7476314741123061,0.8033330988885644,0.9940057480677635,1.1376447256846702,1.2885444192425668,1.3095109910533205,1.3709005180938416,1.3984135850603288,1.466730896932657,1.5240309927419897,1.4463071283335562,1.4737773453690641,1.5379996626667511,1.5129076450134982,1.496560698070083,1.4823998259871267,1.4245344342449155,1.2922116537610857,1.2880541906334022,1.1294408838212209,1.0230420128065487,0.9459950885089665,0.5846083384550613,0.6645572711261293,0.3582093121716148,0.12162666525541092,0.024477037136654986
6.16,0.10027042403720463,0.11155909723584614,0.33779271589773413,0.49348878381806954,0.6084696056140091,0.7286139140362748,0.8455275538590669,0.9979521003276224,1.0934988015171052,1.2375320601469357,1.2544528112281945,1.3523771769473063,1.3872568672795687,1.5048228627174727,1.5189097114462533,1.521893185547564,1.513904696201443,1.540734390556908,1.554143388744965,1.5098120389228424,1.4944393316976337,1.4841256385537314,1.2915902003506343,1.2661383787715352,1.040380731256832,1.0173820702964818,0.9748940067582247,0.5723752245120368,0.6281828496722264,0.34857259831575993,0.09478244937769825,0.10644534168029476
6.17,0.04479253400014984,0.10760197580869332,0.3729730734296822,0.5795698461743184,0.6340337186401558,0.7092973622973658,0.908686167456069,1.0494941914627953,1.1390880228606015,1.208671300814379,1.2810315887717938,1.459348515657149,1.4355526443607727,1.4463904689100167,1.4615645211714254,1.4760414505853945,1.4731725753623806,1.4582283063185828,1.4957183386721309,1.493205722119266,1.5027675705428951,1.4902568436296533,1.3559126935462595,1.22729004804634,1.0926176742233595,1.0265132529827672,0.9973126726067689,0.6087521082772145,0.6796884031454412,0.358726400364432,0.1324892330251945,0.07424784013951881
6.18,-0.0014050752948100926,0.08550582160364761,0.34453417666606645,0.4770760041724966,0.6264259733557163,0.7324273865036004,0.8478090098503789,0.9704407531067507,1.174497434465341,1.2260052367050855,1.2845930259030072,1.387962229179717,1.3742780739166838,1.3895072719293866,1.509031639222249,1.460037704249126,1.4766002690853517,1.4557172212434177,1.5567333021388718,1.5231568023573225,1.4710012314274385,1.4506358241858168,1.3352431617096563,1.2367384147861962,1.092586310173404,1.0356227624620509,1.0655296972729555,0.6329086449746388,0.6629462283631431,0.28799334570248103,0.19660337068491696,0.060360458818067536
6.1899999999999995,0.008951244410824176,0.1362043009576328,0.3225973762197071,0.48273409991462846,0.6154700207843423,0.7522129627168581,0.8488557146912454,1.008743554391843,1.1709473998052022,1.2669972335580686,1.3015379311794477,1.3538651802272628,1.386886877159351,1.480480483586762,1.469882745301316,1.4566629734638243,1.5312663844485355,1.5262599336912213,1.5719743253737197,1.4636215200094211,1.4668225014387686,1.42140265730682,1.374984016615913,1.1972334428910796,1.084636389599131,1.0277335627085553,0.9572973153977719,0.5864625347123981,0.5906183113898426,0.28269748383087095,0.1638787727454601,0.04710129065791362
6.200000000000001,0.08728673686734391,0.1214377069957587,0.32734750038910254,0.4096264682160517,0.6578734579829248,0.8080438036664791,0.8354162058770996,0.9852984819413813,1.2040062264596896,1.2727053181003647,1.3636493067407394,1.4032898781477714,1.4092430091083685,1.503168027128287,1.4561311142700983,1.4459478650968582,1.476134099612583,1.4775488063748763,1.5070634340478977,1.5419511072287528,1.4420198177118637,1.4052842348131434,1.3189785073468199,1.2226278424293948,1.0446357034172669,1.0973786157396137,0.9790715241408643,0.6103454593968836,0.673520661397499,0.2755153140735454,0.14360411274705856,0.13321634025904683
6.210000000000001,0.016117866199198076,0.15571929600173942,0.36768061218346393,0.4952704539832221,0.6033649703211716,0.7687549262538704,0.9407735358273862,0.9717014682849735,1.2024818556411905,1.279969440920212,1.3098752867119758,1.348387982153835,1.453529994426331,1.4579223197709963,1.497438324449876,1.4410152295395082,1.4524233489080376,1.4705041111706034,1.5590178304036721,1.5408145655268852,1.4964427395404494,1.441415617285069,1.351449706859698,1.228598698521243,1.0476558459553034,1.0661014621624596,1.0143070164154955,0.6088866868201501,0.6989758435679929,0.35983974090244214,0.1822766780384225,0.0831707549049833
6.220000000000001,0.06682844710921662,0.20824441077631808,0.27757335532837596,0.4037446657850665,0.578142200457529,0.761819763534081,0.992533135392773,0.999341001467691,1.216228179767122,1.3040679782449487,1.3149495382288698,1.316768128587592,1.3882020944028803,1.4315069868704426,1.4790625928603542,1.5184719683301995,1.5290643062941904,1.5418847020606885,1.6041361706671715,1.5383340367181673,1.5162311142687814,1.4147191433590716,1.3866473072458887,1.2176214791031765,0.9784592654107364,1.108628080536803,0.9837807414939209,0.6303271664436537,0.7089046933268838,0.32698962866480774,0.2627335687021992,0.1042127477828423
6.23,0.005234558717771676,0.18403482120012435,0.25659910191417173,0.44723151211474754,0.6112896102908766,0.8335318639672868,1.0076692864441432,1.0456256301444515,1.2070911922643086,1.2130129346474803,1.2961411011230282,1.2936770345298592,1.3911733634781005,1.4380079722071446,1.473797930110005,1.4483563257288636,1.4716669988376536,1.5128815816310133,1.5211886124471483,1.5002509071950234,1.4025319226323252,1.3785523941921023,1.317187778012453,1.2436963447636609,1.0719150919377096,1.144346146862075,0.9519348773270571,0.6134353473126203,0.7349229340764339,0.3378789234648585,0.209611951759735,0.09132629348323323
6.24,-0.0063731199956895985,0.1767954700989848,0.3259324114737171,0.4634724273385772,0.6146106147666565,0.7701677667869393,0.9990730230927446,1.0890661972124085,1.1471928492075545,1.2409809981016107,1.3451242840226367,1.347039778228727,1.355915980362335,1.4771067566391045,1.4811604731701733,1.5097002844842096,1.5470531935806797,1.5318806821577027,1.5740010810119365,1.4548710672481704,1.38545062460039,1.3399971133350361,1.2940689544600106,1.1489639279366144,1.046291803173116,1.0703746941829215,0.9708103418037045,0.6693144586115422,0.7325454446420111,0.25223405092091594,0.18648904146446973,0.12059307532607641
6.25,0.02665635432796959,0.20931892963359874,0.30624902183624253,0.4839769220731104,0.5792106554032687,0.7394651879938648,0.9691954016239873,1.0107499481049695,1.1869729404295442,1.2302880876463191,1.3086836085065796,1.3432101633491342,1.404475757361468,1.411001682248127,1.5773377457851698,1.5133678880994892,1.5268141676841664,1.5054271940611155,1.5332458308626444,1.4672420927947512,1.4576930615723056,1.4186940509469816,1.2768482707415878,1.2524462404814491,1.099571562877924,1.1231094140820288,1.0277129705030108,0.6842309272162144,0.7072812408408505,0.3219645462472133,0.24624965488057496,0.13280667755268197
6.26,-0.0027918250387778815,0.21530380899535448,0.2937038245678267,0.4421458876923682,0.5860882940575579,0.8303456359432937,1.0139044691729238,1.1300201732489203,1.2082728513945404,1.259638032217121,1.3291843205041851,1.3283849744437533,1.4128145539432164,1.4081703117625781,1.5078548167941943,1.5670759656937459,1.5052805124498965,1.5286709948301467,1.4966948649853364,1.4579679224928803,1.4783789583063451,1.365676999536101,1.3568885453393587,1.1857749215600997,1.080282070324467,1.1485985390409796,0.9497165717125603,0.668865960575468,0.6947990672793813,0.29405338135085063,0.22028732430297723,0.17366435921642837
6.27,0.1159803914064028,0.25567873993193097,0.28493399170091205,0.42290426272393045,0.5836279817676038,0.814823633416313,1.032520702078,1.0765467035457454,1.2095602076900052,1.2844305025861915,1.3352832394332637,1.3712408279233113,1.4174358743818518,1.444199897184828,1.4899242236899837,1.4289921782690367,1.4949762535147604,1.4662536097107226,1.5056729552241153,1.4397105656972922,1.4567513604311846,1.40946410471765,1.2484119980108237,1.1473534363774966,1.0589796779125737,1.1411144502971426,0.9789118732663002,0.7538071876651901,0.7631449500350926,0.31052589869300856,0.30723745093425464,0.19879233405945312
6.280000000000001,0.008708075258126056,0.26097598084617973,0.2337219319002303,0.3909242216090744,0.6188241656444133,0.7464366245908545,0.9802951630173703,1.0912583744630264,1.2391005562739605,1.2541823697133543,1.3350241721553224,1.3229141918437877,1.4212686959352445,1.468123243940692,1.479371227286883,1.4963328898346107,1.5120944518408403,1.532495595293992,1.491635377479489,1.4497426614470554,1.4982093946854858,1.4604990331064411,1.306723097085119,1.1782335669733843,1.1582292653037334,1.1632282923096087,0.9590012574433503,0.70946988164846,0.7871030657453643,0.3641668361598576,0.33747209122337507,0.22417591494572844
6.290000000000001,0.041895111734690585,0.26245628504408186,0.32999975523311054,0.45300007244678847,0.5868290343662431,0.7935330980365065,1.0495724622976066,1.147057691245599,1.2685962733081988,1.263372773161722,1.3674272663608729,1.3521102340677076,1.3672569348250274,1.459478525407266,1.477506728994989,1.512517119609794,1.4739708076442044,1.4992956222856095,1.4915918440018376,1.487474497745739,1.3746539606317123,1.397194163083903,1.2865300858156548,1.0978832947220565,1.0773431718933297,1.1489410335198191,0.9275100096474693,0.7563425926893624,0.7376212347071495,0.3429736394255445,0.3611449321535599,0.2200526126846547
6.300000000000001,0.06270438159490813,0.25668134000291726,0.25149107958243605,0.43945302298147754,0.6191319513513148,0.875996447725142,1.0442080015949997,1.1044949046018426,1.2769549249275678,1.2880748646631155,1.3129131957142108,1.3104556024395428,1.36966697237088,1.448973348235262,1.5039228982159771,1.5147904465566868,1.5018875397784728,1.5133761518063367,1.5234914491571838,1.4651727321498864,1.3852804414773774,1.3230777370884377,1.2667846198158745,1.1311452502434178,1.1348037813283327,1.1517657610468484,0.9403502576007305,0.7992720027038388,0.7638124332699333,0.3616975184155802,0.36735276275616074,0.2462186240139831
6.3100000000000005,0.028117441744378587,0.32687916794502186,0.3383872605905476,0.46357025778173566,0.6144151259953258,0.812261884289885,1.049126401752427,1.117371483343741,1.1811326301161313,1.2425834070314894,1.2929016324677063,1.4140651707726004,1.436833474384571,1.4623294952848114,1.5497610109102018,1.5397645996726241,1.5072696010039879,1.482754739543487,1.4395363843924438,1.4923590357751049,1.4125707345907927,1.3848487788187336,1.2723060312106174,1.1008917853698998,1.1451178816903058,1.1149285697044353,0.8446140923635039,0.7932176677084101,0.730082225797121,0.3881077052274638,0.3726219225035664,0.17391856509424536
6.32,-0.013109897207766803,0.38142194945861047,0.2910427021594808,0.45948544332878605,0.6207874543127672,0.8835088791593178,1.0367437442264575,1.1359840336548896,1.2468863666394077,1.2248799958290073,1.3355320638115429,1.3202511257821128,1.3772589507660609,1.4810316367101497,1.5352493060379766,1.5417861087327323,1.5345010513241695,1.535903298567237,1.4796890189133158,1.5235793586899726,1.405367892793411,1.3089252328804706,1.2819643452556817,1.110433624024794,1.1803573611570173,1.089054925384364,0.9130483946465688,0.8554507409117834,0.8008886764881402,0.3673972323918322,0.42664609640438395,0.22495948581003233
6.33,-0.04482846558846665,0.33898243294731223,0.2843962939345829,0.44571161819617094,0.6613830820949747,0.9121784189095644,1.0216931594563317,1.1138316889679285,1.1963316443979224,1.180207240726747,1.2754267930334207,1.330581376913543,1.4239384849447068,1.5468607289023022,1.4915258737457495,1.4959820486498785,1.5339428308799747,1.548444642771989,1.4862012340043862,1.5448390007395534,1.4032304089820011,1.2893369938478056,1.3751971942957537,1.150599483746089,1.1645233315845855,1.2045783438802984,0.8849281324226114,0.8551408563655483,0.7785025204132558,0.4440596247833106,0.34205607309504726,0.24597394134281853
6.34,0.02700659633742365,0.3416993104058068,0.2795568940031319,0.44528241392445067,0.6585373349572091,0.8865624212598995,1.0380398893784497,1.1330139199055407,1.1862128491431596,1.1704909118528144,1.277140238256377,1.4007993266537706,1.4787902960617938,1.4228807485412853,1.5293553678796292,1.5195689880021457,1.535102738230659,1.5087278053603983,1.5280737044376391,1.500209569958397,1.4682663172376256,1.3543582742080045,1.3584355985904686,1.1422637076064603,1.2907374487132626,1.091465025918825,0.9265394980782184,0.8464014336307479,0.7829106685251788,0.48870377090503314,0.4382290924425538,0.23545698961407843
6.35,-0.06188541607689719,0.32631723167316923,0.2509108826768047,0.4564248851710146,0.6441714978928444,0.8275472478866801,1.0202462168366497,1.1252890667619375,1.2305180679244079,1.2621579246247614,1.263412692925578,1.3705825649424026,1.3980187079520827,1.4628355435809075,1.510986703696456,1.5810246042549574,1.5632092046464123,1.5390700584708827,1.556486636584557,1.5488334567982684,1.3530358967722245,1.3595723175773249,1.399546237664736,1.1166683164190736,1.2535540452241964,1.184258170524208,0.8711081371028561,0.8003874122173581,0.7873522887679683,0.4471926680721905,0.39144950549323904,0.25854595915519385
6.359999999999999,-0.021447239848126333,0.34468539312027907,0.3426182584624392,0.41860908153014303,0.6495972043286065,0.870812234990306,1.0413758861935654,1.1316847028740715,1.1994167654272132,1.2170567615249235,1.2997533038011846,1.404080517872071,1.4484401734617525,1.4630388067550146,1.4870124611925568,1.4883071920135658,1.5156035225419848,1.5778202758575002,1.5406339134856237,1.4945261828323293,1.3952230802919146,1.3303697638686556,1.3883060304436383,1.1323053489537533,1.1955199194198116,1.1728187965977044,0.896833599664921,0.8797157210958219,0.7179781174666446,0.4101365638971931,0.36591426944813343,0.2045446836664059
6.370000000000001,-0.036967951265413856,0.38518370423264503,0.30203521562192504,0.43852217321142584,0.6932011036188654,0.9122667886222817,1.000158866680544,1.108017775134988,1.190087111629978,1.1776065320651365,1.308004214709889,1.3610660103764038,1.415328465293303,1.4524940366933703,1.4793056866385288,1.558618578912717,1.5276637729157698,1.5584649847620773,1.485019591108846,1.452705590774954,1.4483649830425471,1.3376836509207184,1.3671041562980961,1.1500495642563873,1.2490665035295376,1.1383767143894814,0.8142909390594469,0.8763117275978403,0.724210652366412,0.4270202798331045,0.3970473506597828,0.22237208964697816
6.380000000000001,-0.059364867514316605,0.38646008389006875,0.3247532471167492,0.4495034268299444,0.7222961692465283,0.9369179782760945,1.0326542400554992,1.1708114107966037,1.230267804544647,1.2275137557329714,1.309809854981613,1.3289661427148538,1.4394247941515559,1.4634683946570604,1.4957682422565295,1.471823549710451,1.489684219643493,1.5744581198882748,1.5331295699422203,1.5319028132705181,1.4604075354876438,1.311508404679798,1.3492970190377607,1.0824608227395482,1.251162816093517,1.0380054044624867,0.7391282696574161,0.8181146238684678,0.7022742429227689,0.46469325726896143,0.39630791361573636,0.18008187899762262
6.390000000000001,-0.033002337825798686,0.39708843355698115,0.3601210279119153,0.48271441377360746,0.7458817697660358,0.8868018608084859,1.0200574327662721,1.0847206268041465,1.1238424744161764,1.264962210993959,1.3595923257070566,1.3434299879292557,1.4111716324266743,1.4916019862515446,1.5040948715414706,1.4542601790937986,1.4999785167167932,1.5509635414634493,1.5346141489361962,1.5067457832835751,1.4140526823633133,1.3435801405660506,1.3545122396277471,1.0465602243902288,1.2915316911224173,1.010529520141782,0.7380520976079752,0.8277562552439244,0.682799529834326,0.522885739004277,0.3883626769697668,0.19570264562362516
6.4,-0.07689544824798353,0.3869698343166252,0.3758195794976524,0.535034073985373,0.7339303766974323,0.8731830211101602,0.9950477061099918,1.0863205355425034,1.1054661098781353,1.2439173923567912,1.402113305694747,1.3936112173549018,1.4779689392916726,1.5126414108791375,1.5496025838383938,1.4939265759087723,1.526244319046618,1.5099960017458183,1.4897652539280795,1.489687772824591,1.4562351186817069,1.4186115639272265,1.4516487838165881,1.1116978037917977,1.1711067444564098,1.0420549604829739,0.7061683223496416,0.8500758757353044,0.672609380315513,0.497903806245345,0.37330232508993116,0.15085140867336355
6.41,-0.05765254891911967,0.43152383532205346,0.31477745828327724,0.5154906249930278,0.7217130270649695,0.9244579659187996,0.9940134674425535,1.0677301573011855,1.1377205661996033,1.2389647292900583,1.3569119017072833,1.3758858813056316,1.4295393798661522,1.5110411280929728,1.5219771238685513,1.5054240937042849,1.5539309117667188,1.5124554073709664,1.4985341959792713,1.6068584027437418,1.3976832163475912,1.3343682624052786,1.3935362850653388,1.0534758514670837,1.2591470824995774,1.049883249399334,0.758074549013688,0.8650367903422734,0.6550061931603786,0.5147166710172096,0.3903884857331762,0.20340585468496394
6.42,-0.06002558211252086,0.38714175924351124,0.4165105180864463,0.5945054065467575,0.7936742531140447,0.9222888847017445,0.9384537563176485,1.132647243114688,1.1402210186819837,1.2639680293382602,1.33283741538376,1.3352510046685555,1.4056382811809491,1.4643846272461367,1.4902454009980062,1.5113234228513055,1.5114599653804914,1.5297883780924215,1.4940274878798274,1.574618438273689,1.457917678721005,1.3994691171205962,1.4195532975837288,1.0386183764779355,1.1869650993632008,0.9770478186872579,0.6715011387100828,0.7656190085109068,0.5799281929464817,0.5386002277588051,0.33082657354152833,0.17473155701568446
6.43,-0.07096211053618048,0.39384356723666786,0.3989758774483487,0.6049896476575594,0.8010298434633208,0.9317285952736156,0.9838621737730344,1.1122894754742922,1.1344108526922134,1.2051873754485467,1.3429265777627633,1.4268546985021768,1.4878812878450556,1.5041628935277358,1.5568950676086613,1.5230509116152808,1.5960802604109856,1.5712320745059714,1.552852701985964,1.500281924136907,1.4205970903622371,1.3074700562648907,1.415851784601446,1.1024403103821105,1.223889065938071,0.9623620101909783,0.6421518548397389,0.7515510870144009,0.5297157079019028,0.539591559501915,0.3172385437684204,0.14571327164224232
6.4399999999999995,-0.007007399176489137,0.4244967437291089,0.47431107723511134,0.6186187402120638,0.7925634474497574,0.9396443623259322,0.9666552696297921,1.11487971444779,1.1357462584828208,1.2503483594023828,1.3541228156886964,1.400126123816449,1.4463999196953352,1.4639649696110633,1.4233024115572626,1.5033891212503685,1.5108693088331617,1.5949937397540153,1.4867053204445582,1.5514055614210387,1.4513387225345276,1.379903210952424,1.3490270022264461,1.0879521441551607,1.2261494381484508,0.897006992591453,0.6349000235909746,0.8002678837403902,0.4718886045799353,0.5931822753953724,0.34588468151787,0.15889282666032412
6.450000000000001,-0.07863469695552841,0.4458637233888146,0.4916697755886468,0.5549881353323629,0.751824356040646,0.932888487271657,0.9987062884851269,1.088057279352496,1.1396295859561603,1.245650364597693,1.3597650117298412,1.4228550578429784,1.4159309788841212,1.4610360591806442,1.4747003836776336,1.4918458370267302,1.553473244145586,1.5581914050088526,1.5312380219791437,1.5354155552659314,1.4585333456211342,1.3572755263211602,1.3582631203491804,1.059751473090783,1.1512174394889105,0.8814921588269685,0.6622421306884448,0.7738253702233158,0.560714006091976,0.5718122040801533,0.25033301997509705,0.16547358473823615
6.460000000000001,0.010229534852660021,0.4610525452621246,0.5004712674456057,0.6273904460268269,0.8091191234991191,0.9343996696846864,0.945266743251137,1.0793979580781219,1.1564961479852403,1.2290003568447625,1.3603107824098168,1.4021377060689746,1.4260653742675062,1.4043063080206892,1.5500759868681184,1.5640615608891033,1.5495822534129302,1.5264073419609805,1.500527150750031,1.5128837183891894,1.4431255674980306,1.346153626489333,1.3790230014162699,1.0714861903929012,1.2100709932878597,0.8274763851445135,0.6210591045931189,0.765513166627265,0.5222968920968214,0.5395895499481689,0.2744042785644682,0.1853992064078092
6.470000000000001,-0.018123135209379408,0.49047409493341254,0.511072659212008,0.6931817951449976,0.8920352867761873,0.9019152316276826,0.9586196899037718,1.0916087108369639,1.1483843172672714,1.2220985973881722,1.3542223579872144,1.3801765126533863,1.492650921710212,1.439153096946652,1.4185725940321663,1.5235124757388652,1.479821289173279,1.5681083437699288,1.4937751564039445,1.497913651448737,1.3740560223920748,1.3212178365654867,1.350778416981602,1.131820000932192,1.1750829755896564,0.8770945194385552,0.5902470349223335,0.7920917376783853,0.4660570574205916,0.5903910492874028,0.2810649380164756,0.1514808035001001
6.48,0.0026937722607937517,0.3879832586484521,0.4794941640144858,0.6310212159209205,0.8051509717487819,0.8984937116815619,0.9393172896438862,1.1270481394955536,1.105952426349547,1.174152321167428,1.3062010476883152,1.2992212436231172,1.371776350961612,1.4705504941509184,1.4235024924159903,1.4762423035417156,1.5751242269893289,1.5055093819040233,1.498315401209657,1.4736941538342094,1.3959224387980484,1.2866972362279505,1.4146514611594923,1.1574257470772393,1.1712710193667661,0.8292803281792931,0.6837496222833347,0.7762896309934173,0.4592760937898557,0.6323894688677248,0.3422463270491803,0.14400721114344642
6.49,0.03799562143149057,0.4080239045509854,0.5618766632968277,0.6684753399074597,0.7934399662385541,0.8652685174404219,0.9585178111613137,1.0637062416087482,1.1184808346353374,1.188642337976541,1.3317414728384736,1.3913449956402215,1.4257012885343372,1.4764351522710382,1.5262783712283006,1.5136869268570234,1.5403761937874825,1.499483757766345,1.4543650933116965,1.4962031030998213,1.344128863926114,1.3923573656360273,1.301924100929485,1.0996455654106725,1.1571361631132906,0.8468335723368041,0.6889161288510799,0.7777753850874846,0.4660572926484768,0.6046382768334019,0.25652514199743726,0.16931992503173104
6.5,0.04452025238252283,0.365484101208366,0.5681048886609319,0.7143315002266248,0.8941980389518869,0.930039509849947,0.8937659646978696,1.0398526872376037,1.0987949475708532,1.1727993077939907,1.2925380239917967,1.3766113418940837,1.4712722364801565,1.493132316099169,1.4787328249990739,1.5613395371396828,1.5279243327085643,1.5131151960312976,1.479809243958494,1.4973096969179187,1.3584277338586968,1.335151901260417,1.3762400894199924,1.1791125083799785,1.1334344493246185,0.8473708080193803,0.6460213089372359,0.7130458177564917,0.44243291533633783,0.6321403227033238,0.2564105844329148,0.09369973893440246
6.51,0.04316810195056055,0.36035694668077783,0.5121943251031635,0.6758448817716795,0.819282602547132,0.9069828612681148,0.917263218631386,1.0879543241509955,1.1179069041067502,1.1987337098771007,1.3253997988213677,1.3727074751294455,1.4394979020361163,1.464074349961526,1.4706413922444226,1.5199258356315648,1.553767555911116,1.5718564485547424,1.4879018721904553,1.5013193747395985,1.4122216372251755,1.3538472553449117,1.3438996262082836,1.1567445079973548,1.1381879818346134,0.8269498432985121,0.7045229110190018,0.7594806373899669,0.3898151616715456,0.6632186872497522,0.29115111410466893,0.07711171842728078
6.52,0.12106305891749666,0.28872022817686244,0.5716381664358886,0.700837070689317,0.910581083062728,0.8731072445150216,0.878840979452345,1.0408814838990452,1.0748392858382525,1.219181961800832,1.2830511616836524,1.3351658037538154,1.4182038743458159,1.416038706744859,1.4511924767298738,1.5050446992890931,1.5137179050204947,1.5313408268288549,1.4416640669429035,1.4731992659657098,1.3532438287279376,1.329681529283803,1.3830202430289331,1.2263883861737934,1.1371436266989194,0.8075653411123923,0.7675826959222508,0.7569554407526737,0.4714095409637046,0.5340096308062394,0.33229611501531764,0.16648492087622405
6.530000000000001,0.10060509275334809,0.2659586851147779,0.5809796497525757,0.673287322838108,0.8822941235276067,0.8711949788384943,0.8673234865430435,1.1061254661618647,1.1227111732872244,1.315765634061015,1.3655073283995565,1.383606970121757,1.4562977370783823,1.4743343843794892,1.4370709423272172,1.423498369756298,1.5327481262529485,1.4755779946416894,1.4778373308619117,1.4866377966778164,1.4245755422330397,1.3532526743384965,1.2783883160855813,1.2465281900432463,1.1946921446883862,0.799237012556899,0.746448322055216,0.7292920290644169,0.44226890568540395,0.6444299356038883,0.22843525567353082,0.14412618610327732
6.540000000000001,0.0907638431562422,0.27621246736911387,0.5707769332326459,0.7241421354579725,0.8377586435028866,0.831629288339837,0.9055283624458451,1.0218520989766904,1.1561512090575439,1.2308583627080716,1.3281017556991042,1.3853324373893572,1.4462373240464927,1.4910934903344786,1.4525811144266993,1.4822363199260928,1.5201433925350714,1.4859812897976954,1.462467762319355,1.4898286470973239,1.3785581801608535,1.2684437164754654,1.2705855785810896,1.2642997132694995,1.1327070618130044,0.8321138570871767,0.7821691668227823,0.7953430671683257,0.46885569034992947,0.5462963137537178,0.20209970690617346,0.06874609181945923
6.550000000000001,0.11297377460211394,0.2717189037851805,0.5603028912689546,0.7140177691043109,0.8277698009402331,0.8352436640735352,0.8847837340084976,0.9979010920501635,1.1046261700105866,1.2648172559917514,1.3326088768871724,1.4173135108371808,1.4604368259559006,1.5094193464502006,1.4900426792101968,1.4891388881055327,1.508547812281862,1.5583015951421062,1.4446561753363694,1.4572087373399365,1.3663786403338285,1.3217119615996837,1.3005289487798803,1.3196601618704946,1.0724698082196265,0.8337318986386095,0.8611446086085596,0.7955579541604136,0.4305981271567912,0.590592910390715,0.2667780340137384,0.07195191237963125
6.5600000000000005,0.09565046358621057,0.21061964018674378,0.5707228368958223,0.7183590650946996,0.80172193504971,0.8431333018355684,0.8948728788757088,1.0207273211450418,1.0911959202593218,1.2496835512648663,1.2881395953625059,1.4162356988614462,1.4770429076969995,1.48440959577827,1.4492785855411645,1.5025570414744032,1.4700215300822232,1.5148263886717241,1.46017601694437,1.4345123707041654,1.3554193529409377,1.2773539271535461,1.316303015471412,1.329436223105618,1.1642153906710317,0.8878379844098218,0.8942772440424622,0.7760428938439254,0.46399780890267617,0.5747928849885402,0.21583388968169254,0.010446857913791588
6.57,0.12589414896111517,0.2636683981419992,0.5040628222260635,0.7071764146634978,0.8101220123757886,0.8027207614363662,0.9019290980662008,1.0088093980763648,1.152827884872904,1.2433119090245093,1.3198621910617185,1.3857773569584206,1.4281981847573961,1.4540576451516778,1.4657987801283372,1.4855731048419023,1.5496528768564504,1.435129775441697,1.3996062455328664,1.4019703310231901,1.355053074667465,1.3120667027902702,1.32737426783057,1.337572853082091,1.1429791804616911,0.8807272750696232,0.8742652372089156,0.6674881930047313,0.43268307922783844,0.5268693559447511,0.19095442158910103,0.0068122695047451946
6.58,0.11088934622895831,0.20571456453086656,0.49969202757636466,0.628858869362623,0.803147008686062,0.8439644957390411,0.9435696325770211,1.043777706995362,1.1460064770393075,1.2321500436383284,1.3592548544104266,1.4304643643514405,1.4424730231410308,1.3979364573407873,1.437309053991839,1.519282796717771,1.5338070282672713,1.5080320188855578,1.3609431239061998,1.426718013867744,1.3670941748150407,1.253913481004,1.2916883158815624,1.3385588765029783,1.1506922011477494,0.900612965373696,0.9174037314056228,0.7494542563372995,0.48825853390302437,0.4752138994628824,0.1690854798492278,0.00763747339944187
6.59,0.08176082550451552,0.1993255974443482,0.5500231396438825,0.6530379495963591,0.8008706151056857,0.8192651432410303,0.8477786594542506,1.0168647897493175,1.211999610842425,1.2648977600246836,1.3332889884178356,1.3885931794574182,1.423095902170142,1.4469187618384916,1.4676021069696141,1.4847322933819056,1.493920162953263,1.5106382123821118,1.4777442394040252,1.426980801258023,1.3506178945231027,1.241468614938999,1.2494092805526225,1.3038992032861658,1.1039522277838956,0.8930079932939338,0.9155676764747561,0.6618465595511457,0.5001058508559705,0.4393960118133917,0.2193932700310669,-0.01957507027920904
6.6,0.08290772761948928,0.13811639528407108,0.5069468486811881,0.6186082235074735,0.7749498975910073,0.7840325360867793,0.8447105240215717,1.0192544054647632,1.1130953175869327,1.2484533199209067,1.363216463453145,1.3888617896683484,1.4514448139677154,1.4920306848554827,1.4746043760686136,1.4733597295653933,1.5445469889521648,1.5010679105104587,1.4628085415476548,1.4126325220356777,1.3057169679781884,1.232301365070538,1.2566121874019793,1.3547782062027087,1.1232580967290542,0.931798132465785,1.0058871069780253,0.7353892316325941,0.4942798816722478,0.44294745354900716,0.20183661001276482,-0.05176913190704076
6.609999999999999,0.03677726613069255,0.12241671098910173,0.5201435215620205,0.6648182018826976,0.7001232039242868,0.7831900458713593,0.8654213779889077,1.0472524261134297,1.1612154237001742,1.243658260962335,1.3136120496626273,1.4405594593759576,1.4709855284670539,1.4536960822533171,1.437716656343993,1.4540700373593576,1.5083493457601498,1.505790040038659,1.4109475156441513,1.4527634996432457,1.3426513896328238,1.2485071948596465,1.274566859693456,1.3406715626038743,1.1432338391197563,0.9343175255522751,0.966593501809651,0.6802143424327247,0.5243248869355682,0.4237167805569373,0.15104827717273325,-0.09369347693349496
6.620000000000001,0.07883604524979375,0.08850309642830041,0.4786276269291016,0.6454471151670066,0.7353164222367627,0.8025113445255702,0.9292061020276743,1.0226733595119217,1.1509708069786562,1.2793178530798142,1.323678242228558,1.3238795907211123,1.4658405565583361,1.5162189276644467,1.4547138242173414,1.4399021034911392,1.514390176409951,1.443622797945978,1.4561365946549305,1.4488991312414143,1.2993219348937532,1.257976656807361,1.2394356309131092,1.3240273194553631,1.0573662790170937,0.9364515446769044,0.9815343588854559,0.6168406408907325,0.4843906122495015,0.3027084531403817,0.17311762147369258,-0.08869894165205063
6.630000000000001,0.07253470104269766,0.09986516259425332,0.5084371047235948,0.609142469772365,0.7669028989308353,0.755506549530392,0.9326159438471046,1.0516911439773058,1.1739596678699706,1.2496209695163718,1.2830161778714428,1.3068642450170718,1.448052004321327,1.4641066032484154,1.4744866165522736,1.4794183861333479,1.531046675014652,1.4969761061995395,1.3880421443125857,1.460655030040601,1.3527317005205686,1.272431480282844,1.2982524679934213,1.3502461218501276,1.1395366597259424,0.9555160290863718,1.0178644110460136,0.5712153584969928,0.5688580262132484,0.3316295730028881,0.10322524198703047,-0.10464467686567096
6.640000000000001,-0.027020574548046926,0.047238867818042464,0.45918386312238074,0.57784888970762,0.7096032582290416,0.7637032421532334,0.9193342240895104,1.006408717562159,1.1778647337672221,1.2155777907617313,1.330510045485172,1.4178888959322598,1.4399005716224629,1.4401676989053787,1.3544442552362452,1.4734693012151967,1.5333760744742013,1.5376843788671932,1.4336391823089436,1.4282151256576072,1.2440944077864005,1.2312181435961704,1.2906821125885495,1.3104994976193234,1.1353138195458363,0.9653360536865574,0.9762762832660985,0.5848141041177328,0.5569784700446859,0.2617977398116748,0.04978190003214713,-0.10133482831470386
6.65,0.07804638406676459,0.14432032387803106,0.4999026004235754,0.6640648543640788,0.7408811218303083,0.7610909460838361,0.9398635605119694,1.0637327133854626,1.2217779512357372,1.28173694297387,1.2796660301109009,1.403526662990107,1.5129455742316087,1.4849490228543902,1.4889270056965067,1.5000737009329093,1.5094495059938822,1.5042239413488365,1.4718195475179021,1.4174321579160312,1.2914311910893017,1.2978880345586101,1.2662068254369163,1.3447918432674875,1.1494667077308733,1.0300660271810156,1.0271722520765945,0.6167092056601313,0.5715389286309898,0.27113785486957104,0.159838021619157,-0.07488944817122427
6.66,0.03861077850554546,0.11934340342271033,0.49365866233995914,0.6835825638507979,0.7402003553861353,0.7905444529805951,0.9147680372702911,1.0580806155495956,1.1878245524610982,1.3079176449888366,1.3207978458099765,1.377714724853402,1.4337343273836258,1.4523700182624744,1.4187415520687017,1.4146918624295806,1.5067711282013128,1.5767706188960977,1.4316507431848005,1.4413416771308694,1.3242932405979335,1.2621128523037135,1.3206287301617767,1.3082089353243123,1.140088306879564,0.9517173789094884,1.0447089028045953,0.5760397984424115,0.6036152878849945,0.27171027965185296,0.0901133470932918,-0.05204515359008727
6.67,0.08140116857172391,0.17213212365209973,0.4917905782111062,0.6646391654591496,0.7004922838414208,0.8398728460739038,0.9862039856412251,1.107202350656923,1.175189096746961,1.28261246603604,1.308313546713409,1.3642437672552616,1.4226325061461285,1.4588727159553037,1.3174766213744264,1.4477997653602028,1.4543568515610503,1.4682485516468342,1.424296489582193,1.4232549143201583,1.2515616518531099,1.2236042432977163,1.253006007790265,1.302325521571884,1.0802339347807357,0.9662583544581216,1.0443833372515383,0.5503815385415044,0.5693161295195073,0.23843784617853916,0.10879502208524608,-0.11047999258671432
6.68,0.05557784511810196,0.11907365465788446,0.4647696620770317,0.6423274688211593,0.7108412474515737,0.8046163009348429,0.9865631699231923,1.056584532646845,1.2061486566886963,1.3271765543128244,1.2875952010878127,1.3756696814185885,1.3979649483575143,1.4506230554553339,1.4723717591108854,1.4859777430060488,1.487803717821818,1.5420264301217461,1.4413492161270216,1.464820041302716,1.3076134954814864,1.2572319580390467,1.2803002687218805,1.2744731632144468,1.0182337451909622,0.9519999487066371,1.0108134666115742,0.539846472433646,0.5464180699359843,0.17464160400503492,0.06217054047555612,-0.04452427557786667
6.6899999999999995,0.07001066287639005,0.13848177686038565,0.5112604594435882,0.6420343321740558,0.7445059301966966,0.7911591921769866,0.9545357020429963,1.0397355451407224,1.2059451707622275,1.2647861323996215,1.2691732040986923,1.322166060479308,1.3990790594849103,1.4246309033495692,1.4683742370748873,1.4747269055558738,1.4234779331089014,1.502800003285343,1.4038582135734976,1.3978104165200869,1.2854801446929096,1.211693783968644,1.2582641701092914,1.2494176737529246,1.0190383762783386,0.9642819318046973,0.9801063646228784,0.5636985385197024,0.5582187234136592,0.22442298206868871,0.11151717654142781,-0.02078925337392179
6.700000000000001,0.11532541790594888,0.2117203052838096,0.4952743375317764,0.5887881784870375,0.6698708073478826,0.9045781465165215,0.9908761710064753,1.1090128798356897,1.2313128955541666,1.348431058516577,1.3359379086619139,1.3538552451846397,1.4025199555398833,1.5367257170232633,1.5256377661637694,1.4788918180164488,1.4878877672477762,1.4607944433204754,1.4004169253136454,1.3931996470140648,1.2744506823676112,1.1863600440485482,1.2163560958015753,1.265759655861063,1.0918610684526446,0.9868907601300072,0.9785931604297001,0.5163337287717793,0.5374212402922959,0.20030446140990293,0.11469073100722915,-0.046642713433783456
6.710000000000001,0.15117195924239757,0.22930019278649988,0.49353197323843045,0.6138914224972722,0.734343519743773,0.8209917525489953,0.9952641198135957,1.0990876347272855,1.2036030969564553,1.2801875114321895,1.301992567724554,1.3847295396281007,1.432751329264399,1.486090009598968,1.4419958067888154,1.3888508905652617,1.4486367543896972,1.433030964947987,1.3938167897308973,1.4622846301441925,1.2826753000609035,1.1926018836173202,1.2177213582550748,1.2177414727831042,1.0532278803573059,1.0652967075477737,1.0027626582874452,0.5753456737448079,0.6198112932871839,0.23099941156571363,0.16055775312012852,-0.045179056769066
6.720000000000001,0.05777978754784302,0.2012935683504923,0.4966550922559334,0.636708074571638,0.6919001100640487,0.7902241443447221,1.075063227505908,1.0708520425988333,1.2224269243855996,1.3404570180531743,1.3297115083175812,1.384616304366007,1.4084578119197748,1.451267433330228,1.4343246827024934,1.4699017070562486,1.4070422087602028,1.4701097036220692,1.4099033536910366,1.3509633270218246,1.3384360820890662,1.2428831032658572,1.2323878673446076,1.1565455203341033,1.0136646929941646,0.9870909549407972,0.978933720784172,0.6069246886139622,0.5932440577640533,0.2419381007384244,0.16860378166992426,0.04368964388248224
6.73,0.09130323699097041,0.19597304425987974,0.530127272566442,0.6442635845682425,0.7213589338884212,0.799077615237592,1.0499973422298645,1.0819491416153626,1.2092851900558932,1.277453374408604,1.2460463332445666,1.3674556153988577,1.410818701801087,1.4328514533846035,1.5232594527951666,1.4475891984669502,1.451625727511988,1.5183464896133132,1.3994900544577789,1.4248605284959823,1.3342472795297873,1.2027562262393752,1.1921335982523216,1.1997953960526522,1.0533902235657435,1.0091794210088576,0.9722105894803064,0.5930990278441196,0.645289349836664,0.2356681208728889,0.19149943554869878,0.05848684465470955
6.74,0.08338281623334275,0.2552409730613834,0.49889492602014335,0.6765961732638028,0.8232398881213284,0.878524474684145,1.0666013871815727,1.1450805595287052,1.2677082284909929,1.278808368476463,1.2841432137376079,1.4105133721341196,1.3709197104475674,1.4086492361987908,1.4757824633104368,1.4604368274099806,1.3986206267232604,1.5273600726032657,1.4578171193900331,1.424298077218293,1.2911762073763051,1.1672921631522852,1.2124563571505398,1.168769983970037,1.0789541333746357,0.9883210392830463,0.9696506424234898,0.56217461470794,0.6606858119422856,0.2879103624914245,0.18009001625704463,0.08087251436504245
6.75,0.13703428470401485,0.26313045307736055,0.5147142153655332,0.6154572187957279,0.6984874912745652,0.8339556851861522,0.9864949761567959,1.0615352059641243,1.1900091645583877,1.2478967564040864,1.250202032763758,1.3785672023150508,1.4138121176300895,1.4393339179545883,1.3912676695303294,1.4315659741211613,1.4512762479837211,1.469808035526254,1.4255489195579791,1.3943983013527275,1.280290315026215,1.2397290788858129,1.1959552757960303,1.1527050808504582,0.9896108345753419,1.0232614103861386,0.938832030561548,0.618000370238832,0.6219074621293381,0.2620418533532219,0.18472506422225032,0.10455264856467887
6.76,0.14154891359509014,0.29183493870431687,0.5107536347861849,0.633207418731459,0.7083634523643852,0.8074474510125256,0.9373741363097822,1.107586633450566,1.1792361944716063,1.2999362649666595,1.313003294705287,1.3202069776269734,1.421278226008404,1.4584029680125588,1.4905359246876788,1.3851960668922074,1.3988262186040004,1.4804654448125851,1.4136170950119418,1.4325740470656867,1.3107234394358709,1.2011431679504527,1.1998622414596347,1.138182004956971,1.0039552606998217,1.0523200252582208,0.9936799850926815,0.6604196585754623,0.6287024973493003,0.3386658092557773,0.29379898476751715,0.12473863537735418
6.77,0.08261602317017232,0.27591325812604206,0.4760678616700625,0.6034140067107021,0.6947531251215172,0.7718947196152685,1.0283463412770133,1.1165138923357065,1.1885818987372943,1.2069545014526968,1.3131912802291559,1.3252589472218923,1.3966434883262606,1.4524758462712772,1.4414780625407957,1.4259696425754156,1.4703212221663124,1.4365584203996853,1.4289991326413516,1.306623380046823,1.2679876720092196,1.269236253318369,1.2299997290167202,1.2014196324941182,1.042818238784119,1.0862951895383806,0.9159983872084736,0.6834417703083294,0.6417597280141847,0.351290169236743,0.2833219329617116,0.15985253803661054
6.780000000000001,0.2109952786547714,0.32280390101544554,0.48850489274423364,0.5841229784295342,0.6838325757290935,0.8129450906057061,1.0349286225918726,1.1750513036975632,1.1757726735383724,1.2489622109077774,1.2878718635890962,1.3395794466932072,1.3748836643966675,1.4218326909421044,1.4295176167429253,1.457428884732592,1.4431113015562427,1.4604282598148493,1.4532910857706638,1.367448229826028,1.2900469615734038,1.2079435742301896,1.1657515136179106,1.0631772585426076,0.9649726799291122,1.071158660787324,0.9294506792447506,0.742432210943187,0.673031738794157,0.35692616215082845,0.3338362636857986,0.22991927297416304
6.790000000000001,0.1793461179271647,0.3101856848778566,0.41161738445183826,0.5389040047560322,0.6456510421171835,0.7861831665613654,0.915215611644471,1.1070422184730762,1.2293178060466399,1.3114807415325895,1.2703074437940751,1.327430613938914,1.4011259147548671,1.376784764424239,1.4598179902471133,1.4704730057014535,1.456675622827515,1.4668758235382562,1.400697017862385,1.397443940497286,1.3092079204863742,1.2530171696562267,1.2197198224750025,1.1483469770882733,0.9491443068009671,1.1287816657141183,0.8810291128766219,0.7388196161688613,0.6967930924991992,0.34999796488078805,0.33499393271517763,0.2068722634790158
6.800000000000001,0.1926993702081059,0.28713596506655886,0.36934657513709873,0.6060345244796757,0.6915271969161617,0.8114396555494409,0.9712101253912476,1.0831159671320425,1.2219814476531816,1.2280270712223884,1.320422642848484,1.3598819229005095,1.3876623016281033,1.466883459064725,1.5783073611647094,1.4204020996772055,1.4326413653759278,1.4842955435117051,1.4495914966256862,1.4022457990050756,1.267711698494146,1.2276447028510484,1.235091423547649,1.114446326021993,0.9234449260333523,1.0356124431607878,0.840679430269404,0.780322296881083,0.753048862173601,0.3885794749553468,0.3928795004632758,0.2752232145309617
6.8100000000000005,0.20672875071734276,0.33934889691891823,0.4197645213802757,0.540718802359155,0.619130410664095,0.7984292407510407,1.007280743904813,1.1104369890137358,1.1606693618953963,1.2441592226606735,1.2736624396490464,1.3285625544064328,1.3925755354106335,1.4787620014447131,1.4469692750962422,1.4546071681835389,1.4594140868465866,1.4407557332864251,1.3812976045957248,1.4325287268520934,1.2919642058433916,1.3108939958278107,1.2092500776936161,1.0651132324553796,0.985286173066749,1.1019181653961405,0.8061857014988986,0.7172634373983067,0.7058776242556878,0.4424923465021349,0.413985351758465,0.2895873314990725
6.82,0.2351658630889999,0.3654745227506867,0.39543525796703966,0.5702092038690929,0.69015061645062,0.834485882403657,1.0242432704170823,1.060033627957475,1.1950984511903577,1.1786804185550848,1.2920322669079023,1.3135555978517652,1.4272879628184654,1.4266853955764893,1.4602941912867728,1.4842226460400463,1.4562219421642797,1.4225464133341457,1.4244515720639472,1.3984950607170012,1.364907028030954,1.235167395525922,1.1556937747460105,1.0771642707907367,0.9620833685218629,1.0541808348447184,0.8694127756495043,0.7929498160375066,0.7304297375007799,0.45176963401056053,0.3843799488104697,0.28454461985880497
6.83,0.2465966563592881,0.3588687336965124,0.3936359947603162,0.4684238680909013,0.6263117433884221,0.8671310246277468,1.018992894783422,1.0897543241629601,1.2080007846532161,1.2080800017307554,1.252159677798404,1.351015893609853,1.3362863428992775,1.402955844319759,1.4801331373948905,1.4694524504264752,1.460299305664377,1.4460169685434612,1.4072498776810232,1.3756905434498363,1.345464191359215,1.2892017830059448,1.2035808186165162,1.0314704265148391,0.9830485939800592,1.0778181023165259,0.8681398598828688,0.8840773546602211,0.7925710442161071,0.46256777844619745,0.421383400406617,0.30531822759789085
6.84,0.20670963321359617,0.31041920117965105,0.3791748676295719,0.4918422131477199,0.6706140428788461,0.8178556970394281,0.9704702328305483,1.132980829127363,1.135932972883701,1.2250962682731505,1.300548455914626,1.3726286016029283,1.3707204653666611,1.504844690390343,1.4424211799943667,1.458465536621541,1.4492726437648893,1.4162794767973983,1.3656868937867388,1.4127714965611555,1.3909162035258247,1.3144618453370436,1.1332601721322255,1.0969375198126707,1.0114232105953551,1.1008201107273952,0.7961433719567601,0.8416367813989323,0.7424955469141221,0.5210935287585083,0.4568232377325445,0.30469963435284275
6.85,0.2634994251751506,0.35061125979282626,0.36709125947382754,0.48068296243558273,0.6104265517990304,0.8652200524019722,1.0106414460296052,1.0790272770791285,1.1825146793630446,1.2108193794788498,1.302398258943635,1.3640094355612058,1.3409343224271628,1.4752268711494445,1.5044408959494187,1.502676268900388,1.4700365917389866,1.4451167651614867,1.445986357919649,1.4202087878660572,1.32419574281425,1.2435600164975453,1.113461033129694,1.0441508757715856,0.8649807211237879,1.0776066822958648,0.8122879091020111,0.8304798982048172,0.8091601878561783,0.5192339515381624,0.48233617581305144,0.2679601050131345
6.859999999999999,0.24617490813904433,0.31412633096368414,0.3492726148552108,0.48480410961091536,0.6538166903557294,0.8617769668937038,0.9978300821383322,1.0753071926864752,1.1635239564686564,1.2111814661484168,1.2951191756951348,1.4367889182455205,1.3524630499317591,1.4687560591030628,1.4860374462831736,1.4770243344756369,1.4603355367854112,1.4612653176767028,1.4381994646357796,1.3888563952112685,1.2578087412591794,1.287929646179634,1.210866372084205,1.057661229232785,0.9687676516236895,1.0749841806779619,0.8011659421094188,0.8882114994829421,0.7378190765285662,0.4317903685212473,0.39037464386552156,0.3122913105283246
6.870000000000001,0.28313156256006095,0.3337889227651753,0.29852398651422124,0.471855435577903,0.6063713320080861,0.8369713514639212,1.0118166799751973,1.0820870237897382,1.157533680300665,1.1752349831976565,1.3400175127325733,1.3543861511670232,1.3660827807810454,1.4395299695579893,1.4611532546098962,1.480392752803513,1.482457844501736,1.4100381630133811,1.44292957849495,1.3718762061271332,1.379890221023237,1.2822346993039342,1.1824398361819928,0.9717121651783177,0.8821671674443303,1.0923271727378485,0.8144717368873644,0.9173021063702176,0.7783613707523773,0.5250164285450779,0.4726108178015894,0.3234857525993099
6.880000000000001,0.3124919650495944,0.2901378524680357,0.2258676163030936,0.4368341673539844,0.5991622620455671,0.893880924510244,1.0167272318547178,1.120778383099657,1.1392913194166947,1.2549215729789338,1.3897621820817811,1.3713164282833814,1.4332959182389564,1.4506549177553971,1.4846359801887894,1.499385268359117,1.5094773611827272,1.4073981468597279,1.4323614479507607,1.3012243277259103,1.3482003793430832,1.235720222794413,1.1379309602673002,1.0123258699100137,0.9525317047566232,1.1059690620783102,0.7939182119676069,0.8364140791455387,0.683145061067264,0.54684782753499,0.4388566251681016,0.33471436095305146
6.890000000000001,0.28347366037261534,0.3568179994619956,0.29919575819668887,0.4529079874499258,0.6280850427235596,0.9139495715414164,1.0444644169281003,1.098336946473047,1.1808116243533533,1.20778289944446,1.3609611757310385,1.4198393644606226,1.4544400385800227,1.4285222342224086,1.5229587925369716,1.4848732708766157,1.5170893113248607,1.443653098849466,1.390686563231978,1.3654848966206028,1.3429028542184231,1.1958858368122895,1.1132555981816599,1.0065367368900038,0.9758624113750042,0.9996799636448268,0.7603627689865183,0.8804106062242143,0.7193741168343493,0.5103277904281386,0.4027125971761457,0.2296156696370964
6.9,0.27695395884925683,0.29854694957832845,0.2801550568664876,0.46819948375853077,0.6536964836696,0.8754231761839706,0.9790188818365787,1.0600884943902193,1.0928056331350515,1.193402117232564,1.3214735353991753,1.3991475717369366,1.439142923730482,1.3800574489689466,1.4876445152281494,1.5364079527145513,1.5607333795479068,1.467076327884985,1.4223075945763972,1.3227995418886476,1.313957664435559,1.30096673448358,1.091666424274559,1.0647313097327722,0.9424103821182684,0.9818377675226484,0.7459190013997715,0.8843792838769888,0.7130578982355199,0.5487394626655633,0.39172480045380315,0.2599095333728479
6.91,0.25909937322536103,0.3644562675051162,0.37036212787130185,0.48255807447349885,0.681477520584661,0.94699008632661,1.0389328142958543,1.1048370421243512,1.1452618757920225,1.1824386781952607,1.296525707279602,1.3694008285129404,1.3965500163610098,1.4447650969696952,1.533117271948334,1.5322475675061131,1.5321166915614022,1.459409291735169,1.3626597810791221,1.2776285400148488,1.298158682503866,1.280802390796113,1.113442528964655,1.0321896536368946,0.8914935410348097,1.0462128005083513,0.6836263377220614,0.8360006650537796,0.7151118855193083,0.5957516586859692,0.46694076440246596,0.240638790912432
6.92,0.2843226663404529,0.31899652579543847,0.2913631664960235,0.43786957881477157,0.652110977497896,0.9057136564594898,1.014027210788507,1.124070451213015,1.1506052015685129,1.193818330642156,1.2795080077551668,1.3694204078585437,1.4867142166371448,1.4508572395824066,1.4787880955408934,1.5993701074281423,1.5407656127398845,1.4484906925497973,1.4561228714110332,1.345884652486513,1.3078199115928508,1.2305838565953804,1.1021271832105155,1.0001681127419995,0.8561392907361967,0.9912934603333727,0.7429512140551066,0.8553037294470492,0.6297881614404417,0.5887587755410179,0.4299544176965876,0.20813643407589166
6.93,0.2536133435360457,0.368556249555598,0.271828366994712,0.47032110791422943,0.6851368184550869,0.9310199845695669,1.0718398689109787,1.1246664446171577,1.1793544314078908,1.2242200229667168,1.4137859472986392,1.4635983879180914,1.4069647938787633,1.4455584626306932,1.4371779483959104,1.5147439084742333,1.5755049093653182,1.3974837064710446,1.4286605252734563,1.3629817540640807,1.3151929156412456,1.2747895678596701,1.0905229658101774,1.044393273071043,0.9398858558048845,0.9753700430714516,0.6591452827539008,0.8408648373423265,0.649676367898414,0.5621390790911734,0.36910956368938996,0.2485686790900923
6.9399999999999995,0.3074228764386759,0.33936809353338493,0.32345914779963403,0.48449842655904973,0.6640569839239304,0.9227169286520128,0.9827658619438294,1.0954359856493339,1.1540174028216268,1.2390588816287431,1.3037452536547303,1.3712782911591799,1.446931819073816,1.5232321700860925,1.5279402177535553,1.5138611677349874,1.5507115622766399,1.417736544715115,1.3587626835799202,1.2978986050454997,1.296055417549335,1.1595243398613428,1.0665090425880155,1.1223010906399582,0.884164809739605,0.9358330036604211,0.7162895891015546,0.8328426292657538,0.6994586230006129,0.5910407230999432,0.4032835361545668,0.222814317245701
6.950000000000001,0.2821926034184996,0.34756833174192303,0.31910188832401937,0.5633383100391871,0.6812188536457,0.8806661422888001,0.963759224004858,1.112088271576668,1.1993873007601175,1.2297663452642509,1.3776907844974189,1.3877333301836894,1.4392566402771798,1.4180740482179588,1.49772944469388,1.5303729046640002,1.5229226917843988,1.4231532317854387,1.3575923046655163,1.293020069979797,1.3024581849794183,1.2346748591220105,1.0891206253979735,1.150802727225906,0.9477180212465762,0.9433655204080287,0.7019438577671789,0.8783574414084613,0.6320774759548632,0.6138196072425859,0.3212677233883903,0.22118149363055578
6.960000000000001,0.2601271491533751,0.33112151439859117,0.28654382348603913,0.4607452937431577,0.7041912798729916,0.8423038019129351,0.9370310124644158,1.0952021229584077,1.1109329911068853,1.2448602737425598,1.3779370542774734,1.377730234521879,1.4100810488502955,1.4844959360919858,1.4413515209732564,1.517997475729708,1.543343231753065,1.4734248373892884,1.3927093524874574,1.3091938404956536,1.2782854277177482,1.2046500470306143,1.037588733786731,1.0627478647185322,0.9532381970031643,1.009699291195535,0.7900067878718094,0.8137156152286077,0.592566502095179,0.5788624826791293,0.35028917872010856,0.209312942484914
6.970000000000001,0.22346182093922562,0.34768007469104467,0.38749389098269,0.4953951702021743,0.7789711500518856,0.9690351997478873,0.98753083428318,1.075892927337203,1.1986988136082763,1.2055694152390155,1.3162256204529021,1.3834093465117345,1.4338881532440722,1.5019043930909168,1.5247432225043371,1.5909259355309489,1.543459970745691,1.4648410170104813,1.3715998683839619,1.2240792215137388,1.2760339620543881,1.170509859775429,1.0765719430683383,1.1734128688490622,0.9823363968601835,0.9045622695703515,0.7148489682794292,0.8555812390211227,0.6749201436821174,0.6328566316714146,0.3273407650632332,0.1387138062214554
6.98,0.26493277216001043,0.3097056493177319,0.34080874990474436,0.575768294935724,0.6972176669823967,0.9058151362305605,0.9715272736387288,1.0740166478171713,1.136959972970091,1.2331316691241696,1.3550143063545401,1.4234198905949336,1.4192514083262096,1.4764844499913103,1.4779214951559578,1.5309259600430587,1.4998540084688166,1.4179815018579596,1.3914994694933505,1.3009954631509981,1.2840470714117755,1.2172467149003272,1.0422419754216363,1.1590775932360107,1.0006667328793628,0.9432164726018427,0.7080574984035182,0.7963750132508571,0.5852370383746808,0.5752311244822071,0.27605265026991077,0.17783780493983425
6.99,0.2596415588075068,0.3567911864714127,0.34617274353827343,0.5584042757660471,0.7915162910259694,0.894227759229161,0.9505298865888463,1.1343338719586695,1.170923978546262,1.2794721673253546,1.3496792220052347,1.368991191081216,1.498103649940562,1.5368502738513556,1.4517467306623841,1.525472593907599,1.475348163636769,1.395367239439319,1.374760974605171,1.3389513502314145,1.2899884919110312,1.2069997428245018,1.0691612484240782,1.207779681176014,1.020723378032008,1.0025605564797946,0.7420804007313085,0.7979521130134584,0.586908607875783,0.5339900241585452,0.25832930262169107,0.1358876995218866
7.0,0.24051867995105344,0.34031372365361096,0.3730394451781245,0.5527285731028128,0.7843423827712516,0.9183959769675573,0.94097368650151,1.0232283376658726,1.1399774353720797,1.2413323443592272,1.3156653711700572,1.3777567617004132,1.391430002912398,1.3999270234436683,1.4735961123213623,1.5226051884007725,1.5136279720857466,1.443333566798331,1.4107739669582737,1.3106313370387568,1.199972420568731,1.1580484028959206,1.0539142522629652,1.2118291506134573,1.019091080297981,0.9532474322810093,0.7962940161913287,0.7564333890020879,0.6314771375700803,0.5858823149265716,0.2313959592635422,0.1892149562808875
7.01,0.2432583314990413,0.2936119977343753,0.4206065478948563,0.563351094038234,0.8123527357433568,0.9697663409803808,0.9208434400964942,1.0890852355398162,1.1668409647974887,1.2742005731763166,1.353054717834593,1.373183669842114,1.4125448787014432,1.496580511335275,1.4959605226069983,1.495855859751564,1.5420788261709168,1.4668325276360943,1.4221883510301572,1.3771318225339557,1.2845902914366543,1.2306128212134553,1.0566108572034036,1.205923217058444,1.046828308751702,0.9432128917971534,0.7743819878254364,0.6952101312386142,0.5322662452510574,0.576212304271386,0.17678382330334835,0.1618291601620128
7.02,0.2975760710343895,0.29549971510243445,0.40416844987472667,0.5876205807848598,0.7441490121365157,0.851390930008026,0.9498051563525486,1.040786851871181,1.0574069264740145,1.2636573624919767,1.3078607956402337,1.3984735026605633,1.4627763109104162,1.4679201681978284,1.5383232617420282,1.5780227675833056,1.4921349971866786,1.4228659674742448,1.389443477994961,1.3342783871429278,1.2819107816248934,1.2548264841862309,1.1497239895829234,1.284066383704099,1.0706564619275263,0.8936486063695865,0.800330073681734,0.7247474982547052,0.5561673188293031,0.5925852589027927,0.17510834193941818,0.12782064438430052
7.030000000000001,0.27986751754624917,0.3079932097568002,0.4048852179213103,0.5913513107208291,0.7998915288525069,0.8829251576674164,0.9125577728906548,1.0701664364398238,1.1459620490184224,1.2422879551644597,1.3612658606484112,1.438866351586325,1.414557757168791,1.5012854678973027,1.4200281023095958,1.4898741376794504,1.5086686216967449,1.4380249138329069,1.394478656928743,1.3840166356377195,1.3127381582494622,1.2502480047099986,1.169708817811062,1.2139069837630176,1.0883821598361472,0.9204903588573502,0.7976425660660269,0.6781459567599238,0.5233964850876903,0.5215129690802397,0.16147566792015228,0.043362153474984594
7.040000000000001,0.24029678178814368,0.2841623569523036,0.46551434535791797,0.5914319771509207,0.7697278681782048,0.9125992891116886,0.8918438152210849,0.9914642878384536,1.1190499904475744,1.2709845344957251,1.307069828258985,1.4124618880125213,1.4536068032558798,1.492316173252345,1.436422640604467,1.5600779822539759,1.487349774903932,1.44276438545754,1.3838222505476985,1.3549541039622122,1.3488432901143332,1.2589523092967745,1.1914455360846792,1.3401805303999332,1.1218938237488716,0.9124796772285039,0.8016405017928667,0.6008540402930794,0.5327252330079588,0.5388798191215092,0.0984873506131324,0.0725107218088782
7.050000000000001,0.13952126373583454,0.2642835253047515,0.43336382647056926,0.6366595542351673,0.8483933937137943,0.8567640860331113,0.9482766546761592,1.0245682821238553,1.1072910714171702,1.2920653297645597,1.340898162643696,1.3979805203271702,1.4203644703798437,1.4776307731959144,1.5110045688342195,1.5206995890961168,1.4884703111328226,1.4139283128686133,1.3501983146234036,1.3644392042615279,1.3103858718954116,1.2215622261435262,1.1458321421687179,1.2856348399401891,1.1837501204086531,0.9820762260664508,0.8431982739895691,0.6888334154084045,0.5240988773631865,0.49542616276015305,0.09952216710897084,0.04569456571723647
7.0600000000000005,0.16050070410388192,0.1856502984377721,0.463648007815193,0.6443384293597385,0.8144690112375229,0.9257354249545265,0.8906241462335566,1.059792316858554,1.1342031722165316,1.2835366766021497,1.378600457037726,1.35608645362541,1.3969330975304575,1.479104173257011,1.5274319950749116,1.4766235123576068,1.4813369362205797,1.4908461617491429,1.3677781465149053,1.3492098740460152,1.313929902887387,1.2891883183909207,1.2291193581868067,1.3348899986248097,1.1676815057015495,0.930031207410771,0.832698931217914,0.6124213180887912,0.5172865519290879,0.4600378424046936,0.04954277086257115,0.02635872166232458
7.07,0.17028285029833398,0.201259316794299,0.49355699864683406,0.5821458039087869,0.779710275187555,0.8373706508721281,0.9500325263722151,1.0717861549935717,1.0628309362753798,1.2593809809269303,1.3154478248372243,1.3365932202469084,1.408722962938314,1.463615659976079,1.4323203131517654,1.5245997211705427,1.5262671206785692,1.5169604877369167,1.5016390139390474,1.3987119022096013,1.392423378947067,1.2857851094735622,1.218837892763446,1.2602064460794886,1.2048468989734746,0.944217237832716,0.8650158598445894,0.5693477645711551,0.40160130369669583,0.45983537808414,0.13522098995149864,-0.01570513285397901
7.08,0.11071574924526052,0.2179211973280878,0.511213766314389,0.6656205838822691,0.7690593691970694,0.7576016410893603,0.9266442237119895,0.9935092939617215,1.1996293317598765,1.2764699269390818,1.3350821486377893,1.4227831829857758,1.482148142930127,1.4337372054678774,1.4808276169915229,1.5302969629774617,1.5371293772887822,1.4866697858510118,1.4266160567707549,1.4138076616782307,1.3767308210386884,1.3092812904862883,1.2503747542565327,1.3054890841189586,1.1648043185467674,0.8272428309714386,0.8799951802695738,0.5381116873099316,0.4304241731011329,0.4767099550820324,0.07500765931947147,0.018093338523070934
7.09,0.15054135001112745,0.17255714241750564,0.5498817946224422,0.6056711052390146,0.7283347058322475,0.7781525623578939,0.9031927327562489,1.0501263754358114,1.0847487022280784,1.2680302173364923,1.3519709830930693,1.384806188034175,1.4818396594871153,1.501372361680598,1.5064071291979797,1.5257613565019599,1.5346051309450262,1.5363446468913595,1.4990384958470526,1.432129722229584,1.3429288485020083,1.2931272063979564,1.258472465046093,1.2663710921984823,1.1808665923445527,0.8824059901741899,0.8807268345443839,0.5132611672947952,0.4410697641252227,0.4752363287452279,0.05387386819937005,0.004243727964700687
7.1,0.13691728194386713,0.22883995813993396,0.5493187229492988,0.7173983365232223,0.863155945903169,0.8254792240970938,0.9211083930844571,1.040624384713324,1.0909520773167813,1.2627110994384305,1.3625677592190317,1.3842232695093055,1.4286718743354405,1.4867666227095035,1.5252793895500465,1.4469854837927039,1.5312649101554392,1.5652715672281952,1.4425381124224899,1.4169148330837262,1.4073055986889962,1.3798944849875285,1.3249012804782234,1.2825928798123118,1.2338832193074722,0.8382368238354224,0.8299439847650046,0.5117954108523701,0.40267799871670573,0.41851920557818423,0.0803445972893215,0.004741198860288002
7.109999999999999,0.07855668866048933,0.21449232947181163,0.5183132351388504,0.6886367436572207,0.7890130422082084,0.7828341079534913,0.8721432244044464,1.0006006348777767,1.1535341203078,1.2719084523586677,1.275786080519251,1.3993550469213714,1.4546429531604332,1.454371683797665,1.5067752414838682,1.550278612682354,1.5444706282456937,1.523617019227968,1.4833568377698707,1.3965594604962819,1.3635502992267716,1.3831600448414743,1.231153146048787,1.2954754700435829,1.1936304477358546,0.830811407567859,0.8394135405417633,0.501508746194287,0.3686904671669547,0.36321994475999597,0.0874429268712375,-0.035513571565060936
7.120000000000001,0.0789227047316685,0.14008778077323852,0.5371225085962239,0.6544878102347793,0.8206848289774159,0.8081093929228125,0.8991288859102804,1.0433910617693987,1.1273875011833319,1.2949389206502187,1.3550026497112184,1.3345413783558928,1.4189673387842912,1.4202081699980489,1.44598705634652,1.5282319487266312,1.5142301441938864,1.5069698798095703,1.4802212452982062,1.4785476569467313,1.4170025752911013,1.3909492332654145,1.300422913381777,1.2314644643676653,1.2002026086951774,0.8130734258903838,0.8803590472177312,0.49365763290940473,0.3896653723438102,0.34823430672500105,0.03233578659261607,-0.07458981230862055
7.130000000000001,0.06464521115890348,0.1919020038566552,0.6048908252546366,0.7159282683739182,0.7734495925615257,0.8420538291716616,0.906638431077674,1.0348057557134085,1.1547587750996722,1.2413900346754203,1.3301557397262092,1.3610335348293843,1.4504391484089947,1.4635590254490496,1.552459001229951,1.5385882767157364,1.5736974998742406,1.4810988761432229,1.4487535385321726,1.4043226263173607,1.4088434781929806,1.3949461677553343,1.251522929700264,1.2420747406780104,1.1859165625025687,0.8215578685860585,0.883633626546167,0.5130954883161924,0.3307955337446272,0.33548363222485666,0.08950716968777002,0.013514649465380557
7.140000000000001,0.09757589688222888,0.19081814180352674,0.5889851684800459,0.7528696613143964,0.7914484457706119,0.7459865816212589,0.889735869480501,1.0218348995958113,1.0678744168967915,1.3027603417486364,1.3516009294233762,1.4362447610085947,1.464317213639057,1.4973045617645862,1.471712339104164,1.5534623507312355,1.5444725197939675,1.5527031515323348,1.4788288176738962,1.4297932188892761,1.4447737118235668,1.432995351527074,1.3006677289682171,1.2661627996982598,1.2290528203694422,0.8491096538061832,0.8259550166410646,0.5067803069622645,0.3673019600492936,0.3742905922900889,0.05836903018242857,-0.026356474674688938
7.15,0.10312187905019646,0.1607279546936543,0.5904712275727246,0.7232000903611671,0.8009038912044668,0.8200187370841026,0.9373720101839634,0.9844261741786174,1.112259361973527,1.2447126532047232,1.3085076382884437,1.2751801781466283,1.4320537184320061,1.4331650106206728,1.490201201275921,1.5917686006051848,1.541453512905334,1.5467963863030352,1.5230552675279603,1.4025139677475225,1.4452625883661474,1.452617573971678,1.2501814230513155,1.1598314941460295,1.1593823858875492,0.8469680583681587,0.8890979056939162,0.5519789725637467,0.37432323225402087,0.2965595987547899,0.0757586838420366,-0.010423833632744345
7.16,0.08522785357812393,0.2338370921549093,0.5688834172854502,0.7397918235793054,0.7293168664396888,0.7808754794757616,0.8964634646273618,0.9933490700179998,1.172407527774438,1.267956864350806,1.3278547757954267,1.3821325812280423,1.4056202717479869,1.461127387868922,1.5054503414938658,1.529853002001674,1.541510090202011,1.5124220779608941,1.4826176114191856,1.4918195130323282,1.3908626490435534,1.4308984068246393,1.3319811536346078,1.1898878999706588,1.225595277590639,0.7721571043778371,0.9331061622839736,0.5965948322898806,0.4175512267605432,0.34097473676497936,0.17465386462727936,-0.04818712792634057
7.17,0.06299616759927984,0.17379142803689085,0.5670153642949879,0.8189376205812657,0.7719728034943457,0.757643312006025,1.0027296458960029,0.9861947494102282,1.098681813070817,1.250792798684558,1.3355924082883266,1.357353447247824,1.442237706488699,1.4903731115233592,1.5026120922464283,1.5354182484321472,1.5631547129652517,1.4898712703343338,1.4018147485965327,1.4419872878461932,1.412791908837991,1.4193067462867142,1.2525287352467591,1.2358828555596684,1.1866221366647032,0.8156983279092394,0.903032784675992,0.5386004876617222,0.41465085488381803,0.41875239220273536,0.1825780425668769,0.021948778902480013
7.18,0.03942845937307604,0.0889139419013909,0.5530097310908706,0.7656601666985846,0.7537573375743993,0.7428674002761677,0.873937975634206,1.0434466680858734,1.2059944177690713,1.2660275655821966,1.2992793576440405,1.350342740218757,1.4483185675529968,1.46514868803894,1.5375570885475205,1.4726727271789928,1.5529833671142474,1.4574089598310511,1.458145653631606,1.436794744716935,1.4189188180618226,1.4142799833425896,1.2811012889289022,1.1955893074643422,1.1282970358510989,0.8082783421133938,0.9196540759760858,0.585230296714045,0.42331770652339074,0.41679306211731193,0.14892474886217427,-0.021362502393600272
7.1899999999999995,0.12555376951118846,0.19789326796955126,0.5652072064030745,0.7794786399178066,0.7726646487381897,0.7578306364521402,0.9274321247384123,1.0437634352842782,1.175850792911072,1.2947930464676805,1.3300536766642397,1.4000626516175059,1.45078956022639,1.478338573307201,1.4585483491362337,1.5199678121397946,1.4745131856835239,1.4636965863466664,1.4685498677916728,1.4643988175829006,1.4670203232310757,1.4342879576065777,1.3214624675621591,1.2143815664640634,1.1527493555477015,0.9174102996174147,0.9175074639887889,0.6304686040947434,0.4373531356524599,0.3453541084227083,0.21617935217736617,0.008797801153082093
7.200000000000001,0.07810247774345466,0.16924374198767828,0.5307366010654699,0.7458002750012541,0.6992405628195423,0.7790592757969947,0.942757693871637,1.0391095245578352,1.2207600002924766,1.3337256332631924,1.3307278499597828,1.409491665746429,1.4759930136766968,1.5209551601164177,1.5213496287036872,1.5276102727422205,1.510352947999571,1.4858231130408524,1.4818254256503907,1.4196441912479159,1.437751533829453,1.403670689550128,1.2451590627442455,1.1995558836218807,1.1842023072434151,0.9055120723981194,0.9686644980390461,0.6561886144880043,0.4952728554658059,0.43626778973334207,0.22049998602000576,-0.009406744769760115
7.210000000000001,0.10024730514931232,0.17657259544219417,0.6094845932366355,0.6814657233800127,0.7664079687242713,0.7462194042118114,0.9276445284923319,0.9934688328191896,1.179907649340741,1.1818963316760038,1.3287663737270141,1.3840831325878078,1.4859685643097202,1.495733821982123,1.5309868633459045,1.5069548749801818,1.4926372820438927,1.5598481165295628,1.4547470604269028,1.4340344436187709,1.4460318468177609,1.418218739288463,1.2684364040377873,1.183793998015555,1.199097848416886,0.9296355349444376,0.9462217767066947,0.7084379305666836,0.5007314690453667,0.31697067864716305,0.3335391560065523,-0.010546888078166972
7.220000000000001,0.08993616946875757,0.1958162118153512,0.5374803058637522,0.6895884344613576,0.6695577638107796,0.7620402355284094,0.9264573019485823,1.0622377584675151,1.215238459943524,1.2240988242796078,1.3203532140411571,1.3318863057762143,1.4514531419180365,1.471064007451477,1.4950359542753104,1.5056186301391798,1.525040561308552,1.5028636032703258,1.476848815745632,1.3871066394216593,1.4128892670263622,1.4399344982951892,1.302110370591702,1.1360581290713736,1.1603382285804138,0.9461037887637838,0.9848951793212214,0.7937158500363107,0.5722380391364189,0.3641907065447579,0.40535815314081763,0.0017512505495539798
7.23,0.09980709392710245,0.21520659335985143,0.4800138565394086,0.618620377879176,0.6792383121278458,0.7888282927936289,0.912998876450738,1.0936752643788827,1.195443658188154,1.2093986374376093,1.340331271721924,1.398663824418108,1.4641308852724517,1.493778506671297,1.523163166471313,1.552718274534568,1.5588315955880923,1.4776450016283154,1.5039615324541986,1.442469845160359,1.4145317099635293,1.3660378704273464,1.2591888886374891,1.2421402926709968,1.1998993681947914,1.0115003063893202,0.9653526247696569,0.755235742693738,0.5328085611608757,0.3624764834536058,0.38628226808940036,0.0016443854768395192
7.24,0.11374486514917624,0.19478430949086425,0.46555417997929793,0.5988940409287357,0.6080653400645791,0.7419627984271363,1.0105587268171403,1.0403396329542298,1.1197398869209017,1.2014581281700059,1.3561418162783248,1.3191022393168577,1.388623673690366,1.541985698097028,1.5151682685978387,1.5156772471783688,1.477080703422647,1.494695360222191,1.4530867487867796,1.4932684527516586,1.4437563412538181,1.4387025609988917,1.2902621337383722,1.1747443020202075,1.2200098528770413,1.0541779314555395,0.9706873504326762,0.7875682121762599,0.5576032793891097,0.4011790306138974,0.3736627139280377,0.038151726442471647
7.25,0.061329530953946915,0.17422134447823395,0.45816609581057793,0.5709687230517669,0.6591811461044894,0.7855669010464272,0.9588149483636995,1.067607540013177,1.2163164215244353,1.2635329166969242,1.3129901617057158,1.3589519195935647,1.420882416982497,1.527789119710896,1.5253080847754101,1.4668591721782482,1.5937130488940818,1.4845456488804065,1.4496281036707808,1.450931282745988,1.4125814266320273,1.363373619938102,1.2902300171295789,1.2334026449635762,1.1982627384373445,1.0169293693293464,1.0240060375360867,0.8459530319890677,0.6953360016871705,0.3919234480481196,0.4816143324731336,0.015858094115389534
7.26,0.07131254081735894,0.17009447730673727,0.4597232219854452,0.5832963084148244,0.6101732627772138,0.7465323312505903,1.0260382532058792,1.0752783438547875,1.1716229384951744,1.2422847454797818,1.3250691830238268,1.3796452532005128,1.428212433640511,1.4752240568642916,1.5942417213819495,1.5442997320444736,1.5032913273112292,1.5356168551588076,1.478193662836178,1.3995980912485875,1.4686882053993122,1.4041513597027564,1.2740985514824101,1.1661436668189538,1.1878557465902426,1.0691401388831072,1.0135984003434722,0.9219111413567472,0.7035564456356941,0.3532934342078053,0.37858652914070506,0.013138209103357834
7.27,0.04312085781635766,0.20506692682726735,0.38704014550880683,0.5380902572802561,0.6180854473907131,0.7935291726719866,0.93879105320212,1.0962552445131797,1.1858840365902983,1.25140224710761,1.36952243142275,1.3758702274219274,1.4284012269720814,1.485187997852499,1.4471235755808298,1.5636606553295762,1.5045666067007302,1.505052881213018,1.5139611374875548,1.5141303107248416,1.4785268344840077,1.3949906934867817,1.348570119947083,1.1268403616218203,1.2041791824607622,1.1052301031502156,0.9942994770500082,0.8977010676937215,0.7374276174209617,0.30577966985875776,0.4430675756441782,-0.00335628300304276
7.280000000000001,0.03565945595545146,0.24979478143527198,0.3498399871036961,0.5258603122537946,0.6121326421063744,0.7580662788427645,1.0080956719223833,1.1018696268541024,1.2298726013554,1.2872817683198199,1.3174303714529236,1.3161187190272308,1.385549143811634,1.5184998796452134,1.5447841047093978,1.5258574115296821,1.5453291393799735,1.6143195262105248,1.5460020498573455,1.4824303934974825,1.4504493726078265,1.395271322039844,1.3048601734198861,1.1432361844352963,1.2463500203733804,1.1608494284286819,1.0534819990608297,0.9280475285493957,0.6910144771670663,0.2967221761844235,0.5033142813621889,0.038546314971434896
7.290000000000001,0.021827095618947204,0.22657762103306517,0.37415705372499325,0.5024829632655314,0.5610857287572616,0.8304202885179133,0.9778379826153791,1.042087429663795,1.1714296472016708,1.2658988785187786,1.3400777505277432,1.3319654326017654,1.3811569299977668,1.5229535554264835,1.521746890822162,1.559539181444608,1.5295475211894791,1.5283349938108124,1.4865312354903166,1.4454091010856014,1.4163408649479707,1.3836936562344837,1.30950398311861,1.1048035366150197,1.1881073850217498,1.1673822499019548,0.9683668059300469,1.03457707526948,0.7629269426291078,0.32847994627088584,0.4861489247967422,-0.03192468828330907
7.300000000000001,-0.01775122957333761,0.19202417349518186,0.37381069654857974,0.4875368746298427,0.5906801960103867,0.8528624602845976,1.026082484972963,1.1167531700133397,1.1821791372052806,1.1994646575719619,1.3597732663097437,1.3722107098065301,1.442802552120636,1.4729434098798393,1.5459498957351199,1.5795830665117272,1.5657656394331398,1.5324690703793313,1.4713868403483148,1.444133365918153,1.4306538013349126,1.3954532154147916,1.3537030144459399,1.1020683155952098,1.149494106066087,1.1475405664845202,0.9923750718675939,0.9706836144735972,0.8024862397674192,0.3666192391176998,0.4848549326597593,-0.04716326888398915
7.3100000000000005,-0.02237459614683411,0.22247982960171764,0.28757988012121005,0.5164460385819104,0.5933626354814511,0.7829521838248783,1.0453828425084286,1.1193244267604376,1.2136037756782736,1.2768459518675952,1.3514056734927853,1.3550722850931318,1.431464133464321,1.4511101953711083,1.553392117045004,1.5031078003113152,1.5631057275190012,1.5377023489140424,1.467368275419321,1.548776639632043,1.4193823183593628,1.3683357642148994,1.2836044999679768,1.1287185422924246,1.2242740942857906,1.1821535885469157,0.9016492449618868,0.9027209080351064,0.8080146732800153,0.2899777932035123,0.49361325797728745,-0.04739211344414516
7.32,-0.040719894176351606,0.29646478748524063,0.3080431240656714,0.4632483003104727,0.5801923336384168,0.7859450799705681,1.0206785607387057,1.1200267935666763,1.1754949526379783,1.2409137648463693,1.3015512171965045,1.375918297660161,1.4226816597644005,1.4163214023488067,1.4803364411381599,1.50362107658538,1.4977146542277333,1.520204753668412,1.4442638834253752,1.477445022132566,1.4365089301686056,1.4621789611818865,1.3236987914631662,1.137033311956125,1.1839772775793793,1.1797472333632801,0.8621423033589383,0.959646874075277,0.8303059401890531,0.318935854065366,0.4446158928421481,-0.11645543716421934
7.33,-0.04381340500535029,0.3005453951919589,0.29689016556136294,0.4225741924267463,0.6545897084286928,0.901473637773469,1.1078112242619123,1.1404370368110335,1.2324795453111141,1.2028700130725618,1.3823952589105593,1.383464519307776,1.440787256231279,1.481433194878975,1.5387773864075391,1.5249071370345748,1.4836878852600777,1.5969198761652623,1.4383289119218934,1.4970269369319418,1.4463041398943426,1.4701654394159362,1.448923275844169,1.1702622162180711,1.1435118870262648,1.121488409445196,0.8536509293020024,0.9347377069036968,0.7878296426835276,0.26003667596122226,0.4310747731783158,-0.019545568046439987
7.34,-0.062247952697257004,0.313128714131474,0.29156895061413923,0.32133867841374253,0.5483746678278071,0.8499467561532632,1.105792588685347,1.128668188783498,1.1764461323150996,1.250918165177455,1.3525400307555362,1.4275917457553071,1.4168985129931315,1.4419885003179096,1.4666703946742161,1.5022898823044697,1.5265605448726365,1.5676045582636287,1.543172147079833,1.5107687849703855,1.4208621198636027,1.3670837933941635,1.343085141042483,1.0807539476735193,1.1648957045671997,1.145645706726146,0.9523719598931967,0.870330603866496,0.7799502085640528,0.3325108475436922,0.48570009162456806,-0.031845121474466984
7.35,-0.10054470668195446,0.32488867927387105,0.29086612955958574,0.42527587173694975,0.577933011363464,0.8566724483607456,1.0907751948690494,1.1735682980476725,1.2177604020817365,1.2354075918199123,1.3004798243905318,1.450354639980214,1.4182122421239325,1.4976043270151453,1.52725331292627,1.5089888248893653,1.4999731495453859,1.5212236673256507,1.5645579180403828,1.4656098429705837,1.4287743081901843,1.456125567580413,1.3245664889663042,1.1062375123607566,1.0995340524567545,1.127673230182954,0.7301499438784004,0.8453476550237532,0.7466073545098809,0.27033087942846545,0.4487573593568456,-0.020307622563145465
7.359999999999999,-0.11297811941289275,0.30598228700313707,0.28640464023022205,0.45509828089009696,0.6085307906031882,0.957094605009061,1.098695589489657,1.1558439020288092,1.2322904902003118,1.1674480437751873,1.3458135709008059,1.4539572836561387,1.4245271640570072,1.4921005460543884,1.4974028651168323,1.4921446489192858,1.517190266022191,1.5334338414881676,1.574897233757024,1.5073008818607574,1.4956049819394814,1.4564978346327258,1.3299286089924123,1.0747151123580718,1.1609781570143192,1.1485532524960953,0.8065269668237656,0.9245737772802656,0.8385126809564597,0.24717573162615594,0.4163045398435176,-0.054877200856992235
7.370000000000001,-0.07994879982280174,0.3772036025781224,0.2841610077693447,0.47810157358557154,0.6002507807006334,0.8856680730737276,1.0819977616495742,1.1419182760219186,1.1816717744443257,1.261572214863084,1.3256877135621203,1.4376751647035189,1.4626842878051525,1.5125044238426153,1.4582991636384595,1.479094586591265,1.5564701722470464,1.545733669552904,1.5656851914538636,1.5206314425847562,1.5045647309009493,1.4570493675729408,1.3902365379870703,1.1078316484854103,1.1904612291193233,1.136942116057192,0.809639118881257,0.8929565209811969,0.8100576879691697,0.23895448991243987,0.40209489647673546,-0.013361869255272413
7.380000000000001,-0.056128602361010846,0.3825014872237007,0.2882824222069392,0.3912368982621447,0.6798656116996091,0.9477788666962823,1.0930188782192722,1.1681643518597018,1.2038665368006187,1.2204950515519433,1.3018651860090282,1.390977508432518,1.3975796326240941,1.4193568308116948,1.5277940142587156,1.463541721026537,1.5250308792615006,1.4621525098700774,1.4358111493278398,1.465957909340901,1.4734264533823358,1.4035017694423366,1.328170493262441,1.1449224882747373,1.134600294390909,1.0814355053623466,0.7114189771240155,0.8953580992922536,0.7640539702191783,0.34214555255246304,0.3690074885873966,0.04501952664340504
7.390000000000001,-0.059461496732630154,0.45305976016039884,0.3145082239652706,0.47491881009380915,0.7576981778035601,0.9507650600398171,1.0498252199090083,1.1785479275330912,1.214637341110656,1.2734377051367085,1.2890717972678656,1.4203334371295804,1.3860584858631688,1.4698159478027648,1.5773179713690835,1.5350513663536591,1.5266992461083257,1.5141810954108927,1.4869095158669527,1.480134014185339,1.4920658805342992,1.423651851532068,1.4007372203392583,1.1099434749354504,1.0863236213735683,1.0887674839481756,0.7511209464079198,0.8056391519707539,0.6298552460768068,0.24045852195365258,0.35808376780290474,0.02296620365027341
7.4,-0.02257986338600209,0.3682661114280089,0.3277542127512117,0.47038722007784084,0.7371534718353994,0.9613233596570221,1.144097525162565,1.1840764770324248,1.1878518971879557,1.225841650322548,1.3248113244451136,1.4524969767964209,1.4549591001474518,1.473187339912415,1.4817632321932355,1.5500300813906487,1.5328355453680313,1.440410149042105,1.4986434127863044,1.5514297782371322,1.4501042772163262,1.411126370299998,1.4132818737135844,1.1087609518123458,1.1244865775806374,1.0384903672116184,0.7014103155214115,0.8160977938939207,0.677026974664441,0.33417385784027387,0.305270208317907,0.07247108877687378
7.41,-0.06185914188865116,0.3996827921999331,0.3762810402728707,0.5388545927049965,0.759523361446915,1.0080481525878484,1.0901711551746127,1.1752841090313193,1.2193065111411283,1.1949168833787267,1.3118501099382647,1.4265220489637713,1.375029951780466,1.4695397880387213,1.497677359327547,1.5347293294199391,1.5150794972477206,1.5745488833058443,1.5016806040105257,1.5121360728451347,1.4423618316861628,1.379801569089924,1.3528696106195608,1.0501662007998724,1.0506899447652611,1.055214817361229,0.6855660159429011,0.7679646550050194,0.6476758669155724,0.3712747438520953,0.2691643251769914,0.08141012218703964
7.42,-0.05354869088535731,0.3935478891106715,0.36482743501410664,0.5037685245799844,0.7943486899585617,0.9456060912130054,1.002927939102075,1.1956376451439796,1.1975850673719455,1.2658372730236231,1.268708335943707,1.3783631561143213,1.4084616909134466,1.4550405522232446,1.4705563258328063,1.4704183826963448,1.5117903978915086,1.4699857155394735,1.5190649666220177,1.5409764423070895,1.4515533762676336,1.4056478976258213,1.288076813338127,1.1100260790751078,1.0770241864884016,1.008931213573898,0.651243723598716,0.7699737390251388,0.6781912575953069,0.26002733687680724,0.27990668088036985,0.06137995419551548
7.43,0.006792678602443512,0.3545169133827674,0.34510235886883683,0.4955780431122794,0.8469401539401316,0.9700202758542333,1.0586617469554873,1.1994683724651731,1.2284209252313698,1.3015587651260803,1.3260426104912273,1.3872559449565258,1.397735594452951,1.4224960103639865,1.4804525957022727,1.521272966631867,1.48341532268922,1.523650241953556,1.5260025582320738,1.537564860875957,1.4943466656928561,1.3997341680721795,1.3698620603980494,1.0811249008545338,1.0010022145481856,0.9422578033176972,0.7309752808402084,0.7907100347498718,0.6077716339039109,0.3848057792636823,0.3079693587090578,0.10925804294805416
7.4399999999999995,-0.03463858595300939,0.42310324528732224,0.42893121879150775,0.5589843943027244,0.8024392259448246,1.0024257164235186,1.0223671897605031,1.0924251702680794,1.0969517964797575,1.2778790704540528,1.2659777838992534,1.3813609151960817,1.4410382532956814,1.4226917933629446,1.4611762132229946,1.488568210595242,1.4764324207605242,1.4402211985513536,1.4996219471714367,1.5140419676701289,1.4614192877527556,1.4269680674219032,1.3625144598701011,1.0850897116275602,1.0126971560594311,1.0006799662657442,0.6797908194440058,0.7351565625158057,0.6012270046585848,0.43916831865829614,0.22769677776703506,0.09042944007104756
7.450000000000001,0.008132358746540279,0.3561048843007227,0.40054145192230023,0.5585407514414062,0.8702032493232635,0.9026121579782328,0.9965725873064456,1.1052065424492823,1.1982357863863706,1.2245127892704029,1.217271910642375,1.365906153449572,1.484738675896887,1.4946033848065947,1.4932805878344715,1.4587053213143264,1.5061802637202406,1.503000147274544,1.5129200877594169,1.5330686594260292,1.456237845146478,1.3801819270103963,1.373264270179647,1.1284694542227376,0.989936113711057,0.9428487295966111,0.693346903089639,0.7021287287925924,0.5454318452040597,0.36868591183969057,0.29924006430543243,0.16200195419810245
7.460000000000001,-0.0221527528891596,0.33816295979012545,0.41972477438482275,0.5409699571500797,0.809540775543732,0.89337733537226,0.9924767115765867,1.0870516495149947,1.252391538346423,1.3027628187444167,1.2775310267199353,1.4262083496359,1.3804844174859194,1.4232981284882777,1.486657891483046,1.4941237144789659,1.4486654637087326,1.475752292198594,1.5104475219156477,1.5175540359875406,1.4545282538461173,1.3817304584694623,1.3640173512128808,1.1558249064149713,0.9911400353715877,0.9067427383481148,0.6717751250514712,0.7138899245756348,0.5713085238974096,0.4230952345306829,0.22543178544738413,0.1650804534768638
7.470000000000001,0.011096910944600257,0.35961062239145486,0.47596648669124864,0.5974280457233013,0.8355104341522483,0.9232486432361767,0.9863685649309558,1.138993930738857,1.1699122632846504,1.252298196405262,1.2898762538564652,1.3905390141492866,1.3946307502740896,1.4987137705245532,1.5051532411151556,1.5003699074106995,1.44307769398856,1.5314910027447903,1.5400322767557557,1.5375764976664388,1.4582730924469367,1.3310516367481342,1.395414550934304,1.1487455484045779,1.0370559775311676,0.9067452913409917,0.6716266370642383,0.7131728812247936,0.5214223545916026,0.5288569717859748,0.26594809529263513,0.1683010728454234
7.48,0.025489019769800843,0.3257457266927128,0.4656482479937847,0.610781054634121,0.8422646963313914,0.8984428451419147,1.0177334766670438,1.085923550245123,1.2169655719325683,1.1967900729978065,1.250656202410992,1.4023820333083297,1.3450398487097104,1.4882214986569922,1.5085745548466691,1.541802251507658,1.5002004553124775,1.4792736191106475,1.5336475074640377,1.5153668489498076,1.4926150485793104,1.4585817713529374,1.3679786110309875,1.2078108786468942,0.9553571783549134,0.9281889502783703,0.7214536082052538,0.6633712154094178,0.5088592726516027,0.5399372821485204,0.2118151263662526,0.19513156451839905
7.49,0.15108764398895347,0.3110640714300671,0.47675361666074234,0.610110317108368,0.7775650329439631,0.8847543880513005,0.9302960431073173,1.05842719348923,1.1089279786327546,1.2017429057849385,1.2795799502288243,1.3555263995449123,1.4101975221074563,1.4715485926563283,1.485737317582456,1.4135655045102111,1.4372335414649198,1.490929353759352,1.4758086814025175,1.5025439599059993,1.5063054741208042,1.4675170299666878,1.3670531331090237,1.212154064750955,0.9631597436537636,0.9054497596654282,0.743963540635502,0.7207122207306005,0.5091126703329755,0.47107966606443896,0.24283332176436823,0.2803624898179357
7.5,0.04484632920799435,0.26123748358674936,0.4437775414163839,0.6319088261895651,0.8381375730031653,0.8357554727091044,0.9201806035001263,1.0901003277908345,1.1371472943849745,1.2168394464279075,1.3259066379442517,1.4436463170818017,1.399718921214011,1.4652184161560982,1.4406346691905725,1.4631430010793747,1.4255381548294899,1.4826402347025858,1.5556441442696776,1.5272285548425013,1.5103716951291573,1.4219220647044146,1.3836442130293967,1.207408513188396,0.953244860455277,0.8514317774109202,0.7706342135864106,0.6742872116171195,0.4092305151105783,0.5026584812582079,0.18594126644525638,0.21492789990511754
7.51,0.06076012707126595,0.27246486194804453,0.44351411283461234,0.6592171419702563,0.8516420415123237,0.9010881891214714,0.9754608917626639,1.0894590039933953,1.1103197030174663,1.215793761597848,1.2143708063104262,1.406226695176999,1.4613343894549407,1.431729075593467,1.4739768334613108,1.4608353196660226,1.501464111601113,1.502623475918488,1.4833964058165476,1.4674413084923337,1.4423015388262765,1.4195538661371376,1.318131620926935,1.2647693752227616,0.9925540805257007,0.8783402495360717,0.7327739263251278,0.6620082488902049,0.41563968557857106,0.5346442411658571,0.2408308029828712,0.30998092697205676
7.52,0.06139368919162763,0.14827583807912964,0.5213507889605361,0.6319644295231293,0.8503143765783777,0.8861646480732449,0.9368410229696364,1.0514777885810438,1.2069437046534457,1.2404171335613208,1.364846059842296,1.3844660683077086,1.381447763008648,1.5311396176929366,1.5024717479612315,1.472917013898583,1.4961104471621622,1.5181109724020558,1.5727643249511924,1.4628951834009807,1.507066022248349,1.4580778765101534,1.3322470283704753,1.2275699836711955,1.0150652956195796,0.7957293922082191,0.7896845543433975,0.6490858587701103,0.3867186993070031,0.5166664737080129,0.18307904723484128,0.19524359886827874
7.530000000000001,0.1326228442712651,0.2458794256435989,0.4975512026251986,0.602967657482293,0.8189626604330489,0.86382760082327,0.9623925464370529,1.0661669279727357,1.1226507954438951,1.2681852159620628,1.241934902081005,1.4116439161451853,1.42403546417385,1.4488347898956788,1.462352885616275,1.4721941065443134,1.4933175666546012,1.454928716105502,1.4792960482450859,1.4662912771950465,1.4556117520654228,1.430976459187379,1.2974344032042906,1.2579354196172325,0.9083857409371162,0.8285613992039055,0.8495908216509116,0.6739617872829842,0.42211655404984755,0.5709963337385467,0.22540035066130304,0.2913432792889423
7.540000000000001,0.11853169055451544,0.16410683265869264,0.5306709963139237,0.6921322463588702,0.8179723978282243,0.8328456860968566,0.8843867731988034,1.06890551343,1.1840430888712383,1.2143820850230331,1.2165910524038608,1.3654512476256628,1.3703330326266465,1.4857053316406543,1.4823904075489103,1.5321743007768933,1.4652824713723092,1.4759051525249658,1.5349517425602701,1.5432164693350598,1.4757887764899138,1.4403880372830467,1.3162012842008506,1.2550863000117485,0.9231764113664302,0.7743411559368572,0.8334429710579964,0.6344170566020291,0.41098561649715926,0.5764610315078246,0.14880036736266153,0.22594899975545096
7.550000000000001,0.1556688218650587,0.12312427159230152,0.48407345558025955,0.605014421186107,0.7912303068094388,0.8092824258795568,0.8789726771734528,1.072345847872313,1.1503666603565985,1.288576150454384,1.3063249132914994,1.3596894913165911,1.3489051290422196,1.4725391729099848,1.4935019739581035,1.5019889142183003,1.4157306304771042,1.450376405285508,1.5007356448872589,1.505724738518481,1.5500711484428304,1.4913088804457926,1.2603310659878006,1.276497556330922,1.0188522858962292,0.7957236696393779,0.864621775368398,0.6414163286911684,0.4135858568715861,0.5618813389267827,0.18903491341083314,0.2839470834978317
7.5600000000000005,0.1355842541186476,0.17967230296389192,0.5062359858337985,0.6915162030302825,0.7658203206060152,0.8123409462130974,0.9048108007679978,1.058689856205063,1.0999877015540755,1.250529589512444,1.262474717157653,1.3722397709051448,1.4374441309718955,1.428754381439698,1.4778892675273942,1.4597294784927257,1.486014994301279,1.4761995899619913,1.503175035627159,1.5326911146958468,1.4597086266275228,1.4477333405694073,1.3142951293589535,1.2346864967509934,0.938614208375617,0.7836910817977668,0.8467713649957141,0.5687865425397248,0.39869434504298124,0.5369996913593998,0.2075697704746075,0.2918592225950737
7.57,0.1381066387680095,0.13999505874928905,0.5365959169980707,0.6502740396463539,0.7967103985503087,0.8143630863401363,0.9374875745482447,1.066451145882001,1.1984478551960873,1.2540025975430835,1.29153411037501,1.396051156914134,1.3780793221794188,1.4569129485594716,1.448786755351114,1.4971530601027199,1.4695307534876785,1.4369825314367481,1.4810852623384845,1.4275320959121296,1.4268550439564796,1.3576434853051447,1.2533709243594937,1.3160591647584283,0.9323135775943894,0.7672748815052032,0.8851789802769152,0.6724171598244911,0.395684372562934,0.5480879214301015,0.07792611565184865,0.27953316639751946
7.58,0.13400465168744355,0.09389998918399942,0.5041045568089046,0.6609227601965446,0.7846779281281524,0.8224550622834779,0.8969643120926623,1.048913727942764,1.1003018264003714,1.2796803197945408,1.3133294697327746,1.3476496168009964,1.4007674811561541,1.417875507727223,1.5578671563743398,1.5354319472680946,1.4593816311748562,1.4807270356572502,1.5125971350128686,1.4314062145012698,1.4159309676902025,1.4186402598085026,1.2585739756883656,1.3042182515435043,0.972244228918569,0.8035517174800499,0.973135432206832,0.6006186580516253,0.39472822550355297,0.5500094777291452,0.17305922206438107,0.25079213733126743
7.59,0.0777638595931783,0.12840759671004143,0.5361585297794577,0.611441532099103,0.7797614250177762,0.8856688047325889,0.8960725099736653,1.0577544045935239,1.1649088286636071,1.2847231399162802,1.3452285287038444,1.324840368995336,1.3938911870644302,1.435081668005555,1.4914613795984717,1.5039383332346195,1.4923336461513808,1.471290651607335,1.5332229233991694,1.4869626985918456,1.471511331377139,1.3868857815886049,1.2335003127294701,1.2657677260421205,0.9496982581750987,0.8402082820672359,0.9571803729492585,0.5291583935909244,0.4138991432543573,0.5191951314217774,0.14073499265019113,0.25735027913424985
7.6,0.19131200589491407,0.12260094066421007,0.5391678279743407,0.6627692275860394,0.8291101039579347,0.8497932238043217,0.9233060128805505,0.9663140441803607,1.1438799420977013,1.2753461927225453,1.3052977316885181,1.3618728477624427,1.4113605321174036,1.4213657731996134,1.5442862039106706,1.4467353948740476,1.4923039552444994,1.4432535228728183,1.4653090552967107,1.428820732455757,1.3902754800000663,1.4574316303322208,1.1894142832684598,1.2346420138547205,0.9928866769573649,0.8434689522591723,0.9061766338144073,0.5928740935251612,0.4186640203663379,0.4649480801093025,0.1133552972741525,0.24655016053219625
7.610000000000001,0.19994077331864768,0.07403837390507069,0.45961505602106517,0.6802829472745755,0.7381261600641126,0.8414047253212643,0.9350565890234943,1.0220285903236883,1.1548143229873657,1.2149105659757298,1.2783737444006529,1.3956875404055429,1.4190043822204015,1.4442141747725303,1.4600650757105775,1.450940850092267,1.4487436002060932,1.4134424806978623,1.4677140521794791,1.3720099986704881,1.3964952779906545,1.399985211321504,1.1711899010039541,1.267742684384315,1.0288853972153091,0.8222439265513761,0.9510060221702012,0.6249276269102197,0.3937270713546668,0.573675958205445,0.17131604994199917,0.2606371605532082
7.620000000000001,0.22923995581216783,0.08225804082261688,0.48682002841188854,0.6622820588075177,0.7150060110794174,0.8420060276334672,0.8409394407714115,1.06087106670933,1.1007528318626725,1.2475878558029336,1.2657495105584877,1.3538706816587327,1.3833141725357183,1.4515172297053045,1.5121754769556754,1.4592829780344523,1.47925505182381,1.374801015695664,1.4983953564960504,1.4408824264530515,1.4066386155777497,1.3981680696223435,1.151163812750971,1.2084963777883135,0.9573586279210783,0.8169695113586855,0.9457118538367566,0.6374739975917785,0.4904421006119092,0.5854110291737255,0.13584323404971133,0.2729669890733687
7.630000000000001,0.23820346975352075,0.12549807417042377,0.5403963285582414,0.6360026337774216,0.7724815011032026,0.8450477465711426,0.9051422428298808,1.1077259749169168,1.1796700461104255,1.2023548235600723,1.342209669012998,1.3925357495253607,1.4612792539018205,1.433930730739821,1.4553786700896254,1.501253909431882,1.4793135686577819,1.466957524465644,1.5134995971816498,1.414115896995676,1.3955488064233,1.410951193396606,1.1479425412369284,1.1882530630361954,1.003017808681174,0.8047561406870091,0.9534419209416349,0.610753056565267,0.4914960510702563,0.5928694395372444,0.20119132377241603,0.17496274947869025
7.640000000000001,0.25926010635392766,0.10892184354337718,0.4543050384327443,0.5930824049524558,0.7472323328835745,0.8488781285484646,0.9750387658504531,0.9889361404989084,1.1172402903109915,1.2892047330637384,1.3240699075836957,1.3801288629360022,1.4022129565240036,1.4652537836250366,1.4781334251332259,1.4680283019752953,1.4158551918107407,1.4652828436865517,1.4443643539477264,1.4008510137975843,1.347448995518679,1.3039487546744886,1.1793985146292014,1.2683168564853382,1.0465921749939449,0.9234088723753064,1.0286100136498812,0.6475591266897641,0.4271474522160745,0.46907088415165976,0.2188652509935075,0.223246641754347
7.65,0.2401524077590535,0.16087703513569615,0.46394871124803144,0.638139012324283,0.6752723471629044,0.869975019474917,0.9022794504234377,1.0534182353821446,1.1734383893142197,1.2737448501009114,1.294694940928905,1.3077820074252042,1.4171232843871286,1.4501529428604143,1.491707810861166,1.4708967304566856,1.4800723435060552,1.4346046373806849,1.345022338044885,1.3439242893144119,1.4114841738779673,1.2589709050891538,1.1365131522293164,1.2112468170956576,1.1048923186074393,0.9462559055724473,0.9377590950099403,0.7482632617458662,0.49797182611107876,0.5690962647610981,0.2281225534921515,0.1707304971407037
7.66,0.22681518626433372,0.15527923833596352,0.43215761461766966,0.67686063533127,0.6490048267023395,0.8251417913853232,0.9685503974210425,1.0152192189910627,1.0852955384000202,1.297338876531094,1.2558199463944009,1.401830988779273,1.3890458302456994,1.424128648985257,1.5163466038311686,1.4775994867658973,1.4772044401060302,1.466939263272712,1.466347298047337,1.3864469677476208,1.4052298959022536,1.2778464562282863,1.1297181081400387,1.2359929075573803,1.0312378844237842,0.9202095630691732,1.011932876201975,0.6688282235725154,0.5488022478441974,0.5600607939376082,0.26322101826895783,0.1466412798611462
7.67,0.24896019197738975,0.23943474935352327,0.5132500809810908,0.7339079121663142,0.6955121281967338,0.7720539032144291,0.941477902156203,1.0278958628936337,1.1584956380526779,1.2937270702663628,1.3211674076485087,1.3823329607974677,1.4575088214719707,1.4610791253948268,1.4695460906791973,1.508040096822255,1.4633669077682667,1.3965982719424377,1.4384763757852792,1.3230977774159909,1.2907558780082282,1.292412613696339,1.142215843234499,1.2402345560518175,1.0522752831286482,0.97506887745833,1.0170464514366817,0.633719487751945,0.5557619904145753,0.5267743341456024,0.2095889484210237,0.20592954430312102
7.68,0.21315181359840243,0.15868235782442197,0.4796827031608681,0.5843732354901917,0.6957111529303077,0.7918656047865936,0.9489074590854549,1.0212871399496941,1.1026677500755604,1.2494467839688048,1.35300868462427,1.4182439350919045,1.3610280201378322,1.4582870433929984,1.4383956069529011,1.3843575337846499,1.4283663380361489,1.4010604828211248,1.3714317690193067,1.338764091318864,1.287201187247612,1.285911316766615,1.1141272541742047,1.2342425880439485,1.1787847761644328,1.0595154735661851,0.9979539884508666,0.7016637249556469,0.5691498147971181,0.5248781696762599,0.20205930139580688,0.15440047392396833
7.6899999999999995,0.22258723411585668,0.18740381746906348,0.48172130429280424,0.6239648793502648,0.6887338866038077,0.7703332112382772,0.896449692606968,1.0237443987494554,1.1061524121491013,1.2458938830009867,1.3141470626281455,1.3715432042334081,1.411021695732399,1.4368599076388602,1.4526383881983653,1.449451054611915,1.456868218731382,1.423190628777063,1.3944069502134548,1.3592793527942917,1.3735234736134585,1.226285094005859,1.0726647933924927,1.1922549234821485,1.1936574681094343,1.097511502894146,1.0555901293130712,0.6716736259163624,0.681973085207542,0.5168367295705083,0.3564762300949487,0.1990602032422398
7.700000000000001,0.2940250766253208,0.26568118802254626,0.49195719783809666,0.6061379527561571,0.6167870479467744,0.7960791300584601,0.8807140412223593,1.0776981604085245,1.124367063897025,1.2983833945360932,1.2520928246005196,1.4041158022376425,1.4047164981180487,1.426267036547632,1.4588182631190656,1.4203249364573225,1.4845055193402152,1.472157893917283,1.4486098041404938,1.3199088162853325,1.3476194852263481,1.3117813509411353,1.089853046666959,1.1946983460318108,1.2265571775021302,1.115747447178789,1.0407930745635416,0.6576729304479154,0.6519221951440154,0.47891309680377414,0.33626589188774286,0.1935356207565226
7.710000000000001,0.20196630023105105,0.22443539148606712,0.4398050626147446,0.6237515539747661,0.5942406830793757,0.7359450134693609,0.859439580421186,1.0106323095861909,1.1618994582514421,1.233521235236124,1.3143493865964975,1.3559423466421197,1.3665563313396136,1.3779709540603908,1.4172070072682739,1.4464127301194762,1.4414013590089416,1.4724682131787463,1.4322786106248822,1.350477372111291,1.3485532207223019,1.245292756304046,1.1805577221022847,1.1432805291835682,1.1744417991371965,1.0970668594128985,1.0021338964096307,0.7323072017446259,0.766807492009151,0.4895199583239195,0.2854135785353146,0.19356275363374953
7.720000000000001,0.24185682825884997,0.21605718228970167,0.43535631109432665,0.5203049554890924,0.656100316420727,0.774193839065685,0.9237451817990642,1.0335646218289487,1.123134741915,1.2858272892754021,1.3427937245434016,1.3943284706874255,1.4862614226397928,1.4133580916872819,1.4376301836877678,1.4731461287400696,1.406088631423803,1.4640160721284436,1.4496154374894188,1.3514305940168205,1.3109694953650968,1.265981398337195,1.1763105772388682,1.1686110614988445,1.2132651453237546,1.1482679177974473,1.0249589729789417,0.7441089773516936,0.7237286434567447,0.5422875489768948,0.32250543016972083,0.12679737480413128
7.73,0.24865713529992756,0.271718172908036,0.34910774297638714,0.5698509625246309,0.5721047864539118,0.8001044620051547,0.9223498847862552,1.0607742478372246,1.1677585954435394,1.2969495660226003,1.2856702175774113,1.3910041673958902,1.4681007275443467,1.4061487612986525,1.4365471099091651,1.4742068000889788,1.4471579295982302,1.5238832848621007,1.4590669197343233,1.3520698425934072,1.3426489672496102,1.2767439630447093,1.1650568144531228,1.2098149994615843,1.3253458634117006,1.1820691640900076,0.9489725809294809,0.76989190491032,0.7315828674630046,0.5061139737289851,0.284468195257244,0.18812728503691256
7.74,0.19851012425219686,0.26760589060896406,0.4077147765583488,0.5737176454724163,0.587223689071025,0.811425117901107,0.9186120131422323,1.017142235242735,1.1557342611387973,1.2413041741701953,1.317241001847435,1.3695239376845973,1.4268952601550045,1.446419916669847,1.4515113846872572,1.4798752204227645,1.4685575034912177,1.511691598310723,1.4728264930449817,1.3564544508352478,1.3641864936657433,1.2779134512848962,1.1687195262873478,1.169812385044166,1.2612016972913354,1.1352129463726743,0.9869496208978683,0.7729468896012008,0.7191857679493106,0.48673195589489665,0.3265133045228445,0.17029913897551252
7.75,0.19693944011452805,0.29642089197866894,0.4018248957934352,0.514773506671813,0.6784903778999204,0.8254230770063636,0.8859594553012582,0.9976555611739166,1.196848780158189,1.295897273811589,1.3186639867788823,1.3258330348285308,1.320672946268994,1.403486383400335,1.4605876291481366,1.4303842617884368,1.454541938969008,1.5060040681539582,1.4094824660713006,1.3807367065202818,1.3122454667874348,1.2515471013861066,1.191687175117505,1.1304938661491255,1.3069392757851594,1.1803056441605013,0.9013033206931984,0.7655002613731469,0.7666749337969185,0.546356707192391,0.2816048861233219,0.09533326269985515
7.76,0.21169278500843008,0.28411265685460624,0.36376210127350417,0.49652535061038305,0.6033737131017275,0.7679914853960118,0.9186987299574191,1.0229180549418282,1.164083705149043,1.2301356929019154,1.3124515393610527,1.3724031644447472,1.3879678411168106,1.4025714779487606,1.4699622277538162,1.4981871650695633,1.4684475996715696,1.5112247819930729,1.3689701870641486,1.3836453898077443,1.3608966791969026,1.2820392988507263,1.2351453822635872,1.0974468558729955,1.2670309397911124,1.142131979248966,0.930817012031071,0.8009696372084801,0.7127055503701855,0.4829505463590451,0.26613729293785016,0.17511555427971023
7.77,0.17373488665539086,0.3188205515756756,0.3110656310861768,0.481867159211831,0.6100939217896346,0.7276787346684981,0.9263348540373953,0.9824168553562325,1.1234283925099675,1.282299040251731,1.2858943055563445,1.397493626447927,1.389104352470221,1.4425812229970096,1.426788420765561,1.5483060034132667,1.4656417787217542,1.5104061819225094,1.4636106324546394,1.3895648083919898,1.3662880945609004,1.2919556009288982,1.2592075812706633,1.072478305764065,1.3181257895269327,1.1553621886636911,0.9134883944935313,0.7969910345813292,0.8196241599840411,0.49720421977723017,0.317718215376405,0.14727940865483144
7.780000000000001,0.12680548508113748,0.40885169271713484,0.36597843220883336,0.47806847271354835,0.598311730541536,0.7381787274494528,0.8454453856771397,1.048633095167363,1.0675971977393022,1.2226374263405175,1.266754045661355,1.3665555302505392,1.353009456915544,1.4623605629826821,1.481411586595823,1.4859724651442605,1.5312284418372435,1.5041964404247945,1.4338834094086605,1.4131153467601052,1.3913213341965878,1.243123603833733,1.1964585556563458,1.0386978970759753,1.3517693449750732,1.2079044764725562,0.9123892822857076,0.7775646407638014,0.76102807793017,0.47822672901382124,0.33059584981205975,0.1447776610984054
7.790000000000001,0.17095126700501836,0.3757856049892207,0.33400672997859177,0.5091692816020834,0.6622897901801245,0.7985864887681929,0.9238581622299404,1.0021595817034827,1.16548374814603,1.2444821972419475,1.2999094885839093,1.3262626626563994,1.4170760857639073,1.488699332244393,1.4626385451480048,1.4780567938863154,1.472856322545288,1.5274942883934024,1.3921120904317494,1.3818869008346966,1.320902231715628,1.3324107919078765,1.1689162843697034,1.0279062958545735,1.23389592648524,1.1601920266874273,0.8158140938048315,0.8078522419480411,0.7279451872964712,0.418406940031455,0.3215717259618206,0.1882198059001072
7.800000000000001,0.20385424366683894,0.3794329916163169,0.33976351704478513,0.5132720689736264,0.6619302171602377,0.7432873529543109,0.9058245072009175,1.0745696844517103,1.0953018721274876,1.2110344959026194,1.2893440460578183,1.3539268150367179,1.4208764769834636,1.4473779205359625,1.4650379219585485,1.4076103475460344,1.4848216068575721,1.545498180987115,1.4500957154851362,1.3995780124631538,1.3587295107051904,1.2579953389493121,1.2291888871143353,1.0438417932494855,1.223489478542734,1.1040476058787188,0.79537300589182,0.8057165384587154,0.6561482406048019,0.43024533042841784,0.3166575074708768,0.09896316643364723
7.8100000000000005,0.22613456947353539,0.38741210594219444,0.31825194065248524,0.4895580878983421,0.6595684967091975,0.8004869120321975,0.9697154874209686,1.0295448904186095,1.1239579864916707,1.2841036914451558,1.3444171453586184,1.3785711610638254,1.4463427328013265,1.4622205691177474,1.4262988365801215,1.465653641630343,1.4548692738784836,1.5648143718204846,1.4222889842394575,1.412253808065666,1.3897809855722632,1.2165071406616863,1.2434577153253357,1.0320649169594922,1.2340029111117823,1.058339976605533,0.7353250092648853,0.780515130084174,0.7297289060342933,0.4430173396241904,0.3759512313118323,0.1318873429928351
7.82,0.15303241382371324,0.4462426449176977,0.34691384682061227,0.475794661885521,0.6542214063314057,0.7948957681017483,0.9153741906948865,1.0648288893629752,1.1236514670327575,1.2309634807141172,1.3185008831717187,1.3120936814960251,1.3726147413854886,1.4417804829011613,1.4385273582175837,1.4578098345596897,1.4789515980370826,1.5481058113588195,1.4269809462382599,1.3834665410622045,1.3392774234220373,1.294589484387159,1.1993469655684788,0.9825751645742796,1.2085224247356992,1.0528403627969956,0.6720205838155298,0.7958692650320175,0.6988821707059227,0.4955840445734915,0.3476055812976994,0.06392211059275328
7.83,0.1970311720515849,0.4124949164823188,0.31348748590217274,0.4758486775671784,0.693221995430318,0.7511152452893033,0.8982648069557385,1.0230839695289662,1.1543661101423701,1.2034819501410465,1.259426262389479,1.3838986708765009,1.389273752635079,1.465668578990796,1.4908516453958824,1.458390981329232,1.5103004625030871,1.5317654453817682,1.4912335712413773,1.4288114903483486,1.3437973019473168,1.3355701728282094,1.2802689127621718,1.0748867875027106,1.2113105686889112,1.0209403790828417,0.6325717694334074,0.7510388465560272,0.6905593753476775,0.4215183291963218,0.36265634159780163,0.13141649956684148
7.84,0.13185595588976684,0.47106844198590186,0.36307869223781597,0.49153454505455724,0.6970081880320278,0.8063038340575824,0.9044917413361568,1.0497959533634627,1.1683323359686932,1.1490692113046357,1.3167205074149289,1.354784734029529,1.425790616010923,1.4896509200675743,1.4845802241555537,1.520857015337101,1.4666155045912248,1.5248788178424573,1.3880357046177705,1.4467401373583577,1.3774104287966098,1.2832499937321211,1.1838610805358654,1.0398899639902393,1.1924990854282767,1.0529257768610512,0.7348507569232033,0.7654101317159685,0.6600674739931227,0.5069036529612408,0.3770096328520652,0.14821128900399091
7.85,0.1654420783194957,0.41554986750432277,0.35827471771740393,0.45761214798835437,0.6741822733778603,0.7836368459504746,0.9090357981414907,1.114587222727076,1.1420399240821901,1.1565615279654593,1.254310748697371,1.390923822249323,1.4090881512203302,1.3893191906075448,1.4557165607072406,1.4751862419417248,1.539559167293036,1.543215871128938,1.4680123057433905,1.421679382047318,1.333923963472757,1.2691586434470485,1.2464388963306037,1.0244302971654238,1.1555155434702677,0.9646888919807892,0.6645710704904705,0.8173699415552415,0.6151808526866149,0.48785659861616254,0.40386400693386804,0.18244339041000882
7.860000000000001,0.14647244860247852,0.43441014534659494,0.37077338032242335,0.553488423601773,0.7055567920566661,0.736308675393722,0.8585421555150483,1.06160559148016,1.106113730248687,1.1979898502066315,1.3447939671947569,1.3493241029936591,1.4455169114299873,1.5048772279356486,1.4800642734882545,1.408726667793147,1.4770431501925299,1.5192113240257288,1.4218802098021341,1.4356506476962199,1.3428295053271144,1.25096458186729,1.2731031681568414,1.0556936912676975,1.0991695272993056,0.9528502293486055,0.6620394922713411,0.818281357602765,0.6086504619306036,0.5241811205790425,0.4217313039331316,0.1615521033608716
7.870000000000001,0.17438284723080466,0.3838048700690951,0.3576724469551316,0.502649984394256,0.7057549325669764,0.8935140757359967,0.9579211104702613,1.0552748717928977,1.1467491396015392,1.217425459441965,1.3335686470809833,1.3869953470066823,1.4129916474417048,1.46586492040576,1.491084738920723,1.4718211615766252,1.519266061191626,1.55337272505326,1.4024338951157345,1.4222816735530133,1.316780011550282,1.2392960842137828,1.2458620748928524,1.0105951631795773,1.029472963878505,0.954306812499711,0.6169915498516829,0.8830537410751595,0.5853065948211832,0.45767457897554953,0.39614625506127443,0.17286710162859414
7.880000000000001,0.09724278385144242,0.3681517955166446,0.3118149025441495,0.5011873605111666,0.7629511074074905,0.7991230211654207,0.9568185956224191,1.0544920349270606,1.1175720733852934,1.1885613351733406,1.3147608530653134,1.3491959780514975,1.3791740036614213,1.4327774805886522,1.4240452642170778,1.4822214951484707,1.4398950167280835,1.5064041952019052,1.375685731733972,1.384657207528442,1.266134919780212,1.2347599817873975,1.2557572439304237,1.0028359372118163,1.1457448898481428,0.9588927959800395,0.6824874876391003,0.8765584913010617,0.5399500713518595,0.4654541459768635,0.3947186298089722,0.10651931671096543
7.890000000000001,0.14886745368737447,0.3682024318258515,0.40213968571728215,0.45814475092036155,0.697038822115186,0.7242232792627916,0.9264313368807038,1.0653821316911785,1.206365007196184,1.1268432341571593,1.2741235474214736,1.3875633362776634,1.45399702685721,1.4051302241071293,1.447390604970837,1.478130359925676,1.5352321376777862,1.5565910532471243,1.4300729930154712,1.3714920191132567,1.289811974573571,1.2374742671315597,1.248692311454686,1.0902298316332493,1.0569816582116331,0.9221236354229919,0.6545232560654719,0.8527430155070097,0.5328278926659961,0.39973125593710473,0.39816837547930317,0.14535201310026047
7.9,0.11703688671114043,0.41467683551298196,0.3802278232233668,0.53086357993145,0.7805668041155337,0.7782610484637645,1.002628368967881,1.0326496305525732,1.1754148791176815,1.2495526927940832,1.3775177938170615,1.335661331165876,1.448727720829695,1.4559581732563678,1.471984861600197,1.4602064939837158,1.434576798133783,1.4718691088727607,1.4337433336273047,1.3665399214227447,1.253672955314913,1.2496091971905172,1.2526303101576715,1.1610705266104662,1.0184806369665091,0.8901713459556477,0.6319881534263886,0.8426063217524047,0.5334654782627167,0.4671617173002132,0.4940729356596966,0.15661841821749312
7.91,0.15709241978433813,0.4259318178000764,0.3500131510691724,0.5806009126644232,0.7973522106901513,0.810973473093112,0.9873921373465913,1.0534823878155775,1.1691138583230305,1.2165749328496567,1.3829637326865702,1.386915007718301,1.4259081447760664,1.4263812870219768,1.4938549881938479,1.505543413221144,1.4965548356422107,1.494299962449499,1.4153336858565495,1.500910635139696,1.3274135703859573,1.2355641370687147,1.2539716953678655,1.1654724982488196,0.9587247234541917,0.9231197589778011,0.7705733656001547,0.8826117722819471,0.5286350974742945,0.46157541226419463,0.4272117698366858,0.10639400177489643
7.92,0.16298339514747506,0.37878380971118814,0.39218743525615607,0.5429283003716803,0.7859219294529561,0.8413190963805286,1.0626602296797427,1.0617301014615796,1.1976111665365772,1.2209617634103311,1.3171571239778013,1.3932693622195236,1.4014299850420489,1.424172929956493,1.435684930581995,1.4968638255330837,1.4774077481104417,1.5185420396640528,1.417022340771219,1.4217594250813193,1.271132092157854,1.2333295457815092,1.2257363191922566,1.1653590725685117,0.9751905872283134,0.8900587771366287,0.7483651022153366,0.9186047434084057,0.49950657935328713,0.43775489642225773,0.4450703861794188,0.09390262468774194
7.93,0.1652971914919386,0.32431808632195774,0.36179979339663326,0.5063482852029431,0.7356740455885936,0.8365744326811262,0.9572960627353444,1.0272469073271762,1.2011718609871065,1.2228459768456126,1.3146350945905068,1.3578508740903303,1.4443291665067444,1.448333377932486,1.4775913167973296,1.5323863872411851,1.4472548721521055,1.5371781990944275,1.3926222578985796,1.4073700183700684,1.2816539463729268,1.2768012222570704,1.353387576924052,1.2021792926363457,0.9640921817620834,0.8741103185764236,0.769546957974973,0.9405064511046075,0.513406943563032,0.4012391859155512,0.4687260620777025,0.0883019864780951
7.9399999999999995,0.15225287448826383,0.25194615317087987,0.3654799984806538,0.5673001210650706,0.7721909904116621,0.8998733280132145,1.0115403105415346,1.1054263429490987,1.1978238154161769,1.26614499082838,1.303692128894747,1.3576351020869855,1.4439026286356,1.4628071530528741,1.4531738517491035,1.5270885586242604,1.45196080258027,1.501195890391214,1.413112258618038,1.4610039139849873,1.2952467567107047,1.1624696247236723,1.2862974385633883,1.1860411752687985,0.8826627733211826,0.8827232512439889,0.7788037697571397,0.915928153662209,0.6053331606651201,0.45849121357692857,0.41640416232730354,0.07727778621183543
7.950000000000001,0.09780756317029046,0.28155134235465007,0.33534854424776467,0.5563869605918114,0.8116536208210912,0.8144933611719775,1.035777681331015,1.153928752277545,1.2652266989222754,1.2160661469834357,1.3237448719013258,1.3473276804822605,1.4430649162926092,1.5067944709572882,1.4633800932722254,1.4391343187413486,1.477172467649499,1.4174313594089072,1.449963086525385,1.4589761000293215,1.253455612945911,1.2516521365279274,1.303911576336638,1.2647820078673402,0.960335493027834,0.9456977068171899,0.8291969108941913,0.91813905563134,0.5868737628956774,0.3619218632354918,0.406368293324267,0.04704663677655217
7.960000000000001,0.053744861316246006,0.22505950043380574,0.3527651552357909,0.5611723936931856,0.7429997662280711,0.7991454227429318,0.9370062140784521,1.0480288898328438,1.246736171308411,1.2171123194244813,1.2977678960493986,1.4071142738797195,1.4680106832460904,1.4945655350901983,1.4918402031195486,1.5080151675511622,1.499978461422267,1.4909984658022375,1.3976142298478793,1.4711422001505292,1.3433466808918162,1.2258963249052393,1.3257299442113852,1.2802620623277363,0.908465510623689,0.8671887355021097,0.9044690924761124,0.9014767723942929,0.5241090385040756,0.386657793703496,0.4343694057371479,0.045943525409747506
7.970000000000001,0.05098976739582302,0.23331193470272074,0.3802712710976502,0.5312530683680161,0.7876282253720787,0.8371867125664043,1.014400411445475,1.0669002291155008,1.194261356621591,1.2596181603431489,1.3504416361277032,1.390014768866958,1.421413498205402,1.4692300587554947,1.4530823901549708,1.4857004780822913,1.4706955405909599,1.4538292162731952,1.36956640942297,1.4562678930506878,1.2370118028187023,1.2215988546187329,1.3545049787418253,1.2844400900783608,0.9726953828137801,0.8895262807205843,0.8756866908334464,0.9416103309191511,0.5857251773418584,0.39060635643284003,0.42461999176061294,0.028196604839001153
7.98,0.06325125462439975,0.2034704125161946,0.38604254981007524,0.5707734196067576,0.7782562525908315,0.8632578772624038,0.9777362344812354,1.1152953082705959,1.1808022472388138,1.3083357263857562,1.319050546272771,1.38280440523664,1.4016727544175913,1.5518308356366997,1.5122381244611809,1.511222739357594,1.4955116662557748,1.4542173462772061,1.3721717577498818,1.503433532787353,1.2676393966652553,1.2561350478973659,1.3813914766689226,1.2440920309340806,0.9550987217659751,0.902698706989771,0.8737977082998196,0.7997267830644265,0.4542801549533774,0.25747667312418043,0.4075741772800183,0.06276937148115695
7.99,0.013202696655839497,0.16231698329736619,0.417267323007113,0.6415937165178167,0.7555905612853452,0.8710562020097407,1.0665834256054707,1.1672002953589966,1.228182204430674,1.1853979340651477,1.307666362985532,1.358244877583418,1.4494020554433622,1.3661205315461413,1.4473232431146215,1.5488530412041652,1.486168117941209,1.549435933020034,1.4563742364467922,1.4375293730230219,1.2776321215795923,1.226422267336786,1.3853860047519284,1.2249333273787961,0.9814230446197869,0.9060555964264065,0.9550161948558986,0.8890565284612125,0.4882974433206564,0.2836767799022471,0.3127944380512283,-0.06336088001440207
8.0,-0.03491441267382475,0.2001137861402044,0.4569374297106025,0.5623667374094219,0.7533709589981924,0.8215956383641126,0.9827410089205011,1.11134434550825,1.2789986621705132,1.213009787867274,1.293321568244946,1.4211243729115655,1.459970109701861,1.438928951978762,1.4499670078646192,1.5319334841238523,1.546821048090515,1.4652323932870754,1.35311314584397,1.4843676068452287,1.2755572760499216,1.1887823938357225,1.3234956128266508,1.329979795223383,0.9816384016663201,0.9102243140778463,0.979072056218754,0.8710625245489264,0.4658450403628291,0.259423190889876,0.3893089679176786,-0.039228542329427504
8.010000000000002,-0.06545080675517263,0.12378920157816382,0.41054401401701757,0.6894087485225383,0.7254036663093102,0.8586754772394893,1.0264438345508669,1.202730915544006,1.199904444317246,1.1951761121319606,1.3751628117086154,1.424937363828349,1.4197132422583114,1.445776563202623,1.4350620425518816,1.5261911914648663,1.5298642167215093,1.4896579591652104,1.4417793017758862,1.4746017347152471,1.2762820860711772,1.2258158666594665,1.3307632498483528,1.2966365026542148,0.9856637517518728,0.8515392242773446,0.8977542418332793,0.7997100824956483,0.44542241342980865,0.2180128865692964,0.29304440470878973,-0.048590614743426366
8.02,-0.04483125651088851,0.12664266178483616,0.4382459150105298,0.6170078952067805,0.7993513424024042,0.8970111926873158,1.0218275490042754,1.1481948225578447,1.2663204829835697,1.2657966833208754,1.3778630309596642,1.368763075118776,1.3882462538049336,1.4474238448941417,1.453641663176871,1.4383513194493251,1.4943031223580268,1.4715478712730041,1.4425280049777764,1.531916003881612,1.3321713362382972,1.2448041189505705,1.370930510646597,1.3433964369999842,1.0028916384105946,0.9134465453682563,0.8997733067321261,0.8696255948805685,0.5005091322883194,0.2235041782252595,0.27189917120898394,-0.10084174390676329
8.030000000000001,-0.0651625801934498,0.15349476890968927,0.34864746594154983,0.6597952054179516,0.7662302228206921,0.9312316586618824,1.0722264345049428,1.132544761182425,1.1937146534983736,1.2528782612741356,1.3013328626819614,1.3694227575259712,1.4403268460880103,1.409723232157563,1.4586458391203196,1.5273564090829388,1.5177028741630403,1.4746764540552446,1.459368540446032,1.452935706675124,1.3505158714717362,1.3176219742573996,1.4160008377799618,1.3169830150310993,0.9613984222076558,0.8842926159991968,0.9463774121706093,0.795593277425593,0.5543567546140649,0.22080950290347173,0.18841416792121635,-0.13976682068143492
8.04,-0.09751545816725452,0.22200189496673756,0.4932145794713775,0.5746050218999799,0.7555060490022685,0.9381259176606701,1.0978298547864607,1.2083642114808457,1.212798137474956,1.2023583940682165,1.3065785182255438,1.4601079981372467,1.450052329178965,1.4843111104027655,1.4884646515224087,1.4872216018125686,1.5046826685013779,1.4556070021946053,1.4469968655313177,1.5093424334878784,1.278543262999834,1.266360490412245,1.4047664510110673,1.3455502974260236,1.004317971947724,0.8616576419365414,1.0011246711760189,0.7628687705571561,0.5132164343612364,0.20544637175481006,0.1887744632432247,-0.12614159540090583
8.05,-0.09680258361276321,0.12833418631394355,0.5254689457295699,0.6401031372954024,0.7017822968730258,0.915888208437371,1.0136569882004762,1.09936127937061,1.2030771740087955,1.2857298594979727,1.332573461683874,1.361502166192942,1.4189037758633671,1.4548147865337144,1.472304330658167,1.4561228410856593,1.4748107384011764,1.4315829629951182,1.4443377457239062,1.4663053172035085,1.3040803190751187,1.2161086907942087,1.3570111513146472,1.3011990024482942,1.0470896101819491,0.9019332353332419,1.0045853931655577,0.6971821304604865,0.526572569941501,0.1771175283646415,0.15447752460584666,-0.08223195582794933
8.059999999999999,-0.08622047972243017,0.14146564956332985,0.5309192054659772,0.7022459968855412,0.803573912937597,0.9983567062769072,1.058710957689557,1.1863566338834408,1.2072314099765233,1.2320722641773623,1.318231994175401,1.384477547727734,1.421463651343002,1.453257534569526,1.4386229898914524,1.5199342568609264,1.4666493091282913,1.4181134271149758,1.4869646658654494,1.5075592098347588,1.3371895989453897,1.2955665686982765,1.3440915784959189,1.3636708051367277,1.0498497638324025,0.9450735178831107,0.9725997611564153,0.627176658402391,0.5151200755335439,0.20431232120277698,0.14623973697350967,-0.14665519310339722
8.07,-0.07865745330860074,0.2373359718854211,0.5343686805036103,0.609764001351653,0.7189891246003974,0.9588590157453425,1.0747437066878878,1.1581736723365585,1.246099246652023,1.2472567409532853,1.30904205371818,1.3670568433189174,1.467265571945337,1.4530506268221013,1.4766894758074625,1.494881781996832,1.4839706520418605,1.5423257935827748,1.4653454618886637,1.5002609480535611,1.3685950161230038,1.2641391699853324,1.3832389396383773,1.311597246011442,1.0091565153693522,0.8710841227740116,1.0069983567594596,0.6980344842907296,0.5080964611628678,0.14807257772573856,0.035121869550946844,-0.13843469320144508
8.080000000000002,-0.06589951233821527,0.13527709231698581,0.5321136529135474,0.7362958775266994,0.7762876851570277,1.0006383784300372,1.0403198283207886,1.196791052078797,1.2540927672620572,1.3030080860262068,1.349266486189686,1.3529010857639954,1.3816703885542478,1.4595836106917648,1.4494581668948996,1.5021511299701489,1.4634990920063466,1.4710072222429755,1.52741929138642,1.5129474129531297,1.379136725955165,1.259524261166426,1.360678968695794,1.27235246571511,1.044479483662328,0.914303556955079,0.9638969622590401,0.5752018594351137,0.4973416843022753,0.14808037474228353,0.0851462664287594,-0.06069007077748649
8.09,-0.0738970961123898,0.1675800330469437,0.49558985826110563,0.7529539468279038,0.7732779124413511,0.9324226647728335,1.0727301189219667,1.1332458351987764,1.248779062762353,1.2914847341689055,1.3068998917317645,1.4122489549794075,1.4090797333399643,1.4578251517136296,1.4426736957840116,1.5004958216170765,1.5168367153909208,1.4537749142864593,1.522646976270654,1.5597747304795693,1.3469511544044728,1.254527790184086,1.3598570748433598,1.278474371253974,1.0174717424772113,0.8923767323603571,0.9889037870522641,0.5857051697184501,0.5068323824264214,0.18512059426289296,0.09319315206943647,-0.09790092668748242
8.100000000000001,-0.03586283054448246,0.1787968337126964,0.5311820517152175,0.7137932901486408,0.7316433342369972,0.9577075783996112,1.0611284781346126,1.1810052855162698,1.2157671241280485,1.2706963000792502,1.309650227821426,1.439414949440561,1.4386370216866249,1.4840452777662525,1.4704215036164627,1.4735882166708252,1.5337807751484136,1.4184306265796844,1.5081407381896677,1.4773358240973877,1.3845284097116692,1.2941525421264937,1.3595208573854418,1.2574119256581444,0.9631122966174314,0.912231526920918,0.9238389996809586,0.5863099098629774,0.43854541523444057,0.1650421452583899,-0.022334170291945996,-0.11883974977593902
8.11,-0.03090354806684496,0.2626200649070305,0.5587977687244851,0.7834497708203048,0.8350451361446448,0.9268892472103815,1.0717547574162543,1.1296398577712456,1.2445879578944032,1.3517297978216736,1.3025819477702167,1.4642989869927279,1.4110415435641377,1.5175056700466931,1.4474304152305268,1.465867757478717,1.5247030411027176,1.511752013227872,1.475830429921453,1.537199021759928,1.3705106391579924,1.2331703403149639,1.393381355545182,1.226645295805995,1.0418164785038775,0.957973395205667,0.9903258641249941,0.5553264366052866,0.461410691299713,0.20436378101320563,0.06038176902582991,-0.10095933426453846
8.120000000000001,-0.026126144877576023,0.24785673371301215,0.5975376729546726,0.6890904535609123,0.7632544785496888,0.9438513984588117,1.0634221712156702,1.1557411067837076,1.2482277465488714,1.299736433168417,1.3298712226705574,1.4152755520087412,1.4419581028812776,1.4467910265508996,1.5366481189149086,1.4960831441092737,1.4671551460967747,1.4715154852208354,1.5194305930570358,1.483936013868975,1.3953966501236543,1.2812134738543182,1.3164854424651302,1.2838475890147882,1.0535377265339165,0.9513210304271689,1.0143578818233299,0.6062676020231469,0.5164178214353363,0.2259575808593408,0.02193855572762147,-0.06423660171344334
8.129999999999999,0.04446047016526788,0.29204868582671417,0.5680594704505959,0.7457108728870445,0.6989974801890484,0.9658690268336235,1.0316326526313928,1.1460499035947398,1.193800423715337,1.301696550774018,1.35527662651354,1.3888201047604662,1.3800188805423481,1.4596556443691706,1.3976766238152687,1.50054625448727,1.527315172397543,1.4747430092223908,1.514581480603523,1.53656747699728,1.3725037336912695,1.250625971183445,1.3102893303955057,1.269507246373314,1.1369404387749522,0.9863029107790784,0.9404143282426111,0.5670229272217046,0.5546156686717546,0.2987203364815827,0.04196493604194005,-0.09006314385110029
8.14,0.07703472689186983,0.2125354941621785,0.5225831547940684,0.7121954031368035,0.7185931900859899,0.9338659622697439,1.0344454258169073,1.1811147763964345,1.2230984792145951,1.2869201116958398,1.293721357351685,1.4197488397225004,1.4237953491345439,1.473728576605817,1.4349858716054167,1.499872028164237,1.5057951426376175,1.5272429092630457,1.4957167256292987,1.4486175001857455,1.4263184975477414,1.3383424530685748,1.3736838128537476,1.2837138357464626,1.0898715900393006,1.0534896374360758,1.0249365344644314,0.5840694223108179,0.5456106456518005,0.21926566562207364,0.09533486074944268,-0.005137556981229973
8.149999999999999,0.04497448501980915,0.19747702555868138,0.5151763071567115,0.6925277036705281,0.746434176854313,0.9308677016521818,1.0506564402197536,1.1504361279983562,1.2169325425119535,1.3303184863591417,1.2894256144797458,1.4077004289866668,1.4322732512367715,1.4712137748464056,1.4533126841048656,1.4875889967412694,1.476432800430457,1.501153617121943,1.4864332343933828,1.4949705472074541,1.4187611697810478,1.269665474602254,1.2321414412307663,1.1948898985030327,1.1640978301944103,1.0298271065592803,0.9578243513847274,0.5639069528237588,0.5594610123446344,0.25890291950231537,0.10970492846234152,0.03163111009555333
8.16,0.10535053341268527,0.2850963853070707,0.5484996539002477,0.6750203859841056,0.7660134406959678,0.9581729871142705,1.0707763144191913,1.1154841536805744,1.1863542907501403,1.251770111965904,1.378405653492227,1.351052835861836,1.4031359237428915,1.482460798113412,1.40089288189502,1.5712372160015613,1.5782463004088787,1.4243329490473562,1.5288846064371713,1.5232056302764745,1.329737618196214,1.33532959064843,1.2957379186788822,1.2313968099926151,1.1111483711775345,1.0449931813698197,1.018307529995635,0.6265727016610768,0.5937868723156714,0.2505806185819421,0.032923821393485375,0.007041291982279725
8.170000000000002,0.19497839623117183,0.27645426085608316,0.44728030322350554,0.7028796077245616,0.7595319043051931,0.9399030287224501,0.9908639324970486,1.1440041298719046,1.1703140288403984,1.2911713565305807,1.2714141006044215,1.4081064815326465,1.4296711486708422,1.4437155589780388,1.4668083545692054,1.4679489902353828,1.5069623400863694,1.497607276820802,1.5346766422061942,1.4574747787216338,1.4242182816596716,1.3315733336172568,1.2705169479878404,1.1871376507954088,1.133434473487326,1.0258452717913302,0.8796087355677685,0.5502569115434849,0.6530236761002651,0.30839964867531533,0.007938362920677011,-0.038689365342090526
8.18,0.14619170957373737,0.2507094697405146,0.48446523915798656,0.6263930212722986,0.720640062267204,0.9284499954205412,0.9983918254718781,1.113967110451684,1.1956793310007112,1.2744151248987463,1.3109193387580065,1.4103158551666244,1.440415396262137,1.421362587805199,1.4429887956585323,1.4892867046334746,1.5211064253372888,1.4266108469737566,1.5009757827509613,1.4781936162437974,1.4400588482750902,1.3443041622963958,1.2810413229263558,1.1836243719627872,1.202752627289468,1.0421320774453124,0.9305998913591083,0.5015033633582267,0.6033925763242138,0.34948887827581204,0.07465554448732827,0.03993427649889097
8.190000000000001,0.17607144647763678,0.1965370472454687,0.461220284441499,0.6238342419666921,0.6941543494677685,0.9473186827128981,1.0020893264721522,1.0406614579832842,1.1562587915018951,1.3321058169628477,1.3909581702112201,1.4151084701558068,1.412593966649608,1.4843965664621483,1.5254491147366045,1.512986202188132,1.477413999387974,1.4888110594814161,1.5106354491567082,1.4167774024570623,1.3785360190848124,1.3627294324037658,1.2329595412526109,1.1791278517899704,1.1932008781110341,1.0567370910000566,0.9768489712429925,0.5730769741911564,0.6696958705664662,0.34926934318506697,0.11042505281125255,-0.045690640999772096
8.2,0.14161790169530197,0.2616717971990608,0.4250426279083063,0.6253987590481702,0.6889212534609079,0.8196033595169958,0.9668458441168313,1.100046460825569,1.1794343959126687,1.2812638500019617,1.429907537019487,1.4151347766117315,1.4830895656049516,1.4483680141554165,1.5008776811555002,1.549412973520918,1.5485518478609086,1.5391960827020879,1.485908616913283,1.4764134744024526,1.4786630697163239,1.4046135487451186,1.2593744240034561,1.1685371532319884,1.2231406340732753,1.0582309367703582,0.9500415991500583,0.6315769571072976,0.6510624139698225,0.3319906533176825,0.09670387186084542,0.05861694847945421
8.21,0.19659384523796958,0.2347653290537415,0.3538234309055292,0.5474225811719632,0.5676820537607381,0.8269241904368967,0.9647541731109136,1.0476970613795247,1.1317285189655215,1.2866530646367345,1.3459051865900138,1.3346810670181608,1.4177970920088074,1.4683392842932368,1.4727554071923314,1.471538892720958,1.5483201987350361,1.4499614656547248,1.5641108428597874,1.4187188226434284,1.4615986189380643,1.4681988311454295,1.234022879864004,1.1192284891129527,1.2052180791875038,1.0940406357059655,0.9237302014201741,0.5944718478233417,0.6722845582291263,0.3764086817958286,0.0737648426825478,0.021525812256973403
8.219999999999999,0.2096251150328319,0.2311222945879987,0.3717552892806489,0.5578247483365246,0.6562987687726498,0.8954213814315893,0.9739208256845264,1.0586098380017723,1.1545927933382405,1.332904867739406,1.3368915427368337,1.4436039087949315,1.4395093896257742,1.4418011932768522,1.5107586688819132,1.5744855777861215,1.553219128199414,1.5307713001195133,1.510254873003236,1.444887739327793,1.4378781488298067,1.3685308351044099,1.216299669537639,1.1083054265538224,1.1765174002905328,1.1495163417405379,0.897981657272042,0.5673820405429817,0.6865159381389214,0.36566568000556887,0.1023457746077854,0.04711215567792562
8.23,0.2020244863232377,0.2603543886188447,0.3960173521938729,0.5152328555795767,0.6782838451227193,0.9063472634192262,0.9283233489116125,1.1245671592156732,1.1928238531698026,1.321398714301481,1.3497307489802604,1.399956827623641,1.4567444287958378,1.4596799005220666,1.4832456079073502,1.555490814276502,1.6410891354667005,1.504446520822523,1.5127261767431948,1.4365351179925987,1.4622602263467002,1.425839135620836,1.2028119736837426,1.1600714159320378,1.2299429670244337,1.105124344589102,0.9027551018814679,0.6337272457848065,0.7037574921785266,0.35949379185230973,0.15215423845557421,0.054840646943143646
8.240000000000002,0.23205370745829845,0.33071011436171527,0.3858294060663157,0.5191483210953263,0.6128120200027639,0.7831354972336724,0.9215652644601457,1.0757586163381183,1.175683845665597,1.2831137918158244,1.3655838250828949,1.426804258075643,1.4549381813690039,1.4923320587099735,1.5037698382495803,1.5155549530500585,1.519577126011253,1.43556922949082,1.5830316950352943,1.407334176098532,1.4701260821459694,1.4110824648505762,1.204856580821356,1.0947762016038416,1.2516804452679984,1.1820394236467524,0.9243004544173533,0.6713831546174314,0.7318217812615256,0.41425256387773346,0.13784392202375112,0.013313051826113982
8.25,0.256083253123811,0.25644061421887815,0.37154408751928764,0.5180735065573111,0.6177487569262183,0.8433535476252575,0.9617343440122549,1.0846196171363673,1.1758216342982817,1.219154009088629,1.3240991199167245,1.3895960032026684,1.4566349183136842,1.485426000438871,1.5301329077706136,1.5505977395204447,1.4864465678888432,1.501078598864644,1.5456187069355056,1.3844847922922088,1.4832343427550336,1.4772734289322118,1.196484930304521,1.159521924928168,1.197009659337943,1.104697590360994,0.8011698621445731,0.6691889478692639,0.7104150180067622,0.4265239384316291,0.15272211709511285,0.014229211034203838
8.260000000000002,0.1988853477896707,0.21462996403805626,0.29984208864747813,0.48826735826772255,0.6482976732546333,0.8763656544800293,0.9527044989668887,1.0574779854262906,1.170973991092749,1.271600105140136,1.3028929277754426,1.401494391062307,1.4589876787952694,1.5518901933087401,1.4612582060387322,1.4860183687130724,1.5351107169731841,1.4865564953069068,1.561309912341153,1.3539070537677291,1.4386848228285856,1.4120531618386263,1.1738129537416064,1.1215658356872171,1.169736119404299,1.1125984649341767,0.8357561353565106,0.6242160159885867,0.6765131563887872,0.38188976052650186,0.10517219127625657,-0.06789478467560003
8.27,0.25862073630088256,0.33429023185521545,0.3102024954345668,0.4614715735129679,0.6329758302788033,0.8888523573851821,0.9545744464346395,1.0630274296005071,1.1351083031518359,1.271973804635616,1.3570658007430363,1.3498550663847033,1.4952347485117907,1.4658490262414976,1.5127219478025686,1.5012235691852458,1.496098343845507,1.502517872319716,1.484547797126631,1.4085918872076628,1.519333333240721,1.465495686728542,1.1476066290002715,1.0506409026213785,1.1454355266589487,1.1637734620024263,0.8553880955996986,0.6769753673853599,0.7304895435857127,0.34970144557498717,0.1370930374648726,-0.03682958986864998
8.280000000000001,0.26320744091536974,0.2937415411046584,0.2993541371723655,0.478162740237037,0.6357584661798029,0.9049671960307114,1.020516073685715,1.1107264037438314,1.2270605928207785,1.2654071526195587,1.334289570813206,1.3930880204415268,1.4230748447642503,1.4910149311717487,1.5458850321634445,1.5409902071651018,1.5313731002916935,1.5053123492997922,1.5124620287510588,1.3519723846677907,1.5025853031156864,1.4028346566102519,1.1558794718231047,1.0529703139190718,1.137356387685221,1.0634584027397442,0.8185064754895537,0.6113510611082684,0.6340355069123894,0.41200744795901695,0.1650971664336079,-0.051238557755449
8.29,0.3073813750405721,0.3277049501851918,0.35464779197942775,0.49627984038160633,0.6660023001445023,0.8050570335602244,1.004861409253182,1.066709190298237,1.113256280423237,1.1838563592682039,1.3462375928345423,1.323861344046714,1.3581366422418835,1.4998525204236133,1.4671917602780098,1.4954777459778381,1.5547845562694365,1.4779565331496631,1.5123740742095282,1.348885386001873,1.4769072520359903,1.4741929597158332,1.1582058096315888,1.0585646517349163,1.0957546097001514,1.055262683553561,0.8383264201794494,0.6165636262294818,0.72907206632223,0.35876715950972177,0.17229793294750995,0.012055521848391955
8.3,0.29014541546862177,0.3351975682561507,0.24795575340272596,0.4931132500714432,0.6089422723892215,0.8480266213286245,0.9948599967044711,1.0882436540086053,1.1337328151632466,1.2254418187410414,1.3448355870055175,1.3821312280699134,1.4538106891620781,1.4427830682067302,1.4733967303729647,1.5077345065916608,1.5826457613421454,1.4904354455004118,1.5082172552435478,1.4135593678552303,1.4598494675254348,1.3905077737133653,1.1282384354666766,1.0289023955623064,1.0883959212558794,1.0821510082401917,0.8166798088380864,0.6416147928420136,0.7330716887821405,0.3917882092471846,0.19259498226245425,0.016944355054556437
8.309999999999999,0.33357660498283276,0.3932236564933319,0.28282006650221736,0.4290264374369176,0.6389269366556727,0.806915399024568,0.9784725148843093,1.0867876881428506,1.1676090882313805,1.2977093638040436,1.3479376729780967,1.427178807406485,1.4254008269916039,1.4949438916424966,1.537100542628145,1.5211978254300615,1.5624477752995043,1.517378756757441,1.5028287272144503,1.3594125809798432,1.4654092672693242,1.3942093574508236,1.1705623460143126,1.0711228738056693,1.0938260693487547,1.0457579872402547,0.7926471371541907,0.6580906518502193,0.7141745354057022,0.37636858551321073,0.20189750127803402,-0.036869910595907454
8.32,0.28759808249457736,0.38321912055805546,0.30381277461074313,0.4834699691068793,0.6504560657693117,0.885247788976607,1.0110179841418838,1.0391934584120504,1.135060535629579,1.2633447245737082,1.332389418686531,1.4155709492402808,1.4644404403974587,1.5084758793391373,1.4813856027511707,1.533769474504611,1.539414456080134,1.4757255013534047,1.491974690469774,1.3575071775695353,1.4661390489121198,1.4218374393331084,1.1501143702189052,1.084507583497563,1.076807061017269,1.1153992175998235,0.8050864931486421,0.7407581492300636,0.6382678278384307,0.3618738279110287,0.2169892691366622,-0.0005659527623025247
8.330000000000002,0.2514708525202028,0.36132680098367725,0.3523632821951856,0.4725301075511484,0.6964046394150688,0.8203836845950264,0.9314776649402586,1.1188957723635433,1.2191951206569964,1.202097110298217,1.376280822553107,1.414995588573095,1.4601818099804893,1.4955604517958445,1.5480759616447963,1.5515424797254103,1.5617414764676858,1.4527468345265337,1.5119779671755578,1.4131238550208864,1.4720532875479941,1.4635212315953,1.1199835014304906,1.0778956912437703,1.0461920386604802,1.0615287626031809,0.763047847073702,0.701298865249121,0.6854580442628042,0.3359083319061361,0.3305159021197268,-0.04887002216722865
8.34,0.26926906551406876,0.36990635652958453,0.25349204769131783,0.45631529280185384,0.7246512299630696,0.8847422507352927,1.009087929926691,1.0615583312432222,1.2084377203168042,1.268316311884941,1.3383758121420342,1.3899897033735251,1.482419906162369,1.4927469517747913,1.5166197718248153,1.5835035809638576,1.566774994714792,1.4388840142981252,1.4447125391766844,1.3207874044493737,1.408796540588487,1.37160121415244,1.070986719526759,1.0435529520678988,0.9778653351186052,1.0571828334130384,0.7901388284994052,0.695930519490159,0.6793638156306508,0.38557054507426647,0.3018935951003391,0.03020868902950955
8.350000000000001,0.2657788921499862,0.3207380405022854,0.2714034266617184,0.46430550336519455,0.7471954705767376,0.8155675743128644,0.8981427943772119,1.10875730185223,1.1551323852405422,1.2305084565043443,1.3897966610794221,1.374502284049638,1.409471075995909,1.4587497054260132,1.499676382201976,1.5499438464724271,1.597312824093656,1.4916091837863628,1.4170896048431805,1.3622525860196792,1.3910520346640256,1.3626063225939122,1.1439660091464263,1.1341581102011202,1.017596017257644,0.9381990375563695,0.7330766651105866,0.7245563828223739,0.6197908407268063,0.4032874538081769,0.2462626830701135,0.029034786215418107
8.36,0.22461532058694794,0.34259162855541286,0.2705683661860926,0.5053739398448891,0.6826951619831254,0.8360994506717485,0.9763082043371254,1.1077561133716374,1.2351534538707065,1.2734766963108772,1.3418011595624248,1.4035255128738249,1.4423863822167522,1.4995020423597254,1.5275186101853857,1.511022934840417,1.536239567893007,1.5390428414957191,1.4997158730699125,1.3512127904698346,1.4213629189710861,1.363382086708671,1.1495520241852222,1.1322529578472025,1.010081369580412,1.0212009844267675,0.7839956538532712,0.7593842693902685,0.6653151051503942,0.3854055617465228,0.2675711433490253,0.0021566041480467514
8.370000000000001,0.22403935255988228,0.4239497030253563,0.30924152441134795,0.530800394384357,0.6429401096124406,0.8228458646507698,1.015804663787657,1.0724651725773706,1.2029807122813456,1.2754604509595802,1.3867982918686574,1.3546695508162185,1.4305726051670662,1.4546062676648566,1.4731107022833851,1.4993493634635617,1.5058644709221278,1.5125706856032781,1.5009312465603484,1.348113226110239,1.3817334476826355,1.3198841760237618,1.1932103527711495,1.1253212119091314,1.0216898501655787,0.9953464057992352,0.7826889781869304,0.7675124614722463,0.6752926115541711,0.41198740457343686,0.35243526822455873,-0.032781496702774325
8.379999999999999,0.2948982077253878,0.4097236177398921,0.32488047139098675,0.4900560467142741,0.7596891194428453,0.812238919280546,0.9771860941476632,1.0250374786926393,1.2215734744177655,1.3116297310713245,1.3304264346546735,1.34634931161795,1.4305298170281762,1.5304942369336696,1.4200895520327796,1.4682999029299648,1.537627337772428,1.5098048629479015,1.4733380887002214,1.3484751926194363,1.331686090094215,1.4386124281269186,1.1999805574962261,1.1182266317101894,0.9696712027500265,0.9202190815141725,0.7594688666972106,0.7596873811586309,0.6841694393082683,0.43310170504769874,0.3501869843517174,0.007109652218764362
8.39,0.19425883870585373,0.4011230968418301,0.36175981247343103,0.5071263009617009,0.8117773559861924,0.8526671641025968,0.9773530834984507,1.0402583812637116,1.1497718675913418,1.1724458719458648,1.336378420327221,1.4018436092359063,1.453167122911747,1.4712069723276178,1.4740366023404508,1.494180964445865,1.5160835387094163,1.4835571438609674,1.4751774214691404,1.37562659209107,1.3635681535151445,1.3324248314962923,1.2342325279308843,1.1190177176939562,1.0824179482872975,0.9593333955944192,0.7669116162354547,0.7541653873187746,0.6056993596906881,0.4101476296680929,0.2533543914099968,-0.01162982468374437
8.399999999999999,0.08484115385419902,0.42166169101433637,0.3928266132564165,0.5217486027889469,0.7747749168652618,0.8343498900348284,0.9287705749804454,0.9862561022467007,1.1566148703828394,1.2434616798653753,1.3467761140195433,1.351216528919904,1.4090510064465163,1.5281984434278162,1.4828893529659373,1.533559932422577,1.5293137913348256,1.5614774434324432,1.5233394403132505,1.3741373085937392,1.4278381578934936,1.3520818064502018,1.261425444494101,1.0964879181457872,0.9820714085826919,0.9759410290130262,0.7747362911636392,0.7619889860985084,0.5924836611495634,0.4439194501058955,0.3605298801312605,0.06986483838308505
8.41,0.11490277158568998,0.374610239426019,0.3909704622701505,0.559968225717517,0.7936360505001592,0.8986519436355972,0.9942624369946838,1.0240768360909542,1.1802682159485167,1.257615220771528,1.3982059017416983,1.4151587427816235,1.4486001837886917,1.4898752971040476,1.4485125502774703,1.5110833271364905,1.5080947530561426,1.508543826338286,1.4841277555893173,1.3577237302312772,1.3495971471148973,1.3515803472312693,1.2762325671544417,1.1026267188919034,1.0464067172714702,0.9576955884358266,0.7889962451748387,0.7865154499023299,0.5647004775215261,0.4286105258065104,0.3642886991016808,0.09009219051042265
8.420000000000002,0.05157298650528096,0.4009525268948946,0.3765380250301795,0.5785799346111811,0.765999471013134,0.8062548335321635,0.924034174635195,1.0560264473588377,1.137208795759295,1.227837170158142,1.3711535305485494,1.4203609414581606,1.4394233887772694,1.4329435186270667,1.4725436593516812,1.5379084519819768,1.4912560473699634,1.5317697322488455,1.403190232181126,1.4169728495982807,1.3661525533611376,1.411069035260914,1.3193380009470081,1.1330122555031101,1.0173903075267112,0.9750819227055475,0.7655865711086307,0.7864955816396585,0.6291369940676687,0.43998390593874326,0.3106701297550471,0.04046494582419627
8.43,0.07099009306727092,0.34117915933184423,0.4024026192392151,0.5499475045675672,0.8200152727091243,0.791967222542721,0.9515518921764238,1.061193833572883,1.1322728496835763,1.2143448165737998,1.3090667104193645,1.3615910291001785,1.437772448068301,1.409235134884892,1.464729772093247,1.46139275519551,1.452489883125897,1.523425172447953,1.4635501008139724,1.4325405253500585,1.3538890376990107,1.3733622965242314,1.3425206842562374,1.1744243390732994,1.0221073239007685,0.9928063596086305,0.7638059499779467,0.7761219448448271,0.6332743008855207,0.44068893580048124,0.30910098025179955,-0.01430791537974663
8.440000000000001,0.04696908438248697,0.35926072632230016,0.39401090758151736,0.5380392281584968,0.8229314637901537,0.8145853698641271,0.9771817915812588,1.092510567397911,1.0982198932149196,1.1586072402793681,1.3242307598892789,1.376611374420621,1.4357333347617347,1.497777002285648,1.4639325673524397,1.5145933582973947,1.4698126518269845,1.4988800710437493,1.438318046229275,1.4824870564247845,1.3838821709132882,1.402694942945519,1.408412996449085,1.1337464254138776,0.9941142334597913,0.9151870047653103,0.7645774079756656,0.7472416609652212,0.4722161559598745,0.43088394462996227,0.335655438840606,0.0601917880862747
8.45,-0.009009553767478876,0.34724795156622656,0.4737270930856132,0.6116044514918069,0.8378016824120248,0.7777932263697149,0.9072196962910982,1.0181980401172417,1.1191974966588372,1.256672705822766,1.3262329761626168,1.3727210679113442,1.472780064606159,1.4245246712872308,1.5026333452105756,1.5105551783117748,1.501426597590998,1.569280993951511,1.3971811260181013,1.4235667896641355,1.3707022656690573,1.3886559968271572,1.3615935494494384,1.1354526111647623,1.0232229151771235,0.9575427796829576,0.8284208960088454,0.8038624619819279,0.5226378708982647,0.4499573448660882,0.2978842985767453,0.08820142635807221
8.46,-0.0007644294605932619,0.31369271312987196,0.4606652144833326,0.5568188861631186,0.7787721967961104,0.8161506164378717,0.937367598025654,1.0613996430166883,1.077228280280143,1.2145511010828107,1.3269680530180257,1.3346990393961828,1.4108507639842451,1.444341630011177,1.525159481636051,1.5231434716426127,1.5525339469530208,1.491647704906919,1.5287795525428105,1.4816670046577203,1.438073203642874,1.4029169175067209,1.361443858808088,1.1062621743625045,0.9974995601116264,0.799730687550848,0.6924944842733832,0.7731048147574988,0.44592047920810896,0.38207788324251424,0.2727424302845296,0.01928989529471038
8.469999999999999,-0.04355387952521725,0.32269950619984566,0.47639589466566656,0.623388456602577,0.8757100704705678,0.8048798339816714,0.8741274358383464,1.0515897920571642,1.1499035816432246,1.2198387497515097,1.3494597243219337,1.4121956300451826,1.4740525813879004,1.4883950373711146,1.4933709229781187,1.5237959947312656,1.527774277757477,1.4972082857762854,1.4472563111923558,1.5501312748112133,1.4268132382501328,1.3817093351681513,1.4048848907379219,1.1146006515628049,0.9944055559233237,0.8756448595282414,0.725161036337819,0.7552358422754971,0.45065652202044637,0.5119545174474449,0.365696180212555,0.05792414268905003
8.48,-0.03360465798514736,0.35827175045096926,0.5100280005816586,0.6840531804183295,0.8377520279529288,0.7569341168590877,0.9726074631473106,1.048694375208052,1.1707859907946694,1.2655473920096756,1.2736349730608063,1.3950442130020162,1.420350195494906,1.4599692792148908,1.4662008370079544,1.521109160141392,1.4838265761180287,1.4837317429910477,1.4582432522595403,1.5168072586973231,1.370503468237167,1.38818825571078,1.4043430259617147,1.2085938415878457,1.0140317377198578,0.8084778207740578,0.7000884037291918,0.7780784023592988,0.45570251095630565,0.4700883787943012,0.2947097472345737,0.04866168731531095
8.490000000000002,-0.07196283998587377,0.291541322198105,0.5293030182278986,0.6924555608505606,0.8648925388016014,0.7839888549131215,0.8966315446140588,0.9973038340165863,1.1703009824030062,1.2318857054302101,1.3111416043589394,1.3624871310354996,1.4266756151164663,1.5059537103378429,1.5087662198746365,1.5147729110514905,1.5424287370170808,1.5485731417219077,1.4719801363536331,1.5055894269749048,1.380501745448932,1.3730366231796596,1.445626383007401,1.1676321395098892,0.9763363464885714,0.8294492628351635,0.7443623632160433,0.7603553894867411,0.4198997245691351,0.4054578037360341,0.3452142243150105,0.06633913043428706
8.5,-0.04728513476893636,0.33732468055602444,0.5332152293475033,0.6903601675728076,0.8890055577914514,0.7571607543371138,0.9221240572005764,1.0389018701406276,1.1352127459215902,1.2295737418701962,1.303140404458337,1.3152079579038984,1.382042966318978,1.474933365692742,1.5025649677767916,1.5632555666876278,1.530761615548623,1.4993469065098488,1.4280642965121717,1.5282817377025921,1.3893667790188406,1.3480175322465622,1.3760522924247158,1.1217634003763715,0.9439242295702558,0.7847931764143043,0.7731827032521505,0.7787489904976495,0.37360238249234207,0.4189216719995294,0.3306588841550934,0.06474063272218385
8.510000000000002,-0.07229802682654657,0.29109255745933366,0.5543748713023446,0.6798767166555266,0.837884420592761,0.7815872647663152,0.908693179712236,1.0507051611289406,1.1234413292643017,1.1802658384651243,1.307348934943209,1.3751907942549617,1.3971365404867908,1.4432856262424905,1.4742030190471604,1.491787344288097,1.5645292816851415,1.4658758767406355,1.4511961775198636,1.512878300307792,1.4011584089505364,1.399988211429927,1.4666517769520726,1.1634885206954155,0.9679543076544352,0.7128674989103579,0.7777261160439906,0.7883534656019477,0.4356084444900355,0.4721568133119527,0.3276359505814526,0.12272672940966851
8.52,-0.07489165912109738,0.29107321969453454,0.4943229196758016,0.739655428242269,0.8110757702073926,0.8254801602810505,0.8451877656834599,1.0006674285752604,1.1168508099028012,1.244359983260256,1.3241836486839562,1.337225174283012,1.404088911362519,1.4276999709904041,1.5119583850532838,1.5031132955796611,1.5266199183380913,1.5198959673651786,1.467008239913887,1.5479293132069896,1.3974879797487703,1.4278853803144653,1.403080051612157,1.1359267925080188,0.9639868436661272,0.8002810793126498,0.7138121851250974,0.7597137611657081,0.3824163444813283,0.5008470237922125,0.3660686474390811,0.05362763351903469
8.530000000000001,-0.007218154632654343,0.3086669428013035,0.5779118569139613,0.6862703527907533,0.805815988688382,0.699643972432635,0.9046509742881359,1.0606905152286699,1.1234059079302938,1.19840476749228,1.3672764766135412,1.3462603577100463,1.4030427488422772,1.5076143088072638,1.5757589595979256,1.5405163651650937,1.5663600861974518,1.4895395861608687,1.4124208747384488,1.5005775258024592,1.3656147297970092,1.3279364860619882,1.3780763348605765,1.1619203206075912,0.9776290820269412,0.7577275597188537,0.7109327776217831,0.8563040037108972,0.4028045891396106,0.5120593965754099,0.28134082625357565,0.12060819133434701
8.54,-0.06468945902246304,0.2795619644415091,0.6300511411089916,0.7524969886901502,0.8717641346117869,0.7523499236820143,0.8647195404110108,1.0342519656085862,1.0965507899394256,1.2207455088823522,1.2900035074528846,1.2862051071535234,1.420097051373498,1.4614907484661535,1.503403926325149,1.5803500572154316,1.530181633236829,1.4521564034786942,1.5073475309447921,1.5033413889950582,1.3643480454907408,1.2862848411924555,1.334493351129354,1.2172627030148722,1.0089178712137257,0.801962041420988,0.7966483432589422,0.8193934825233214,0.4139808795665215,0.5611292825895783,0.3986237755100882,0.12494698620363122
8.55,-0.047080875194404806,0.3165951605409427,0.6328112705311947,0.7876890100798386,0.7783483050347741,0.7304793639429925,0.8908590292394283,0.9658850901248387,1.0744776155835114,1.2612275788355511,1.3829245305838977,1.4083422690280805,1.452727845479217,1.4169516170730652,1.4936732062373022,1.4885054004150395,1.5396615282407469,1.4455818404320702,1.414360555379871,1.4981621556559783,1.3336323480895431,1.2897889894445562,1.3487447247938806,1.1790083420990825,0.9825843172399722,0.8153301599773042,0.7918600651820378,0.7909377309597344,0.4519157252147375,0.5696786733325009,0.35691759478365526,0.12206986480887522
8.559999999999999,-0.001391317504594123,0.281811999992155,0.6196716177043223,0.7562975917449095,0.8571672690039847,0.7470947876437918,0.9247417763023292,0.9953541772634004,1.111309604574222,1.206618152290342,1.315379775090335,1.3664226148114387,1.400496209191714,1.4762727136095637,1.5132660012141441,1.5396799339029181,1.5625728579447258,1.4125640226387306,1.459362033817105,1.5276095405349446,1.315286875791194,1.2837305262016352,1.3417494847188756,1.17943814875227,1.0171471404467953,0.7612832950662551,0.8493444087908129,0.860864778130804,0.46811464832399013,0.5990614612514715,0.41279444498020934,0.19268157115796863
8.57,0.011627732204610636,0.26324405629752423,0.5561965071932439,0.7396205890319222,0.7809987317731499,0.7021633939049463,0.8589658395873171,1.0041526939308298,1.1030013047223712,1.1560331001901272,1.3049226690688471,1.36472543793724,1.4025300493345245,1.4652593753910415,1.5428158677705128,1.484623570576447,1.5241037073429133,1.4575825974037204,1.3518692521137625,1.5036510050855518,1.3506442561391172,1.292522227708516,1.2793073626847744,1.1917290396917986,0.9517178724091698,0.8212718980768081,0.8097485916997723,0.8458166126322817,0.4082407807480077,0.53438970025925,0.36785773157528695,0.1537949998680286
8.580000000000002,0.03242282109343317,0.23786993652049765,0.576713769049447,0.7568833115300826,0.7737575593160372,0.759004039771653,0.8776219710694183,1.013936814960777,1.1735100892807953,1.219603558630811,1.32311141165358,1.3513375825344192,1.3640324859664068,1.3973810851420152,1.542393130850997,1.4993493286393074,1.4838731678155075,1.4042617141596412,1.4283591429389029,1.5037854198902119,1.3595549854915192,1.2620923682317653,1.3325252874649514,1.1986858250141923,1.0885860107961076,0.8109970486960487,0.9366835423200613,0.8355024983055505,0.4373941125027036,0.6423779270406945,0.47350605408350205,0.2699800977719353
8.59,0.05879090297016688,0.2201451372611039,0.6198292366660321,0.7390218937086966,0.836497236187397,0.7486872542200296,0.8498461438289073,1.014916071689829,1.1708841201504367,1.2665437157854926,1.3457005416520194,1.3879911920584804,1.4097215403567562,1.4792598710594456,1.5068798575289275,1.5820125358903567,1.546603180464952,1.448581231484864,1.4256129236761288,1.472125870241015,1.3384359659342375,1.244473223957069,1.2673059725069633,1.2564395692332795,1.0346508453381982,0.853153421883973,0.8807748277693493,0.8901248571056307,0.4611581804618118,0.5933530143117314,0.4913910913083039,0.22491992912674852
8.600000000000001,0.048651178583179994,0.17791769256446338,0.5544163834340274,0.7276013960046592,0.7942665835939353,0.7722845951455652,0.8272482757674375,0.9790693017093616,1.1417761761018879,1.1823116581254105,1.2831421150467144,1.366392049097674,1.411125273611497,1.4647651756414528,1.485650181719318,1.526489480595139,1.4911761748203947,1.40859033902646,1.3618200739627282,1.5000844502788289,1.382511393281547,1.2668135184969929,1.2465352696088219,1.2126960691141864,1.0349011400665915,0.8847823859895877,0.9478689411583824,0.9136078440210743,0.45485396031731334,0.6628637729758927,0.5427747177321094,0.2175933937115331
8.61,0.10870784969435687,0.13618471505066412,0.5426204911106397,0.6601064019173426,0.6740723147478291,0.7088170812141628,0.9566496038468243,0.9618004069872824,1.0958569670900198,1.2064142761457908,1.3183092713816746,1.3690182292935393,1.3728055658462204,1.452311664722364,1.5040890121455106,1.4603226975005668,1.4513766795982548,1.43208405771228,1.4519470645255514,1.4915542103580737,1.3506384858828424,1.2488740713326214,1.3165466448015428,1.318104389331527,1.064493476607675,0.8906113421409395,0.938929617809384,0.8783622283407249,0.5705191332750462,0.6474882437014138,0.47096350786068736,0.26068069745949063
8.620000000000001,0.13818387165534898,0.10177324899820185,0.557735952570799,0.7016732664695603,0.7474572964577798,0.6959481855943275,0.8118522569378416,1.0109754064181897,1.0880175822868465,1.1530643427536023,1.3146821042317354,1.3285629785279949,1.43713367189689,1.451491439391573,1.5063932158299445,1.5191082532921147,1.4618951699847533,1.390872748010222,1.422916814205425,1.4692786677644771,1.3094918483737736,1.21936261096803,1.24948006821174,1.349905288290055,1.1064293836944943,0.9149294694957266,0.9927031235328984,0.8757750910622646,0.5802112304086826,0.6944030451439432,0.5481085204952743,0.2682477843341105
8.629999999999999,0.13645419128678607,0.10657966011607822,0.5534093647004844,0.6267529775133912,0.6638519094302063,0.6568957711965513,0.8160815035706253,0.9675831163224323,1.0757351131902841,1.1099754417701815,1.2887437615294632,1.3942661872148432,1.4092497525726633,1.4863278081110964,1.4550095381773103,1.4470295737962353,1.5251277828169014,1.4294127597379682,1.3975418685673713,1.4522501424804781,1.3224319805952522,1.2415681457412349,1.2837727549300249,1.3432367616920575,1.114482644107463,1.0259514863022532,1.0382238533665198,0.9154377295529832,0.5622654789093569,0.6766996723784365,0.5325920708579924,0.3113174443364847
8.64,0.08718840170252483,0.15482276654740085,0.39842580067450295,0.6408370882670789,0.7344777028971212,0.731342433871413,0.8454024711454167,0.9862744401258708,1.0937497831089127,1.212027570201903,1.3503726677817407,1.2666191458069354,1.4652166824501158,1.4158800746894462,1.451142817128429,1.5101021598809594,1.5531498770443333,1.4384307039491417,1.4367715062648712,1.4022929516709939,1.311243466670512,1.243438844064353,1.2303712082496796,1.3694889906010745,1.1305874941680285,1.000291605194698,1.0158142753454422,0.9203550267766054,0.5744484621229797,0.5796421531083349,0.44170149048472324,0.22394861104413008
8.649999999999999,0.19996322501305003,0.08198714002872906,0.49777086286973543,0.5839661350564231,0.6310924571213035,0.7598153236044551,0.9268100691337261,0.983361597476498,1.11095038602676,1.181204194813031,1.277818804666749,1.3702240198554791,1.3783629715672134,1.4778060538637199,1.4784904618628893,1.485448327643112,1.4919058058198436,1.4227708018935772,1.4152841119272248,1.4955265793771793,1.3527566261321697,1.2241380607024723,1.2263795386429481,1.3660030623708994,1.2053405674271984,0.9858189579554694,1.056263221061141,0.889941584717457,0.6580324555010063,0.6832082552258654,0.5057681538442569,0.25969848104455495
8.66,0.15201918766097822,0.12160505887575766,0.4502454522183251,0.5595623077379962,0.6758175690925107,0.7678044531957464,0.8756551224613603,1.0159596706271132,1.096869620443216,1.1959854418345006,1.2820872307734308,1.375452878937102,1.4140834436596936,1.4734896430431998,1.4601938398654013,1.5002725776613137,1.4761335766853025,1.4690172721574422,1.4612809220727374,1.3960338482924555,1.322641045879258,1.2633360862968852,1.1844918078338504,1.37347464651736,1.1689255615037135,1.038109356232368,1.083928024377887,0.9606774309775907,0.7190210208498058,0.6876398847690685,0.4508602602778968,0.18927301561220278
8.670000000000002,0.1864091923177211,0.06286972083012865,0.36088674704281964,0.5196164238899674,0.5880615252025994,0.6972251472346802,0.8838619804678777,0.9821829692670332,1.1355736431744639,1.1884878283783387,1.3462012882992396,1.3989332419990066,1.4861684439832636,1.5287772901092962,1.48173827290933,1.5314453081086248,1.496652837943043,1.3851196844374338,1.429974236709475,1.4110278020687905,1.4055722296395192,1.2557917766378417,1.1824626947377692,1.3672449892200669,1.238463918135398,1.1861821207883685,1.121512853609681,0.9045319746663494,0.6996488385284159,0.6018627510819679,0.5255059054033339,0.22027257367385938
8.68,0.18846887115890015,0.07231193307312739,0.34083523637031476,0.5356766610902142,0.6305220207707956,0.7582064782298502,0.9099574302288133,1.0170605183405688,1.1223042337931173,1.2858827345493191,1.3243842793450404,1.3396591871347976,1.398906773913169,1.4668361541145747,1.4611033676225946,1.4661917099276645,1.5104460644597277,1.412093515912897,1.4495033034167535,1.4090596117548633,1.275601610389236,1.1668578985785756,1.1953695772446349,1.350820168348057,1.2502544314791506,1.118277973126477,1.0840826115023368,0.9091984214581365,0.707321014805457,0.6394602976573999,0.41108578193113654,0.24973644170858206
8.690000000000001,0.19587825221921973,0.13427615414064809,0.4325115861605778,0.5318339584553143,0.6767638202678967,0.7806166302138055,0.9360633564864244,1.0523469218627506,1.147212675576472,1.214403269228363,1.3065469028577088,1.316906318511556,1.4528853517961402,1.4489022904719078,1.5005034181501447,1.5376406221633856,1.4918477075661714,1.463867348181573,1.4503076445194887,1.3860431774088116,1.3147449367594928,1.1704064385647106,1.2115434629067914,1.3581494497770232,1.2950962994525725,1.2459976200576268,1.0753783017703078,0.9337642379627824,0.7434460163709927,0.6158298644843458,0.5119783802790405,0.13000279884316235
8.7,0.13449250573878224,0.08947916927598268,0.38208172770191895,0.48323404482272886,0.6130986423314945,0.7468821121488438,0.924056934107279,1.0325242368693253,1.122033973359734,1.2046569742168716,1.3188612249247258,1.33587502938374,1.4039985552388932,1.4836778474478447,1.4774574570162504,1.5105575084883347,1.4268885735536412,1.5000669569679632,1.4810588856515465,1.3925084980031428,1.3163946166180598,1.2188733865813182,1.1322898967344495,1.3726995029335933,1.2322895473176563,1.0914652008033674,1.1342247292667351,0.8149421215666723,0.7396351409006494,0.6293989763592001,0.45603120246643497,0.1732746532792501
8.71,0.18536050241151247,0.07558135245192557,0.312955227261019,0.5091880004087568,0.58823245805917,0.8160636125503828,0.9382474612154991,1.063275785137862,1.129961705364444,1.2053509609655355,1.308197954091467,1.319114200598975,1.4547203223452752,1.443254982852321,1.4765197438046929,1.4893585465611836,1.5018915779600022,1.4780403358397476,1.5073312999483834,1.4718685282398039,1.3325982502578815,1.2294441288598539,1.193679864004304,1.3484621127743162,1.252634099511902,1.224338906577026,1.0717854119694747,0.7996070062714287,0.7659284797093875,0.5903338046980915,0.3754534417530515,0.1784877766313765
8.719999999999999,0.20827170004874043,0.14907684916990668,0.2940472629281306,0.4961631696243546,0.5913187635330068,0.8494723556019814,0.9187945643257731,0.9480988285441485,1.1372865625372557,1.2728423874863808,1.3222488535565933,1.3454688748493953,1.4285300354299726,1.4444069445838614,1.4791834147104506,1.533952323747837,1.5561127950685305,1.4665257823410045,1.4114550716200158,1.3135013766329013,1.3571734283567762,1.2410573934842928,1.195899018467348,1.3545338598199574,1.2667350929581056,1.1296794984809482,1.0832704347594884,0.7922441679435687,0.822280932124287,0.5369492403591418,0.37031391554497145,0.1372568737430621
8.73,0.1472842788187257,0.09380395398062269,0.2861363818712398,0.5073219183335744,0.6065307949578224,0.8650337151373425,0.9236689797947795,1.0067815668470597,1.10080772718166,1.1634798114644622,1.2680257676172757,1.3911119262533782,1.4464094491058188,1.4351095823822453,1.4886678855947115,1.5344361924894165,1.504241057231845,1.5174311510518814,1.528539032270373,1.3998088262121449,1.3666346256259372,1.2068922923921293,1.1887912799377571,1.2995160048767695,1.2808341505354255,1.1250487634050335,1.1017741310690576,0.8202237185781641,0.8165958946891941,0.5631397042285369,0.3509079140465063,0.13242562124221807
8.740000000000002,0.1975027340785391,0.13957729702476906,0.33140911878547114,0.4570446380738952,0.63668968825409,0.8492474962320107,0.9478649937305311,1.0574358040940706,1.1389309237584266,1.132711366510916,1.3350890139864218,1.3284801372425454,1.4490009637926444,1.462713357383273,1.483617220926789,1.4692072310633861,1.507587017070358,1.5304125348962412,1.4814348673231166,1.4037922530379658,1.3690787855401798,1.2507675181062419,1.0834640707875958,1.3057516403924656,1.1744416190933236,1.1299675366157795,1.0959525664181111,0.8099944890401416,0.7683438314601255,0.5334725679807721,0.3781972881126444,0.13440166566932785
8.75,0.18639543503001718,0.1266777838760756,0.27364118575816815,0.44245134054469953,0.6374783237554242,0.8156757736428373,0.9535840975961125,1.0420854383018305,1.13719427540888,1.3267491992466172,1.2808133046344732,1.3961258674045445,1.4247446826385302,1.4790997093891354,1.4765180435030414,1.4698321440837017,1.4715783650682586,1.4967318277863506,1.5138982073729546,1.3033312245844881,1.324266247268015,1.2418737599036178,1.1799477050615237,1.2465349924510574,1.216651673850294,1.1914489491337397,1.0776570666074323,0.7680349508423915,0.7980698659352193,0.5381065884787183,0.27894846209647606,0.15204731064424354
8.760000000000002,0.20894540065245068,0.18089711787203666,0.2810201320848701,0.48787571796557005,0.6284912289682552,0.8482562016124946,0.907426824889829,1.032117771966063,1.0656060573853403,1.2739803818420883,1.3141034181706979,1.39992536035657,1.4458203966551109,1.4259668209420757,1.4361860170470775,1.4721204140316795,1.5011477524935493,1.5961080292700172,1.511327264571893,1.447487386548845,1.3976284743462648,1.2582843632707594,1.1407995691676722,1.228008533361221,1.2210202919473883,1.1509253164520838,1.014749572431984,0.7839893679661671,0.7533118531058122,0.5358664853917492,0.28799293431183914,0.16560635061692375
8.77,0.19914035707602792,0.14591196932937808,0.35868469318828444,0.5451785560143421,0.631952666596747,0.8715699223839972,0.9900667128252659,1.027616582248842,1.145421308191672,1.168182223896554,1.2665342703611735,1.3468608716870063,1.3794393319717657,1.4358001904484072,1.4693028099465577,1.545144244745842,1.482892905246988,1.514005941552616,1.5289117891106834,1.392781804986409,1.4264429680093198,1.2582489097264173,1.1550703005844916,1.2624082998262929,1.220812943560082,1.1265284208138229,0.9385327123493307,0.698240749141013,0.825863243303387,0.48890815473289473,0.24808239809996963,0.2138802610176478
8.780000000000001,0.18911641575786534,0.3031051609131124,0.294555088819879,0.4618556634665094,0.6271119887965014,0.7985192748149191,0.9475800524293738,1.1032677424486645,1.1788154046179045,1.2425354618101225,1.321180780193086,1.3261382536256578,1.3797430757214233,1.4045927992571317,1.437167170050622,1.5311673240057415,1.4215755659032274,1.4951703551545086,1.4850703175081852,1.3708739332725284,1.3825256706869309,1.3110039965667963,1.164274148639823,1.161501347806173,1.1105794567405822,1.2070405811134641,0.9349363281648864,0.7358735114024018,0.7754259106586572,0.5356825618687194,0.25024794022976943,0.18558353405208636
8.79,0.12694589466354958,0.2369052916433136,0.3181210625828103,0.5183132156343258,0.6511563172566408,0.8037262491194519,0.8858977259737387,1.0721016809033757,1.128541775529811,1.2129552458424053,1.323025703772581,1.3490994210558234,1.4833049029868164,1.4472114448195417,1.448870150281687,1.459150659025426,1.5058812211155042,1.5549926175845306,1.4817668857230302,1.4163052666861948,1.4081790498287994,1.300905207522483,1.157396483701846,1.1601280069243445,1.0802297961779257,1.1499615139681136,0.9805140508322623,0.664745836625562,0.7283547416600713,0.5387054833584551,0.28066999640121204,0.18431405062094652
8.8,0.1662602976532155,0.2535387800667953,0.3093888582812773,0.5051270310118322,0.6641292084582171,0.8649753282474789,0.9780095475241901,1.0835018486190593,1.0837307680397519,1.2608468183321202,1.3288606478187643,1.46774297255665,1.446902127132307,1.4231206345916116,1.485490131782121,1.524398821018612,1.506560661154892,1.528182531059636,1.5008645238046838,1.4234017449434408,1.4701748662156666,1.3268833798142532,1.1823576120580854,1.1872510131657243,1.1196470431227092,1.079592453830517,0.9104278170073401,0.6057295876422918,0.7314800536355498,0.5918484389717064,0.2324722914042684,0.3099174140160304
8.809999999999999,0.2140833812978269,0.3522631930198268,0.39250996704460117,0.5418822639710108,0.6584557347547261,0.8231269778758439,0.9412105144336365,1.0817404318976276,1.1394224103493749,1.2506438483471214,1.3054782600599801,1.325678945066491,1.3760976187303695,1.379722735646841,1.5066165124538196,1.5048280907857048,1.5265374165867156,1.5271985377038833,1.6064713580950103,1.425925274316024,1.4669516709454236,1.351083398583674,1.1906003440073865,1.1454501958800574,1.061803851398746,1.118556323487919,0.9124832820698281,0.6760514301088931,0.6889796608083205,0.5990481165297963,0.24807217373270943,0.23605217689633798
8.82,0.18082961696108737,0.3087113477968266,0.32019212211847214,0.5172003824999941,0.7122807563868866,0.8751692261945726,0.9400299529355327,1.0140009141536606,1.1028746681216632,1.2312639394222171,1.2798660913150288,1.3808266799080784,1.4195921803554168,1.4420654581386423,1.443008771572613,1.4460628311927963,1.4322537753412403,1.5325158807899173,1.5581284149444286,1.4328926717623125,1.4516663767645892,1.3771174825197396,1.2219327493536805,1.1387067771846842,1.0843950501829198,1.0609746977352936,0.8382988684030885,0.6009046960271608,0.6977899691526831,0.4989952023909205,0.1833914375077018,0.2362436842920101
8.830000000000002,0.16466119406467997,0.33039270140617827,0.44711547554763953,0.4725962524220482,0.7139374592470086,0.8455780413444158,0.9530661454743641,1.0308668200680111,1.1080828373881761,1.268186458651133,1.2926900450849104,1.3868913186112366,1.376645149395823,1.507355401748705,1.4448386621013334,1.4143627926188556,1.4590322833765146,1.526071992131169,1.4455501581468742,1.3606233172628486,1.4314769166812666,1.364954150839637,1.271167935279424,1.1626655851447765,1.1190363756436024,1.0854668376795165,0.8469627698703583,0.6255948244119103,0.7248635468137956,0.6446416247293791,0.23405661560050744,0.26077937604520396
8.84,0.19369205278169743,0.36398374110881804,0.3631470395390378,0.5141851646094379,0.6655844810043268,0.7762547167313096,0.9339206311224193,1.077680586334652,1.1502006143154948,1.2812372676120465,1.273249358164624,1.332871443936682,1.3524171469640487,1.4065467166403092,1.472375241977663,1.469367847537669,1.4352444217150837,1.5526657690082197,1.509077592337996,1.3655621074335054,1.4839183044353133,1.4147841249746966,1.2104137374383068,1.075002688236659,1.0209868678890226,1.103299398246803,0.8339301522492435,0.7057800335034515,0.7605500968365684,0.626149598610601,0.23761139302028333,0.257593085504434
8.850000000000001,0.13195053279545105,0.28033884713657914,0.3617304981817324,0.5036385057568521,0.6750502298432267,0.7697250978384275,0.8617112960208815,1.077150993525168,1.0604388727191556,1.2372064985899751,1.2826490963497903,1.3664010558508688,1.40462784146765,1.4141368652068984,1.4850146557177117,1.480197917681355,1.4914013983987566,1.5189494091306783,1.4990642825881673,1.432717973869338,1.4753753497722966,1.3586119075607288,1.2390274549505293,1.1003862870269125,1.0229754281788148,1.1028971001682883,0.8529194904588964,0.6336108579440773,0.7456466564088594,0.6126941671717266,0.2073201462467819,0.2805150540952554
8.86,0.14818630551615883,0.34301409119462617,0.38556313786945917,0.5379113079155053,0.7506569068839605,0.8757164060690633,0.9095162425853429,1.0629953932341984,1.1522791713466691,1.2755384766138533,1.295858357124219,1.309117110241244,1.3880414428555738,1.522677116319468,1.4747615524493702,1.4725973432976167,1.4710401031766116,1.5847685539180425,1.4939530787344943,1.3858118640545445,1.5184875337718355,1.3734685314530855,1.3158219791815031,1.154628865717118,1.077368299410551,1.0561856341214129,0.840162224230472,0.6697949863318793,0.7132101170201124,0.5797972756386169,0.19168342237530678,0.3221138855382886
8.870000000000001,0.13032542335171296,0.2971943525304627,0.36602704334528435,0.5052938555772755,0.7260339999528265,0.7760774519765193,0.9436330164033038,1.0857051522241645,1.1035611581592588,1.2494847329968877,1.2844380511386868,1.3415188884677938,1.3957439067890691,1.4275486628708334,1.4507735425958497,1.4959151037403926,1.496783866533,1.5435827983341588,1.5241100976027713,1.443148790135839,1.513218696942371,1.4643081335415078,1.236097947956834,1.0989719271878795,1.008660207102791,1.0982044234702213,0.8310658171084628,0.6778070076464776,0.6688760212711338,0.6293611515290238,0.2047692286763965,0.27692340938249954
8.879999999999999,0.09519342945788516,0.3124169868347364,0.4349140501023928,0.5042405295206452,0.7079208522188263,0.8343847585215509,0.8752268420839184,1.0255414325610615,1.1267850638917487,1.244037366248344,1.3380580040737942,1.365347797337529,1.4203895946806924,1.4150866349498745,1.395679151523872,1.4914739620440778,1.4754301399978307,1.5056722460710719,1.5446779597931948,1.451193048576149,1.4983204863425643,1.4326020203314611,1.2955297662637244,1.0993604547990004,1.068831413791231,1.0900120732997718,0.8062544359179717,0.6396511147069661,0.699198436934976,0.6192864712893029,0.22865464684011008,0.3029620584651061
8.89,0.1136308710692987,0.32160731086308086,0.3925032657761768,0.5235675210831968,0.70012791615883,0.7877983926344625,0.8743992181365324,1.0310655831091657,1.1510217914975813,1.2192819360886016,1.262919507812708,1.4561102945204818,1.3940466629233028,1.374013297438348,1.4938062277395538,1.4694765646020085,1.4608346799267364,1.5066745283336886,1.5665942472889143,1.4130948379959969,1.504909173303024,1.43164800897148,1.285658225829207,1.1223373031285195,1.019855877994691,1.0518704694364056,0.7989500966145564,0.6752556940581728,0.6486120717343116,0.5661629632388249,0.19757170194635287,0.2782362028527513
8.899999999999999,0.06793051948210561,0.2788788674027052,0.34024049950351926,0.53390898578922,0.6589818553772786,0.8091851733439906,0.9239495396380033,1.0277208699157674,1.169306398948557,1.2964765104614842,1.2999302310786705,1.39120179852475,1.4452660242033006,1.4029987195927134,1.4993586424579175,1.523340681783207,1.494921329189146,1.5168856386795604,1.495934096758554,1.5159928917389314,1.4813296331428245,1.4780115348771972,1.3837806028047852,1.0529094109590291,1.0828141550515193,1.0449832187667372,0.8110591236736767,0.6741080039715612,0.6347544199865318,0.5837601961423128,0.19961635172426676,0.2816275176664857
8.91,0.04598235098020567,0.3410847374984396,0.426283716487297,0.5250948488072638,0.7218313238142883,0.7876267738482942,0.9120991523377724,1.005257238496569,1.1104863403863952,1.2508161598475727,1.269710886262242,1.3932174967983182,1.3688957576837462,1.439019013392534,1.467016322099788,1.5000062394827123,1.5065525336362435,1.5051436864576702,1.526825457115303,1.4448564444009486,1.492450162837998,1.4598851589102535,1.3856819792371884,1.0970126234857347,0.9135612478357146,0.9747823385450918,0.7901097103651115,0.6656260098606446,0.5782551519746337,0.5866255784813604,0.1682181149028028,0.3120335693805557
8.920000000000002,0.029342214668437464,0.29892100234527164,0.3553317983217579,0.5099739382593879,0.7367448913332963,0.8307235434868417,0.8940295431496847,1.0201848121403472,1.1892712145792346,1.221305912936152,1.3345161903290303,1.3669585558872928,1.3443856336508553,1.4188170166882863,1.4775478310868122,1.4596404647323031,1.4643800228015897,1.4984357111471358,1.5183135484600276,1.4419717874905964,1.5226695321266277,1.441665513680371,1.3901595105120375,1.0728608584164416,0.908113127560981,0.9696901291034801,0.779783504519536,0.5992512988084671,0.6060906014771853,0.6494623687927426,0.22055768993377264,0.3332736783228375
8.93,-0.007481720285967611,0.27881880358836447,0.39101973162410864,0.5789595568070403,0.6943998996014955,0.8049281604234503,0.958907089929717,1.0256532461065566,1.103182417107763,1.197769825694086,1.2577599134530657,1.3544206462433654,1.4379687949264617,1.424302663097553,1.415720380314612,1.4982761215240896,1.4531368754802034,1.4351876381519668,1.5132518589378063,1.483887364302802,1.4783810541406701,1.5188350391695653,1.387160418198912,1.0358348420670125,0.9078566590236539,0.9428940155042664,0.7068020643594348,0.5846413234645564,0.5569420574849284,0.6440044441159608,0.2536396809995986,0.30073955446087103
8.940000000000001,-0.004823558368809114,0.318052029714493,0.40304747098380117,0.5380382001141399,0.718390584456329,0.8404788076293492,0.9433166193442007,1.0626322582050856,1.1112617206213162,1.2468045930742906,1.3179973565575804,1.3549365534939657,1.3968245646528512,1.4251560567360304,1.4364654592727075,1.4433650458127643,1.4240704522896157,1.5010121205736218,1.4278997953541424,1.4711826686764398,1.5426998411750272,1.4827880732391512,1.3103401371675407,1.0357652054837896,0.9530412783512896,0.9201298660802659,0.7151953898197385,0.6010050563963064,0.639881935944501,0.5735251465051482,0.12704859484963837,0.18757167244984702
8.95,-0.01774997823721731,0.3155420860869108,0.4059480529213014,0.5604131863877962,0.7317188066850977,0.8579650491892982,0.9726744079365209,1.055287747283065,1.1062586422141634,1.2858183806099428,1.2814288773230613,1.2927127451420939,1.3910833683115744,1.4180837930782622,1.5123618878024185,1.5076074031063822,1.5302775343252986,1.4914803477457272,1.4918865396529752,1.4279219203964868,1.4741801638102672,1.4415088423567033,1.3743777145126932,1.0609078836991577,0.9193441197355378,0.9070528655985466,0.6970293306200626,0.6770741224445127,0.5953343429656666,0.5392425571267093,0.09889290679503307,0.29182487555317194
8.96,0.008552280529043929,0.30476244875536895,0.4194001430083842,0.5217117314825191,0.7490355718224371,0.8690139742799028,0.996971218275255,1.059951848486378,1.1309810937369154,1.2782463150478998,1.2736621473657024,1.4426030603389979,1.4299938851565073,1.4579333130026308,1.4291585927040804,1.4693458138697972,1.4684998429222504,1.4717197548786858,1.4888106371155958,1.4731146152361854,1.4170822064034112,1.5313334067353144,1.390974784272324,1.057824797157757,0.9442164813719524,0.9422324078554457,0.7079078941763255,0.5726946667075408,0.6028972918543042,0.6068879672706289,0.21124828922720276,0.2471206605596743
8.969999999999999,0.006396401098549928,0.25600264618669694,0.4575061585463854,0.6057582967642744,0.7357642211192787,0.88506721354696,0.9159609339019096,1.1134449411509757,1.1568002174642276,1.277897846613084,1.279438361898588,1.4448100963948773,1.369271441763203,1.443963512652413,1.437317562755074,1.4836224051764701,1.459765734291453,1.418522467452062,1.4178723471019261,1.4557352515417141,1.444492067939772,1.4755319096738695,1.3375686961154603,1.0826593730241318,0.9952814175963091,0.9555349829431268,0.7060915155683297,0.6010072784629282,0.5161772139336355,0.550378630213823,0.1696012876938506,0.26589183107938186
8.98,0.006738141639899858,0.3300228163985386,0.3885174626411486,0.5608544579119384,0.7392771119096035,0.8624885103219188,0.9841256944303757,1.0566423280825417,1.1296927762378006,1.2829938494926454,1.3022578210305609,1.4061126476597334,1.3938462553053692,1.4485593016617702,1.4495929133345262,1.499052685213279,1.4522266727940547,1.4386131360107506,1.4288103547323112,1.423756002983745,1.3936764482474227,1.446508247296785,1.2973082815931196,1.0384124552456442,0.9127624855028493,0.8920092321428666,0.7399079951124607,0.5887228968785677,0.5294064185602312,0.5381328976125461,0.1282646098642671,0.24671222404698753
8.990000000000002,0.02881851356689479,0.3641788826102289,0.4697572853206976,0.5823090961796157,0.7491381768851226,0.9461629471172188,0.9717137101232142,1.1103890363557791,1.1467175167564172,1.2380524486645441,1.3359682464327265,1.4156631316448636,1.3858306463545103,1.4143607779765826,1.4953952359856186,1.4426949430239455,1.5104576698289414,1.4674816309541132,1.4931583581182628,1.4775470808219955,1.3649002192688169,1.442034890387931,1.2826815550331165,1.076579015368962,0.9227481806972093,0.9054473598934178,0.7632771280815045,0.6354150444983571,0.5258219752499065,0.5131224261982784,0.15283733122628923,0.18749774514460146
9.0,-0.0021350517832283665,0.40401919544579323,0.454231400861214,0.5425618260790945,0.7242804870134422,0.9111103137040459,0.9820454962624224,1.1145989551789828,1.1535196600879474,1.2931925567667573,1.2363773151715762,1.3708714874595438,1.376231151920239,1.442825713930697,1.4892472589400483,1.4890223725482834,1.5504628418232969,1.3869284150515415,1.386704641064839,1.444680672125241,1.4061865050940057,1.4105950575325066,1.3069866547282667,1.094684302532726,0.9566677455039418,0.8672711566914797,0.7174929067123155,0.5650473611491322,0.4852829713609842,0.4935109424724095,0.1986982689843479,0.19654077874119882
9.010000000000002,0.007613988569274609,0.3866245111353731,0.45246170401710306,0.6079416280563525,0.7937506636512855,0.956851868639493,0.9591222805241584,1.0695387101995975,1.1761843977797612,1.2037831913381125,1.3609596078666721,1.4623103013106136,1.4445758965281301,1.4582022291086405,1.4474543790225038,1.4658241483641388,1.522655608303484,1.4161286122482792,1.4419869577808304,1.4522259052733024,1.3107650118777234,1.3647951352381105,1.3141611078894948,1.1153917718668882,0.9947141565557958,0.8235973183435754,0.6586870293000898,0.5654206808415112,0.47455868154341224,0.44782355615454694,0.1642768406989999,0.1618652800811418
9.02,0.05138858025112436,0.39578713225352896,0.4910098867956762,0.5922214030731314,0.7807628150723863,0.9233531217411572,1.0122938879171401,1.0993843087384463,1.187335989274848,1.2628354127780013,1.3098504228925145,1.3890948379047716,1.4142408053295057,1.46142637656198,1.463023109227346,1.434763171353146,1.5485626235337866,1.461366134843192,1.4314830696461502,1.3794092339610036,1.3070321432313616,1.3967779079999165,1.266725189958484,1.0344597070413382,0.9591439001165774,0.8565170283681903,0.701234321153308,0.593869284455809,0.4520007710263924,0.4812039921902223,0.16441739591151858,0.17467939591208567
9.030000000000001,0.12648637603394627,0.37515091896288044,0.5090543201065488,0.6918496803124488,0.8324909704592609,0.8908616574338225,1.0086684401968264,1.1840739707740593,1.1839562135542716,1.2061355408324688,1.3116434840882614,1.3943044989055842,1.4235326229604084,1.437923430258187,1.449137359582307,1.4662911344941307,1.4440785938563168,1.3891385421870468,1.456458032566512,1.484916438701367,1.3050824968457,1.3303736199268514,1.301958145774829,1.0447651708589425,1.032882911448873,0.8719665807115093,0.6782123534254889,0.5367229583873762,0.4845782076297492,0.5007333570025662,0.19929010680470652,0.25196681679747124
9.04,0.046387931869753964,0.4110266850515397,0.4809353972969353,0.6317479093191648,0.7771109077517583,0.9500163585018305,0.9849420202497812,1.1064585342765512,1.2035815414506774,1.2240087033672034,1.2687388057999198,1.353716468559502,1.3401399227773703,1.4379807269267249,1.486103455362198,1.452271210756082,1.4534045040702321,1.4690196035638474,1.3906798692108953,1.3704299893106653,1.3303433582521933,1.3633816553590858,1.326468401614324,1.052478967449774,1.0417261262497057,0.8407734725400274,0.7282477361007982,0.5972526127936472,0.47320265687923163,0.5188964465637633,0.11651361279532237,0.16206414481394715
9.05,0.04569665552494932,0.3940025191503346,0.48822864167090857,0.7100226034987367,0.7929815520740718,0.9432095870446684,0.9319065171834833,1.090316083697996,1.1957021350677592,1.2575532301651613,1.2877605369699092,1.3745361976535908,1.3798305028386872,1.5391175228459557,1.5062620645311082,1.4976938910915254,1.509852129821059,1.3797846135391771,1.3603075473757877,1.4435906292653817,1.2898838790408893,1.2974562173933792,1.2246009353960638,1.1579622687595947,1.1065098073700756,0.9022089125137743,0.7077565679962439,0.5480988809198618,0.43169153392767157,0.3896996234961721,0.16812916250171311,0.15493584609998054
9.059999999999999,0.08754292974446423,0.42345411279829576,0.531881750672747,0.6321378858624475,0.8616826253102168,0.8899077324471343,1.0729142530850417,1.129951087107233,1.184954739292493,1.2770052699661347,1.3379417031509016,1.3546135538645099,1.3892758897951427,1.423778041931362,1.4954753834489676,1.407081282501905,1.469780495601192,1.4471968555088661,1.3847872349335313,1.4451806420934799,1.254857043782457,1.2573591309795549,1.2477325955579608,1.0321756541432927,1.081381305816469,0.8595139898494625,0.6245016898150669,0.5584749606217686,0.45941503029138264,0.47030991048625165,0.08843911606861239,0.1870810071662183
9.07,0.08571301164624989,0.39632300870809395,0.5692547086365113,0.6922658119823767,0.8646955198154073,0.9353651338684646,1.0007876281909251,1.0989660521571822,1.1691024049084966,1.3278351915203852,1.2969014561293173,1.4182035205858046,1.4004731318465087,1.354913792831992,1.4341778652696457,1.4254559054463503,1.417845299559841,1.4393985460343088,1.4176900810370845,1.3754285974549838,1.260033208890197,1.2463464158986273,1.1924017521104628,1.051587455252013,1.1545917546321867,0.8658543771710779,0.7188414028573222,0.5639888803742342,0.4931385215277918,0.4502622383025809,0.15967865466484638,0.14673815846101937
9.080000000000002,0.03462336227777098,0.38840501791409615,0.538621335394835,0.6681319272706441,0.8213778242872601,1.020779232698952,0.9708299198553265,1.1048388501597142,1.1834596315473136,1.265393418499378,1.3262423980712188,1.3860158609835864,1.3911033848099525,1.4665387516660329,1.443315301341617,1.4647235412605382,1.4694436261586064,1.485971995369798,1.3541408055245319,1.4610697609512522,1.2630543133888437,1.2795089461773421,1.1887411807316428,1.0454609809907076,1.1762325736703025,0.910824150888589,0.7303384344335843,0.5893000054575611,0.45708642040182207,0.3721203234201894,0.19635493470181006,0.09800089821694136
9.09,0.11929281287862634,0.3978312661400989,0.5183398155485875,0.6694337902976286,0.7935235845450667,0.9635267828668665,1.060796219730491,1.1248113628333452,1.1002853019882322,1.2963159689434893,1.2678307823669694,1.3577211490745604,1.3992547785500908,1.4298745917171576,1.4665373650226516,1.4913241450675263,1.4309458019142431,1.4565840967372943,1.386080079940222,1.4437992450666708,1.2216347631442575,1.2105569331603874,1.2048069538120196,1.0799479929654505,1.145412811002885,0.855017722317917,0.7410183363372341,0.5888039460833709,0.4693063866644692,0.4381822420782681,0.07970548778308095,0.22534362414800602
9.100000000000001,0.10738521909335084,0.42288024060960105,0.5625839833507252,0.6825922337574943,0.7993132666028633,0.9784790988654897,1.017252369694346,1.1209693065830302,1.1756619986859975,1.2596497291019793,1.345095763683958,1.405863094455233,1.419220655664131,1.4766251008056868,1.4755069735410995,1.4424971427040036,1.3928899835935555,1.4644147485468628,1.4081904481495162,1.4673608810089882,1.2221902302810936,1.2140439377007872,1.2434854424221957,1.1161043958069585,1.1908011437961123,0.8942216881759761,0.6819310116273799,0.5941242180438576,0.5142901361141394,0.39271471904232075,0.12409075385364955,0.09180396730434467
9.11,0.12883544315038797,0.3513381476240595,0.527470305618628,0.6857637844570501,0.7609644908209721,0.9481221372040564,0.9998293546047784,1.0821920482339085,1.1545433723558194,1.3073307700626606,1.3242704855422693,1.4343627876639813,1.3586639664116538,1.4559116838991482,1.5237818895250719,1.402505445998441,1.4032851879674901,1.4640912158915083,1.418745871671736,1.4165745748393956,1.2864596287460486,1.1959286965230465,1.2063191937301896,1.1758769089448322,1.2408949171419101,0.8640354187449859,0.738160093961681,0.5640117755012187,0.44579602483391134,0.39868507311895324,0.06103796599795677,0.09488819637765515
9.120000000000001,0.058186886176575296,0.38898674971555564,0.5483309112610645,0.6656837493165173,0.8248724217486013,0.9505119820851724,1.0107020320212026,1.0677427528642636,1.1926662503572008,1.290639752951968,1.274653547168688,1.4339040116547508,1.4105267139628055,1.4268443265107673,1.5014598086660578,1.4595146078433179,1.4765633658364015,1.4678140202036454,1.4270815146599267,1.429115152481477,1.272805115438469,1.1745326668216076,1.245941733082565,1.0984767814222007,1.2431331717111591,0.8311085550179106,0.7319468677644693,0.5030229228682831,0.5206994287118976,0.42757945459400987,0.044540935261361894,0.12239888676966106
9.129999999999999,0.1651100812412911,0.3661669589921888,0.5675141561722381,0.6803783749904755,0.8334471470995968,0.9403780914952171,1.0129893210797225,1.1171918969083048,1.1508661666859363,1.2658316649657242,1.273134604251682,1.4581239580438758,1.4275901823404369,1.41387856160903,1.5280649979089023,1.459412344368173,1.5303968346270937,1.5393380134606398,1.4229237599759135,1.413524159281934,1.2730297598487432,1.2304600875100067,1.1328771747908706,1.166020152456579,1.2770183194344584,0.8682987906668796,0.7668734287047269,0.574991906892787,0.4548836012341392,0.3376695080156008,0.1437918731894896,0.13489273144925484
9.14,0.09398820689276707,0.3918353156091504,0.5960769125559318,0.7270215701980829,0.8483820964677157,0.9264172614190239,1.0321646954263506,1.1646912287818154,1.1791785254853415,1.2710565494970083,1.301721740129071,1.3649684291331288,1.414207134808988,1.4543081924630292,1.4422650746979357,1.435366699849085,1.456950303411248,1.5406704667371354,1.490474458085136,1.4684192637358118,1.3192876020073352,1.234717829198386,1.2345009781170695,1.0765091774519866,1.220773249336901,0.8652550546608095,0.7550115914954629,0.5452858445569644,0.42727213686214605,0.4519691300619474,0.02253630546219744,0.10635707452214667
9.150000000000002,0.17684580801218397,0.4017465659314586,0.5448450045415796,0.7044777033962156,0.8237943470162228,0.8852367466528591,1.0235666820291107,1.153845850670905,1.2114282455591248,1.3338642422321387,1.3622402571116194,1.3675829978395855,1.3932012633668438,1.4941487319069202,1.5104786314766203,1.4618737736791911,1.5086656998245462,1.4958664466033396,1.4414880071211758,1.4471103649795274,1.3160678749353916,1.2532042232381133,1.1795483040241983,1.078387425573828,1.2563967498780193,0.8476823913571738,0.7128182588290706,0.5581738194407866,0.46926536972927513,0.38270907010621313,0.07236091143703313,0.12221550713575736
9.16,0.17267848718293186,0.37436933898936164,0.5735636373795058,0.7091261345507528,0.7729365878221419,0.9783813068999545,1.0101535360776366,1.0731144910965122,1.16595950152083,1.300232865389149,1.294741524999412,1.3358493906723294,1.436009699368735,1.4680544654846501,1.5106657009210747,1.4789614720750552,1.4439044974604744,1.4411340391462628,1.433177089302746,1.4789063528804103,1.3198420697904645,1.260126068891376,1.1713977587986328,1.0631270823939944,1.2812126065340144,0.8911229417519739,0.6996271811549758,0.5237664415019461,0.37046077337151856,0.2748503594791392,0.06448650266827463,0.06736127742973202
9.170000000000002,0.08745223628606111,0.31353302955641377,0.46476879354022577,0.703223371640644,0.8414202102889935,0.9479241931036931,1.0051572351984188,1.104561795661151,1.1619710270719927,1.2887133275583322,1.2998444737048576,1.3725982737736757,1.3866605740575833,1.426762420130169,1.4545406952437778,1.4862435048894576,1.4964372323547188,1.577960310620285,1.5023712687301476,1.4239175367928945,1.4029085401322554,1.295236359587991,1.187984557014329,1.08230616536748,1.2357112242689978,0.8929992883511596,0.7106926857945698,0.48840203025531587,0.411265441291997,0.3283117842712482,0.10677893751624205,0.08505098699564942
9.18,0.17924641825396115,0.29390830484170155,0.6053851232595201,0.7267279444280755,0.8056733996133093,0.934806392672178,0.9676269429865609,1.1227552172629882,1.219977239855118,1.3136977330512816,1.3645848884213543,1.4140351621348484,1.390513472769798,1.404562441897737,1.4941224469280756,1.502978923188926,1.5399269231045425,1.48641620719544,1.4450732412377527,1.434745011270453,1.380887055547023,1.2509696909086563,1.2043074361251584,1.0658603671810494,1.2933841468481142,0.8068107638417514,0.6392434979206234,0.4960962144694177,0.3843760238002845,0.33936599373262716,0.023998527455330262,0.07804302754940842
9.190000000000001,0.15196362569130809,0.3614169024568854,0.5870047213624018,0.6465018783687367,0.8371470159386444,0.9271469882226018,1.0485315051524786,1.1243531480773505,1.195300653130176,1.2599537769148335,1.3231891134612164,1.4196069572389243,1.3572237526566862,1.4297700560595523,1.462061236635453,1.451769527225933,1.5022443900570233,1.5089980829523155,1.4511899502730505,1.4256395026962752,1.441525109085857,1.2741684392349115,1.2128677368578946,1.0226886211508357,1.230949975797922,0.8234697487433614,0.7780246542949031,0.5060023039906117,0.4661610416203716,0.30988471370088627,0.0461194328292917,0.050755392909141314
9.2,0.21079517386019467,0.36517092581830296,0.5924171743887398,0.739076884108993,0.797948821675457,0.9221241624557622,0.9933554411545847,1.0772339238563375,1.1615934581474943,1.2649941117792878,1.2854321707163192,1.4015693742777235,1.4376214031047254,1.4500956415975934,1.5303805134772859,1.5494477797585215,1.5077503497771427,1.5155920577839057,1.5141674468475146,1.3678865293444624,1.3536695355517103,1.277457883872369,1.2032761082501706,1.0521405454132686,1.2500402096079077,0.8974304244819684,0.6580829861761122,0.4870345163996037,0.33798097970875984,0.36117218270817125,0.02085624578464101,0.07921803830107121
9.21,0.1663767722868354,0.3526164156141244,0.5971345498646412,0.7219136798057497,0.7860449753209207,0.9632688102315017,1.024397872510197,1.173098862356211,1.2015844704512764,1.3155314251692487,1.3089651669135933,1.344790517313638,1.4008900629821104,1.4687774316683477,1.4656203749133754,1.5471944427394297,1.5231160177954395,1.5464993461329217,1.508700062533049,1.431701585218425,1.3918551128714758,1.2584309864018468,1.2223577751783663,1.0065233657873724,1.1807352191777236,0.8226939628602059,0.6288172728952941,0.46933101262031934,0.40183053144005687,0.3129017221928261,0.0273595403522361,0.07523970807699679
9.219999999999999,0.17302744526615188,0.31462196246373897,0.494459829035571,0.6389580071569826,0.8162104352912971,0.9424339906410188,1.0682638498620876,1.1775298510598644,1.1524104701408908,1.2435332621837842,1.2740957671136481,1.4236069076451767,1.3948236548220683,1.4567216311393312,1.5023139677290798,1.5362078356859423,1.4522859944788606,1.4985318033768997,1.501617277561855,1.4097671190092538,1.4522761404845037,1.3063026132987634,1.1734417788503193,1.0482345482523279,1.1936294337811173,0.9020422622096761,0.6777704980412994,0.4816800102662127,0.3720218407065215,0.35883475176242363,0.0740695702930393,0.10522521430101603
9.23,0.18102463598064805,0.32859704641805715,0.5305028965880801,0.6923277732026667,0.7762341406365689,0.9213129095202128,0.9921025395790427,1.0895964183221274,1.1125631168196246,1.2703093449719778,1.321770494170378,1.4567990226478096,1.4342858893213233,1.4512128979321746,1.4970397586547102,1.4488985515292583,1.4981636591736702,1.4927034028183155,1.5667820012636318,1.4039169968972418,1.3797942363118891,1.2465438277481025,1.1937963869015358,1.0499837911510714,1.1941726578669152,0.8011518076314974,0.6742585836275745,0.5043086274141009,0.4230551151183003,0.3491101011543696,0.0644233820000826,0.09267515403623713
9.240000000000002,0.2421546908458809,0.35737720394301925,0.5890101358321694,0.724595857533797,0.776942714272706,0.9515870338828362,0.9928321662020685,1.1592075274336637,1.1781171483351556,1.2825142527295172,1.3590028169920139,1.3483448133284683,1.400673027719845,1.4501619293152301,1.5186304912004058,1.5559399042788358,1.446801597464849,1.5277423485159651,1.470454401317093,1.3083116198695202,1.4182484741660248,1.267098126265445,1.1888290008115128,1.1022182990714353,1.1497541264264244,0.8353877125570244,0.7232875325246992,0.5302166078267906,0.4299038602968296,0.3139495791206043,0.09966154886336231,0.10458748746061944
9.25,0.17670117898353827,0.3315633277382787,0.5547540371272079,0.6281105373329774,0.781516275737493,0.8938399023541234,1.045336101967164,1.0922330607381499,1.211921111875366,1.249878199233103,1.2948366020305275,1.4000685861073643,1.380800401137495,1.438265529878841,1.522093454155819,1.5534082207594127,1.4990709182832913,1.5335891315089845,1.5038505026704079,1.4059996431406083,1.419278624316073,1.324758498785137,1.209719579580301,1.1042199630994334,1.1621962255626042,0.8689304214677172,0.6907355234470249,0.49812187946144876,0.38951671666273063,0.3811934895671723,0.12606850718233173,0.06318826743159289
9.260000000000002,0.23255286677016596,0.28092777673099356,0.5215952056402279,0.6873943259138448,0.7812744276873455,0.9171363098752722,1.0453506486529802,1.1596785067342057,1.1805034102554623,1.222484993495013,1.3556293631501435,1.4061515808572869,1.4367664017535335,1.4402423342024497,1.553851764038955,1.440530017851957,1.4894951718816534,1.5479519218346263,1.5054281322408936,1.4308885409506442,1.4122327450790846,1.282254425323651,1.1934055529822811,1.0910117934347372,1.0827689844766923,0.8790068576576866,0.7216106668167939,0.5933018772718107,0.4283522736617251,0.32662881813757016,0.06916334706161892,0.0986708177639265
9.27,0.25206950137932416,0.24709059778056638,0.5359950193005804,0.657808921211992,0.7738790001287676,0.9288293113073229,0.9823725937371081,1.0776522663890884,1.1469698844014737,1.2385987344022384,1.2824401013341438,1.3895538767980786,1.4287466798076784,1.4281806072758034,1.5067416394465076,1.5195741220640966,1.5146088538144236,1.512761319270046,1.503864134148744,1.305569352041386,1.4638103518785763,1.2828437619807338,1.1732329846219847,1.1229388773643652,1.029063747127204,0.9080087453927931,0.82892627114173,0.6196531478741767,0.4378880904618421,0.36356343686291814,0.17094660136328937,0.08322991270260521
9.280000000000001,0.22465031989696482,0.2854286574417568,0.5663143838617583,0.6101422603485589,0.7599217248066814,0.8856833126028969,0.9812608353149439,1.0967774222792364,1.1424481425178215,1.2554836113407104,1.2579568867968511,1.3827758045017937,1.4368847469456405,1.5453505544614967,1.4860287150816562,1.5241671406051698,1.5116778823782964,1.5097676838486995,1.5542376404302602,1.3919869773733313,1.4771324418089071,1.3131397582711166,1.1098840551247617,1.1177163411302982,1.0200281540311373,0.893707145343043,0.8046577642257743,0.5825484836691444,0.5500297133420279,0.43066026210730796,0.15829450520373772,0.0916042992175097
9.29,0.21888420359489885,0.2675275134720684,0.45299644510901976,0.6272945024152017,0.6951554918825505,0.9037928899882398,1.0232446793312946,1.1400576408502376,1.2408717262325113,1.2456974353869419,1.3263933749461398,1.4277087874200758,1.4245826251841023,1.4790611272278746,1.4922254473601073,1.5519816312190613,1.4959409689380316,1.491974274542274,1.5380240294878624,1.3618713481236635,1.4534682361553055,1.3329992496636154,1.2402793551973814,1.1564736881969746,1.0302376648042262,0.8789895095997874,0.7883882026412556,0.6890079745908729,0.5118182324313605,0.3938217915016874,0.21158862195477804,0.07303510629187149
9.3,0.2270015768500342,0.2755758237154268,0.4645509745828788,0.59804030502041,0.6533442082888165,0.8332668659162796,1.0630272159833332,1.0969859615147983,1.2056447623684596,1.3034749131954013,1.3008617083745895,1.3447292124892463,1.4383250940138137,1.5213626074964843,1.519603655891996,1.4899849646373045,1.4611167265913478,1.487726900473585,1.4471220213064604,1.2843793153002603,1.440575101561686,1.3283909867419514,1.1506580892443823,1.1630855768228259,0.9639124375978456,0.8934366828928159,0.8614427718483093,0.7391976899342846,0.5212230739011663,0.39524189288024436,0.19884260063692172,0.09160709077242926
9.309999999999999,0.17250056423213314,0.21228031206037998,0.44271538445337105,0.5399115642509887,0.6407857869740095,0.8567725039543708,0.9840512534604257,1.1363865781158085,1.197345768923933,1.2478512896946756,1.3347054213494074,1.3939101899453636,1.412760332467661,1.526352009382615,1.4943057775796826,1.5279124526069896,1.545895846390159,1.5310727312371066,1.5288720555657096,1.404908451050252,1.4811993295853025,1.2963168785705141,1.2281675156094953,1.1404353269501097,0.9446732102134633,0.9514333795869344,0.8657073282487351,0.7165847765671008,0.5272610176056515,0.42080848160054374,0.2730772457730521,0.02708261594261458
9.32,0.13190131859496607,0.1754168028741352,0.43025092835427126,0.575934910228216,0.6786360665911907,0.9444546031069064,1.0061249749765657,1.131364929999012,1.1817629369122735,1.196006623845392,1.2950858864443664,1.3940332487939953,1.4531224396089424,1.4798224043381454,1.4911166746225382,1.476987238089451,1.5270686307700103,1.4554304462600727,1.537129214201274,1.360170532113072,1.4345858582932602,1.308226962240865,1.1683460243000616,1.1446081730625972,1.037318586456521,1.0090800200833434,0.9307895341227724,0.6984307829225855,0.6044851418739062,0.3908935537935648,0.26900186256569475,0.07305644095046107
9.330000000000002,0.014522267484747053,0.14441529641382717,0.34213887648046937,0.5400832502391915,0.657212595270791,0.8779170703731558,1.046433679444123,1.0862526950336044,1.1817938859310797,1.2347527754434677,1.327652515165502,1.3601209098660845,1.420647156741802,1.4717245811447304,1.5161997512783858,1.5710272984145757,1.5492231524363373,1.4553035023600802,1.4953114784422605,1.3982661910529735,1.4643116091683703,1.4261765930142773,1.2611306815059375,1.24942906109597,1.0479558936775166,1.0219487773975586,0.95320089686412,0.756722437476077,0.6319124591803555,0.3452706015407683,0.30506953388349933,0.05349224373579033
9.34,0.07051365459687516,0.1267794146204375,0.372062122571005,0.5484880439648847,0.7391622316267683,0.9440147929082521,1.0185892406830477,1.1228676938762325,1.2020286930073607,1.2738200498947725,1.3562057934639196,1.3852360593655546,1.3765351281257125,1.4763295989389726,1.5661386977192802,1.56549584370269,1.5549357595549014,1.4650032380372895,1.4453502945055818,1.3305569705454916,1.4367308343706102,1.4043633180658568,1.320729831425809,1.268862321414908,1.0151239950786684,1.023580047232807,0.9653630118666223,0.7110309185252329,0.5947700255270295,0.31383767338087415,0.231184607341818,0.04115379001643715
9.350000000000001,0.04899286424372319,0.14098400879020762,0.3392400311637832,0.5185565350122522,0.6436233592234774,0.9281210977175813,0.9863918729225987,1.1121321912377733,1.2342655282358574,1.2522011383076737,1.4046362461292032,1.4548192559461248,1.4360818083149403,1.456934370360964,1.524892091576501,1.5771598712934014,1.5110828752747416,1.459033375270479,1.437996823502405,1.43870262957444,1.3664932470038154,1.3811304246571783,1.329170176596293,1.2896802076843241,0.9746119372695043,1.0336517849369125,1.0544440312934278,0.7698839965551009,0.6342281723478406,0.34161956460165344,0.25626970095581525,-0.012745024242945978
9.36,0.050266663616172526,0.1363121164218033,0.3084286268232813,0.5011255994222734,0.6257953084037534,0.8916604732389566,1.0260416141137763,1.1630818058629262,1.2678954438656413,1.2566824781371309,1.3753242610887684,1.3958634338953475,1.4570955636659697,1.54609471329224,1.5289401212225482,1.4815262009715364,1.567343249682142,1.475554525497775,1.4818938545391394,1.4540868050671354,1.543537915986858,1.3745629596327356,1.3032239974502309,1.2515909471325144,1.0115472170976785,1.0933660234354732,0.9657185733262413,0.8440213758389478,0.7130202044959576,0.3118926031222561,0.23690585907776845,-0.028435009677770705
9.370000000000001,-0.005983265150920391,0.11528369763283114,0.32870017127829837,0.4836268374044654,0.6104317410754193,0.9323609383029532,1.0085183874054844,1.1070623477899748,1.2152616758190227,1.2298494814957304,1.3038676265900413,1.4848432343313345,1.458965443840046,1.4600435719824565,1.49932186827318,1.5104407110234286,1.54898081369955,1.511448957718864,1.4677170727224187,1.4528577384363055,1.407212301744635,1.3557383996548469,1.3095121032237413,1.2157803341604205,1.088682874404887,1.111480990215525,0.9619913705443446,0.7266961455012825,0.6928717751577554,0.2623705587545087,0.2838578913674408,-0.035568681759531
9.379999999999999,-0.034809360259384255,0.09047066834796948,0.34352256769042017,0.45016612653085586,0.6235723647183944,0.8463324358661608,1.0292130203239385,1.075626888220114,1.216554876035144,1.305090183093029,1.353204340390114,1.3975064266615869,1.467385245500765,1.4874331541838626,1.487866477750828,1.5191086683584263,1.5178970961110267,1.448153848022628,1.4958956500612846,1.487408651443678,1.380166404182579,1.4091025793792566,1.2511147284397761,1.288500884121748,1.0099742357422188,1.0984685965164376,1.0162040703487143,0.7807152154185636,0.7473874308924581,0.26310088026289086,0.27477194679807665,-0.10934334680728183
9.39,0.01863934593810248,0.13431080152200323,0.2466710138599955,0.46016681738990506,0.6178362251357672,0.9093550832523976,1.0069512878863014,1.123527116317612,1.2108830761365788,1.2640206042261983,1.29355150859051,1.3477399477190435,1.4605637723501155,1.5295730510881433,1.4190001118883409,1.4934593183312825,1.6114091902016767,1.5399309637265746,1.4986745953361698,1.519031262975759,1.4782337671167325,1.4323046647988897,1.3835668625524211,1.2702923387587448,0.9977722342248522,1.1405399703032426,1.0376035967367145,0.7555741426866853,0.7069705715960656,0.19031129310742737,0.21573199982005614,-0.09940875566124716
9.400000000000002,-0.08781113302371628,0.08211183519560028,0.25020009935128357,0.40509114074576436,0.5997119574549029,0.9426803803136999,1.0262140215538582,1.1318482270156667,1.1773172654091606,1.233042280789156,1.3552634289485195,1.3959990275136884,1.454013270518213,1.5137512255493206,1.472615202432265,1.549707827938541,1.497586233540373,1.491667567178885,1.421829590329129,1.4882814982217885,1.4223779659780278,1.4265167765395046,1.3223772502102762,1.3827375218361393,0.9541720395705295,1.1106973239111853,0.9636187218092167,0.7805455356924862,0.7013015140510266,0.19854544068446062,0.3084677640149588,-0.10655397862696946
9.41,-0.026900311917556357,0.1111366125917326,0.2908645241306977,0.38460029387156336,0.5820018009740024,0.9383659150855842,1.095121499971803,1.1624031250415836,1.2232222712257912,1.2100781064626762,1.3438114387631344,1.3499927790375945,1.4465889909548753,1.4922403497127406,1.513037585491722,1.5423619945892386,1.599047515235192,1.4802701848759219,1.4212548459235783,1.4713931693654625,1.384203820772363,1.3621397326597233,1.3662270790283475,1.3379202188672694,0.9747658090168807,1.1372223692683627,0.9761515633940312,0.669604432363051,0.7269548139187195,0.2601302499364159,0.27620226882864013,-0.06735513055399946
9.420000000000002,-0.07313297305884203,0.12826615954881426,0.29305545215472756,0.4363724980107795,0.5426574173433,0.9719330949500802,1.0271340441642203,1.147464964406546,1.14616416416811,1.28019879884638,1.3637423528678145,1.4279846285406042,1.4104984821279196,1.4433831129348866,1.4916707581507112,1.5712209791024259,1.538944775888269,1.4989305023170931,1.4302741558576693,1.4657055871281095,1.4133168337698165,1.396560719881859,1.3773044036169673,1.2830284513147885,1.0068891261868276,1.1776709267005256,1.0082430925982842,0.7147391381021966,0.754152399135128,0.25547889130730583,0.17284109090149885,-0.12145708264594696
9.43,-0.11527384637586538,0.10300948112163637,0.31010646918220086,0.500953587202762,0.5951949753602034,0.9189629813203106,1.110989941606535,1.1209029618950952,1.1839248848745552,1.2494967976274873,1.3422170952662247,1.3918107061652798,1.4349098098982462,1.5002738819301331,1.500461134709333,1.5550921730208789,1.4869706634967348,1.4679801406411608,1.4233864284681044,1.505771421669675,1.3938370941429516,1.3789495461208812,1.3501099145013182,1.2405871844736638,0.9354836836683356,1.1101363813051655,0.965691213834121,0.7476673090541568,0.798839349870115,0.21981824482485218,0.1988125805602419,-0.09762847801201702
9.440000000000001,-0.10960080687572467,0.13198863379659587,0.2713225412804252,0.42992239570653523,0.604295777067231,1.0076120230373908,1.0961297962850562,1.1388976695627333,1.203222783765136,1.2551008382504725,1.3312719402376567,1.376444373444089,1.428722426566278,1.4486401426287472,1.428793475377342,1.5433810289889247,1.5854682814684455,1.4668727973078113,1.412370659550369,1.4849010446200555,1.4439143745121015,1.4359218024722393,1.3573449575875487,1.220172729343994,1.0886001918310528,1.1117702222223256,1.0481333739607963,0.7706550073514606,0.7290610568958841,0.22285754931643723,0.1888437532434235,-0.17265268200086104
9.45,-0.14199386159701577,0.15535030379541076,0.28391253609832545,0.5059841873679489,0.6403238226712648,0.9057940899134005,1.0952877898938926,1.183804519646351,1.251009725954606,1.2673958801326104,1.339714538751517,1.4118129248420292,1.4411949757768114,1.5334634042873883,1.4831484813953124,1.5045002942070145,1.4883592419839087,1.4296227914734387,1.416791083650052,1.5096993516682087,1.4110494611614082,1.4323331367280947,1.369416276051816,1.3135392014620804,1.0891862794507263,1.106695844253496,0.9779438972255706,0.7190863126936409,0.6720280122054644,0.2520648856186901,0.2631558175780925,-0.08661811800557478
9.46,-0.0950067024207193,0.18641726949405893,0.31296369698788373,0.45274417402757366,0.696567573826754,0.9524993903860812,1.0222310516161754,1.1964166405500767,1.2445296561573425,1.297923926818936,1.3651779020710793,1.4519176389961892,1.3792147198596423,1.4864128494343662,1.4692052941635338,1.567872086950332,1.5083674488393712,1.4391991837804587,1.3932629542135733,1.5302817791653727,1.4174363247525323,1.4198807629848271,1.3429259986919502,1.2494170953828503,1.0570781653918424,1.1589108644092592,0.9852586771591461,0.7941552884092068,0.8038067042933512,0.200500445944414,0.200482222526231,-0.15212620695540374
9.469999999999999,-0.06962007927934502,0.20160813280464368,0.3346738900477429,0.46130355736353557,0.5729265101678233,0.9078601859704281,1.1145963259007179,1.1166115662479923,1.210772353697633,1.238881370906761,1.330237876137664,1.41053087719349,1.4571188539443998,1.495812989634923,1.4690642784600505,1.4815847504797328,1.5294240598131827,1.4519819483695868,1.3894576605499283,1.4818333741118523,1.336606562541486,1.3990988196246124,1.3525297430569079,1.3163299927821108,0.9835184574781717,1.1846787996077601,0.9730004187657983,0.7798312146239591,0.7956021668061898,0.24466636934678962,0.23263789482493866,-0.10644966190179986
9.48,-0.10788835670865107,0.12950915855885056,0.25762385357333883,0.5565145229535965,0.628666321152442,0.8732627265599114,1.0587328215789766,1.1819197389034009,1.2024517891459385,1.2712072093085982,1.334059530626562,1.3780905004554673,1.524752216370875,1.459379476195213,1.4583217172224252,1.4635525742793216,1.5059254231536545,1.410648799768946,1.3955108897867021,1.53755579338962,1.3835679116943607,1.3938913629190477,1.3410095005184575,1.2675654366499571,1.018873981920959,1.0742214736344344,1.0168887847539345,0.7338876089674792,0.6890569636790093,0.22846661278238387,0.17350719924620545,-0.13778526361495694
9.490000000000002,-0.08515268802360226,0.1670135456662867,0.31809673031188224,0.4926890770025118,0.6632051275680552,0.9845904585841143,1.0836745383284447,1.0854131641148292,1.1806894139986923,1.2654281816511253,1.2861493725057527,1.3480562227294106,1.4093789378524602,1.4350657478787665,1.4742720171797792,1.4653741294957774,1.5017839812413867,1.4793399019926587,1.3503518632968956,1.5247910983979285,1.3076217205634844,1.3813140311890386,1.3431323579819372,1.290025381537003,1.0268838933706168,1.1081117742624662,0.9838935617965998,0.7659783918321892,0.7245312537147997,0.21828018553537953,0.19658404374363894,-0.09818667112747642
9.5,-0.08584289033278755,0.17837278474844634,0.3687946317811448,0.5112892387200944,0.65124104598095,0.9213611936937628,0.999130208311317,1.1202449063594313,1.175054516311986,1.2266908262607665,1.2891067719317768,1.388020184947649,1.429256019680423,1.4769897994791992,1.4587407725602262,1.4916357943086953,1.5613608123746756,1.4945729874741882,1.3620662147795732,1.4460241494629424,1.3272484376874176,1.30574384215824,1.350693758272961,1.2462853249365373,1.0456418229179452,1.1082647041196225,0.9621743157575213,0.7655468807555861,0.7189960480202201,0.2495012608974779,0.2226409795234344,-0.07579619766958026
9.510000000000002,0.02325579058962359,0.1791607682268311,0.35461067102150223,0.5252506524316424,0.6829930157820444,0.9266711320043922,1.0084656950605475,1.0954666420546786,1.1719847180640253,1.245957938326514,1.3182883517145256,1.3844884270083833,1.4374887014948234,1.47436444928418,1.4644945536423346,1.459774496699846,1.493275426278664,1.386903218108551,1.4055438645159024,1.4584718215603958,1.3522838779906476,1.3738999634597915,1.2601734254679784,1.2150897049653384,1.020833203002489,1.0815794498776368,0.9965587993289797,0.7071932440578085,0.7808109615757779,0.2589656891608457,0.2623610320428599,-0.007103202707895018
9.52,0.0150636124239171,0.10912738690310991,0.2932661018368412,0.5517133807079002,0.7225720648713501,0.9154500460741912,1.048694964825174,1.0688423752116818,1.2282444903068113,1.2182473615072602,1.2907854787721202,1.3571105956493568,1.3894972833947365,1.4096932701666898,1.4401663922017716,1.4157465112028191,1.4820290241578067,1.4702744611126233,1.4143619092964956,1.532912939031417,1.3709667768945506,1.37238454510509,1.2629925037032788,1.256974633652881,1.1005852757087282,1.0944895496489861,1.0399429014053951,0.793072266820979,0.6781046387872138,0.323704408841654,0.2651755891500702,-0.022724036938839346
9.530000000000001,0.05850187404814481,0.17780080311228774,0.37117820799506407,0.46048046144675114,0.670050653696907,0.8693508357483802,1.028294067590732,1.0973018490598967,1.163887801307034,1.2254894020151605,1.3271495529485249,1.386803041119781,1.4613824088069152,1.4878382938746184,1.4753543701570115,1.4874871434249621,1.4742694394643439,1.4513373694326477,1.3661904592685807,1.4807808071139128,1.3849326081630906,1.3187862329169941,1.356806695299888,1.2380163343340682,1.1143845869307774,1.1092044851829732,0.9988953759767462,0.7332033679675347,0.7124991927579497,0.28456042554790173,0.22116726890377084,-0.028548943938688336
9.54,0.0651646203994392,0.18496835129225594,0.3625521473681187,0.49188962067932795,0.6050422052882926,0.8017254815178922,0.999759679600178,1.0793197740455496,1.1637349538014659,1.2277400519740505,1.3460558087548085,1.4414328564154373,1.442170457782114,1.4172126196288397,1.4164393524699805,1.520880956818668,1.4969411781067095,1.4522077532968491,1.4665400971312308,1.5115708328152933,1.3411553212706435,1.392110939531943,1.2834842444825494,1.296859024611208,1.1225257245223375,1.0670101475243663,0.975949620051308,0.8268118969700278,0.7195707990670348,0.32738288101732776,0.2606871987516545,0.022832622104279065
9.55,0.11364847815067024,0.15673865113532623,0.31649631235304865,0.4151244424060018,0.6622691171313733,0.848467447583453,0.9449228736042435,1.1682965415279967,1.1448106208404762,1.2360597129596764,1.3672982579523987,1.3460298588127646,1.474819499898297,1.4392556056619636,1.500610039980883,1.47278452307413,1.437467917668576,1.4697118544890515,1.4518108796054099,1.4312753877097517,1.2986138100573654,1.2753153899198564,1.207524530923668,1.2841013656375189,1.121253033777946,1.0767179822382325,0.9811385606706927,0.8572884256871429,0.7204002455111582,0.35181678819168716,0.24121285888954355,0.020345195754726476
9.559999999999999,0.10425094919522208,0.1734004507275213,0.3678299084936015,0.46985355389584266,0.6784983904177142,0.8997288494563785,1.0388645073470093,1.0825332775652277,1.1675704414643615,1.2293999283529025,1.2956297836888122,1.417599597388518,1.389441526870694,1.3869985431701708,1.4346019991686894,1.4937083473713928,1.4983118795996084,1.4442284556056812,1.4802367848439693,1.481673321978669,1.294342486556841,1.2639335455708696,1.2387565959404212,1.2466544974278069,1.169052691868418,1.1421630214349023,1.0325065375074134,0.8310940793502911,0.7076993824734293,0.308789061849578,0.29127076750409225,-0.01946052715086292
9.57,0.18828055971738358,0.1103536074808085,0.3500816790496275,0.4819923386277015,0.6977102615456224,0.887884244992187,0.9858236340531654,1.0829738961356654,1.1887702771013333,1.2787485792549627,1.3346924996666512,1.3847015023561575,1.4100741870395987,1.453399881136909,1.45485006451294,1.4864267837165683,1.4852143452370918,1.462177631936834,1.4684648284271478,1.4288600652104106,1.2938223734334304,1.2851572367723276,1.2582858380949271,1.318475548054515,1.1657776878463109,1.1250377562264542,0.9946264025654459,0.8222874272520474,0.7150585739086156,0.32250838002688903,0.36232443447205914,-0.027299395997315623
9.580000000000002,0.16690115544507486,0.15227385471237406,0.353841128265507,0.5023081134444164,0.6425497873211397,0.8030486200814724,0.9927715622300992,1.0528870243431503,1.2048025247874852,1.2656805255584895,1.3576874161442503,1.4057623674524293,1.4439895364520403,1.439831270475679,1.5010872082401214,1.4793110659482727,1.5117911464481824,1.480443150528363,1.4630379841463705,1.4640334995414692,1.348108932363686,1.2987881700322086,1.2362732229994557,1.305483588711085,1.1873065076483644,1.0953020699202547,1.038736445304997,0.843072095968309,0.7388773290396438,0.41460991073014514,0.39785923166070575,0.007930864979900962
9.59,0.21822362197669876,0.10396899466463942,0.27269654248960157,0.46933711076949697,0.6483451151045838,0.8379718666034788,0.9244455448810561,1.0708820753344763,1.1446158813357046,1.228866119581238,1.3174894066748029,1.3210648308515156,1.415997192228978,1.4325503208247716,1.4738626976079074,1.4997177828378316,1.4876168597525492,1.4951668889380192,1.5195191804711168,1.4607623454446605,1.3536803278425635,1.2831933224491532,1.2404758976863102,1.3249953785861694,1.2063835304175752,1.0494631425216068,0.9709748307119112,0.9215474412999054,0.6742650295245423,0.37965372980385614,0.37535299702112906,-0.008723238130496002
9.600000000000001,0.240751389429782,0.16553881483907396,0.29612544198388163,0.49852120177477177,0.6476239890313518,0.8216990850548656,1.0313445241235402,1.043140032393629,1.1213202902506592,1.1644013802757076,1.2658507290837289,1.3023602740167763,1.4695254644460505,1.4425714588139118,1.4865251475137782,1.5179883349314054,1.4726316379527273,1.492052406970986,1.4705793459956233,1.4638104474709999,1.3073238046567965,1.2403564136862966,1.240749262101246,1.314698054391994,1.1626131392038466,1.1024271139971444,0.9666281433435053,0.8671710445106215,0.7302355736895126,0.391364285225796,0.35347161161572627,0.04950489435802311
9.61,0.23332840677426478,0.15688721836007882,0.37018692004340514,0.5040822112671626,0.5747843191657274,0.7846479105628145,0.979928615558607,1.0755990056172222,1.1773990736865345,1.213146322463092,1.3225927115179033,1.3673878627766791,1.396579438476347,1.4761606793618474,1.4680895133674845,1.464739137550562,1.4997817357206047,1.4479639929710126,1.4804992744785923,1.45300570600801,1.3221372873349888,1.2890980213916334,1.228585869388763,1.3354614105424032,1.2082910354865273,1.0617035204487775,0.9842050904369539,0.9001586361140747,0.7122498231973543,0.38922674560113724,0.33107743863344175,-0.026488718800874243
9.620000000000001,0.20946379378937924,0.10663073226929916,0.30379476317356285,0.4828555734435532,0.6634170115972634,0.8875640820634058,1.038218646746083,1.0750055703875705,1.1978618505266916,1.1878611631673124,1.2812182165942088,1.3876137159501454,1.4409084218364574,1.507826780837087,1.4789180578427428,1.5035584828486463,1.4913528148122048,1.4731836820354844,1.5869666265790079,1.3839751937930307,1.3553193868549394,1.3164685318590739,1.2349807857741093,1.2912756391199598,1.1614764923986385,1.0999296606853277,0.9577824701355604,0.8530462766686531,0.6567171030165775,0.3609067606023457,0.34218254317460195,0.039060422110781985
9.629999999999999,0.2603935879748097,0.12019369847338235,0.2762361033975472,0.4511923052155688,0.5859584443409718,0.7726319556082081,0.9508682186155959,1.0643359870274265,1.202650344038492,1.206125939970536,1.3224451450185384,1.3126341088279472,1.3964309443819467,1.476111635617845,1.4666645874274404,1.433774346762207,1.5334521199395699,1.5102134185223626,1.5227615037573374,1.3944640116711886,1.3662321140592841,1.2459640813285198,1.1490762950053683,1.2522747960992235,1.2237739998853499,1.0181675860386228,0.9398556556937648,0.8602643568717777,0.6179762020676983,0.3663639856508145,0.39529623431838434,0.009777021885557954
9.64,0.2630492664071058,0.11473914959624203,0.2782596045586369,0.5044872841716987,0.6564636106474474,0.828881209013003,0.9669045748766981,1.116215425731834,1.1962666571526988,1.2303445159868687,1.3083088708906376,1.3138859889639118,1.3990346914973864,1.4316361619999247,1.4765028081783942,1.4569035364866232,1.4955056842202716,1.4286623559336242,1.4819553383242512,1.3975511986550808,1.354785408115054,1.2238890803072053,1.1582290596841855,1.2817344865352984,1.3128588163410781,1.0514193494352497,1.0073263762105404,0.870142937722211,0.627290464386051,0.3454817210182542,0.37899766891858455,0.048640332044690045
9.650000000000002,0.2547808959812326,0.0933040829835044,0.26538397965730437,0.47478134526114874,0.6148905763799706,0.8268666066243633,1.0117843795441313,1.0905132803649438,1.215997503474297,1.2568561587057168,1.3013776759397166,1.3479521404186932,1.4077335820798553,1.486229625738531,1.4821498747347248,1.451307387875058,1.5040427548856776,1.4392945898563327,1.4698186205576005,1.3828804580525969,1.3137373508144352,1.229710830714921,1.1680871298900193,1.3098288898787454,1.2271530578879257,1.0316004758413613,0.9636825183385244,0.9132391043103453,0.6772724449778315,0.3906974559731622,0.40135033385111085,0.054291224122291676
9.66,0.20493582749240008,0.14224629605721167,0.34573456789792933,0.4992171223688187,0.6776501847559097,0.915723312660515,0.9596748948053105,1.0751381904532251,1.175391757995427,1.234984540021279,1.389152196805465,1.4380435577888897,1.4521602855799518,1.5038979241768984,1.5075813161464906,1.4672585389889636,1.4667342777721344,1.469949318442842,1.5499870270565617,1.3416286920214375,1.370366272832495,1.2513760601264707,1.0854734077406887,1.2803530355665833,1.1660502946641222,1.0754993701519202,0.9313056507142837,0.8351840666830026,0.6215301783476314,0.36204990993651415,0.3644637147006803,0.03457966005108868
9.670000000000002,0.2639955871804624,0.10001659514481004,0.2731199536521178,0.46896283689049284,0.6493037325158301,0.7898899595001926,0.9582499209697806,1.056094244448567,1.1473797609934469,1.1649961725921798,1.3058220298325334,1.3569038868300207,1.4059904159850973,1.4659054927707766,1.5489721466662605,1.4934055420985157,1.528663265484885,1.4806352804770064,1.4593406885754652,1.402034131072507,1.3702196412086391,1.2181507194763832,1.2064975425889066,1.2927760595887412,1.2290800440968712,0.988731478271797,0.9126288045752802,0.9762025646006094,0.634293711662016,0.3658934051753119,0.4039764879357293,0.08580668096875783
9.68,0.2548404670893197,0.10123067099348362,0.3450783911840342,0.5039720889085899,0.6017652726717706,0.7723020282574006,0.9638186625239792,1.1020973086422916,1.2046344118192496,1.2246751206781348,1.3134093900431245,1.366484455922093,1.3476803015656598,1.4667884989589448,1.5116017618552584,1.495613514279838,1.4544157157963427,1.4678462121173257,1.4871632879845222,1.3793662618383478,1.439750310757783,1.2997656845137175,1.184646362418323,1.3351048761344237,1.1675003076711439,1.0283300083394047,0.942847215559718,0.864736541265925,0.6313928343942686,0.3663349246725441,0.3913111395384761,0.05690501592121461
9.690000000000001,0.23470311445935266,0.1393949319724265,0.33682962638794045,0.48317079242378136,0.5939881815931916,0.8220205626639936,1.0347450905894702,1.1293117105585315,1.1936010583226573,1.2091324623231126,1.2930188596987953,1.4208609078902492,1.4931626590663851,1.4691546101315278,1.5085576116865456,1.4815921905676213,1.4889531331844916,1.5110867379761084,1.509113249293258,1.40278539958714,1.3247207097405154,1.280616485804708,1.1098210427903137,1.306785470916313,1.1556423186030846,1.05036342363524,0.9889281886919884,0.9073861537425065,0.6614866815225566,0.3343345989264909,0.4049473822869541,0.0017502780423390568
9.7,0.3034842414794238,0.177385243842623,0.3653745095170815,0.5163203793757917,0.6717374675731013,0.8372871031062674,0.9980193939924388,1.0645990436993316,1.1441667453232627,1.2002947096546406,1.286961077077283,1.3026650296319207,1.4204432168651595,1.4815774981118062,1.491288254901239,1.4670929311232643,1.4630477518640017,1.476613062923763,1.4852662003317578,1.377994241428308,1.3717576584601905,1.2716427284372198,1.1370950366518475,1.3417255222680065,1.1951980844715782,0.9908465148570145,0.9655445341131947,0.9193466949505071,0.6587276282832351,0.4234793139954116,0.39912906378930463,0.08904567279049747
9.71,0.27032940658014964,0.1383679603299822,0.3484650297746228,0.5418794382093479,0.6152588258960245,0.8303955457169399,0.9848999277900727,1.0955462036537154,1.2141959232527906,1.2181944988237106,1.3429558353983997,1.4044335284977156,1.4004226949066902,1.4668704573823677,1.5380549134393025,1.458658030864461,1.5449849864012386,1.5301423460618366,1.4966837055139597,1.3624506450020808,1.3881160578941707,1.2371297441731637,1.0817724280525052,1.2801121408380596,1.2301719379426082,1.016665628808927,0.9861302243244932,0.9594252305164649,0.6380215059556373,0.37294690808410125,0.40054390899620795,0.030092081890125272
9.719999999999999,0.24514618385775128,0.21450222761400414,0.3702058827828892,0.5145803762180303,0.6591089915307631,0.837271457711501,1.0036232391455993,1.0621760643460574,1.153706254001932,1.2508223553769677,1.3306423865989898,1.3815703755357638,1.4868331665078067,1.4234140522645404,1.4713046162031298,1.4302060865068211,1.4126163075330451,1.4881525097341792,1.568802970400343,1.3445028819080618,1.3678657441806,1.2354250977473382,1.1173180796372657,1.3506399678688983,1.2016032048144338,0.9724798904224885,0.982751543824924,0.9055166633491281,0.6064053908813409,0.3790321292629632,0.4675215191148436,0.046820535283947126
9.73,0.1972163743257128,0.20064655194158143,0.34147731572253387,0.5596842423126781,0.76052943384143,0.8545405775011281,0.9744106466865923,1.0302273004828744,1.1719135844865873,1.255984513086521,1.2588241327333574,1.3952739260128502,1.347251865068838,1.4600740903085725,1.4665762312922959,1.4186799739450628,1.4366891319920494,1.5322875139701764,1.4422640993019145,1.3595790780406658,1.377471526216505,1.2550576380691112,1.1865205949329958,1.293896707678837,1.2339420315172118,1.0532868646816895,0.955297497985677,0.9114121692696189,0.6312671280341026,0.43935160851876,0.43580603712505583,0.09623352970587752
9.740000000000002,0.2028553453112049,0.23980930529282726,0.37561217009408104,0.5592749497181555,0.6756481609526147,0.8826215991034807,1.0467433543341695,1.0925767097103105,1.1937665974945404,1.1909157693362813,1.267291042686244,1.4132394792519063,1.4312932184728808,1.4077217173112677,1.4866622408606587,1.4715939233146875,1.4919857227318243,1.5199901990808455,1.5239025676784455,1.3446874256235875,1.3425532690749495,1.2752785288113113,1.2168478538289735,1.2852448327255837,1.2364672940612136,0.9428609233630549,0.9776685095749923,0.8995751740498679,0.6206427895345766,0.4493093673020229,0.518574851139839,0.06031663633772037
9.75,0.2713060189501175,0.24818499506843877,0.3892697796679133,0.5982629733555608,0.7158110742859473,0.8596393360813225,0.9704325870403694,1.0740510536722447,1.2188842306470344,1.2232270859257215,1.269709217499796,1.373717008922491,1.4361565759474837,1.442610916841027,1.4639563341592718,1.462619098866358,1.4690145859742363,1.4711509203010613,1.53538051170052,1.3670265652061164,1.3130421477479566,1.2879509091311938,1.2076486473149628,1.3164791199292478,1.2430342812439688,0.9751441736518579,0.9669818048127402,0.8590491261685437,0.5958396955377235,0.4737633650444444,0.4301561407426133,0.09485372328693797
9.760000000000002,0.22763164874683262,0.16706517642152302,0.3546441963248218,0.5555881661750725,0.6743497222859682,0.8231323879668693,1.0172252619321807,1.0540863780446459,1.139314898765573,1.2130935208566909,1.2747586274499614,1.3726504662500958,1.4305637375447882,1.4915329356756115,1.4837941933081176,1.506607708168379,1.4528864727433497,1.5184744508824404,1.452160630504058,1.3197631845890037,1.4349802977793664,1.2708547542379802,1.2472151119878558,1.320205576808526,1.1591967763999387,1.0244431037319337,1.00295770684904,0.8782110387794558,0.6041870089038434,0.3851656799021028,0.46875521700548584,0.10096347442098248
9.77,0.17715156605067497,0.19412294360861243,0.44149079652874557,0.5419222364925604,0.6719452173863021,0.8126481579991905,0.9179602265959235,1.0219382931213044,1.161020130596983,1.2386346043504644,1.3568275884895813,1.3994880299772605,1.4443539233647107,1.4881193790490423,1.5159235785984657,1.4819411683085486,1.440181241354657,1.5806130329141237,1.4624746741467762,1.4203509236660132,1.3916721458196633,1.291755704570698,1.1889052951053627,1.2549749598052635,1.1761859819070646,1.0476255690467435,1.0323881135074882,0.9728724841804123,0.6490238820967581,0.4558829985144567,0.4057593668497926,0.09057948218836498
9.780000000000001,0.09089207900801062,0.21025861962204076,0.4149855048754629,0.5713145962245498,0.6943686143550569,0.8295457136414854,0.9848187432381192,1.079324878877045,1.1844459624505048,1.2616704032076904,1.2514207654821867,1.327523148678016,1.413593011948228,1.448383552346465,1.5091058983355419,1.4146285645476762,1.4926655108740154,1.505867500423817,1.460550592992932,1.4250844690254862,1.4539032225611286,1.2713809063884385,1.2456739352028672,1.2785902354808254,1.2504760327619766,1.0358105843456344,0.9877265875692467,0.8785405800864198,0.6541882210865925,0.42509525507220375,0.4639138714275172,0.12425984878003321
9.79,0.08592798088621399,0.23771518158427252,0.4141868566809382,0.5070784671722012,0.6938465280795905,0.8377712640612504,0.9566435933849122,1.0596484128623314,1.1718816002290373,1.1899810329149954,1.2983567806652117,1.3541867371227088,1.359688065540158,1.4948392493936775,1.5102241590311978,1.486512190728757,1.4844824231542668,1.5328969163616346,1.4946574390244185,1.4058318328270327,1.4531659103584607,1.3289067243444173,1.2739949147329246,1.289132620505853,1.2481290757491739,1.103657577989708,0.9528039145308956,0.8726676896681763,0.5881071344656034,0.43433829837056676,0.3531486848045289,0.12186830254952756
9.8,0.06323724674367433,0.28410864183912443,0.5160276529432172,0.6441002259041742,0.7223592675744501,0.7915335782118934,0.8616634835770457,1.069108161309606,1.173634448512675,1.1775191827797287,1.2934925175632717,1.3499883819220064,1.3562722251171104,1.4268799692032628,1.4494648183330487,1.4629098117630006,1.429232899939756,1.4900955935874545,1.5092536910248757,1.4172824133508903,1.442523911364138,1.344857404901263,1.285397144208009,1.2835863129717893,1.1781548856982402,0.9877553579542744,0.9548470365626036,0.8928978927366256,0.6304523426647206,0.432790176855911,0.4171714763696343,0.1577045807877221
9.809999999999999,0.04430209584220646,0.1515389018446028,0.44691677418213605,0.5785009215255112,0.7514296158256886,0.7782738208710602,0.944670349209395,1.039327707721013,1.1604214118605478,1.2125026612559462,1.285735448413039,1.3772532152064396,1.3664423175614298,1.417725401987074,1.5482761102539275,1.4789162431043825,1.4855681823109805,1.510426903651368,1.4606556834006756,1.4514476063440487,1.4510865440917697,1.38268578277605,1.3661723716503984,1.3218452245635939,1.2313920762325345,1.0489585518087603,0.9760099900906145,0.8659663909534517,0.610432552988344,0.48736092923859325,0.4120491821947892,0.18118235481322661
9.82,0.02820717246878859,0.23575465845277138,0.4655177435994231,0.6038966479937352,0.7087846298982439,0.8151992367411606,0.9337356534252474,1.0127755193900576,1.1077237415692411,1.1863115155404478,1.2602799318992266,1.3237305510340465,1.4262946686767228,1.4124341555731579,1.4677515994931962,1.510902328202492,1.557592146065326,1.5350693441261614,1.5001717000200785,1.5077936120500783,1.422678794560667,1.3825258506504337,1.3497018739788569,1.2806586003639326,1.1756781141039263,1.0391782745491158,0.9603094100749429,0.8817871778526409,0.6260542438291705,0.4699428822700926,0.3957699744128876,0.14879331868119464
9.830000000000002,0.004679792954029378,0.23644301674759685,0.41764664520575867,0.6407422663483762,0.7182518280684729,0.7761947360760215,0.8512278965683553,1.005699228093918,1.1791172077622476,1.195978183347223,1.331087011993798,1.3192647959328045,1.4162727720243562,1.4132407956141975,1.5198580239178825,1.5034552344643668,1.5036556764865934,1.5162939488620504,1.4723913724008582,1.504016035205599,1.5096012865456383,1.4034242261328447,1.3840038491188533,1.2502699688001886,1.1859706639650356,0.9341150040741542,0.9525237328555916,0.8967202404169853,0.6491093716883235,0.48200061073793,0.3788205957031977,0.09102835738367371
9.84,0.01747296513033625,0.1679254229163409,0.4427483655192547,0.6310673903434644,0.75555543518086,0.8577235809829429,0.907082056898877,1.0637651135383295,1.150175521360156,1.1428361632210704,1.3530685675818486,1.4253183119896136,1.4178204401503165,1.4322371661735656,1.4620730488501303,1.5224704597036671,1.4773291998781164,1.594703995945269,1.5126399526756984,1.4416259907269495,1.4277687039346634,1.403585004659103,1.4229073518676638,1.2789623649470603,1.147559740112701,0.9601456642626884,0.8701650702468068,0.850970680151337,0.5834130060252539,0.4348171836554538,0.3738968814560442,0.18966760754718825
9.850000000000001,0.00217052247888214,0.30508020704852407,0.4865449431180138,0.7129506350499566,0.7243943696653764,0.8106595196186456,0.9252782341594228,1.0294721977943737,1.0884668558518764,1.1912657042359813,1.2561312811826715,1.3512809384177027,1.4347814710367484,1.4444970527089822,1.474941942857663,1.465938953118053,1.5002337406085786,1.5785626084346869,1.43693906437889,1.4542247042650631,1.402390074974804,1.360798896374998,1.4318795132907873,1.2528497161383119,1.1350637456057433,1.0046054562926603,0.8199426998709257,0.8031341914891207,0.5638413421563975,0.5176012488389196,0.4087969154863708,0.16768814848880703
9.86,-0.0544052176934903,0.25925985108781074,0.5542337973428264,0.6647972196814784,0.7329136565690922,0.8015160051618682,0.9763142702477704,1.0424261346662187,1.1046939175370445,1.221464234471233,1.2742575802808287,1.2945159124440908,1.4601930974298916,1.4867581352987354,1.460874084523892,1.5238857159064665,1.5130628879913537,1.5345088026707396,1.4653885771516462,1.5136492582322156,1.4298357891377174,1.3575070737268355,1.421315986305128,1.2355678577059601,1.1164260944128994,0.9370241974307597,0.8094652547200022,0.804208352094643,0.5170550569151406,0.5175174999456946,0.4350616734996368,0.23279080525865134
9.870000000000001,-0.08617595654351351,0.3064835137090824,0.4816512283410468,0.6276334841352881,0.7791519394198761,0.78804762998561,0.8912171252819732,1.0422955281135393,1.0805900268344295,1.2214089284917629,1.2686708040432497,1.3710365284894426,1.3898899208355568,1.4289823157913437,1.470896388584004,1.4905278547975307,1.5311715813811932,1.490559523254884,1.4473495791253574,1.5076878702919896,1.448126346555875,1.4560134942130907,1.44331606026377,1.175397463071149,1.1200716044955996,0.8426077750375656,0.8144150268745222,0.790301906641047,0.4767297064953746,0.5312810588172938,0.3932998383923006,0.21594041651359774
9.879999999999999,-0.06292479552848844,0.26671257748234567,0.5071808171750054,0.6602179177181826,0.8231320091733311,0.7899819685744033,0.892911302439155,0.9704305402117424,1.144303236736882,1.2437909511703658,1.2957716714316694,1.3704968181421482,1.371891248570566,1.4658226690488572,1.4934663891485132,1.50547817193786,1.552865772712082,1.5594648431831224,1.4630379830238616,1.510547614355179,1.511022523528978,1.4474669473189163,1.3892009463059862,1.1718787973946263,1.1036315261353342,0.8635283675222987,0.8163249108298057,0.8071382137137445,0.48804667181631034,0.5068403683870462,0.3662668410129102,0.1994039747273816
9.89,-0.12119139177851736,0.23359523911762783,0.5492621603495502,0.6568609173331389,0.8162531838401491,0.792475938322691,0.9052790649986463,1.0413733779711778,1.112821123660838,1.2509154018579869,1.251898072621325,1.4225537963088182,1.3717826351466966,1.4265282162315711,1.4630099535126952,1.5568966842162022,1.5449680795006457,1.5445190493873937,1.4492441589346667,1.3990808736270888,1.4105105083858138,1.4624607236195717,1.4301752008732331,1.1252374196894317,1.0498113842206571,0.8049357971067644,0.8005157765666389,0.8455876069421593,0.4708882924109628,0.46254191232730985,0.34836429994358675,0.2768567986832746
9.900000000000002,-0.056740322691838235,0.2917559238457133,0.529322153029425,0.7073486535338187,0.7638352106241265,0.7905639844401839,0.8618040323798585,1.029354738979754,1.0811376798137233,1.1649486393093669,1.2398056258191927,1.3623443962739357,1.452761019240445,1.4273189999389628,1.484101479505169,1.4777482420782841,1.5228921855537882,1.490008041491369,1.428649241179999,1.5375746459367285,1.3873065156034177,1.498168901945379,1.4569278039243951,1.1229060494715866,1.0209408603171943,0.7185858524926364,0.7508720163115467,0.8092352170943783,0.4230408160395818,0.5399237255337608,0.37978635074425215,0.1803970483340233
9.91,-0.022448837811262477,0.30487346351056765,0.5574382042204987,0.6715791076036511,0.8073614769543258,0.7756638107704291,0.9084940464877641,1.0149016813626688,1.0537180072673282,1.2017517221782077,1.365392996296695,1.3748021387374476,1.3903372725367584,1.4185597152432796,1.4550554466005599,1.5089719903927088,1.5008115290318487,1.464379375874272,1.4721801947381297,1.4605684324624093,1.4061209435767796,1.414232609141879,1.4037813681027544,1.166815837589141,0.9851914400375618,0.8235427337094329,0.8431037686902023,0.748090397442207,0.41291411129292466,0.4970540789368123,0.3142644316924441,0.2771299282543984
9.920000000000002,-0.05836314859728227,0.3377004747514744,0.5960408266560729,0.7456866447660712,0.8196076130490334,0.795067981935116,0.9525219105289155,1.0611011728934014,1.1187458674896664,1.2205599878787463,1.3074705284398103,1.3882338521920259,1.4462466939678993,1.4984896491799884,1.4504816970875862,1.5618683494661545,1.528698294705958,1.465848589507067,1.4988435026314868,1.5149877726708563,1.3914374193320174,1.3886884580606889,1.3526215058160815,1.0841658337558429,0.9424107644098642,0.8062692475573294,0.7730970888108142,0.8033233222988392,0.4209778585562731,0.6048927652804217,0.4571395010327892,0.21670951248000547
9.93,-0.0034195641000648973,0.32578304959329213,0.5897911300704238,0.7118855760108558,0.8234126027848492,0.7592931728370175,0.9450503979095268,0.9772174565749298,1.0721434417636602,1.1817334184386277,1.329290672029227,1.3699732466079417,1.408581596506577,1.4921307704908355,1.4755038699319984,1.4997998246798332,1.501154979577891,1.5401604897593673,1.4436043586345582,1.552444278340198,1.3838436959582383,1.4077805851493217,1.3778919203319495,1.1733075838471754,0.9421386462648039,0.7428547227356556,0.7085051570373225,0.847837628055783,0.4056304564254977,0.5876263344758879,0.39743515667278967,0.29057400112680287
9.940000000000001,0.02977120927297222,0.35444936026857515,0.5617772743651046,0.7804272272530678,0.8396566515645109,0.7181120058247329,0.8833250761674047,1.0605113945779143,1.1179734163503974,1.1981166952950135,1.3219477638873904,1.3197720276047293,1.4029544981985573,1.454421243454308,1.4956757964646477,1.5594858039726978,1.473258802103836,1.5039197198598337,1.3778095013658576,1.5418344215653423,1.3442794250847498,1.3722902064182274,1.3723239984601547,1.1350351483647483,0.908032482561567,0.7282489271134371,0.7320699270763997,0.7835810091826958,0.42014039723749036,0.5906489070887628,0.4676225348566608,0.2851505337781212
9.95,0.05083517117577295,0.27899214776801423,0.6102055506080962,0.7319377878408753,0.8338355709058943,0.7570290955699868,0.8607750604172679,0.9897651411909444,1.14671987327183,1.252576345167171,1.31013341897254,1.3633382534272318,1.4855060927230312,1.4342041832926993,1.5029859174912101,1.5594725769853308,1.5586134172717065,1.4663632290861885,1.4298131768409574,1.4698891938856118,1.3311953678683106,1.413626932143113,1.3189916778327975,1.0791095782257496,0.8914172027942113,0.8307615027027687,0.7700454663326611,0.8487044852059931,0.3717308471085002,0.6177883625869347,0.45374497887135634,0.3339032820016773
9.96,0.05062532332409384,0.3459858450279121,0.5787283620833719,0.7319185232012123,0.8427915172175496,0.7314543499227897,0.8876140369807995,1.0735319253442241,1.1432725091390397,1.2798796211478165,1.3285327243505374,1.3089153787735768,1.4261545125795914,1.4763098994937798,1.4451453726916714,1.520535804190367,1.5180550648260243,1.5107767648888457,1.4687598665610424,1.501012688079333,1.327949218950273,1.4142104694840778,1.3646988419453425,1.1432771555640642,0.8875782057137256,0.7813542847591275,0.7753547567385298,0.8785668669013514,0.4721855117397983,0.55936935208148,0.4563133675739196,0.24562174830440534
9.969999999999999,0.01973977765991477,0.29120167707400596,0.5546323912092753,0.7845302226283324,0.8141003272758647,0.7009277756657415,0.8211345218185395,0.9980883335550292,1.0740212779919889,1.2204479031928184,1.361385897067713,1.338652806602413,1.3888492591527164,1.40904903672288,1.457406501890454,1.5127326875548628,1.5801807436589475,1.4662946267780526,1.4582977868407232,1.4566087624395312,1.3429521530555304,1.3805813215315201,1.3246643591167788,1.1249980345853903,0.8670806816385154,0.7620688226109207,0.7555619058129246,0.7997454638100512,0.3874002710476,0.6187515198386979,0.45165321184522667,0.28474388298476905
9.98,0.09389196924346446,0.31909163004841945,0.6073452969176437,0.7502204336095326,0.8347298298937473,0.71016400396798,0.8400533225841839,1.0150744568659558,1.136102301479936,1.1886117266132554,1.3348457073978184,1.3423887091183144,1.4314369458196448,1.5172058348969812,1.3881416276305218,1.4972709130682944,1.5036285455365086,1.4364529921153089,1.388390753420305,1.4854386183816142,1.3796237812077516,1.29633098943793,1.3151001575125958,1.1343552074975585,0.942837664521696,0.7464789669294993,0.770289627849665,0.8859608615683882,0.404280635319173,0.6604043492721304,0.4690226735977992,0.27076725497301346
9.990000000000002,0.10053301887806998,0.3372506265097655,0.6052090747967281,0.6566988960733079,0.7940915940506341,0.7744680411423358,0.9593363867707975,1.0339692606788993,1.1588691528592925,1.2130431619213455,1.3777508556403557,1.3806309465925855,1.4009365680120405,1.4434130412178348,1.4851957125773856,1.4796149946620625,1.5593335492802771,1.4378989902768238,1.435906814803149,1.4429173513939022,1.247655531922394,1.243193021287188,1.262843561042259,1.115022098547267,0.9197322866346216,0.8264463453213662,0.7509512221221837,0.8532568069084882,0.4909155288083166,0.6389505148232644,0.40851482757539986,0.24257068961001735
10.0,0.08963240125278302,0.30220427227209923,0.5174674399919269,0.7142070319782227,0.8281638951388266,0.7072590592122154,0.8670826257293412,0.9453593193213325,1.1010794425570616,1.3055935646138084,1.3281580742518735,1.3604650860235572,1.439887726491241,1.5110240990076504,1.4341904690581129,1.5642568571219984,1.5316148158655476,1.4583854458164565,1.360346440752438,1.4792658723955123,1.2763617783333008,1.2787259860324884,1.2962619748207118,1.246649715130349,0.9017238389767288,0.8552006138849865,0.7609411850992758,0.9094925366582018,0.42957297478731066,0.6700367813657871,0.45557568063739556,0.25404216838579635
10.010000000000002,0.14399091827543684,0.30386590599868546,0.5832442039552289,0.6467527672433193,0.7473489423260941,0.6470132558288613,0.8812705489437217,1.0351574084133377,1.093522843441623,1.2712781404591669,1.3033679369154192,1.3001889212006943,1.3638766391038362,1.4967643119808507,1.497449441057404,1.5061027417791037,1.5230009498082302,1.4561348246946708,1.470016598914825,1.4612441731631745,1.3575537907905613,1.2855623059134298,1.2790965857546102,1.1708031472295959,0.8728309491777205,0.8528898673658579,0.8591514996784498,0.8791734984867488,0.48923758162556596,0.6204853735117487,0.5298397039903131,0.25120372242799466
10.02,0.18304318552836402,0.3536657938658673,0.501355034131868,0.6551119710377545,0.7832433668046398,0.7359739343645851,0.8232966177286798,0.9479084558753748,1.1051973601810368,1.2008395701173058,1.246298415575675,1.3429869835931334,1.3913755037830053,1.4587284871623236,1.506467636996825,1.5668613442020574,1.5311718167687913,1.4773591004597648,1.3936881543262687,1.4091620190515475,1.2301994490417414,1.2425840113037117,1.2931262558362278,1.1309128233641867,0.9133501622988729,0.8879638294823946,0.8313756815841095,0.8371099653064109,0.46283153048347564,0.6130006372001112,0.539502377516638,0.29020972912466936
10.030000000000001,0.25748966761166187,0.3007261395528193,0.5636971189295735,0.7274718672435921,0.8045152309005615,0.7534456521165552,0.8795213706448213,0.9679542501127768,1.1213959932575714,1.192277267172689,1.3395310299199732,1.3308072202609662,1.4490817527045563,1.5177904832223212,1.3884159455983704,1.5961047196744669,1.5654855848893254,1.462516017333273,1.4489681627985416,1.4496760091493675,1.2613542618725537,1.2400080862709266,1.2169919844009476,1.1698916459601694,0.974699003364737,0.8662207453611573,0.796011393356603,0.8955111339299414,0.43114799737426945,0.5756297601133926,0.47808500143064736,0.22804528567527205
10.04,0.1129712949340535,0.29191996888452904,0.5297828471033831,0.6944828629555285,0.7957909493967336,0.7189922451942513,0.8917817591160844,1.007628621365395,1.0754786691686353,1.2584952675006824,1.356971587556538,1.353022119398652,1.4262219730903092,1.501689486449503,1.5429137952389764,1.505647974005122,1.5389863741028544,1.451250584754813,1.4371799153727132,1.4093767506576342,1.2651590620808228,1.2287434095850531,1.2771877939985319,1.1955882167257714,0.941541693118911,0.8829420865825698,0.8610793092358878,0.9197889511723666,0.5063258518692633,0.5750400902279426,0.5187258127744729,0.194294913668733
10.05,0.11371680948389962,0.30514624684121394,0.49204773085649367,0.6901049897665478,0.8156540091859149,0.7255610674834462,0.8760139171069214,0.9932754563949943,1.0886654609779516,1.2053316361896032,1.4158653713668499,1.3701567171578746,1.4572477134791273,1.5413085967277447,1.4795440103182071,1.5389567140870872,1.5763973960156283,1.3993153428424119,1.4877153660128217,1.4176750194972585,1.3443751931736196,1.2444368149500222,1.2325384454248065,1.212192751323699,0.9864596500846433,0.8470044247515863,0.8611680665441706,0.8949737300621601,0.5452606712333643,0.6110674431521986,0.45201748837857175,0.13951341785785534
10.059999999999999,0.13914437455494827,0.24062795452643554,0.46719050922928335,0.6165467836109135,0.7984428008078971,0.7614200585821546,0.9033122713807096,1.0076063729172566,1.1274537004837055,1.1896692708781216,1.4014098759045372,1.2992351983390864,1.4149300755951697,1.4553920360994756,1.4686890319308574,1.4665896821123856,1.4812970545298054,1.4114401437141324,1.4690622249007774,1.432878084680174,1.3389276625527131,1.2054293962071068,1.1155730366990817,1.1996283347638728,0.9704201547330763,0.880719211907402,0.8151091988001296,0.9422042754963244,0.5010057177975753,0.5288446309497088,0.5033330522621587,0.12964658679323232
10.07,0.15485432697341078,0.2944729064042552,0.495977630305392,0.6442057635433843,0.7212452077647233,0.7246989535076489,0.920243560223643,1.0010562333006268,1.1116128489036163,1.2249769993592892,1.3428191740166577,1.3885277491165267,1.4042884362928136,1.4903581601477438,1.4506101183187832,1.4735436347774604,1.54578331388392,1.473846022507903,1.4571155797873858,1.4466762871025862,1.3385347067180404,1.2087009683140795,1.172617445008872,1.1994570027776594,0.9244346024605772,0.814884516011263,0.8404718510862182,0.9001180173265786,0.5381736175494641,0.513605784171153,0.42901134739702895,0.08394509257502375
10.080000000000002,0.17282980464136866,0.278844915874242,0.42919473059303376,0.609008709653574,0.7320112394118817,0.7363391580211155,0.8920233569397544,0.992068035312209,1.0837058846203005,1.249036449100459,1.3231375116468298,1.3757770164039467,1.417558168814949,1.4792485582088484,1.4585389484242128,1.5099952112586732,1.4997851959489559,1.4367193752685108,1.4767682743235804,1.417453024442803,1.3167720569251047,1.2158242589787647,1.2454495523718598,1.1404288916498762,0.9407918746460937,0.906782660048647,0.8249946378913325,0.8276911640037794,0.5399417353964621,0.577170772310084,0.4170343632105552,0.11376824370933912
10.09,0.1695336027773793,0.36394701000226903,0.47260250023810424,0.604701278348473,0.7584623855173676,0.8502951599713555,0.9362092817227967,1.0368940115457548,1.1780459309268836,1.199507644564081,1.3543041050660931,1.3664648271756237,1.4379664722966907,1.4507313734713165,1.4895367858664321,1.5164699235828436,1.529497162372234,1.4857632945572161,1.4941717462207311,1.4339980360459759,1.29040020173351,1.1989981040540336,1.1892979553433716,1.1181296227397306,0.9742273378579469,0.8152209933310698,0.8053643185607648,0.8749643952158953,0.5652083620078825,0.5429731648040249,0.39266052887776065,0.07067765311667389
10.100000000000001,0.13472035326682164,0.31830053475460895,0.5207034030153244,0.6460004845566842,0.7384429604059031,0.7682861549034073,0.9427677049323786,1.0125435191566372,1.1892029164551887,1.2732755234782809,1.361377973910754,1.3545084014624769,1.5022730078521276,1.5374041311229951,1.4355924835094986,1.5426143183598748,1.4805722584587737,1.4117674319058087,1.4458611397907815,1.3708548808243843,1.3089948677156167,1.2112581159465146,1.1915207580317742,1.1673944704128472,1.0163736621579738,0.844218413713677,0.7619169827325448,0.812410129710606,0.4881259877910621,0.4447176948366612,0.3219233566972753,-0.0063364970817730085
10.11,0.16771592077257566,0.37490013686075624,0.4851737689335359,0.6400218025438801,0.8138626528263695,0.8535377165476363,0.9666642871337036,0.9652491044589918,1.0688832749653938,1.19949677336746,1.350162526409701,1.3447555592630922,1.4346359544893834,1.4900967300454502,1.4613439189025392,1.4980303672441344,1.5190933368240596,1.448695754338485,1.4789074251716474,1.4170048019157653,1.3453777071091142,1.263560915602307,1.1093584746599816,1.1455752627784221,0.9670250409483575,0.8894705742798064,0.8049244350748338,0.7911856602337597,0.49274390455378275,0.44143114635258063,0.2934197766264307,-0.022065361987104466
10.120000000000001,0.18878141949276803,0.41561212714670465,0.5290704654552003,0.660316082917325,0.767759305855829,0.803552957508551,0.9469059277512297,1.0325582003259521,1.191762623553881,1.2148731936599328,1.3730231068750425,1.3765616027663037,1.462951425869138,1.498144077200899,1.5006715865637819,1.5320249511232156,1.5762395751455336,1.427655792090362,1.475025691100627,1.4097812265818053,1.3871908468694285,1.2160147321614798,1.1451357580096553,1.0702933044769167,0.9812012424661087,0.8915410505301269,0.7709854311594644,0.7536751126003771,0.4308057013687906,0.41480179534759193,0.3074922596267354,0.003964281755633221
10.129999999999999,0.18135430521258938,0.3806524161443329,0.5400663540776977,0.6926194223391537,0.8438444149281898,0.7940336128922695,0.980037646546911,1.053582130515677,1.1085965288770823,1.2389387143222614,1.390416355301915,1.3697332527879889,1.483081816179939,1.4743205141032831,1.5395912594220478,1.5621552009337412,1.5809718288392203,1.4214508172989566,1.429289561114236,1.3973264801872116,1.399134078720658,1.2601092192412104,1.2232535534345248,1.095819640492718,1.06558045468161,0.9321435944850148,0.8234644222183023,0.7230580672958905,0.4343447127881567,0.3971429265982101,0.26470737998525545,-0.010432964060741803
10.14,0.17246769451994087,0.4309942630664586,0.562085371766167,0.6426736405681797,0.7866717628056007,0.8504635692488081,0.9699197696555621,1.002709369284748,1.122848038936083,1.217921700042932,1.2646070141121915,1.3594671570498529,1.4501793857726344,1.4421402729720982,1.5155962366453775,1.4907027138817073,1.4939816875507064,1.4303021386886092,1.4967356318461646,1.3940629711214432,1.3725567841282742,1.2574342314908984,1.1334656593325525,1.1080364094920023,1.0070404518046567,0.8152187441911751,0.70585488214216,0.7028828184593356,0.4603062442459046,0.40098893361428106,0.27450763605017375,0.009133780985288368
10.150000000000002,0.19755314143002278,0.4649426917470838,0.568360586552308,0.6713789908674832,0.79431057361672,0.8277722574358185,0.9915879194717746,1.0758050773514227,1.1808322337262849,1.2530577187911318,1.3551990739414095,1.4021235487337247,1.4408729255716413,1.4508072812265091,1.5259745144151182,1.5280789638008174,1.5321008629344424,1.4448954890903465,1.5145158890164558,1.3323565111385043,1.4369745876947775,1.1957598301553163,1.1646042222673352,1.078508607381126,1.0288887436979062,0.830928593778539,0.6556817042111466,0.6889116128915314,0.4290524288056425,0.4164345201638024,0.2151517471686327,0.023363146426697907
10.16,0.17724781559018676,0.4709852099488272,0.5610174432394601,0.7377998802748664,0.8651724261208095,0.8071777242295065,0.975160716013793,1.0231372509283982,1.2113460728385523,1.2139900119854907,1.352789206817467,1.4170227340941457,1.4431165150111982,1.4097763835146881,1.4818389362548363,1.4357038428768396,1.4709620218171633,1.4589482749194016,1.5256386696010624,1.3634412846839112,1.4066726797512596,1.2871737560939351,1.1035358027995927,1.0820399504678566,1.0316234830893287,0.8797408471830632,0.6802648298298606,0.7396620381996569,0.4772230808013772,0.33060213237493324,0.25416200892574886,-0.043231596113232594
10.170000000000002,0.18494895618730986,0.4641026572713113,0.6304734891733135,0.7175046754582866,0.9039328127822192,0.8858686862428221,0.9657999393465123,1.0891630696695647,1.2444228581848622,1.2372878899418898,1.3578497706775923,1.343545173979426,1.415367360671468,1.449726191524582,1.4958639198655252,1.4707269796464861,1.4579615823515568,1.4219576915826766,1.4278967269652847,1.334909647953903,1.4198473787264319,1.2558584536869442,1.175748782341623,1.0084616682494267,1.0368974444897858,0.826273770663248,0.7095287786481639,0.6787443185220425,0.4707815698865712,0.40453761662802545,0.2877540613446722,0.008602303813650439
10.18,0.22673251626923932,0.43869539036778604,0.5948581396652398,0.7201352132266166,0.8176147203667835,0.8000455969964086,0.9115592620666849,1.0847672501924372,1.132152231764373,1.247637093927313,1.3836861325832972,1.4195621887054959,1.4228509178374098,1.4721664174641709,1.4771718357634138,1.4955045551533377,1.4863568155034579,1.4610750396346803,1.5227421872789317,1.384971160843112,1.431687272285108,1.2784476957080821,1.104880083556444,1.0611858781057606,0.9803646243040255,0.8546357955270585,0.6498254350783966,0.6828710392521513,0.43267998016203535,0.385608770097851,0.19902482558924517,-0.08345237633260996
10.190000000000001,0.2447887345161089,0.4843697371326693,0.5595175734629282,0.6571699656296154,0.8325806211423842,0.858324918604124,0.9917444323067541,1.0720590483879406,1.1437789235121065,1.2170861295116728,1.3261448415117092,1.3081754616746601,1.4473495819909141,1.431398121083915,1.531543376828371,1.4866032463449879,1.4289782543442269,1.4917128959437107,1.4871966105053154,1.3955499099921134,1.372184408700493,1.285084290990604,1.1494128560864507,1.0739511006876312,1.0910486378344793,0.7243641177486526,0.7049009573282581,0.6726285252627339,0.4175251919400712,0.390670223607857,0.18051636575439176,-0.029541657941619788
10.2,0.2609353833750754,0.5266664105816907,0.5732933408423248,0.73827183078418,0.8917929736491631,0.8349338630828675,0.9549533102175485,1.0460431352951791,1.1895835630440637,1.2551824311227784,1.3472886431327804,1.4070954270145166,1.4475041532820716,1.4659749417969403,1.4827283229465733,1.4954818496663649,1.437164595751499,1.5128996227342233,1.5408214416720456,1.4158564162727745,1.4382665204794634,1.3297680051185983,1.1406084287794935,1.0113820110150602,1.0599909078002303,0.8740585588716785,0.7026523429449278,0.5982178421211,0.38496042216909576,0.3521500238811852,0.19526586835360574,0.018662243496790312
10.21,0.2615435008864115,0.4898442603326545,0.6281693611848048,0.7594484684261745,0.8865788155495716,0.8805088413869053,0.9809505821255702,1.0898809986687141,1.160989366653204,1.2420400086111478,1.279365617549592,1.3386776186722382,1.463274950298537,1.4593163726217542,1.5189951353303002,1.5460937919667883,1.4941451391222784,1.4744065813418517,1.4846306235271995,1.3763713037809708,1.4172861216922097,1.3034987035867174,1.1699853320003852,1.0427008536141869,1.1145260660247251,0.8462369324240715,0.6253479403435733,0.6218616491368816,0.381444206461384,0.300673655478601,0.20896115299473164,0.0013572141606592158
10.219999999999999,0.2731647550721845,0.5111101103593884,0.571893328695432,0.7216846354449485,0.8715443333221028,0.8100955448720798,0.9205616555777163,1.0867046932792284,1.1279598982003876,1.2210304038593038,1.3512771016468954,1.331158509884146,1.4321066148143664,1.4491566438158112,1.4646668266847966,1.5036784409217756,1.4901551585130617,1.427521597340379,1.519728484854811,1.3728937743484981,1.475427753609468,1.2978986858812707,1.2189670669727728,0.9395210175856801,1.0450431272412766,0.8544646248233743,0.6804130545572413,0.6570504518161618,0.4436227697714791,0.3378323333659401,0.23940576509291256,0.029438642817287662
10.23,0.23819872473849296,0.4503058007768761,0.5740338079218643,0.7375968954918347,0.8350937084681704,0.8619447244286861,0.9381169678746605,1.0955555147993246,1.1741579874616261,1.2498360222963458,1.2898055708404306,1.3757647685927705,1.4378166400704513,1.4642738999398477,1.5049643872244294,1.4440450799881908,1.4565277004214365,1.518597976252486,1.5310559983434429,1.3357054036415688,1.4598428316463707,1.4292907617818777,1.1978395283159875,1.0245404985295843,1.0677388026592998,0.8500209466826936,0.6921257226036026,0.6984286499965235,0.4758102412817705,0.37425539317222645,0.2425509097215449,0.0063877889180883815
10.240000000000002,0.20813914426440014,0.43495072924298667,0.5201403229971931,0.717140357296112,0.8636316548653264,0.8217360723833619,0.9213189476771428,1.026845584900703,1.1467811995203543,1.2425457975260359,1.3255901387129936,1.4120961717133835,1.4118713019285198,1.4159241747341675,1.4698203080978622,1.437285767038622,1.4048689427600296,1.4818263973362769,1.525506644230535,1.3988337201598713,1.4886347390334718,1.430482727329418,1.197797089861746,1.0732648904897946,1.0559240423093375,0.7441722691631112,0.6720039154082744,0.6747333204478154,0.4302794804547631,0.4013041240303227,0.30148266396002305,0.03828404388519818
10.25,0.23432308316878925,0.4496053230112586,0.5513136029200519,0.7886731968086452,0.8609713679255807,0.8450395105127936,0.897585662109452,1.0470524303695672,1.1893064049036222,1.2945223533698988,1.2621965376756268,1.396175910508194,1.4202853794084267,1.4394728622083728,1.4894845672386812,1.4548712492986748,1.3948763244193043,1.5200877173865397,1.5383713192626287,1.4219926019054998,1.4867495744605481,1.41489066721367,1.210640186508246,1.0082217007709235,1.0752823989082199,0.86338148591532,0.6734258485412141,0.6574979639945693,0.413289233453003,0.34225760319304516,0.20508757987903503,0.016963666770943284
10.260000000000002,0.25516646520850983,0.47698381927561756,0.5012293846724638,0.6618067021908767,0.8238786288853169,0.799056471115467,0.9786744205177896,1.078510569457079,1.1591622625370246,1.2544423133759421,1.279308322464634,1.3710261364074687,1.3835751795526128,1.401014368887282,1.4741407134590263,1.4712605671615595,1.4815846173017144,1.5292497982308655,1.4517722969387699,1.318828374995557,1.492685905506598,1.4403996262092513,1.229746767329606,1.0321116594395368,1.1122539365565085,0.8953501906371275,0.7293981132398739,0.6977899129669658,0.5259635027854168,0.3808063761390266,0.19129616148060033,0.008396006587392632
10.27,0.27942974123696435,0.4443284926706071,0.5785779820168255,0.73923188645588,0.905040603948934,0.7920248901362603,0.9605648145155086,1.0401551549903623,1.2199974619256575,1.3056265689503297,1.3350129450194939,1.3635011022621593,1.4532610489679465,1.4737811719169505,1.4784309774304119,1.4661155763311962,1.4047911140905747,1.4729860439157232,1.5328853478341997,1.4555583893300572,1.535259537245039,1.4673090005529303,1.1930133097176236,1.1357298113357766,1.0910351145347954,0.838660728608408,0.6612369618478895,0.6863156929205246,0.4717700507552036,0.3827663558909324,0.25011971181802667,0.10760551782213484
10.280000000000001,0.2832269975314826,0.4008209646833223,0.5537320293377274,0.693695999826224,0.8072081653428065,0.8030475131533342,0.968900218360508,1.059826387717215,1.146246990984357,1.2177180140908177,1.2817119197298368,1.3667212771369432,1.3701415058790354,1.4596353349819597,1.5446859277889358,1.4889629019837596,1.4746704535719914,1.5506083844480794,1.4696680519155032,1.4395869275437838,1.5284372614526263,1.4459064118898333,1.1665910707019322,1.0569057400250343,1.0930088324174418,0.8097315649428518,0.6359950344786645,0.6694029634001135,0.49899669513459605,0.3746444573420945,0.16335794267049078,0.04732835265598668
10.29,0.1879684906581124,0.4740076191071672,0.49602475006470254,0.6382711446045681,0.7978980422171679,0.806867062343112,0.9389409403116274,1.0263982636361593,1.1690464423521036,1.18629401752654,1.2846661114750348,1.399216613022193,1.4114992810581144,1.4529333304930236,1.4888208270873868,1.5048730715601735,1.475887440794805,1.5080531933602395,1.483397896722939,1.3750668966892627,1.4484459201176556,1.4999773132575362,1.2466440911087648,1.0720130872799014,1.1389744492255072,0.835968504398954,0.6517837410746625,0.6141052241537492,0.45861100392525955,0.3106223815457226,0.22049481637994017,0.015218432095121548
10.3,0.19488741971312867,0.41825537817782926,0.5407057271315886,0.7037072638345212,0.798456456643535,0.8714551615624981,0.9509445649962891,0.995568370404657,1.2036178135543318,1.2506417017226619,1.312714507273337,1.3693601136568785,1.4658094277111196,1.4423684402985586,1.4468010426635387,1.4753293775731977,1.479205763789895,1.5217834594447444,1.4710057078257581,1.4258481071797735,1.4734730842088917,1.4018405371727716,1.2035681773658586,1.051855499672098,1.1742297541508588,0.8822902561793383,0.7143779531144742,0.6157433078022838,0.3920441963679387,0.32477931128102583,0.219388689747688,0.01449490684222473
10.309999999999999,0.20301666210781244,0.4228954500830625,0.46666238932410065,0.6789608462034814,0.7726164469715232,0.8196183721484827,0.9703714552713096,1.0702429681520427,1.1998160132034856,1.245872325925053,1.3636419390806345,1.3828857291581405,1.4391352135835183,1.4387009947159985,1.497153932381992,1.4798887243534675,1.4454801849048389,1.6030719459541807,1.498942784975032,1.4268004990408887,1.482327324117991,1.4944649999363167,1.2720615810548686,1.0854458316972788,1.1161825023129497,0.8880799457700759,0.6761927205127186,0.6330310754791365,0.43008675157591403,0.2753326377659609,0.1353612005947551,0.0444725853195508
10.32,0.22306195334799642,0.33922980383983914,0.5278577558510557,0.6395104164846885,0.7679124493836386,0.8399434716979588,1.010063882032285,1.1122293379622772,1.1859193252218867,1.292522492192949,1.3134072382626543,1.3689054182818912,1.4907697660779675,1.4737263769531552,1.4218156615586293,1.3930899884637453,1.4484052520635546,1.494471424842496,1.4112970820813744,1.366144711445981,1.4418249957101517,1.4181797127248816,1.2260823180831595,1.0560464163866539,1.1716761924004881,0.8065436796756497,0.6467760615118386,0.5982671466535378,0.4211371856990802,0.352352590936159,0.22014609888851652,0.029582394265990776
10.330000000000002,0.17395181140461016,0.35900316647144226,0.5156472314075253,0.6240761679670422,0.7940821536772622,0.7975510378475363,0.9808277864025217,1.1084220088424865,1.1787788146788905,1.263629776719857,1.3148649593515125,1.390464332161641,1.3726171096441164,1.432071280953627,1.489416448043789,1.4778657469257235,1.5089912380762711,1.4952807575928213,1.5021947911444145,1.4265801871838883,1.4550080341408296,1.4783107959335173,1.2480992252018894,1.0528837276194076,1.1389512420085295,0.854758341416965,0.6400613645373288,0.6393455146574225,0.5226844943559421,0.26316007951124465,0.222549190649665,0.11947550119851695
10.34,0.12045723860093298,0.3580430604648346,0.41194841186703457,0.5991543789696904,0.7539020387300785,0.8943682573078754,1.0355668093008765,1.0977408010465075,1.1522323011015736,1.2690456412006046,1.2719644672085209,1.3362244887153574,1.4332916634675723,1.4711266162782803,1.473650359222278,1.5080900397606303,1.4502911717893952,1.4541726173084686,1.4678227559800392,1.4607826871747087,1.4309409595417142,1.4859336861779462,1.27999699726023,1.0110745741520422,1.0932947298829427,0.8755467635556619,0.7237195807740687,0.5973303294944149,0.4315965339068712,0.3517577222138504,0.1625493148078762,0.031279198928357024
10.350000000000001,0.12827505638949668,0.4073137149831373,0.4494368783899051,0.5621313475943049,0.7773034128315441,0.8414210934493951,1.0239521538106866,1.0690801786354434,1.1875498776056215,1.2680582281600827,1.2649272483598344,1.3515031220101066,1.3966014439222187,1.4658910357560635,1.457839907938594,1.5666184961262348,1.4879717140626145,1.5035351540460435,1.4933935016150526,1.4466540164117496,1.4467963124843228,1.5263803107638505,1.1852471554690411,1.0707055848354974,1.0981550421993995,0.8511020450018204,0.7554730295173903,0.679813185881504,0.5086676705989396,0.3104921241028069,0.16712288318471918,0.0303332811074796
10.36,0.10879984819903538,0.3276951934034667,0.3997871471600067,0.6195711684063409,0.80449926077083,0.8731173088315123,0.9989334462196422,1.1257840578000822,1.2250889216512804,1.2128826258389216,1.3281916204312854,1.3973944636695772,1.4171381819345061,1.4247626028245,1.4499143982824785,1.517275953822198,1.4928372496077398,1.4553391332534085,1.4600066632686861,1.439446866349804,1.3573342582585979,1.4053770899404583,1.2720756407941463,1.1009424058895825,1.0346206377145,0.9071415065945825,0.6513879231843533,0.593752511349748,0.47988850708584546,0.2697806443059408,0.11432193549368044,0.05594730832124523
10.370000000000001,0.032830321872121426,0.3494077894053195,0.5244182699320828,0.6321781627598506,0.7573850399879059,0.9307752741795213,1.0102989941114646,1.100876908331617,1.2308244202679168,1.3216418732630222,1.3152553203783979,1.3973951481813944,1.4581704697573,1.4914544850497693,1.4634856123522286,1.541021269958331,1.4599891494459671,1.5074993252791218,1.41798913138927,1.3890898937512646,1.4168808313782848,1.4054844479301198,1.2845463120568006,1.0752038431022928,1.1334413264353305,0.9488194028086202,0.7157237868027995,0.5843312677337501,0.4906866096312041,0.30248005238999537,0.1660021013194059,0.03809858033509442
10.379999999999999,0.08005136416563183,0.35158691538294234,0.4328367430948279,0.4950664859129988,0.7724518762265175,0.9374749085135957,0.9470515848582055,1.0568748101557575,1.1510084454159095,1.2539406140517497,1.2499511178333103,1.4038672581603129,1.4564635106504507,1.4280076815130789,1.486323707099022,1.5043862596796809,1.4994227626443402,1.546336957343896,1.459801479700069,1.4088143405620264,1.3034103013597933,1.3772390466596764,1.2173869933449437,1.0755177112944074,1.149553649720448,0.8189022488303819,0.6800894721147095,0.6245274216496715,0.49769102600856013,0.2904363106285346,0.14211936367007477,0.05492151827554638
10.39,0.11505393930795166,0.3758686711090688,0.4141326943699344,0.5615287744328326,0.7485946873140981,0.9177212444643942,1.0316275262608237,1.1469949272406734,1.252508383666239,1.2588782277866857,1.3047662821411552,1.3969080944741774,1.3649453767401998,1.4792333680175205,1.3525394475910615,1.5532049382489166,1.471412503493693,1.4762400457205527,1.3871997025555456,1.4210156127377263,1.3160712602000446,1.3734400384588834,1.2833723570572375,1.0804795475897635,1.0951097088625896,0.8425632680973664,0.7722680474380099,0.5644962704025538,0.6386114041950439,0.30645678443925234,0.16473402977911034,0.1343901334498051
10.400000000000002,0.04577400638360899,0.3864507161712666,0.45167561425243796,0.5669127130804404,0.8066586370173923,1.0096606456965858,1.0360399061669834,1.1525988515209777,1.1823753178733962,1.2814918600583558,1.2676139501371066,1.3804591995431734,1.3922319829016614,1.4281051024459055,1.5004543578529104,1.493403210365278,1.4970134163911055,1.4737077333132909,1.4034019571606486,1.3810222491483333,1.3485012527034248,1.3524940723633694,1.2800216538896991,1.0530908552452118,1.1164718476540494,0.9375304177881576,0.7268109689122058,0.6305662903018064,0.5185483812930706,0.24926638419123878,0.14835027863856348,0.06923199229466862
10.41,0.06510861247648031,0.4081192142259998,0.4459663930324966,0.5879443136299455,0.7541247636677262,0.9580711362831138,1.0630564888022496,1.1364433224300614,1.2683084201910901,1.2661779945103062,1.3498650128010585,1.3745114119946458,1.4601652034663752,1.4366696530197123,1.4654951064407764,1.5749932731533565,1.4983793903727751,1.496118958776349,1.4401738228882657,1.4085740060111263,1.3077564881303614,1.289215405424311,1.2359444965898572,1.0779977848619269,1.13519235935042,0.9587395006305538,0.7568934089571314,0.6501587272479027,0.5106430642111939,0.2989800529907546,0.1571034423357212,0.08625924351187093
10.420000000000002,0.016150706796376146,0.35514138321556543,0.399847521244987,0.6169971018037794,0.7676525014660307,0.9077393666507384,1.0833427549965766,1.1346981071428917,1.1832939581562656,1.2637704335658435,1.3236789762046581,1.4131399257167772,1.4111945954144183,1.4881726109101732,1.4467871682110092,1.5362532559990993,1.5081168579854345,1.5013361491975816,1.3457251532956598,1.4878784134737844,1.2703557395208238,1.3086652531104073,1.2870917433098137,1.086579409397143,1.1897940377255931,0.9772555980583396,0.7207662277543267,0.5478736531122257,0.6005594497838117,0.28701812164459983,0.14227045963356097,0.0777423883841639
10.43,0.06654690654521819,0.39400495364470556,0.39771832403694024,0.5517737575305169,0.7221889108460349,0.8968463411637043,1.0632700388735221,1.1798597153433854,1.2382523476946794,1.292679259118078,1.3225840799446507,1.4617551328101348,1.480828291203092,1.4830664876240705,1.451125122532246,1.5254807049798949,1.5220663285288656,1.4478793141621082,1.3371845935094324,1.3964039691567647,1.266711807289237,1.2450073810820412,1.2716749381260064,1.0732663224812744,1.1254955471699735,0.9206353393978788,0.7851038281859597,0.6516633523251893,0.5842981403749126,0.3507267434646859,0.20843652499751442,0.14215985238681644
10.440000000000001,0.014946844888912956,0.33838130285269546,0.4580892068508825,0.614121011896206,0.7590056213145957,0.9308967374033559,1.0484781644987953,1.1433341669953607,1.2041598424162117,1.2278867134974283,1.2573159319413176,1.3856231167064004,1.409926852312899,1.4910972118462713,1.4718609345449576,1.5258294691122234,1.5571339952802796,1.518863381930792,1.3520424733116632,1.3970901508093052,1.2606974187162285,1.2736812467034335,1.304235103318616,1.07331556446397,1.1461536809193413,0.9942919709585367,0.7719372506884659,0.6199014436965123,0.6318558111134661,0.29036228714771684,0.13179051389219665,0.15231712597680305
10.45,0.02008897424198458,0.427789097163035,0.4243014489074379,0.576470305475203,0.787089965459265,0.9873381363931765,1.0609571218199358,1.1319453525259182,1.2190218074539918,1.2624499629620536,1.2917522374356616,1.3849716709635054,1.355468796215453,1.4332120769922843,1.4264634424454532,1.4849322530426974,1.5614891317615534,1.489490739321481,1.4078382049660116,1.4927017298185845,1.251659131727676,1.266728152132687,1.2318986520214819,1.065051505209529,1.204610344042607,1.0158226822388166,0.7802084359266122,0.5588429212947873,0.5183799463882529,0.3256063800365288,0.13336840092182606,0.146334162395896
10.46,-0.02379896962518934,0.39436489246377376,0.46932107369812676,0.5801057668577834,0.7567176866167626,0.9130792856574597,1.002144097125957,1.1459470654685984,1.2090548820728149,1.238956570217265,1.2707728224491903,1.4010340307818865,1.4120640634127892,1.4227267762334994,1.4341524853139263,1.5586241090499116,1.4908624263369987,1.5252437683890219,1.3883664669682778,1.4069572273822106,1.2644615323873885,1.249362116244999,1.2996300475912483,1.153271120067755,1.1650997876012694,1.0208617272658667,0.8031865477449049,0.6285354343153376,0.6352350227864397,0.38095381956790125,0.12261460665978315,0.21902174622138942
10.469999999999999,-0.022226515264455623,0.38558499874716634,0.4117584480809936,0.548089894567452,0.7301711822507226,0.9978074146914275,1.061051258557311,1.1511578860642655,1.1765608927093676,1.2732519086051786,1.3006881350203574,1.3774033994923278,1.4406725524674644,1.4105207602037304,1.4128751451638253,1.5127243279190992,1.5252455443914654,1.5173475988243805,1.4036983218496746,1.4860326484313637,1.246008556301021,1.310529972384329,1.35328834481298,1.184330390505513,1.2749394770604792,1.0430542327784227,0.7833850035901763,0.6359620946655832,0.6498117224692527,0.3200718606395576,0.131494509905503,0.15414268913724516
10.48,-0.0073239384095103235,0.3711211464525452,0.3602990904912828,0.5669059432471875,0.7870483705513932,0.9501674878936597,1.046252576336985,1.1416469177021742,1.2065142018762747,1.2806270723760906,1.3121748637196644,1.4494435769517133,1.4166174572051233,1.5012316207767091,1.4299270941778395,1.5062930349687966,1.5157918955634,1.543248900723058,1.40480226766927,1.479565315084763,1.2747910564811762,1.2012724833365918,1.3331324234873039,1.0769656953563789,1.2527344317701334,1.0010802956326967,0.7997874461010914,0.6163443133191483,0.6657310803723764,0.35211066681315134,0.1524538238657661,0.20130322580017934
10.490000000000002,-0.02048143611511394,0.3770720825434394,0.4370202017523709,0.5473502285412591,0.7384523444426248,0.9027600195543684,1.0168680774506345,1.1233880313974245,1.1844489049151394,1.241456569486941,1.3689336163575145,1.378462825151294,1.4685481845233153,1.5009451907949412,1.4862252456300906,1.4754054238970578,1.4937582636902884,1.5731326676121244,1.4107916882253733,1.4470064097846416,1.2729782850127878,1.2384478322267094,1.3784179395266745,1.1581504656036197,1.2797153722274435,1.0663823319743755,0.7593520138026886,0.6173833140538287,0.6819772722046376,0.37507934624327055,0.09179122881061241,0.2025718798532387
10.5,-0.06127772316025591,0.35304341560503244,0.4190730160978502,0.6030083499415487,0.8225390454281379,0.9872381083397136,1.038911966062458,1.1278851338247953,1.21117372599074,1.3034912663649552,1.309938803587304,1.423279167319825,1.4585657835627817,1.443082337473686,1.4809626391580264,1.483973024134436,1.5072731773888224,1.500530940003651,1.4370933093777567,1.5158153188622305,1.3173634188953087,1.1965152966368666,1.3459964501167874,1.1070510411939256,1.2065812962554483,1.0569100716155082,0.8195095181869704,0.5598086976689441,0.6187791900949274,0.403908706197037,0.07866632028023014,0.174409323862088
10.510000000000002,-0.06104521827495479,0.40747415821297894,0.39050264474937546,0.5404049214987505,0.7309016384291228,0.9036889031260622,0.9681492121539685,1.087851214757158,1.1230999946674194,1.2910555769470018,1.3056964388805172,1.3903511745968546,1.4272344443598428,1.4496766168550652,1.4292027069690805,1.4708061348920771,1.548889874990111,1.5533873835755547,1.4153352559593484,1.4338767048341303,1.3027122239319433,1.2608989177711407,1.3865075154322035,1.0707202231021313,1.2262930210477045,1.0289011660067324,0.7598870818684063,0.5404429693729237,0.6411589823056089,0.3794497783820442,0.09182458521069665,0.1614030654840549
10.52,0.003201457191672679,0.3569097611766523,0.34458718315703163,0.5213631917413001,0.7116215736429519,0.9587623464927985,1.047870006110493,1.1418342855253294,1.2137628453039642,1.3120645860521167,1.3220204671541245,1.4150118785209165,1.4223662769940393,1.4920021596223534,1.4158152499048318,1.5132510844182645,1.4840069533949727,1.567780136901176,1.4638639515029794,1.4937245264407604,1.341802857102759,1.2589135491438663,1.342843327993195,1.1102197348360532,1.3080071043772523,1.002052285522688,0.7755895087601943,0.4831353375040221,0.6287922742324705,0.4202611622881057,0.07105112409445233,0.19086671799634766
10.530000000000001,-0.06915151717351407,0.36502624829451463,0.41806545090981007,0.515733745933663,0.7566397442689374,0.9690195234834954,0.9786011475156082,1.0851025435970734,1.2170751774498838,1.2401658264306612,1.271297025825908,1.3867612692305586,1.4231951400824054,1.4494109456171216,1.4745370415895818,1.485906337346617,1.4777549361912314,1.5947419581586866,1.4786495130757231,1.4644506525499597,1.3206049987323936,1.2329608013257245,1.315899396509229,1.1078048950977173,1.244806200781717,1.0774009331448375,0.8238243522855034,0.490125021451512,0.6673609807899477,0.4614226969865159,0.04271128570389568,0.24198469662396935
10.54,-0.10336996484954886,0.360366429401099,0.35921414639154015,0.5487684296062751,0.7720971744145604,0.9400698986268589,0.9489100373037919,1.0940481260048442,1.1871151707244652,1.27850988561603,1.3078735658972815,1.416168569591396,1.433684025496985,1.3694368373418753,1.4698893827920914,1.5184271591118514,1.5100080374342888,1.6081723234969818,1.4592410989577962,1.490881332851714,1.33195480320773,1.2401093387349351,1.4104939703725112,1.1219902066327718,1.2606824246576767,1.072708124458227,0.8089599424603864,0.4968440489728693,0.5990723460076776,0.41571086329553397,0.07029185838732228,0.22626742548111065
10.55,-0.07269834063791593,0.4239808446064225,0.3684110502992221,0.5473021489487657,0.7964961236083418,0.9599841496135031,1.0216386929247485,1.0875320346793098,1.1769651260756904,1.2856547577613433,1.3174385007172187,1.3567185469045075,1.3927711845834339,1.4045358301870616,1.4715929345969943,1.4877764065965369,1.5442345931403123,1.5097023161105942,1.48402607962864,1.5795911673522482,1.3537481293932847,1.217712490345373,1.386628162206957,1.1063915865608889,1.2862642032096734,1.0608241779002632,0.7611635424290196,0.4546005441988591,0.6345700923683474,0.4406331554216583,0.0626354607146406,0.1940498740970933
10.559999999999999,-0.04551343543798786,0.35464115613103986,0.38444278626772355,0.5105692960174427,0.7644616839719962,0.9362814009315701,1.0143281024244402,1.1297701151315267,1.195642286370747,1.3185406913353976,1.2951592248066044,1.379805580599833,1.4099922345907272,1.4258370005760859,1.5439477082141322,1.526605544690043,1.541759642163484,1.521186228860045,1.5417186021365599,1.4682118997644298,1.4300003842630984,1.3200424081906539,1.4021736844024595,1.1191520068400056,1.2413142820573266,1.0015324544782587,0.7229916922670601,0.4822738611873347,0.5066773407860143,0.4264516406883593,0.023378051485090066,0.2589342049151321
10.57,-0.06313456900924504,0.38847486580780505,0.39871675703276643,0.5659753942160478,0.742582921596173,0.9676377179400788,1.0158237943693729,1.1600473540737706,1.177264576170108,1.288858260648236,1.343720966018375,1.3618342737080207,1.4039004220073128,1.4169367449836565,1.4796223879910457,1.5154563854706438,1.5130743822080595,1.5186243333013956,1.5611066539368255,1.5006075700600003,1.3834405599014565,1.2890912090234738,1.3984329704384124,1.050559851435364,1.182321971643003,1.0248729940012913,0.7209756416650418,0.39360264587714744,0.6013397460351929,0.4884778914231754,0.0310372319674937,0.1518734034969333
10.580000000000002,-0.011646556198630201,0.32555619808597436,0.42831866207250374,0.53722780534226,0.787502235758907,0.9570129650540335,1.0107786621884234,1.0828654929471895,1.1413893349956008,1.2453415509174834,1.3524735272422401,1.4355684011866028,1.4320630298825507,1.4672392185359229,1.4510067283112733,1.5231302452946651,1.5168057651222209,1.5351341710977844,1.548661647558494,1.6224610002306556,1.474428882407395,1.3193244521879297,1.461304104674161,1.0779335198423752,1.2908826485911675,1.0070497361039767,0.6581211743584574,0.4503518948822893,0.6164997152514626,0.5217867878426858,0.06676850108841133,0.21207256247696363
10.59,-0.06370216807247786,0.4244681567633118,0.4862388323199408,0.5507111884214524,0.7675536532956122,0.9046571876847317,1.0232250004292895,1.1188970306567012,1.1240090998051573,1.2264922354838625,1.3356683190254472,1.379116725217672,1.4512669112792544,1.4563372216482318,1.5153115285408174,1.5151404376799202,1.469613510345687,1.5611199039612407,1.5480862368412938,1.53186515042368,1.4539580463133772,1.2938401208804908,1.3640713780989997,1.061815953206471,1.209105990059124,0.9683715185104528,0.7049609945822005,0.4457753251479526,0.5857607177236785,0.5380985545166426,0.07953630989250722,0.15006685308800075
10.600000000000001,-0.042909799926354554,0.3235416926112386,0.4267414679309841,0.5674573661302559,0.7540274024733479,0.9123247833954901,0.9513100378365223,1.059133145930631,1.1259710832564769,1.254855940908237,1.3568364009851726,1.3863010989148412,1.4751222891977958,1.4457080541182046,1.4604018684075954,1.4886122883238264,1.5604943875986985,1.5597382777907416,1.5608259985369408,1.5354124533143894,1.4149091205003794,1.295569065423802,1.2931953195912216,1.0677690965711928,1.1273672071961367,0.9772869059069552,0.6640858631471594,0.57884483981032,0.5658388114060627,0.49949723219587483,0.047369394151014106,0.1724766754329754
10.61,-0.005496910962405798,0.3505345133983653,0.45235450725220533,0.5743181555808909,0.7500966135859887,0.8939285186184482,0.9706469017708472,1.0750581881853005,1.1053619441326634,1.295749707586786,1.3808773581690834,1.3752388212316422,1.4215798136670321,1.456256116226807,1.4906024239862528,1.5447576477804246,1.529986522505461,1.534304282439774,1.5423642637667625,1.5114595017310941,1.4328778509471078,1.3476872356463725,1.3197956901826293,1.0409090020890777,1.1437427100028033,0.9319190658259386,0.7053225142572306,0.48101176399872286,0.6097686433329613,0.5731425908915864,0.061765293551684405,0.15177884884575105
10.620000000000001,0.02778421018088675,0.3438411662662652,0.36194328709917994,0.51496797075673,0.6648819919120391,0.8549332887676662,0.9381030915069888,1.0752201446583594,1.139093655855056,1.2967333176281133,1.3171680134554504,1.4044596935614868,1.4336940330729204,1.4805937795717194,1.5210648961799198,1.4427393853558328,1.5044298124028135,1.506568531215276,1.5242094005458267,1.5482851387535768,1.4480116938310048,1.3193226306732642,1.300794649876265,1.0480450901329468,1.0697920657266606,0.9581737025634249,0.715830487965852,0.4750261647658207,0.5715346874570085,0.5736167313000583,0.087326088879151,0.21824475113735622
10.629999999999999,0.004716804154780829,0.3300878748444071,0.37385780212142206,0.4898961667241214,0.7430759777360139,0.8826997562533585,0.8979234271404722,1.0046677630058667,1.1343253179924053,1.307110662367114,1.3125551496876946,1.3671592762685152,1.4326632025237915,1.4500057670603237,1.5230827483536118,1.4648150580496937,1.4723131574337498,1.4828128228151078,1.552979533753654,1.4930098625536745,1.4389617628248375,1.3382518871171052,1.27940134427386,1.0583235251358427,1.1027188405096624,0.9304741365338545,0.7243221798183935,0.5574045718126137,0.5237070185532724,0.5688514685560997,0.1834214552518207,0.1461530334285189
10.64,0.12118040569682959,0.34067826431282566,0.4189403359870223,0.4935854034243377,0.7446399029601107,0.8688299323673553,0.9981411528965428,1.0420242820545402,1.1173206062767171,1.2731122902781444,1.3410319040249103,1.3682157824012124,1.4502620436187965,1.4652801395634203,1.5574361665916674,1.533571910209074,1.4774112262441537,1.4807541781788067,1.5017378761299247,1.4853295691505324,1.5036873093791543,1.384654516610235,1.2980888740820145,1.0894491310938637,1.1160538218606662,0.9638951436206437,0.7601507797193362,0.6048906090400784,0.6362710484843375,0.6702974665656928,0.11700786394155721,0.18805149864139087
10.650000000000002,0.053274259744788596,0.24925571284260714,0.3752309617467639,0.5613462630354596,0.7007473228095858,0.8727175701163216,0.8701676755987917,1.0117879059758594,1.1094945661287305,1.247703696288185,1.3621449160520642,1.4243706723855813,1.4549458442930592,1.4331267936635723,1.4494377687196853,1.5223925753167922,1.517120147943246,1.510944968483647,1.5230571327786566,1.497139446942943,1.4569302346332142,1.3484046414248068,1.2791173424226998,1.125190775126705,1.1209335183140303,0.9603898187879354,0.7660480897951826,0.5795524851118836,0.6360382176071496,0.6661300268450014,0.17391864285030978,0.161766786906269
10.66,0.09405267971210243,0.2640482444532642,0.4069198028542886,0.5659319795298675,0.6943126569744318,0.8931302059654459,0.9270324817771295,1.058300751275386,1.1501965071013625,1.2627324946211806,1.3156858237069065,1.3811218725614531,1.4501442492711087,1.4907139915904812,1.5159041544441838,1.532380268543787,1.4648798036331188,1.4844282772343627,1.516031800522354,1.4842350779559474,1.490765460447324,1.3744895734122111,1.299332474072707,1.0568071210184213,1.0452543857271994,1.017464504110694,0.7752907415059969,0.5685129423316784,0.598168276031199,0.6325585375720143,0.22497065762088028,0.12287191788991361
10.670000000000002,0.1472977633450374,0.30937247618701375,0.4107691840654744,0.5696082885722638,0.682759972883208,0.7791662973477105,0.9171791252396159,1.0213168550849756,1.1511658280289006,1.2261468762684467,1.3326906734334734,1.4025145455112107,1.4348740983990345,1.4419404747115574,1.536585965393115,1.4689144285005118,1.4814241084174793,1.4838011300031417,1.5018437114169316,1.4488179487322805,1.476286431572368,1.3584471533865148,1.1988318864077945,1.1401240279113996,1.110097146709093,1.0494099442541338,0.8252041271186112,0.5635415741501705,0.5947709994379236,0.6022655306079324,0.23761178472420247,0.15758112095620339
10.68,0.15115104636475035,0.2801478581323705,0.3498222759884792,0.540308639014753,0.7055756889959953,0.8391712934093524,0.9567302152988238,1.0337617149046612,1.0524062777445504,1.2688598813251268,1.3752134821515132,1.3708163381903644,1.41569473008423,1.38324650304248,1.442090905190977,1.4441229776110511,1.5032107709641784,1.54376794192573,1.5067680393504914,1.4638243518248066,1.4819582152537685,1.3722936225515923,1.2526737583170473,1.1556859029427782,1.1395474875017928,1.0254352260550414,0.8505521382944585,0.707367036170457,0.5955482151828484,0.6420096983240919,0.2028137071562954,0.11352064630004247
10.690000000000001,0.2023337272091842,0.23416315274166152,0.3272875796682072,0.5099519897098639,0.6748855884713032,0.8086204515273742,0.9211343623845838,1.0228750276798344,1.1256879898500665,1.2588054161600193,1.339612076272117,1.3709045506540933,1.4312133217391394,1.4746108006868206,1.4971471399958487,1.452221919411298,1.4370822261721836,1.508700244838564,1.5168258939588872,1.3792753220064575,1.3989547465909802,1.4145945046296569,1.290820862832383,1.1368358961039184,1.0895661466295261,1.0543597587086453,0.7833482058267218,0.6473097387660708,0.640463202621618,0.6097239773364039,0.3125476422465663,0.14508013145207496
10.7,0.19157134196584194,0.22228300430436793,0.3631543007390481,0.48620432238701833,0.6904526524376174,0.8280917580379936,0.9310107686673115,0.9924604233492772,1.0772424601293784,1.3001623370559927,1.361510256344952,1.3261489242357596,1.5308709158236464,1.4585082952921193,1.516383768550428,1.5094434467624152,1.4875199257758338,1.453800966674148,1.51591017221541,1.4183870487591974,1.48660870889339,1.3688329186852772,1.1823895178495303,1.1915280229117182,1.0860535157170896,1.0812124556742333,0.9167594559772376,0.7110854633120264,0.7376774154947012,0.6546218436577578,0.28718524116847893,0.06879781354268526
10.71,0.12245661987460126,0.20664094859198595,0.277451132425778,0.48921057008743335,0.6455404488493377,0.7731518710543182,0.8445796181444583,1.034432900293327,1.122803934510372,1.252891485652363,1.2659637646391766,1.3707933930499254,1.4385576742463801,1.4009064360807286,1.4933981297571288,1.4942296779713047,1.4923154730124124,1.4965351773479214,1.4951920372253038,1.4042414493872433,1.4828749559119747,1.4211100081218622,1.2522285265839097,1.2002520343440237,1.0889308848741248,1.1415797550072209,0.8332624617595665,0.7351908955865686,0.7063459271043724,0.6457486237979789,0.22123339995961888,0.052222204319731014
10.719999999999999,0.21844564682209502,0.17827174206352525,0.262028529743728,0.439943235884125,0.6078930829541046,0.7975422462668309,0.8314899584184905,1.0168745301978215,1.0855199650709733,1.2031439105091346,1.2946332517375803,1.4114218471547528,1.4427793280511931,1.4847930949855956,1.4712765432747639,1.449960749874817,1.479330642784288,1.4522523353307586,1.4772441814145905,1.3782431574731469,1.489218113460734,1.3899744959654352,1.201775667410026,1.111424925797519,1.0813772456309647,1.0876413042926834,0.891615119445472,0.7922669647128163,0.7871299905348633,0.6191129137375683,0.21516039124496208,0.012845211764244791
10.73,0.11316701714697427,0.20089973171287917,0.32999180877712403,0.4423683093550312,0.5466263285873427,0.80861504520604,0.8424826394582435,0.9727688240865707,1.0730774450747083,1.219053973278026,1.2702333285317662,1.3348663089319919,1.4317907683218698,1.4035446896871155,1.4384932432518363,1.4413931593946634,1.4838450815856028,1.516928149400515,1.5089707364995266,1.4415529624324674,1.467299202758587,1.3663842113372437,1.2078220946392095,1.1796941249288015,1.0573009724787015,1.1113098680911644,0.9243010146000719,0.7658555228148166,0.747407997596018,0.5427431217019519,0.26798095445461523,-0.05810024525121768
10.740000000000002,0.14087732895732577,0.21001213003568742,0.2836168086635888,0.4127001419176917,0.5970035809537145,0.7372026573602695,0.8894793167908079,1.01698361133737,1.1244662334331432,1.229655949889061,1.2924080268506928,1.3433069507055184,1.4841661281663363,1.4632057750931058,1.468160344005234,1.4730552504333785,1.4156754580816262,1.486943595546037,1.5265208180736645,1.4112633387832942,1.3565833763281407,1.3633906912728995,1.2131806916861287,1.2193575741704987,1.1547629305607185,1.1208711774732518,0.8830377618685626,0.7808827075405705,0.7397356515858884,0.5676682109763224,0.3064043834545383,-0.016804273847153828
10.75,0.19983146149903888,0.2304595863552017,0.2623795654223862,0.4086731146420741,0.6174080601393426,0.8198646956918384,0.9385081372797622,0.9838742673078302,1.0971410634930336,1.1828141301902513,1.2967710790843543,1.350166441227183,1.3964360975934174,1.3847681351459986,1.5125922087302706,1.4944633471802542,1.4740331748707436,1.5287481406644556,1.5320505830904436,1.420019269491532,1.4827217118761167,1.401296373214747,1.2100881475600611,1.2112173193227025,1.0234990426134505,1.0865607971862834,0.9043003419361743,0.7649271034597693,0.792062744215955,0.5082242654201146,0.3055101174830414,-0.08002503019892708
10.760000000000002,0.20406401771868812,0.17107995629465858,0.23724935459455862,0.4279396776538203,0.646985661814311,0.8092229076313353,1.0092420712926335,1.0546926692770255,1.1258614461569543,1.2518306180978649,1.2775188504269788,1.3777305674602114,1.4307209824301645,1.4769615070493372,1.4906699792109501,1.5566271164378533,1.5031597633495617,1.4855600369757607,1.467010838030414,1.4096931391289036,1.4193826415538116,1.447362670282223,1.2094090108185978,1.242260486880116,1.1061367676113694,1.1223073686487168,0.9506660942320291,0.8015515844138983,0.7695882507461094,0.4699406244789377,0.3127433881665154,-0.05218163517689253
10.77,0.17122665295702236,0.1396606166507903,0.2132547873370699,0.4163745258865616,0.6402415766948513,0.7736143507006807,0.9470833385204157,1.0234891842811382,1.1748896854069772,1.2504668829730015,1.3135864433864417,1.3625360206825519,1.4096579226379844,1.44662612033119,1.4261146608362125,1.5264934004446793,1.4585454996578107,1.4261136697772898,1.4695145220549932,1.4023881187687894,1.488914209451581,1.3673448857402464,1.144879332844004,1.287895993112204,1.1464246497833588,1.1629846489230062,0.9868967250318699,0.804057970978532,0.7789414080907573,0.5072490325545866,0.3241434698567212,-0.10472731502789003
10.780000000000001,0.11370294487767314,0.1415739684338543,0.26339919505473514,0.46047507121849984,0.6388974892777635,0.8263353123958015,0.8666043107317442,1.0439480125610705,1.1991435137126802,1.271617903010407,1.30588568349302,1.3953564678250885,1.444532582796734,1.4792037086191323,1.4588244907315384,1.474269420227701,1.5176195162582986,1.516443625669728,1.5568130756155891,1.357059697903112,1.4136826051697833,1.3673986906195166,1.0959088839816418,1.1880911088295036,1.041442034703209,1.1729888052446495,0.9652225130189651,0.7351212362094262,0.7974391694750889,0.48142566360784816,0.2457521759735633,-0.20332137594730715
10.79,0.09618529815747587,0.16616038507675013,0.21211179108402908,0.37289718384577886,0.6298827210544424,0.7590488785591312,0.8521029575048856,1.0093131893289211,1.1785622767825286,1.217888171942629,1.3119604284578101,1.390227363128321,1.447906422881181,1.5180308126070192,1.4638749258005135,1.4822967766689774,1.4549759333711176,1.5270402339567002,1.4738992222408047,1.4180265773405107,1.4476060839276774,1.4258490935874766,1.2080084321351299,1.2138606472568667,1.0766651558835727,1.164873558558284,0.9956030560300296,0.7826329930240115,0.7731659241888885,0.36253239484520006,0.26377860374186723,-0.11934603854686796
10.8,0.0844345299593724,0.16459840022053163,0.28127829964977924,0.5123250772498541,0.6328860447840722,0.7937544967386194,0.9416741375374197,1.0026594187273843,1.1657773277024013,1.2389081372882913,1.2558350438811325,1.364587750497462,1.4562337083978028,1.356710030991974,1.4277624365212789,1.51497505078021,1.4798217484825198,1.491790563844297,1.5121543361707612,1.4531320833556185,1.4248088981242932,1.3727687350431148,1.136195120171817,1.1828947274090016,1.067332025227965,1.1600399947068183,0.9797791503575028,0.7311679803040935,0.7569051116092621,0.4030828855691912,0.289704745950685,-0.11626880091525808
10.809999999999999,0.1433425806945729,0.22957471370924887,0.317723324540045,0.43385034275825185,0.5984360819052413,0.8440473051891765,0.9688875531549652,1.0200203699307953,1.1321250108402647,1.2112934625172254,1.2302285336357035,1.3288679246144859,1.3584461971991435,1.443774008619278,1.3906207449024763,1.4541522684984995,1.4655203876269207,1.4545982005102012,1.459671548893329,1.4048173455683401,1.390919092328418,1.3803659302806601,1.169885214900911,1.2273697210818564,1.0771333254353823,1.1136317191494187,0.898099276686149,0.7564656157101792,0.7802223045440597,0.3243303070315184,0.29923375773073985,-0.1317411235485345
10.82,0.1445239942032077,0.16576460744435104,0.2645964249931494,0.4638256345184281,0.6609378771297258,0.8592904595428319,0.9557283090877563,1.0406784912001605,1.1962827285274904,1.2279763955230385,1.3061572869818376,1.3216929454352806,1.4237597536722522,1.4841050285866781,1.4303385443892283,1.4160732746756652,1.4868452725847632,1.4880351872672406,1.5174887327747517,1.410429574951155,1.4272654274353436,1.3907160992696819,1.1497183787021583,1.1830720899906735,1.0573226640318256,1.155384248855777,0.9632648212495057,0.7234393247747348,0.718639036709295,0.334474023268825,0.2226098214161666,-0.07591281329571542
10.830000000000002,0.14695894987080882,0.23877813523436447,0.2825792907615195,0.4104219326298244,0.6128165109534726,0.8229963352546229,0.9372700343479392,1.1252116957580844,1.1701776167483726,1.276851840111643,1.357486613189547,1.3779421393984852,1.4404859630921933,1.4494854796140997,1.5425975790094677,1.62140910181151,1.526375644173728,1.4289339841680317,1.4069752999585017,1.3585165519051203,1.4196008467202201,1.4076905797969745,1.15935350850412,1.1782817953899158,1.0743435554973089,1.095944831602586,0.9571494527359795,0.782160976105307,0.781804811545361,0.305615322040296,0.2359149128734567,-0.07634470904009327
10.84,0.10079923756542143,0.1753366494174718,0.27337667521670767,0.47936816040605623,0.5630613538029233,0.8061048336826271,0.9496049092316752,1.0315125459988803,1.2314155430478533,1.2372636969407904,1.337669713115869,1.3854472585948006,1.4218912754041093,1.4580532273733284,1.4914125974701322,1.5031979434574205,1.5383440556798922,1.4202998318168494,1.4265719374353711,1.3592437151754364,1.3573533852731814,1.3858654993918913,1.1875392517012693,1.1925374513975033,1.0805774080824353,1.1435462103492753,0.9338185466050788,0.7741639072249134,0.7137690848935531,0.23248295189081422,0.2881325467288458,-0.05649487080164764
10.850000000000001,0.15281905817094146,0.21218200970584644,0.31432408954741864,0.4782839291980092,0.6778795784680967,0.7945569633492582,0.9650897781530711,1.0200308015046067,1.1567824708461187,1.2434126895027682,1.2909410124615108,1.3438148961534913,1.3251601559365978,1.4556875346372173,1.4985260132487852,1.5667072518191314,1.4627775147156092,1.4304912793017965,1.456346944716714,1.337378436128562,1.4660907705257669,1.3587329863381996,1.1234912608269099,1.1824097055766156,1.0357779607040458,1.1207452458838767,0.9657871449401708,0.7641636135042854,0.7039646143175304,0.2749880402253421,0.2727812626488722,-0.045716695065951864
10.86,0.17034328754546202,0.2434076239226252,0.3126093784374726,0.5441438271007037,0.6690959800187813,0.8082042923130444,0.8971191847400529,1.028793302351112,1.1511889904400086,1.2339249654030582,1.3117974230481588,1.3595045683587719,1.3869061772641478,1.4380652335661235,1.4924869758612826,1.5423963777135006,1.4864722761579303,1.4503334968338464,1.4762542748120429,1.321460366617159,1.3536749792137877,1.328580073846338,1.1712263219750647,1.1714308551618908,1.1009300259010193,1.1317101916910868,0.9973917265025701,0.769484025766582,0.7631507215679306,0.2226116178298939,0.2951988042198048,-0.03268639054896148
10.870000000000001,0.14360888848610048,0.22113236413251103,0.28414826378736313,0.4977695040887319,0.709225675802258,0.8122246855420242,1.016200094207328,1.0698501021173008,1.1887864984180292,1.2211501382326233,1.3210831004534944,1.3788093943999375,1.3934515929091584,1.4681874113885804,1.434407576674238,1.5060895056570414,1.471392321828195,1.384216463253943,1.3685832535253188,1.3599817473688218,1.3914527900617177,1.3636820635123865,1.1475589575114313,1.1934914390991416,1.0363927451423203,1.077622503536583,0.8624844620984944,0.7352582184807,0.7538328423146854,0.2573128736290551,0.335431659951407,0.034985324295514195
10.879999999999999,0.18902524931195672,0.1990428598715967,0.3102508625984729,0.4687518293661734,0.6197457829026356,0.7897665617385008,0.9071189880695579,1.073391853717915,1.2729294099573907,1.2680247819527715,1.3532856307135697,1.410527567243215,1.425077002472159,1.442869359548201,1.4368905167884152,1.5273160301771869,1.4890563027847372,1.4545617725049915,1.3940920794623546,1.33632886816207,1.3451094268198938,1.3862269101634495,1.1802684806143435,1.1573163200057262,1.051622385984104,1.0975682277475791,0.9594330408713387,0.7829814067367658,0.6596501686084119,0.2588830737064908,0.3176628493962319,0.09690068614489679
10.89,0.14252861036352726,0.25329587149462357,0.3346539003360498,0.4841494700638855,0.6803599401926638,0.7817560848145323,0.9858723794122702,1.0959226427092406,1.1767522089163363,1.1660744885590486,1.2924426252581058,1.328944171946532,1.4365376193867958,1.4531050031941664,1.472123435610454,1.5617909855062388,1.4794324919645239,1.483467531955084,1.4467284017051434,1.4203665294700696,1.3710315891572773,1.3391365313058488,1.1777902591671674,1.2709894171302056,1.0187380352669544,1.073076584585447,0.9329550436807656,0.8587924252983248,0.7477965117986282,0.23665870331745112,0.3250692574053532,0.1457215590662331
10.900000000000002,0.2408540063457152,0.26841949044104074,0.3151150189372902,0.5323257788141468,0.6406130023861117,0.7364675688777208,1.0229099045898322,1.0876254771456686,1.1837625307919917,1.2270772681588413,1.3219928648654256,1.3321578056030208,1.3631339427222733,1.4162803330585918,1.503769384069301,1.4781888301164512,1.5361787444718524,1.5118379802147344,1.4374756428549345,1.4165535757531293,1.322959995182745,1.3616617390347254,1.1385796560361054,1.2719764000158194,1.051925177199751,1.145724771775433,1.0448013426534604,0.7925532105002627,0.7319547853732395,0.31359097368882993,0.3624931044094779,0.1684220904304016
10.91,0.16381661640058337,0.15673384334252638,0.35583239343111456,0.5314211378771714,0.6563240000146393,0.7818612010067633,0.9916998171765188,1.0571680542649053,1.1676211474451756,1.2353205866613097,1.3259376432088485,1.3773342331906924,1.3583318241990736,1.3761496180360682,1.416670398983231,1.548051359484128,1.427852882683125,1.4882841906125301,1.4370455165286558,1.3107480034300163,1.3767809969995526,1.3312835505239886,1.0934235610972218,1.2072502370140923,1.0394129187579488,1.1250733380861742,0.9925144445140587,0.7989471858633538,0.7908269098198586,0.29716471066441696,0.3631252963143173,0.20727815147606632
10.920000000000002,0.257547696427899,0.18633340195021184,0.3719689431084767,0.5488684374150843,0.6181717312025655,0.789605108213661,0.971952297713389,1.0308183755087486,1.1826689724430974,1.215104334128322,1.364688035060447,1.4203636932080985,1.4260384008446207,1.469430326671345,1.4360102306167515,1.4548689044879106,1.5453907651340257,1.4906573062543056,1.4271558391515349,1.3935054858431375,1.348296954919197,1.3383171781800494,1.1661470167732064,1.2114271833481753,1.044568900989088,1.1165119672851,0.9329615490175402,0.8421148997420046,0.7717495128183204,0.3384292886460283,0.3631738052621084,0.22902381449515755
10.93,0.2526895758617402,0.1899647537692753,0.3649120592696345,0.5018688558592027,0.6493443275629848,0.7523157933230695,0.9778625213602953,1.0537206358042415,1.205169323510752,1.2042229198320948,1.3333441254143779,1.323185570388262,1.4100315177458413,1.5010844672203638,1.441350496631422,1.5378910833519897,1.511353504745635,1.4106879408973523,1.399706910345898,1.3573754605452575,1.391521947446787,1.3541818415529014,1.1854119130896177,1.2598588362944878,1.0962243732258328,1.125624784207431,0.9530458756253968,0.8093648314132706,0.7393166795119265,0.354319776426305,0.375222657764031,0.2271562476277126
10.940000000000001,0.2793785117569886,0.23353448164700302,0.37975864995753555,0.5378371073989069,0.659815520927482,0.7404091623439276,0.9788274029757574,1.0683899867954905,1.178492776539107,1.281508184885974,1.3288338035859097,1.3771639954913169,1.4331611447065482,1.4410077847755225,1.4559179172382712,1.5100860136305607,1.4937264346743695,1.3927139295512632,1.4283599372840279,1.358234810619055,1.3603157627135685,1.3186706755696203,1.186710295463541,1.1773605597360248,0.9845420764334716,1.1570061246481809,0.9698010466589133,0.8832020910145624,0.7284820230260401,0.33338378678109293,0.4062585544192474,0.2441614381351152
10.95,0.23710908758788185,0.19040258239983004,0.30161593388433555,0.5143099214057705,0.7038882080690582,0.8042034465416962,0.9749296774409073,1.084152698668375,1.1297325652381645,1.205901418771887,1.3803205262354477,1.388281666861999,1.4145759951377401,1.4844138143385657,1.4972514438743851,1.457797183948675,1.5311554100975517,1.4472348944880191,1.4773494045689444,1.4050844450457805,1.2917861617601962,1.3374604273303197,1.0921697175530776,1.2306390843337998,0.9728123892529681,1.0519454510731892,1.0347969307726674,0.9628562567877359,0.6899190745949322,0.39341465703548956,0.4117072110628443,0.29216162491429554
10.96,0.24148137405620082,0.11021090051856257,0.33621866977054443,0.4887994940756874,0.6293313795320286,0.8110778324199467,0.9532798951098319,1.057791863369307,1.1843228029442194,1.197937245658808,1.272101963153387,1.3188752885124844,1.3813344635080043,1.4894482604804222,1.4664149133889017,1.5256583835010944,1.4991391826805764,1.4738889883416824,1.457349207714346,1.3809544568110745,1.3365559187858378,1.3579298698361377,1.1894712487577086,1.205499485722195,1.0328202735904086,1.1071287541270207,0.9992256443585275,0.9035309606062901,0.7793328411627335,0.3849277166156752,0.45613947420575746,0.3110944200695369
10.969999999999999,0.3079437073771053,0.04703580514269916,0.3496993547043784,0.44313062743150644,0.6447143322680873,0.8279991009791059,0.9740062206391427,1.0525385304177926,1.2169408320481752,1.22229422971718,1.354350207338979,1.3180222213655308,1.41072284031038,1.4574610133391082,1.4969237321777344,1.5460215045090753,1.582210513607581,1.4609463789051569,1.4371008243538679,1.366742330935692,1.3642706808315161,1.344092722290108,1.1799085643567615,1.3231547775319938,0.9965254338771954,1.1104842919271127,1.0134087248606813,0.9366735329592022,0.7296230456436548,0.39298475159310836,0.357939098368281,0.31180121012758566
10.98,0.17668051690775613,0.12296668025877168,0.3366054045486902,0.4435501147808763,0.6165444928434685,0.7754235778919818,0.9528624207125369,1.087469288076192,1.2167840518499127,1.2399473444639453,1.3327513396205488,1.3643145409811752,1.4326949104686044,1.4549430342306056,1.5713831250205041,1.5270165588316402,1.5140660586698702,1.4783192223788313,1.379111696699755,1.3583666496605673,1.3902763749749576,1.263520908762366,1.2115700794643147,1.2134321549714366,0.9609828130691055,1.1021140298681558,1.0016535692945139,0.9207641506754353,0.7546009574792042,0.41516774619749336,0.498457131031217,0.34444399306787754
10.990000000000002,0.21596591244211655,0.11915189788682465,0.3207408165279415,0.5167102816930638,0.6014744388214283,0.801825989483433,1.0424485269927706,1.1198410508575096,1.2049339010440143,1.1977229486765553,1.3372034268164756,1.3548302257329543,1.389424988963089,1.5220863059579384,1.5083314862482968,1.4488969953146047,1.5364475990707382,1.4530058665087826,1.4208518244719661,1.3930133984415476,1.369184437866489,1.3179786455363371,1.1493406466661589,1.2418733696928703,0.9996874806874297,1.1147218487222712,1.0593629266635203,0.9492249134251544,0.73191306676996,0.4251234327874394,0.4478857614621553,0.33714688028293655
11.0,0.21156206121151036,0.07257767738174115,0.2732320461249759,0.44985711515554155,0.5304927759511446,0.7823881960731194,0.9821213061105745,1.0887158553379481,1.206723863650735,1.177894062993527,1.3164859041575327,1.3134736378631178,1.4000031855896247,1.4770573751144072,1.4675228740759823,1.4995903930502892,1.5523332327624317,1.4767162381387458,1.4178942091479128,1.3786331430708996,1.2710145595760496,1.2910702106367684,1.203789741752567,1.213629047300803,0.9547709515792382,1.0649179179920398,0.9927014649253757,0.9407160437870461,0.7779558159107413,0.4385381084737751,0.41310948787624974,0.31029625990146
11.010000000000002,0.22649043349880318,0.0704472471560396,0.2287872465959774,0.42091958008181474,0.6081681982023804,0.7907891992012586,1.0174893287985638,1.0813156521477771,1.1905922981609058,1.2148979810453724,1.3369281683847678,1.361023506583281,1.4376557948458595,1.5392854836667005,1.5615456998326958,1.51130750698586,1.5771626463755146,1.467274815229613,1.4410519090052476,1.4203829392829612,1.3580827462532372,1.3544302423325651,1.1714315539155649,1.2656177728541924,0.9692051589562387,1.0687572112889705,1.017243495531083,0.8806684982104855,0.6949606290111225,0.467243563446133,0.4783449720791965,0.3367637198361017
11.02,0.21224438423402883,0.12738175583166578,0.3216251454964532,0.4590321206302452,0.6578502486608724,0.8298569988336663,1.044208074371015,1.1150617637338158,1.198648618384933,1.190708828355711,1.3256832429723244,1.3854375586459773,1.464297649829374,1.4466931516817687,1.4686113719901606,1.4837252063432782,1.506369807868868,1.4394147485252053,1.3920609826783827,1.3522638563975156,1.3759128928782116,1.2880206650660266,1.2046194854807895,1.1865097275381156,0.9895498483153115,1.1214210808544556,0.9673815674458919,0.9116436217161822,0.7200153558467002,0.4058678143224067,0.4126542472400021,0.26346505693174876
11.030000000000001,0.20888286345467333,0.07886141993259528,0.35108811813784957,0.47281644081254376,0.5798003431968496,0.8306622784805789,1.0426999968068242,1.0612156866650175,1.191580305379292,1.1994455522082756,1.333386755308994,1.3932830289770117,1.3847699364375194,1.4636746429334637,1.5059896626717948,1.451995786892287,1.5745971118883826,1.4446716821497498,1.419601807344408,1.402032231666892,1.3249645161966737,1.3117003544170227,1.162505207517372,1.2464651980237382,0.9262191216033586,1.0915464323191926,1.0084251522820729,0.8870407753872598,0.7156286127272145,0.5003893698818018,0.4435934827278998,0.20570657399190906
11.04,0.21674795244388603,0.0910311035384901,0.253495991933616,0.49954348443278956,0.5621935134512225,0.8785146237847516,1.0084218351882712,1.1190787536547613,1.1223784610031036,1.1605557847779098,1.2911092815287581,1.3604619625269458,1.4457133376063422,1.473934533470503,1.5563061002079712,1.5400724108297703,1.4659643859418081,1.439025716422803,1.4516224148708645,1.4268076931952984,1.3180772933777296,1.225087014817726,1.0975255319598778,1.2243776013106646,0.9931287798144799,1.1099800429213047,1.0048543849127458,0.912716275226889,0.6847140831582664,0.488104057075258,0.37123748352455754,0.24162066602799107
11.05,0.22728316682037436,0.09451152109848202,0.3090248094921368,0.4493579238412793,0.6127116043986729,0.9048538329035759,1.0759001278784652,1.1583158478038103,1.1875578070591353,1.1995239758510259,1.3446788925448412,1.401496630284125,1.4921902397709428,1.5171790126147058,1.5317757928959979,1.5246635335441,1.4308076569627437,1.4112649952456515,1.4317876730937529,1.389486056180777,1.341695639431879,1.241344380902298,1.2022688564499995,1.3227748777660113,0.9383168532063868,1.1126236862771788,1.000595566100132,0.8748488127880962,0.7072753406844692,0.5205746709217909,0.3946835234014981,0.24904445046863455
11.059999999999999,0.1984233025772052,0.13123397328632438,0.27013246413001474,0.4668773515840179,0.6783204030614526,0.870597639091348,1.0158658705205286,1.114633924309536,1.1682235692213117,1.2360731245349752,1.2920500070887946,1.3482144048752058,1.45694079968033,1.4570411795283482,1.5293556017223147,1.4975323167617243,1.5011918238943904,1.472953274779804,1.466147981819746,1.3599768423444396,1.3150558838231605,1.2528464661641368,1.1291086440515912,1.2520291113943443,0.8986572154965878,1.008147327115592,0.9924712493144725,0.8297081881152489,0.682145979777572,0.4901948981653675,0.3956887846102116,0.2427926839326583
11.07,0.2248794397586283,0.08076787009023086,0.32553180376153146,0.45008608301084657,0.5911994833480175,0.8882687615583814,1.0336187012041405,1.074728644632255,1.1728111297646322,1.1712506475076279,1.3254591785138745,1.3883628644741794,1.420278503940004,1.4466542978720096,1.5008043504357604,1.4776886069949775,1.4940354445243806,1.3811773184940979,1.4127514588792023,1.3353385805155902,1.336096153663631,1.2364365533227437,1.1195616715408723,1.23759688375593,0.9803701116130262,1.0677811861334827,0.9944287713442473,0.8868422700919336,0.7442724188673268,0.5491304469323655,0.4231161981852294,0.16660942619614083
11.080000000000002,0.18810140460935246,0.04828729402652249,0.3346389803696001,0.5159112026200685,0.5536820582327426,0.9037186391998244,1.0762297525749749,1.185924907957977,1.1885711342448433,1.2204238057917725,1.3480706699041756,1.3849287753297812,1.4729544201951863,1.4700855273393847,1.5010453315578696,1.508845054113023,1.454035256188034,1.3432846586957736,1.3421353218747263,1.3276884366094626,1.2919425045741304,1.2498589819270023,1.171615065865644,1.3212242008705108,0.9455018400264483,1.108974262220395,0.988996088597441,0.8685641206775675,0.7612594486189815,0.549023196503264,0.374274281359623,0.1577095792868078
11.09,0.17168580860063626,0.09996644824685508,0.3031356630444549,0.5256083097861681,0.6591404805218348,0.8987363077896192,1.0792235588772225,1.0986543672978815,1.2586345755432893,1.2169313376423694,1.3342987787300726,1.360539764323558,1.4506918584414579,1.4385492803518154,1.4950024174307384,1.5380517025049194,1.5381351599645026,1.4509693577960396,1.3874555743187846,1.360719973413416,1.2737114307503883,1.2154194981160826,1.1406640779406962,1.2685621848151325,0.9163491845136378,1.0345466743241145,1.031624064819013,0.830334077278456,0.7358943341636862,0.59493788345037,0.41108280999063185,0.14095659783487058
11.100000000000001,0.1718619867884639,0.12992823536857032,0.29804116353056975,0.4545916453030764,0.5577065035569261,0.9375278443021254,1.016477469151917,1.1620459505910443,1.2430154432390086,1.2275533361968458,1.3015683247534084,1.4103251195595121,1.4444627743486405,1.4233800562597667,1.4841915783722126,1.4499414035434999,1.4584945809955043,1.4287991874896426,1.344352513444551,1.3714226622286745,1.31471345603877,1.2096390497972282,1.1136084505089308,1.2616101347093294,0.9370695226982249,1.0555916767760958,1.0154898735482345,0.8693227725841864,0.7279629496018615,0.528261937458144,0.2927385309173012,0.12480764235513273
11.11,0.20923402762984972,0.10664826788469921,0.33897273649619664,0.5056106869903911,0.6080631415444906,0.9489346558169044,1.043962526057172,1.1615700779355653,1.219789847645975,1.305926825990626,1.3884448647948275,1.4394411986567401,1.4259032111775052,1.4875476967858048,1.5279191449335705,1.522804478672904,1.4801078984757132,1.453309178113032,1.3866693918300999,1.3503816124731158,1.2612180964350088,1.162053820164123,1.1195786056241623,1.2987488878781894,0.9056872210797131,1.0924894984873461,1.017471811688814,0.8357409517118704,0.6755977459320925,0.5631108556858628,0.3126558594294479,0.0892267830709108
11.120000000000001,0.19648316429880086,0.10806327097961649,0.32830335551260414,0.4882776819705335,0.6814304510086407,0.9863658875267168,1.035334846195072,1.1345098000334681,1.1887278858743404,1.2533025318689202,1.343247930281512,1.3974612631198633,1.4433070620116542,1.4660001171517327,1.5380407894409724,1.467217820099446,1.4147738311609663,1.4014754940006708,1.374510102157694,1.3236252986526775,1.2658623926271642,1.1778183438811007,1.1943981994376744,1.297669840042963,0.9598229750604861,1.0459907335379925,1.0500459940508544,0.8154085203995518,0.7198384545392044,0.5687665282590051,0.32239023735023375,0.11761457493898289
11.129999999999999,0.16645512348674812,0.15695114769268836,0.35326934049847747,0.5722216999632725,0.657283515005555,0.9404442148718735,1.0722885632795516,1.1506608085544074,1.2181864136281284,1.2403757140820284,1.3520512985507005,1.3818536787349383,1.4293417733769906,1.4407592375810063,1.4440328837468548,1.4542893791377602,1.445727734677222,1.4022384031561255,1.397151247830719,1.4046664250240535,1.2761385220897987,1.183916837780318,1.202680741513919,1.294342201354124,0.9431295954633547,1.1062602493308233,1.0863491195477677,0.8458057296868944,0.7843082370172206,0.5672362401265844,0.2571983883705123,0.10317849374689311
11.14,0.12931808945920337,0.1317986258564181,0.37769754333501937,0.5143160837053252,0.6751419300374469,0.9318380342572208,1.044090729731029,1.1905674400149968,1.1714265376345687,1.2810584877443982,1.3155550889894996,1.4138032550742266,1.455400745123227,1.393138430665798,1.4927511936721944,1.4747192658628585,1.4852123697893285,1.4217658006895342,1.3660046890571775,1.352258600558711,1.2796266284584772,1.186941062527123,1.1793016949053767,1.30751865606196,1.0016722108957916,1.1538801400884067,1.034665085271726,0.8601111556683795,0.7931762086111982,0.5948345594347871,0.28380063714763953,0.03206077673028503
11.150000000000002,0.16905931903348723,0.15593060727475677,0.380477395611603,0.49008143564612333,0.6327363997020192,0.9074173208054565,1.0027499287054285,1.139625694477035,1.1770264445188152,1.230033863328734,1.3264161564823418,1.3909419418922588,1.4013269164643398,1.4675919172792795,1.536606783711652,1.4932582264745256,1.4326349570673629,1.4221818722880195,1.4236838946230634,1.3996253451208667,1.252691131609088,1.1801830280911885,1.1734254554046644,1.301067760873683,1.0217474119384542,1.2083139822829188,1.0094905427182197,0.7625613343937596,0.6843709781744808,0.5317207580212446,0.26905052696674003,-0.014979176375469222
11.16,0.1973196074727605,0.18396909137695247,0.3289723341635828,0.49627915143780765,0.6479030669453036,0.9700607992122089,0.9328154378978633,1.107220603467704,1.1869160530062859,1.21011780239061,1.2745675570352313,1.3929733569660157,1.4309842749529873,1.479487302396077,1.501088340406407,1.522784949327029,1.4481111208182416,1.422220572348526,1.3631443679933577,1.4012444353224982,1.3122255380990615,1.181405164267586,1.2268952342460926,1.3463545426229886,1.0786458152629979,1.1710493026381625,1.045804130110384,0.7603124867973725,0.747076223831671,0.5681318850916192,0.27972297228659065,-0.009240321820024095
11.170000000000002,0.14683428867168277,0.2203311893134248,0.3240601170797568,0.4844198777819937,0.6460739304034138,0.982629899878831,0.9450349300671316,1.1553586061833623,1.1240967678690779,1.2639485909236718,1.2920341192422318,1.3776942633728357,1.4278931939970847,1.4747593566447892,1.5023877675631625,1.4705591815944152,1.4807859014025908,1.4410041916816296,1.4414401877350964,1.4509035946294497,1.335507543040567,1.1930365713598974,1.200979558424569,1.2901610329714315,1.0107845660262595,1.102975583490914,1.0166122509978313,0.7064570919216479,0.7396587997771349,0.5766323834024318,0.2407584436146637,0.011600660081376434
11.18,0.0621901941981703,0.20812022079858478,0.3686990744108887,0.5389902075090179,0.6368851931765441,0.9213381919857058,0.9784696277364512,1.0834603034922017,1.1262658384207982,1.240499044995687,1.281349741077168,1.448218476823781,1.4361129073842815,1.492237803643102,1.5366706015718945,1.4980938690178613,1.4408087728552532,1.443394466746999,1.4147845594390949,1.4034270673814124,1.2401929406592067,1.2863197017575454,1.2611418609811975,1.2598509362273054,1.0015619763556693,1.0620679911385622,1.021673930794531,0.6961999699483129,0.6918211934507713,0.54206395986515,0.19444280303178135,-0.050478652468367066
11.190000000000001,0.0948027007279062,0.2056393862370973,0.36369586861133607,0.5160620340755904,0.6614124627019723,0.9489595069204975,0.9039648262638124,1.0947377229130824,1.1840449824517747,1.2730421714048012,1.292001737124959,1.4404165031636613,1.4343297956611707,1.4681680654341434,1.4657923719125039,1.480965694293677,1.445919420860282,1.4874569144072223,1.3736241203110509,1.3696236421858938,1.3813192870196753,1.2832888086541594,1.2110121663532205,1.2597319260507684,0.9856649938770674,1.0818051195539007,0.9549101357084361,0.6338268702466152,0.6700123252129838,0.45026911904301087,0.13217142791171627,-0.04647790970176297
11.2,0.07991611575794391,0.22036839330251254,0.38927385996580327,0.5693294693738182,0.6861785557517448,0.9204581926158567,1.006368338316761,1.084304053540669,1.1418062291585913,1.3160322693142068,1.3391135914798817,1.4500109810066117,1.4064584319290168,1.481740516318328,1.4924236284031034,1.4949216264968812,1.5746374368792608,1.4989523488770833,1.466052794806608,1.4434904980009051,1.3493608098249381,1.2836413162173725,1.302959040370411,1.1942456405566901,0.9346364424541919,1.0493331281700677,0.9793207114547836,0.6987450974496534,0.6796536364687843,0.5650873648914018,0.22063873070387016,-0.09714440892361702
11.21,0.02326696239102783,0.21636626327979805,0.44939012324499605,0.5296039168829607,0.6872725137993126,0.9589070603536163,0.9172730020901525,1.0885220597277014,1.1178024467519452,1.2825985275971863,1.3159633995396331,1.45689965014379,1.3832010531055454,1.394918074073288,1.4597905268039109,1.4930628347304369,1.45911874081399,1.470968543234704,1.4540433564976278,1.4523939920924493,1.351614786054925,1.2840013881975958,1.3080540763217745,1.2578856209235802,1.030858062590032,1.0717627547206472,0.9757342487241378,0.6106723952620409,0.6957304662635108,0.5105215537281192,0.1727992952867469,-0.05933215130807613
11.219999999999999,0.021216686228607857,0.17309129082650596,0.40271347937758323,0.5298406601992255,0.6591739728252168,0.8952202204690796,0.9319518152303872,1.0672064918200548,1.2333587776816828,1.2908938935135206,1.2920300372295113,1.4009469591815575,1.2933855052876855,1.443438021290375,1.5126086216844972,1.4491669287752065,1.4907701909356783,1.4613359334916494,1.495829205488504,1.4866728468753665,1.4028332149412555,1.32165394443398,1.2912045236923138,1.201551566899072,1.0484173989330847,1.0370396238242792,0.9186818068311068,0.5968483487159695,0.7525136286414518,0.5081145164246743,0.04461367517875324,-0.0601749632517888
11.23,0.008926882943269253,0.2772702402098645,0.39965804651366105,0.5634148719880335,0.7139661592787766,0.9164821318117414,0.9221397663471952,1.0410054647703055,1.1047902876526214,1.2428287470343975,1.2818533374820356,1.396234955417892,1.4121780172485685,1.5276260621016768,1.4840671865008552,1.499089377600659,1.429342547512258,1.4735712981013496,1.492029176344618,1.53740904749088,1.4152856974695132,1.3045533385679897,1.3776262632589713,1.212980260191231,1.0364517380428162,1.031040249974728,0.9179140551800812,0.5738800016389917,0.6165009363303476,0.46813907804425786,0.10664801713524909,-0.1090578731517505
11.240000000000002,0.0021433862562096166,0.23884595252048085,0.4421971188271302,0.6047314603625488,0.6623453048198149,0.8909679383517929,0.9295803126666382,1.045099935586672,1.1149555156318671,1.2811591057959615,1.3270814821605463,1.4058551710055025,1.4265806577565143,1.4514271070821776,1.4490371839924068,1.5609265290893337,1.5008099085492386,1.5423571037922872,1.4687011121131224,1.469571726077402,1.4560439929994298,1.3371459262770262,1.3196523633505295,1.2134661209261772,1.0383886681566488,0.9827857086537841,0.8076779556521516,0.5850638489969409,0.6165842605270839,0.39983385110343134,0.020118675142339924,-0.16652242918080815
11.25,0.06966846104259426,0.308858310704728,0.4415889481458047,0.53775674611704,0.7056928517894516,0.8898976103138064,0.8941244725703738,1.0417528480374,1.1517110771762138,1.2576778959759842,1.2763436242178343,1.4000035234765271,1.432504594281357,1.512015524600198,1.525740472865709,1.5029312878754941,1.5343938821765688,1.4714087303198917,1.507980600306978,1.4783385532893834,1.4830623203957458,1.3228130194181595,1.331407731616977,1.208028682799934,0.9927477243662728,0.9834001865140917,0.8185770001549778,0.5091223121417694,0.5957425445205934,0.4258418213117662,0.029488891973153346,-0.14122954991818795
11.260000000000002,0.030622179628968415,0.29238743728242655,0.4615896012007017,0.5897082889238013,0.7514651193237969,0.8439732921143789,0.8862829217242405,1.0352961632899556,1.1349312435636065,1.3021273577655637,1.2948164086491358,1.3721146577681118,1.3700396249715294,1.445113383183064,1.4944193179155711,1.5153095789950903,1.4295388054954887,1.495588638678103,1.5289346532319887,1.4943862370008643,1.3813082381088975,1.3510099924756371,1.3291586488931413,1.115534605116651,1.0547637563877896,0.919976072190747,0.7811499498773531,0.5280869131635859,0.5451594980671479,0.39192643319637166,-0.013587153813501365,-0.10787250189817811
11.27,0.025673482569801155,0.22720362079140538,0.48972119822289156,0.6306177728666634,0.7912184002184234,0.9602755703556509,0.888509854666835,1.0457427524721574,1.132483305071833,1.2892025093305626,1.2626481902473885,1.369069949296573,1.4409374190191868,1.5128819835443215,1.5026979892585508,1.4941218532692457,1.5075930862625242,1.4963522645202683,1.4977152173575956,1.5148544329313247,1.4791609797454564,1.3812471015108763,1.3262687526868475,1.1045617550182878,0.9259304614344771,0.9309431582442147,0.8125089563309016,0.5075710797125761,0.46722439130034155,0.3410735393247905,0.038891084290555517,-0.14104529758976378
11.280000000000001,0.006954707694252972,0.3277852430640784,0.5450347243110641,0.6300656100669652,0.7801537162596324,0.9324690039500774,0.8972598389838333,1.0097214334928755,1.0446368596853486,1.31962573544519,1.3270879554550152,1.3750735472850704,1.4621872212320532,1.511964584126643,1.4738893872356196,1.516277013293652,1.4763023329833473,1.520009468502775,1.4902208103189407,1.4469915925755752,1.4429071979649783,1.4184553295349682,1.308126933947085,1.0876264170242602,0.9333290464138818,0.9233018996038462,0.6819953567583362,0.47322790719529867,0.46239440506465557,0.3149233734592987,0.020949340374096733,-0.09000530824604015
11.29,0.039277802462049746,0.3084609756393433,0.4682287677606597,0.6536609233725873,0.7568126449201898,0.8587634231813477,0.9213044225149188,1.0451481069997113,1.1415001056246568,1.2478578893352534,1.3165648957678877,1.385659015381455,1.4748857330654095,1.4320502078667936,1.4240147548359503,1.496117440577801,1.5229807852526416,1.5309606692990338,1.5297513503351672,1.5104689947365215,1.4674945769215542,1.4293986953106117,1.3044858818473684,1.0548184602062152,0.9819537325680722,0.88391254993867,0.7428916348342761,0.4713263974147941,0.4589048604914882,0.32897686446308777,0.03297929378254762,0.016978890182077176
11.3,0.07207143894138113,0.3029643115436978,0.48733926197688476,0.6574989761884386,0.7395960414029101,0.8370450613768592,0.8840917468811541,1.0096603323111326,1.162992083887137,1.3414727574180505,1.3007074347446543,1.3568940893597596,1.3740019212194903,1.4325157919625013,1.4529305870657958,1.526747916846768,1.5140170558903183,1.4983608315178945,1.5197466339005945,1.5000217383117336,1.4647719509754933,1.3736128363454392,1.2566760072033432,1.0622820094780903,0.9794602113904091,0.8511516027545108,0.7861251306184853,0.4797677594294923,0.42287339541149693,0.36129857572507024,0.11001574757380463,0.01921625617308951
11.309999999999999,0.06246457006691896,0.32596643132827907,0.512840453341482,0.6188381063850605,0.7501319256016147,0.7890916284837614,0.9084625669400869,1.0184240879142463,1.1712146064946116,1.2430876079603839,1.3088191006388992,1.4149689050659013,1.3974543965698443,1.4583534521674884,1.4766434855216994,1.4722123036297312,1.5200722980622496,1.4617776061705392,1.4995470562960933,1.492430252840827,1.4963758160128726,1.4194274347574405,1.307914560763774,1.0248492934187414,0.9516065525043154,0.8887936524474721,0.7404141097222846,0.488970065464172,0.38193341772596284,0.3252317000467325,0.055610050130913594,0.039219781366532445
11.32,0.0570945936504339,0.3289017967442024,0.4652786681657424,0.6868839968631564,0.8162431991577768,0.8095273882625991,0.9210267301459059,0.9839977234778599,1.1613664198282292,1.2819515952387044,1.3028305438712064,1.4211780348783394,1.4783935463240494,1.4962311836850903,1.485712473383606,1.51715661385549,1.5489681123593129,1.531469796099891,1.5592316780483009,1.5203014560490389,1.4874984155542408,1.4410439673489608,1.2479818545979122,1.013541565670015,0.9337249156957017,0.8376882603692569,0.6949734617259997,0.5167970833558412,0.40711039549989136,0.3857397224279076,0.10476415291252719,0.09431473909811677
11.330000000000002,0.06866723697746883,0.3504932050920655,0.5833185947761582,0.6540606707802299,0.7770797464536284,0.7991087372690928,0.848285162772225,0.980643268561487,1.1075676712344606,1.3141828594249239,1.3716652011746533,1.3874418004107425,1.3256332168912528,1.4417513726319673,1.4414838577007385,1.4901120500636997,1.5813265779219516,1.479790640650164,1.5316696693793737,1.4757501867400131,1.5226879546756156,1.4353320415026727,1.3031237934833053,1.0406043227119715,0.9292137255807336,0.8676112933614395,0.7065805529485621,0.5506350522121255,0.3917532531520722,0.31234080120579283,0.09339338575602844,0.08650088306571803
11.34,0.12159316202347674,0.3827620555397523,0.5875604357484782,0.6885568328206514,0.7852127766636863,0.804529373108886,0.9436353860714136,0.9718619866472795,1.137201067533543,1.2825666527265522,1.3768134271818129,1.3698040578374429,1.3991517487409104,1.4728222681720138,1.4250623081351779,1.5069557116318555,1.4712341932140642,1.4715414061673635,1.6075410620619084,1.5182191777984808,1.5129933112626266,1.4353303069259302,1.2408235424402616,1.0405481307860591,0.9022384923330901,0.8247809258380957,0.7138168943684156,0.568620106836423,0.48709193814836343,0.31214741039851723,0.1376882601398672,0.1133579261000472
11.350000000000001,0.11048222339372428,0.365024899808562,0.5057758646821965,0.6636717751961363,0.7548037689822357,0.7714650232564275,0.9571760301966076,1.0309317333741497,1.1778186845291982,1.2852377745775643,1.281105021590589,1.3282841594860455,1.4178584663076355,1.530305365239123,1.4994280378673872,1.510650472570979,1.5291682741197097,1.4459337657381541,1.478554063119915,1.5014919950621324,1.5233963002782178,1.4360295134400092,1.2830000314210661,1.0507825011700547,0.9153164675716765,0.8886012530254528,0.7399155232237378,0.5728232623372974,0.4468209274788564,0.32430219938615257,0.18335157683833564,0.16029722708548305
11.36,0.15415131438280488,0.37430875480710574,0.5834160226539539,0.656232853163471,0.7419573668545527,0.78734945590757,0.9177965570483511,1.0143374429654777,1.1837905842026015,1.262677326477565,1.3319409136607514,1.3756235234367606,1.364692007184518,1.472717012446589,1.5088089934164413,1.5258463763050982,1.5330489102657043,1.4334731295565306,1.5014832744582582,1.460571539945503,1.5038718250175662,1.443339104543119,1.2880061090137132,1.0778677489552853,0.8539465897637316,0.8424974127521667,0.7114574447216824,0.6649720942069848,0.49432599837633706,0.3861857548666001,0.22546711392491892,0.19256218368856845
11.370000000000001,0.09140762290838716,0.32353148906029705,0.4993973595671631,0.6078259858854071,0.7326970939076922,0.7684483274782333,0.9399446317542728,0.9647185972487902,1.1113325569834738,1.226213867665865,1.353116796017101,1.316708279670623,1.4456107601902402,1.4651614547068992,1.4617119353438848,1.4758405329307749,1.5598380345925091,1.5041285932152695,1.5371183919154494,1.4886824550316151,1.453472529084721,1.4989829434293598,1.2843726656411059,1.1225991878458188,0.9478339580734113,0.839790265288205,0.7139996405226552,0.6505477970254594,0.4772955732814553,0.3285947140344139,0.1794670156669094,0.2031160822794145
11.379999999999999,0.12371331015458727,0.29233896908862395,0.508698265593728,0.6452291583685466,0.7579732595823806,0.7133497270528832,0.9445388912208864,0.9845932605547879,1.1984150008046914,1.232063489941466,1.309902110218464,1.3433229994442348,1.440652477799668,1.4978298168326525,1.4739485476589171,1.5501342026155769,1.5029178440044588,1.5011105995562757,1.4996782784307066,1.479060713553043,1.4257920411718763,1.4245948188575082,1.254430724133228,1.0468850065779733,0.9533337660849663,0.7882545470290707,0.7091215823068959,0.6291670783249087,0.4549561731589355,0.341509285223606,0.22410217564383486,0.2115521197189307
11.39,0.1123141291182568,0.3045518913204677,0.5291241272549937,0.6597341588470941,0.7886381658836961,0.7797837205725865,0.9541284100933065,1.035728121500234,1.1968512226144798,1.2189493291160869,1.3274286958090664,1.363631321047154,1.396981156892083,1.4478567261136224,1.4626553710718087,1.4839295602789906,1.5424893794401697,1.5033409274375216,1.5274790170166475,1.4390572951040776,1.4716524182119877,1.403824358554156,1.2778524220385683,1.1111963581571977,0.9512343820371585,0.8350256557506119,0.7854584991814452,0.6753845181650046,0.45406061320370456,0.34940209548543716,0.27010717748282,0.23891702082388813
11.400000000000002,0.1145493986368985,0.3445462930700264,0.5474142049873687,0.5738951961625388,0.7576919554062167,0.7121459085823585,0.9691931511584277,1.0524136994793367,1.1821946993315242,1.2498074422814112,1.3408315705764364,1.3768946170679723,1.4395568240856773,1.482253683483021,1.5247646397318495,1.515392866701005,1.490923802216838,1.4478031774340472,1.4659752842187894,1.4059345472774287,1.439730059864553,1.4437981627186045,1.2678434870724613,1.1458383915969117,0.9384816484415341,0.842496913517421,0.7627473121503736,0.6644427902597354,0.4927780308491039,0.32474441411138244,0.32591110881915925,0.3099430662772114
11.41,0.10343684129324873,0.31176715367344365,0.4526696968321348,0.6279432891090748,0.8016458065796813,0.8392391109505408,0.9281068842818425,1.0275357524629876,1.2095776946208894,1.2835912869206327,1.3333271452161986,1.3785366829310344,1.4551590786300743,1.4571831569855862,1.506465171358836,1.4483762581106217,1.5150701259983614,1.5341550643701791,1.5106210482766935,1.4821176551271988,1.432212582253594,1.4222870456202195,1.3133049771741012,1.10132909012176,0.9505292764432676,0.9239955405042677,0.7435621091461082,0.7219666807937483,0.4996625850376055,0.3399469499023837,0.36634162824001415,0.26342573414036635
11.420000000000002,0.01467268166549925,0.2761618755576466,0.3889468028054723,0.632368187801002,0.7514881593170073,0.7640937950594191,1.0059219761620548,1.0656770196290641,1.1970360254819699,1.2709191220491491,1.348625038997816,1.3319895305074878,1.443117514752349,1.472744491236946,1.5103958514478364,1.5435661818666035,1.4854630199765329,1.4512100057731994,1.4995093392097856,1.4751836588896776,1.5125248488268122,1.3931799866790484,1.2666971338641606,1.0949588982952587,1.0296491874674756,0.8628795592664484,0.7842850250250263,0.7533664111721591,0.4474775392073957,0.3104706892859974,0.34948472230281447,0.26368447974644055
11.43,0.14361879725264762,0.32251549119971834,0.42935817873185855,0.5956459403162844,0.7380924094833528,0.8099332979703662,0.9722824923770264,1.0598324062310454,1.2164381519843817,1.2782585683477914,1.3604989152001805,1.295285556676819,1.4660126031925196,1.4477127017370515,1.4425266393119442,1.4594764529163615,1.5161439003887056,1.5007005814292933,1.5148174366828207,1.4801956011490753,1.4242061073663075,1.3748177059163043,1.2371624265899286,1.0587706284983849,0.9950711006298135,0.9185587616539501,0.7704705203250792,0.738191514674178,0.48336965708239227,0.38132167005708106,0.3625203522557081,0.2820463468407956
11.440000000000001,0.07535253086782284,0.3341504185561253,0.4818093189667455,0.5794150443514136,0.7048678569960171,0.793487312090952,0.9619116977417246,1.0934408277652305,1.1841515224657535,1.3222638632161297,1.3582405641378317,1.378176203428079,1.3988761789692583,1.4972245007896063,1.4968654392006442,1.5120448249474008,1.5358440937453464,1.4565028326266143,1.4586462096639663,1.4727097054822549,1.4882047762493291,1.3925019525392843,1.3282509111467853,1.1172141811902132,0.9440965832427844,0.8292098708601834,0.7138021234692591,0.7409274874100885,0.47608272920701705,0.3492614050596882,0.34940338238524354,0.19065726086658827
11.45,0.008882967100208293,0.30280655035721454,0.4368803853023928,0.6486649228809495,0.8098887431764712,0.8145900167366638,1.0086193459337889,1.095023071297564,1.2363623892621913,1.2549165814194563,1.3285295158110724,1.2883598601806956,1.4044696819153408,1.4635691127998112,1.4974854698905264,1.5029885322835252,1.5147916011228313,1.462225628016515,1.4636241426692558,1.4365438186552586,1.4302065699582172,1.470013991437986,1.2818327116771462,1.087790400561421,1.0326541447041973,0.8499940150205084,0.8009811490128742,0.8143359458995499,0.49969509811845153,0.3874022274354298,0.3917122101499067,0.1406546269623314
11.46,-0.06063900020087276,0.277612618832486,0.4276881797825826,0.6260142075118745,0.7204732269162173,0.803165507971552,1.0670906798929234,1.1657982191653735,1.2478225053496454,1.3134939655943247,1.3841760700287722,1.351256543528324,1.4232557464026985,1.4888674438007572,1.4700591872947162,1.5186071231910154,1.5490404527247235,1.5463255398577598,1.497327000236593,1.496713628255823,1.460452663866459,1.4201022150641562,1.3562021367160177,1.0958999070705642,1.084236768585539,0.8840264849326905,0.7603830899623555,0.7507393895732686,0.4576053279695463,0.30099653470161275,0.40103734462440155,0.14676156160147608
11.469999999999999,-0.013086194930644151,0.37140203017497947,0.48727955411216917,0.6137246329546346,0.7426764813047548,0.8090886934450436,1.0485105159442383,1.126267213760949,1.2301979043907814,1.187462131296313,1.2882491280682569,1.3730534510792631,1.4515090341800172,1.475476382898259,1.4659706257094847,1.4328256658205838,1.5006802748521733,1.5674831547990051,1.4692623638451485,1.5371884516860508,1.5042008578705204,1.3939908001774053,1.333020714724131,1.1015867281149687,0.9979999007190642,0.8861953981574906,0.7528196938918638,0.7959071118764389,0.440911259086765,0.357112772562781,0.38458528613602466,0.1380345696056855
11.48,-0.007285369052224593,0.42089980657429005,0.49156601344860634,0.6746145296034036,0.830617418452324,0.8433870551742374,1.0414881571819445,1.1566451278110557,1.2345304604297154,1.2211791786796657,1.345215690649728,1.4159898780261273,1.4844127062922712,1.4926753336964678,1.4963022765183807,1.4205391637968283,1.509198737531028,1.4521317289357654,1.526802794477813,1.5612254959764897,1.3676779437152016,1.3872348459799744,1.3433808176288329,1.0400285026972367,1.0557335304553208,0.8564367560997888,0.7093386760387911,0.753440904455659,0.4541148389188015,0.3531793924510227,0.37000654890017776,0.1300097470965683
11.490000000000002,-0.0676718234352435,0.34900671661240185,0.5191840027164383,0.6674317520435701,0.7717420598873335,0.8999968013274966,1.1211295170922777,1.1329101604609393,1.1664037405137972,1.2679145402541863,1.3397002900871988,1.3813741680363605,1.4316878759537328,1.47372693695579,1.5420623738077082,1.4696720372738634,1.532608956733618,1.5555456028719694,1.4588779704246615,1.4759996372375215,1.3884041085557983,1.4223336949638128,1.3380163233084121,1.1231134800771307,1.0723379972680398,0.8974946827017966,0.7627347722375812,0.7065533119344447,0.4661499988681079,0.32738935621639603,0.39304247418939653,0.08557752247034585
11.5,-0.07747881442364507,0.4178311799264276,0.5068704841940278,0.6528560191680293,0.8084494911657786,0.8627358646093899,1.0617451161620202,1.1734763649554223,1.2176019968706406,1.2634968227288186,1.2970109135677073,1.412568631529791,1.487723402193227,1.490825486136656,1.4894015563937852,1.508237436441284,1.4605959617612023,1.4874466407996079,1.4717480825093299,1.5422449021986246,1.4246617373561903,1.377824866445694,1.3042500656333473,1.086154948739097,1.0008366907505195,0.8506208646175445,0.7004590007701965,0.7742396792661811,0.4633835811397151,0.34918108252689356,0.36691461005425924,0.10771159580961935
11.510000000000002,-0.0870692024698844,0.3701689825065177,0.5430183925973213,0.6524434213289103,0.7764949736300873,0.8463646845601086,1.0959950613510592,1.1423093771609458,1.2592097286279667,1.2426044664398956,1.3142881009858471,1.3409481275664659,1.462652836049591,1.4807198167055617,1.41183229115124,1.471725687045424,1.4734854070402124,1.5354532015513274,1.4607391346297136,1.5133087015375757,1.4584539790814697,1.397047494993982,1.3577326871158497,1.0638118276037811,1.0209639311363752,0.8166320725436097,0.7703343877390386,0.7379143335183865,0.39139212111372196,0.37421572778829076,0.32761097513465987,0.06048718957308115
11.52,-0.07390745097236599,0.3452511146719436,0.5370272374208641,0.7003164770266245,0.7607061117403836,0.8911940672428215,1.0756514196325666,1.1203131688270325,1.1762351422344977,1.2087922445127293,1.3551054405701746,1.3660957306297485,1.4532549640736085,1.4876103116756472,1.500253224576939,1.487304137052907,1.4672926283256258,1.4984907787995803,1.4870485865808656,1.5417978638538623,1.3785425112436582,1.3525875044676938,1.350970294873123,1.0788923425364736,1.0302914207835527,0.815685244751406,0.7331926550585959,0.7435480293045762,0.3869067259426796,0.41055479874674394,0.37405395252050927,0.048017025537265494
11.530000000000001,-0.07041765536585022,0.45326631135092205,0.5825798658281454,0.6551100655677368,0.7957171521010479,0.9716871277569608,1.0748682440237758,1.1361779955621296,1.2319551818168204,1.3103024321120604,1.3295478781062073,1.447115231412029,1.4640496055129668,1.454231048815611,1.4843043908643638,1.464691674275614,1.4915499999600124,1.4669845277618765,1.4960402204236511,1.4295585619077236,1.4068806640513196,1.4028374963518755,1.3343025389274994,1.0682314953029424,1.0199758502656895,0.788171308361254,0.7320638835670932,0.8299507734394007,0.39051188131675285,0.4960649478968005,0.36177782411297393,0.020572592417385464
11.54,-0.011912659206701419,0.39031329024763095,0.5884538420558816,0.70619072667871,0.7945879230204401,0.8990812378158549,1.082152744687457,1.1506127788631497,1.1334790700973014,1.2225456072619012,1.299232346807893,1.354246368326459,1.4603281342443253,1.4426406174720727,1.4885798260687284,1.517508854337255,1.4774419218665,1.5595978060508382,1.515103265585539,1.4917133925805095,1.4654062647275967,1.3608365413620551,1.3242018270581901,1.0258697637690253,1.0552472079403967,0.791766627189666,0.6741370207710746,0.7739588694106181,0.4736757111061682,0.4764780998011298,0.39722908513691874,0.08167337992808806
11.55,-0.00155011350394188,0.5019730818703165,0.6028895968851604,0.7151418482051616,0.9075575166628156,0.9495995737237898,1.0596072404892876,1.167512473548292,1.2098259607743438,1.287352002710041,1.272217886730838,1.3837359459457685,1.4498845171082868,1.493357504917423,1.4890416130945345,1.436121043456342,1.4396296238116693,1.506781222271642,1.521611944883601,1.5309742255221364,1.4319022646210722,1.40958854620726,1.3494146134825395,1.0735839001850735,1.0678344771977195,0.7847350546610479,0.6721716456412336,0.755678089807044,0.41283840624556783,0.47023449079649726,0.34189301048774906,0.0068932320059395275
11.559999999999999,-0.05911238437610783,0.3959064429372507,0.604632880922764,0.7634481979978018,0.8406082774198685,0.9460485049875005,0.9798003352234991,1.0743763868851963,1.170262828537129,1.1767983878139845,1.3451128853928032,1.39139152036726,1.3830362360287436,1.4882806425488921,1.5038099112549974,1.5606613301669883,1.450288974501833,1.5219617772344702,1.470548564391681,1.5305974242542684,1.4329934049806528,1.363029549191293,1.3336464943084456,0.993304446481723,1.0689702821547993,0.7727862135575642,0.7087142920887366,0.7555086158429911,0.3929883864789552,0.47369168837093945,0.37635127312921174,-0.006317137273355924
11.57,-0.047663408230030166,0.4190466214089728,0.6038548550821634,0.8295590997339801,0.8779642864110745,0.9316985740800232,1.029594043526784,1.11330419097619,1.1738848725121658,1.2221311847746597,1.3531598678791785,1.4034609916151806,1.420131679667327,1.4733702962403632,1.5447788998390184,1.4746104901687278,1.4882367423663119,1.4646230702772278,1.4906221915564901,1.5469464823684156,1.3684163795708988,1.3729304987854372,1.3856763449368152,1.1026185607941037,1.068940161874333,0.8694042768129799,0.6854402835092414,0.7847408648507224,0.40941926797107214,0.4743073099316166,0.3835613335985063,-0.0003139170778027299
11.580000000000002,-0.040730876813419914,0.39523947099837975,0.6268615733338183,0.7356409048580159,0.8802008056137439,0.9135847162483896,0.999935445419541,1.1871705337931011,1.1989753181694989,1.2333322350279103,1.3442912561719442,1.4181614288618565,1.3886087786100312,1.448522059852496,1.4917912231340753,1.485916755182493,1.443649312172524,1.4894341756519092,1.520614941817089,1.4463887243255076,1.3344472780443737,1.3298323179721554,1.3581793772140454,1.1447217928820708,1.0709498808590399,0.7491466941009494,0.6877758942468412,0.8160720015623629,0.3569519933735525,0.5715206035291966,0.30213362669971094,-0.00309858586854177
11.59,-0.1200454941586386,0.3629260369929065,0.5732040854221455,0.7143973524920366,0.8710200699658753,0.922418425538422,1.0463044346396346,1.08146332546731,1.1869532445529407,1.2341515903992413,1.284751488084863,1.396849083465293,1.3881799589238109,1.4811548090350328,1.5592015963827943,1.4367181640983893,1.4494846749446033,1.556960493954668,1.4876743767826317,1.4854168113682453,1.3875897335161482,1.3448546225241003,1.355217191180127,1.1000057129467473,1.0343882551977965,0.8176839372375406,0.7330900136570404,0.8121736346404721,0.40181997051556145,0.5819382220833138,0.3626274433981472,0.04221414267873841
11.600000000000001,-0.06284384582988023,0.3758344404641165,0.6206014426352942,0.7010045624250282,0.8631805905871845,0.9347574802402415,1.0497352125867887,1.0908719579580006,1.0946601004402459,1.2480627321314754,1.298261518834046,1.3616430027296926,1.4130963806868806,1.42638210528014,1.4906430884615989,1.4063766678201086,1.4264360889477796,1.5201753218372043,1.470496075249008,1.4593591342859753,1.3582772120901911,1.331485243188391,1.3436807908145352,1.141732179408638,1.0738590349432902,0.7828508113571081,0.7458389624974628,0.8005237740443942,0.39594727871896174,0.5656146631921635,0.36501975014598564,-0.03466462516135062
11.61,0.008926720421005105,0.40809732064053006,0.5265430562267482,0.7464863295673887,0.8551111542633071,0.9607052576071808,0.9519938870000315,1.0858707180333946,1.1072737276106608,1.2711177078220421,1.2798936355419288,1.3961918718433366,1.400552365952235,1.4288706275623928,1.5170235908784233,1.4650169811079794,1.4802904904748893,1.5163439529278973,1.4659913760717127,1.5186610293686822,1.434128552578167,1.3135725922678734,1.3577990845350505,1.162539426518586,1.0766085578172244,0.8141104201734084,0.8209503702655818,0.8428643404985335,0.4760004182745761,0.6264668386849557,0.3742323180939136,0.036595824436190916
11.620000000000001,-0.05337519708260809,0.3781714146649907,0.6287446615521937,0.7293918684322758,0.8350371120682142,0.9269660489050864,0.9364956913333006,1.0835614550484118,1.0871205775481179,1.2477316361772632,1.3054018034087345,1.343527604668314,1.4344195589677926,1.4819745284349346,1.5638584143704297,1.5302847276874798,1.41776577258658,1.5041829739132357,1.4123860533956039,1.4684432796854041,1.4306452218258037,1.3428655052878544,1.411771913791812,1.2055238964239159,1.1165713299684221,0.7852531005628993,0.8012122453499793,0.8640235149082968,0.4865404348098904,0.5461237685228011,0.3429179363967091,-0.0449534516766971
11.629999999999999,0.0023420107079518,0.3355260829526311,0.6049469948658627,0.7218325058994138,0.8101604873957845,0.9213119106664175,0.9493480581141893,1.0575242319626477,1.1050762927609825,1.1913427287740552,1.308697454591377,1.4679222921881678,1.4130188306645053,1.4159376448495569,1.4195610090027169,1.4988240123674434,1.4411904313442516,1.5324415287876496,1.4971463045079303,1.5454040752161262,1.383621678662054,1.348520593897183,1.37749681097699,1.2056035523133755,1.0534924003748518,0.8459792970850909,0.7602566705573186,0.9109741907781108,0.40580859431216487,0.5824271033595002,0.3661971156381966,0.03508604117388697
11.64,-0.052747848610589024,0.27848775744439475,0.5006965914177429,0.6827649645779946,0.8196564596130501,0.938339931709962,0.9472079373010405,1.078671288181966,1.1480826218823037,1.2450759019286777,1.2883646553742656,1.3629645764367166,1.3928328485758243,1.4458131744592009,1.5007484663862183,1.469996554397023,1.4277352917134976,1.5600472563781858,1.478835505480118,1.4799735588472476,1.40927492253133,1.4084783308610442,1.3826294656666551,1.1821412951628372,1.1128869477622254,0.7996545444590155,0.7825165353793931,0.7918116971148755,0.4527667072133892,0.5938289182078677,0.35356497778459156,0.02245237358788741
11.650000000000002,0.016845984608873123,0.2929697223967715,0.5587184825416056,0.6963435640396345,0.7657630015807291,0.89675908491871,0.9540302688584492,1.041170653365124,1.1615809745468129,1.213361157572559,1.26879027345514,1.345392180329853,1.3789062361746005,1.4339424151579792,1.4984452553629233,1.5161252021423153,1.4696555396583943,1.5038377312448963,1.5034375249129222,1.5685530568195059,1.4587159707887656,1.3932372777625333,1.3440283883306405,1.1355564639309244,1.0445680380340108,0.8671778883022826,0.7889429686734702,0.8436388613869792,0.4119613756542858,0.5883275844445782,0.3516736809740862,-0.015611982986129203
11.66,-0.024065735578885764,0.25260496330533533,0.4963418539018655,0.6500296109688012,0.7203418607485785,0.8737642358757615,0.9173916374797919,1.0437340908599977,1.0778739472214238,1.2302650396316017,1.2808093172268595,1.386607574498027,1.3511410850477845,1.4350583853670047,1.539586443463869,1.5141553371836065,1.4720962603586127,1.576028278722968,1.5525616696488815,1.5375515399367068,1.3910439362749571,1.3680034109560264,1.4004556245197022,1.2260878006975726,1.1141054286499326,0.8415905128388894,0.7949626712842245,0.842004153792042,0.44654596560372983,0.5531163968739182,0.3665189840903851,-0.04099390820372828
11.670000000000002,-0.06340383866301404,0.19881256462798774,0.48406959940875643,0.683056327473054,0.7113590819051061,0.8811657579517349,0.9777002367043665,1.0714182926538065,1.1405655277538223,1.1910966230958666,1.3102168577680278,1.3611079122615581,1.398078760892903,1.4851326625692804,1.4888586169939768,1.4835928321632201,1.4807710141655106,1.5742370459978225,1.5309304154988213,1.5052137347037362,1.4351731193676227,1.3746724144584446,1.3492702091687405,1.2604043142875692,1.1051369634971802,0.891805913432218,0.8478498053175808,0.8907162995071384,0.5189090655360376,0.46842668791454145,0.31995060881162457,0.035216869902365
11.68,0.0249375784653306,0.20520482337660206,0.5041200871507637,0.6217966379108893,0.7892186159614983,0.8767759566164287,0.8986570099058228,0.9986496592890409,1.1514317257159845,1.2262158056920696,1.29026185458111,1.3914145323695628,1.347086247334489,1.417874966700569,1.4565356328364794,1.5236313342088126,1.506191878464949,1.5160485163594495,1.4874824828576552,1.5529839280497337,1.4380741833557713,1.351355553980384,1.4148012914374828,1.2471216712308604,1.1459425569259671,0.8677236183958532,0.8908827719927941,0.8081979395661884,0.45345562904950437,0.4414052970493641,0.27234943953439844,0.023948572047728857
11.690000000000001,0.01641482188147609,0.19622950662463332,0.4992081389028584,0.5614403522559949,0.7748762152965271,0.8349277069097684,0.8318634707765009,1.0066431239358622,1.0998086375467704,1.2394707497555608,1.336907216903017,1.4053017547371114,1.4065991461213916,1.4462456672615271,1.4923024569735426,1.5199063396799226,1.4671544675268722,1.5231067029993128,1.488935674503762,1.555696408978203,1.4851761801807453,1.316252097289033,1.3937354114581744,1.214016364290298,1.1097305577008687,0.8521288386190639,0.8707805219323705,0.7648494164494892,0.4042754729022797,0.45537212884671924,0.32989267084970736,-0.034598105564155296
11.7,-0.057591622469389585,0.20109246737128922,0.4404685411737258,0.6848817412967789,0.7164137001011505,0.8536361353896644,0.8601363048429379,0.9776122690283705,1.1212338872204806,1.2072755111620823,1.280613926881817,1.381708994167716,1.399485148006953,1.4984975096238848,1.5373094946992003,1.5255694573705716,1.4878359334091598,1.5214435975730474,1.5213372793087223,1.5479353745019977,1.4412274639724436,1.3570620313789499,1.36855723089352,1.1885739405867166,1.026043779232839,0.8843870399040332,0.8587952298395063,0.7461046357477041,0.4559761603939529,0.42094577813271344,0.3125933303260534,-0.0040709391676493
11.71,-0.02545843123375772,0.13367384935712168,0.4597643530227058,0.6957656441762751,0.7574051629169302,0.8258625514784945,0.8935036589750572,1.020515435656076,1.1062466777455204,1.1542362998457856,1.3253096305685603,1.4016200420770493,1.4463731434708933,1.4249791581817868,1.4358445665911717,1.533370778718059,1.495831706484042,1.520674341628399,1.4725898187189348,1.5304502024800568,1.388858115950922,1.3191274950611451,1.3679499267790438,1.2578186440679733,1.058646379201901,0.8560331475042279,0.8829673021062322,0.6858353576986941,0.49907943719551434,0.3891451787961791,0.18872488255105774,0.030920537977519563
11.719999999999999,-0.006006020307608683,0.1170680112608369,0.44588279036573797,0.6091634918544613,0.6935049094348797,0.8673584678830081,0.8948525625758386,1.0508434725561482,1.0884083579805517,1.1970117150348796,1.2800653197314174,1.3795469422555244,1.434465968584028,1.4710617897706453,1.4680560414824653,1.5823507439208788,1.4953268230472405,1.5013760212338338,1.486027653813992,1.5298398453083055,1.4070286049215686,1.3183959615031011,1.3219243039339028,1.3555928862017352,1.0780983710548866,0.8758295442277945,0.8385044884762337,0.7102338648061925,0.4758064184773737,0.361908082430308,0.23485363165679704,0.015695116127547207
11.73,-0.026240634377345626,0.1309428216964325,0.4271607802715092,0.599441161824494,0.7204496652234176,0.881329337526201,0.9097455281998477,1.0280388565796177,1.1410267188862622,1.2153182739557955,1.3256339445413992,1.376803314784184,1.4161739255702006,1.4243823274206384,1.4921706984944796,1.5708742645229048,1.5029541678333476,1.5073133873659736,1.4578832621956161,1.4499980850176246,1.399099344281526,1.282770395697471,1.3598663692864554,1.2974700209601624,1.1407110168036876,0.891637292798069,0.8712897322703615,0.7152764047808613,0.48714382015933483,0.39203747401384553,0.20523205489794727,0.01886345977625852
11.740000000000002,0.02913460779778306,0.07349173400322213,0.37724132509358954,0.5264830661097569,0.7296321688141771,0.8117910463431667,0.8450878936626752,1.0152051129317203,1.1217309650596683,1.2103591349874678,1.342116042216494,1.378141882632808,1.4416028913534218,1.459880272141037,1.5052155317200386,1.5272765325264066,1.5287621226314014,1.502481348423758,1.4649065590914407,1.4710723014317506,1.3569520669932162,1.3395440547778565,1.3276693542127014,1.2542877780329316,1.072349198741838,0.9428803708896424,0.9101264169200224,0.7046751645064964,0.506182246209362,0.30918824871183626,0.24432463872420243,0.09615673258991006
11.75,-0.06161330592244175,0.050748646413422915,0.48217397375947935,0.53447695553182,0.6646664399964978,0.8851828223694179,0.884926368773763,1.0066102174379696,1.1808146677525817,1.3316398921535255,1.3611317349914986,1.4344760365996412,1.4026080991171557,1.4874181368820645,1.5356323542620283,1.5545394611255934,1.6005326944308909,1.5107972827718525,1.4367027380167492,1.4808522749402924,1.3468210131189764,1.2458325546033884,1.337104412617064,1.2480298000892036,1.0835373020740393,0.9394184273503381,0.9352603370650798,0.7215435772110613,0.4852073134710647,0.35470063840608695,0.19989589463492352,0.06890214964026146
11.760000000000002,-0.04398079949363735,0.12707435658963284,0.5079134875592293,0.5965626201187123,0.6989355417568116,0.8169960025183344,0.9051708735268735,1.0055608646834382,1.1452868713431625,1.2641282743905902,1.3091818615004405,1.4405822694656356,1.4488871700956856,1.4721597526693495,1.5436299548747405,1.5468865776309229,1.5284424775397842,1.4655118678483972,1.435476209338607,1.3805724644714916,1.352536715058305,1.3033109355789214,1.3240128350561517,1.2888269691294232,1.1015626634683418,0.9524021703229134,0.9685236551991478,0.7054091590304249,0.567288233862894,0.23380786523044159,0.12052990345450905,0.06228605151360145
11.77,0.01568195463205853,0.16830019695620557,0.4494404113142168,0.5644116291052447,0.6480431323051672,0.8234527738559713,0.9065966954619138,0.9697521556334476,1.1583510769651995,1.2577019406359655,1.3498623694933125,1.436959290949537,1.4053019719028828,1.4494633358525095,1.4955748563294062,1.5254056541406285,1.5682048454772173,1.5059553750121408,1.4125329175689234,1.4411707628608301,1.3565285077544615,1.2668263011584715,1.3551500894341377,1.295182001604891,1.0910800930212299,0.9538453409869371,1.0394153141006321,0.6452099216817214,0.5886162355436426,0.3099105927946711,0.175647363628645,0.10224577387620759
11.780000000000001,0.009569517837345404,0.08067962344048865,0.36920490899939173,0.5400159781444909,0.6703030749138295,0.7625123887976747,0.9232733907964852,1.0056624498287676,1.1896827088214807,1.2706194819240233,1.3268707175605292,1.367985903362998,1.4596090859897484,1.4870190068255327,1.4446287969730018,1.5104462323390506,1.5345026383102072,1.5299790052485835,1.373942405025662,1.501115175495914,1.29792156270561,1.2718643568620933,1.3483653366489836,1.336360147501717,1.0588526870651631,1.003561840875816,1.0121006996839434,0.7487584958297544,0.6025797235128301,0.3039691716218254,0.17897111835055662,0.0795560002651628
11.79,-0.02966252569098775,0.1314035066407585,0.37080002410352775,0.5339008823839184,0.6384907805748508,0.8501108426933097,0.9102405839864702,1.0684433469852601,1.2037805207434664,1.3053511450372715,1.368789266499135,1.3787809354811444,1.4100596715943696,1.4095524836201607,1.5139263941319094,1.5397992309042001,1.527083119842197,1.5176918763249205,1.385730090137848,1.4052494978684817,1.3295879247424511,1.1951896107948645,1.3259350209137604,1.3044472807892418,1.0625800596575679,1.0855540444052212,1.0385903315811673,0.6680708837487512,0.6101769111661764,0.28678628549575585,0.14321608013387066,0.1795367957449286
11.8,-0.038069761301483575,0.12888400567025898,0.3431483240179221,0.5121271284032917,0.656546976416651,0.8011049458439187,0.9612430307162426,1.1006950001460531,1.1613095995181377,1.2531988991671663,1.2961429399638364,1.3425518855411138,1.4290177006473848,1.4971243443640547,1.4478261540321322,1.5483864183763858,1.5293949583920476,1.484922294002766,1.4291406220329677,1.4893059587404816,1.296225613484701,1.188210747482263,1.2502254001723043,1.313722225401692,1.1307515179726733,1.0936568228409065,0.9833432858544254,0.7147276326455372,0.6599013687751303,0.27279406852795474,0.14615632053974775,0.13377921568974566
11.809999999999999,-0.013036796248888613,0.15099887704274778,0.3817157417841098,0.5495286800269766,0.6835765025292335,0.8352213260608664,0.9489622737956044,1.0126511744435798,1.2343678979233403,1.2074013507176418,1.2881715663778557,1.3624450325377213,1.426024198984165,1.4745593946274114,1.4368959951114084,1.4857838553134641,1.5375030809061077,1.5203108746965726,1.4303712810943088,1.4358337711735614,1.2890972414682174,1.2190738654791964,1.3296711232937672,1.3142140330137704,1.1211203505071972,1.0812975825518987,1.0574618945495209,0.6595847542935261,0.6619852997385814,0.24791159528147727,0.24681056827012363,0.2042624429356172
11.82,0.017288926026257874,0.1272830045760622,0.28009448431275974,0.5426332942528336,0.6741292706829956,0.7488813367627859,0.8962328733949028,1.0182497650005704,1.1828388791712854,1.2644321186465868,1.3030572193019734,1.3261370460244848,1.40832373131483,1.417584685200064,1.4592291854986197,1.5599777793306893,1.5526930227786884,1.5116134407669803,1.356478805858527,1.4284194030165633,1.291948293387482,1.1840895119047,1.2791365235747678,1.3128606888005472,1.1600441430494228,1.1004335198742998,1.0554395180173277,0.6117364229202905,0.6761406551161195,0.2742947039336425,0.14773340029837134,0.21661500164369848
11.830000000000002,0.009693573098712506,0.144313180311048,0.3002020667459674,0.514746652519237,0.6888166421766388,0.7525371590597469,1.014050906705162,1.0751540199203518,1.2324071748514602,1.3422062038215046,1.3818407947156102,1.4524456609475374,1.453328798497056,1.4341248671684175,1.4650712555362475,1.5041688571364626,1.5150559573322453,1.5413113844732969,1.3546399406293663,1.4091473118776205,1.2562087867355187,1.2098483020087933,1.3291391045306282,1.3764277579920658,1.2362423704762067,1.075133785420571,1.0681918388056812,0.6767863490756264,0.7493529526008624,0.28223508991459945,0.16239057362823398,0.20166315789077555
11.84,0.05920514341423139,0.15845146355600628,0.30514552116814797,0.4974718894236634,0.6275078476668267,0.7955683987451583,0.8923432884889746,1.0622059921484297,1.178096560713339,1.2946600840268898,1.3665098304148802,1.3771055582643734,1.465775392263929,1.4667744565983376,1.4713892404230564,1.5728272760550237,1.5486519297674723,1.5245051591194774,1.362320695946932,1.4524802433674469,1.2991880677299834,1.2022844235865455,1.3157301463162399,1.2841155374794018,1.1642337791551254,1.1273189148650475,1.1184734487382997,0.5714937141295805,0.7746498940259151,0.26317154013297894,0.20613286420517263,0.269773903731767
11.850000000000001,-0.012916172910735123,0.13055423326847074,0.3255224026352353,0.49572669240927325,0.6715218655120115,0.7695443126858974,0.9821644683231826,1.0415383740673971,1.2743680192315792,1.328764787280404,1.3325574395230115,1.408028995306574,1.4083323289961127,1.51388358026559,1.5069176969393638,1.4823461845858956,1.569513743728363,1.5340747047459309,1.4159245146470842,1.3826808121890453,1.282218100488177,1.1549459864178742,1.3307353545440517,1.365204529534795,1.2635221103797436,1.2007348505128999,1.0551234054579615,0.6084411358900872,0.702718027574956,0.30862101613652176,0.18957525081888918,0.18880475983748254
11.86,-0.03905613404669016,0.11042085452999997,0.31232402699017997,0.48459143266753313,0.629572203753594,0.7920320405426118,1.0577609499080733,1.049992386758297,1.1788781170181721,1.2753558578879611,1.285764518735651,1.3243725530293038,1.4535518667983822,1.4794091253312016,1.4689060190594898,1.4970358109494066,1.545622953642008,1.510566261611389,1.3789988430363915,1.5089223698857013,1.2999052688005739,1.12631736837051,1.3353609543538871,1.3069348968031953,1.234100413648253,1.1858114617214526,1.0640738655214368,0.6764663395865287,0.7914080601476241,0.31952967397475085,0.17776712429351088,0.19654194999736882
11.870000000000001,-0.002366956656868816,0.13649515396752854,0.33961091731338383,0.5084979744430381,0.5722268986891501,0.7524247899287778,1.0303509315614499,1.110326933567566,1.1204516491776793,1.2609396207154657,1.3723241299155224,1.372220897645973,1.4399018055055084,1.4519090707797588,1.4209988923806278,1.4796960004640733,1.547385142598313,1.5758731061924314,1.4334877216829793,1.4665648947073036,1.2593314877838913,1.1926061578319214,1.333557859467928,1.2842926592208899,1.2919003102643265,1.1991688716799216,1.099755685324065,0.6133885294350073,0.7437854773271609,0.341650067037247,0.2119671811410648,0.2766239340113576
11.879999999999999,0.004318383708612063,0.18621133737924336,0.27069299948259695,0.46245878021984194,0.6350306700940346,0.8018602334758783,1.056154819774854,1.0120978357383401,1.118371799091443,1.2662469442133264,1.344862967808176,1.4194492867730615,1.45908404569862,1.5513746126872627,1.526054513417452,1.5052033918158136,1.46565565883852,1.5827033260160823,1.352619230203663,1.4460540152190446,1.2592141368478738,1.2104981138670896,1.3495457957346653,1.2364130341165922,1.269612086020106,1.1644761104620809,1.0188796001053575,0.631569415232631,0.7323716768006537,0.29510123266184474,0.22649092695574138,0.2561263157066572
11.89,0.013070677580417502,0.19081360334012476,0.2965221410053369,0.4966319076242383,0.637529718049985,0.8406715297673291,1.025257093303142,1.0733412988778464,1.1638250382073514,1.2443648055979761,1.2416060707104764,1.3419273391431439,1.4133661920196976,1.4341771443972597,1.4523112656203683,1.535732058526148,1.5317089301500095,1.5782763773956154,1.4436991964255972,1.5371865478619224,1.2675411143263173,1.2341406746903059,1.3699141658834846,1.288802435472283,1.300773323443484,1.1759099276276685,0.9810388278089716,0.637462395152739,0.7780823688454728,0.3355484245745843,0.19092056360044982,0.137197178101266
11.900000000000002,0.011577602659346207,0.28686664953616764,0.3391787963780468,0.4565756103146951,0.578698097822603,0.7665423509550312,1.0264559518111314,1.1063200000438516,1.173137428702697,1.282002071669031,1.3650240075938491,1.381815430333683,1.4293162715389296,1.4615270170710177,1.413030626617769,1.5190085915770901,1.4704165094885016,1.5317667239697867,1.456650102235263,1.5203475789551324,1.3171444365326435,1.220856731394678,1.3451054515436325,1.2705059123024327,1.235151623849831,1.1729534947438207,1.0117736257513485,0.5570988621064952,0.7958326058516171,0.3843873448190461,0.22720856488854352,0.1385258623904274
11.91,-0.03407001686755958,0.1979718041669675,0.3409974368439243,0.4274352493526033,0.6109979328954817,0.7510179818168636,1.0685968447877592,1.0916380327363797,1.1850852352363674,1.3000855487837906,1.3127967726733625,1.383416888040561,1.4357440200394902,1.446085073414821,1.4915625722682062,1.4918279067900846,1.4977485023361181,1.5340775125255808,1.4304353456303915,1.4507131433332334,1.3068468543429308,1.2331737010037163,1.4113494519392003,1.2800175003901486,1.3054777895364877,1.151087243525711,0.9960978556190949,0.6375233653755894,0.7598167239127882,0.4589627342581876,0.2870305984442512,0.15854912071261382
11.920000000000002,0.009530459599264636,0.2345424305431715,0.27550251015572785,0.4672299929643687,0.6168712002511173,0.8317162227273374,1.058767441407007,1.123928064729206,1.1679080233837693,1.2723592153362147,1.2825813640535744,1.3579172039904461,1.4328238645216935,1.4744550519380948,1.496406426576392,1.459428478335453,1.4988492441714747,1.5222419603248094,1.4005920732165344,1.4991093789106458,1.313195397219106,1.2767099808848212,1.3928284232902728,1.2052705156403505,1.2635910361742322,1.1514751129251823,0.9727676034853289,0.7053869953563745,0.7252201034136335,0.4689704557231359,0.25823696954528774,0.16494780082990823
11.93,-0.03425330933073973,0.19794120303815585,0.30467280176944805,0.4911108867087026,0.6175838455668798,0.8202462676255757,1.032333195218898,1.1288999887603,1.2109567114251436,1.2601139129313506,1.3604627605414839,1.4466334431337087,1.4072244491213926,1.444268805062577,1.4336024222744688,1.4723656866565744,1.5049045941622385,1.5588025041010132,1.4530605556809608,1.4678986457513326,1.3425585792502384,1.262497535895225,1.3370220533102017,1.2004662523115635,1.2519101715918768,1.0992072821287757,0.9360101066176395,0.6415713717343087,0.7274636784102716,0.4468438296357439,0.2006738028911292,0.1483789715802463
11.940000000000001,-0.017457877905809487,0.3092317998716988,0.22077043803906465,0.45601816980007753,0.6439249414636562,0.8191754380598444,1.0359511983431862,1.1270063923343125,1.2203184722847218,1.3106313296217227,1.3691401758556623,1.4053655334671054,1.4250537181139311,1.4707388218401978,1.4830373545549327,1.4932261652961702,1.5370645040939919,1.5637509442979631,1.4815267096283624,1.4760405288478156,1.343043031080913,1.2899562417231003,1.3986067568226597,1.1669221591514154,1.231244806791999,1.1090735588564604,0.9029124660951329,0.6754939846726653,0.6650336415590513,0.48038366592081394,0.23116830411022368,0.16957916532020806
11.95,-0.01297221202700612,0.2959244612361687,0.3777301457449836,0.46533930579678123,0.688571403267621,0.8126683850327338,1.0743543684632133,1.1331590650340648,1.1672892370298054,1.2498416935774508,1.2992999116785688,1.329722695204655,1.453341533441221,1.4306124960477238,1.4426149284823748,1.456670139849144,1.4912796280628813,1.5870720507481664,1.4822987271496657,1.4899665805179856,1.2930668905273923,1.2462980850494612,1.372271790266571,1.1083548055911123,1.2749487139706357,1.1307350681261732,0.8769335262577396,0.6919855502773562,0.7213275433402381,0.4520126721436987,0.2641080768660974,0.10074997025233783
11.96,0.007233588239642095,0.32649017541756525,0.3414629411804129,0.5363049122683254,0.6817606435045941,0.8932721257280735,1.055920861513569,1.1104187369073215,1.1715671723177206,1.2342705527398576,1.3020549836830886,1.4457697867011408,1.4745513463612432,1.5035356537524074,1.4393498726530913,1.5399726142321823,1.5052057917962225,1.5038566536397597,1.4124012430868533,1.5367777625097212,1.2791462797374207,1.2894917039275033,1.3560587502965473,1.1043477045987034,1.225871597850542,1.0796290611277823,0.8753106160626999,0.7199883292511895,0.6861667176295686,0.48014308936870126,0.29506209752143814,0.11802400139180297
11.969999999999999,0.01287507347081749,0.30478264153968715,0.3361416027974884,0.5133359339114005,0.6768014342943278,0.8374539220445683,1.002492786036547,1.1529452040483887,1.1705710614110043,1.260576672017456,1.3709313024162744,1.3339437351222945,1.4469170001907181,1.4820811341279216,1.4425203815301368,1.4747239299651635,1.5209447568639043,1.447924744331588,1.4513293113973478,1.4412939643189298,1.357954813511335,1.2745273402572799,1.3890766284215466,1.0999081156583086,1.2290788017266758,0.9960616674704534,0.8610049331918832,0.707131540186399,0.7021146976143143,0.5614621334474292,0.3034756259166724,0.09336947456611049
11.98,0.01600889922253379,0.26046868267125506,0.3711992550825556,0.5149741716448201,0.7114576421565755,0.8888651775409913,0.9907573474523894,1.1721801455013992,1.1827859690454017,1.2289970471189786,1.3285198751512997,1.3786447035777722,1.4052458581853413,1.4256576885760364,1.488324288728253,1.4855694327625897,1.5167499287167079,1.5312027126626861,1.467291042382843,1.4409325456459217,1.3686276307277838,1.2754215315074253,1.2965281357973357,1.0779581387212684,1.2361358363165802,1.0516825069874847,0.8993407861671033,0.7408927864740478,0.616280719099356,0.5803883491211361,0.32116731761334905,0.09881551468493144
11.990000000000002,0.03402776717736658,0.31611360017072,0.33954793442435527,0.544488742569893,0.7107904398867139,0.8419906508865651,0.9678150099514188,1.161380326240383,1.133360985520666,1.2600130531348732,1.3365483730024224,1.390574459947072,1.408182806078095,1.4680014454069816,1.4296609141954673,1.4993191753118946,1.4796533086037558,1.4911807176665428,1.4504234213088598,1.5292654143947935,1.3678006254229025,1.291670920339397,1.33847301962732,1.0082076669426674,1.1985169246621066,1.060666689458038,0.8767560754026633,0.7522078927987428,0.7070577609531965,0.566351838593342,0.35636290048032465,0.10117102447850095
12.0,0.07162049076448798,0.32814355177892096,0.31944005578783413,0.5213398314949649,0.6877431134789784,0.8923753251144662,0.966276701800382,1.0976704337275307,1.2052772701473784,1.2764149404344607,1.385382660190889,1.3735177011861697,1.4500621699234806,1.4574578095136914,1.4683313208016846,1.3740700289342753,1.4525865818245596,1.4712470386561547,1.4344367419743995,1.4399291160374343,1.3535917551502648,1.227268919494239,1.3127060334120044,0.9983704189784441,1.1592906932698717,0.9900600115904168,0.7811681649819581,0.7504282371317798,0.6362211885584284,0.6495628241795158,0.38756066945148915,0.11832257659116519
12.010000000000002,0.10457320848241516,0.39091868083257686,0.3826065479053571,0.5194439444765974,0.7542466137533965,0.8895798696103083,0.9937143272109947,1.1013257905669445,1.1278009138278673,1.21707686796122,1.3237052782936243,1.3949363066854996,1.3555656613981635,1.4178454736034105,1.5026526710038401,1.4289877018131023,1.4711241414527687,1.5634202336975702,1.4306693022332653,1.4470445523090802,1.3006501977788947,1.2341821777596798,1.3334537107050395,1.0426750859429528,1.1634986391261448,0.9824928725685086,0.7374501213698177,0.7820868814825134,0.6384371079288838,0.608008674578376,0.38081951673535924,0.1274437232428589
12.02,0.14253593892137412,0.37658928206144915,0.3291156710090303,0.5578443614110883,0.7030054558452399,0.9143816817404029,1.011486366914919,1.1415987538048447,1.193859305607845,1.2147499732913016,1.3212990205805712,1.3708638081318891,1.409866882810429,1.4224987337747572,1.4711412958639059,1.5007540694970773,1.5113096475933272,1.5261323330281302,1.4023523250605905,1.4221825274546638,1.3042276193581173,1.1983809339114138,1.294146916904001,0.996464272655381,1.1498848106402921,0.9680585093223657,0.780819297323084,0.8317278569534093,0.6103659650863635,0.620112441030483,0.4085093585683194,0.07082108481023229
12.030000000000001,0.10268370723701656,0.4362773554102608,0.3859910487511793,0.45894638923916137,0.7005456536096166,0.9196374861774284,0.9777910135039717,1.1030547596675673,1.0594997337030638,1.147157729999666,1.290326978991718,1.370638123575566,1.4482545691400304,1.4709359147652545,1.4883861570254955,1.476965464992585,1.4318729000541413,1.4351414407129335,1.4324427224525489,1.4522463745239556,1.3619004085008752,1.2813682778022542,1.2453949500298875,1.00455968746983,1.1375158813559514,1.0486319596492175,0.7570114271202064,0.8590430748785319,0.59479582057069,0.6581890252539511,0.4366859647013228,0.08330735018374018
12.04,0.147773630818352,0.402480344723067,0.35333288771120774,0.5250635451176943,0.7279949346374333,0.8482072928889312,0.9148972034921787,1.0703786585376114,1.1123844523675084,1.1900387948364501,1.29442973486949,1.3107193019775663,1.4357260890502619,1.4748487953145613,1.4447999716276878,1.470669595997069,1.4467083596061339,1.5171795315245618,1.462254177002068,1.3949730114597672,1.2411249727329046,1.2797870304961603,1.2834790102078173,1.012216941114752,1.1211145168271919,1.0566366486250733,0.7941934113095267,0.8638052855678551,0.6419571439870336,0.6581305863982855,0.4781986245444303,0.09241755381483548
12.05,0.13819893101958697,0.3261792308370608,0.3320276301021296,0.498320354100913,0.681637545647198,0.8730990046812245,0.8830235161299026,1.0678254042398416,1.1244186257201374,1.1934388484372784,1.3097914167864624,1.3758495228652974,1.4102908794226785,1.463237557334388,1.4508428567692389,1.49782980141405,1.4994654946944366,1.5027494357611186,1.3867648340819942,1.4303761907929886,1.3210387222417175,1.2474401260146517,1.2546644523417152,1.0285153783196372,1.076431630267369,0.9733543801178265,0.7426930961791582,0.8077047068953979,0.6499288223154527,0.5862283817208376,0.4542255165303606,0.06551400144691505
12.059999999999999,0.1618664085324026,0.3648158997816619,0.40627841968741923,0.5519456216198111,0.7674150177674242,0.9053547854436662,0.918138741961885,1.0255860333109121,1.0806685115921804,1.2421350008311465,1.295759030571506,1.3828194525548922,1.4037524590587542,1.4869076187991566,1.4842584769755547,1.4805790994604575,1.476826608544607,1.5275180060416318,1.440866602060239,1.4087193563128724,1.3218111386705276,1.2235804168369353,1.2625652407802075,1.0719887424671337,1.150892635306328,1.0697983321708766,0.817702129788862,0.8708480616484563,0.6435714815856559,0.6704546332805327,0.43049569273705324,0.024379916933977043
12.07,0.19259104275737768,0.4447394949224625,0.3887419602741326,0.5216296301631594,0.7739736513915626,0.894954366005455,0.9278586333617703,1.0817991902475217,1.1022919102123714,1.1529290748376324,1.3261162753793445,1.3867332723666808,1.3865328780051176,1.4601151400942014,1.4517637035139153,1.4725020719505328,1.4216991997411106,1.4740858015021905,1.3475881003977712,1.4369851744877116,1.2733551487279464,1.2399801125005028,1.2215138532067908,1.134369180855971,1.1705264566878228,1.0361325576111957,0.7487516544256494,0.9373768866421016,0.6695090740288364,0.6241899336566847,0.477284106966626,0.037011534542455454
12.080000000000002,0.15529823030334783,0.4101570697184638,0.3879738918561485,0.49186612461901213,0.6724521631673244,0.9050292929816912,0.8801624286649757,1.0312211973013694,1.132885310581027,1.1663649747393257,1.2782021863393471,1.3690072628142462,1.3480910005329334,1.4227391451869507,1.413437249814878,1.4902035734251233,1.4715957412880118,1.5210406394915728,1.4439297254272083,1.4001403181283998,1.334759867844914,1.2185527229447741,1.2594235817517954,1.1515441565872941,1.1477334527441363,0.9691814192065801,0.7543799358633377,0.9295428991627761,0.590653270349983,0.5733812539215213,0.4623584594469038,0.008477076534477459
12.09,0.19598675228365714,0.36177534462246064,0.37276037779572946,0.4977917309232198,0.6728245983718166,0.9226593011013307,0.8231519608333406,1.068301906286275,1.1600252949117165,1.2161369789031373,1.2947370203722934,1.358886037924198,1.439170614902166,1.4171889963018705,1.4868041396875373,1.5210067382442707,1.5017738216209717,1.524685009410743,1.424404338592061,1.3362648039430982,1.3082143278943716,1.2592851659900406,1.249629746757511,1.099336846961835,1.1391715118663843,1.0425708015964368,0.8274817140752742,0.9851668463196201,0.6603016618595023,0.5618715227205611,0.46583875115051987,0.01829419821995503
12.100000000000001,0.17107865396161928,0.3355001478191352,0.36651183004777826,0.49484021733276473,0.7081731174977549,0.8988926666085546,0.8910208301320215,1.062696533059994,1.0687833547238614,1.229930850890153,1.2790745562867432,1.4691751469326686,1.4045051042763053,1.4580940238248012,1.4272695026698108,1.4412625542052266,1.487623811063867,1.5348396931060206,1.3943265779209515,1.416550106883565,1.2429122416800344,1.2375546146373109,1.2002534066800004,1.0859831250885048,1.1121717658903472,0.9966742272330987,0.8299496057877869,0.9303050484522594,0.6195379662859974,0.5092871506248287,0.42957950455585897,-0.027696854937184635
12.11,0.24525811349840226,0.4003486931316276,0.3706132344211682,0.5245800171093153,0.7386921938835345,0.9086463827627154,0.8816985341013142,1.0569527806708057,1.105331646567539,1.1761116702551941,1.2848956631336708,1.3508732195470656,1.4063953869079993,1.4357152869470986,1.520485652513932,1.4716415962758502,1.4681653973732418,1.4451711550059,1.4215839579483973,1.3766106890328382,1.217331550319411,1.2536478911410878,1.2097983369240386,1.120994648221401,1.16368638078137,1.0499863594332262,0.7764080948375267,0.952875318822933,0.6725650202357164,0.5006256334385534,0.39152584692415116,0.04898603163358363
12.120000000000001,0.20844215013873,0.39310571629953445,0.3486815239309085,0.4945295916517796,0.7487183117102176,0.8925267731965933,0.8857890616073588,1.035205224400863,1.0848618163264496,1.2061327485374902,1.3183244097548434,1.393004639800335,1.4173635308408363,1.4683475840455056,1.4549952952726168,1.4586802642075651,1.4283220163324304,1.4787768123293221,1.4049939830852345,1.3904593659161735,1.315648645476255,1.3078683678680894,1.2295897930817958,1.1709069757626893,1.1893887450810128,1.006915285346787,0.7845437532929342,0.9263423666303867,0.6553993614727204,0.4505260106010182,0.3843756094890528,0.004007424700720566
12.129999999999999,0.1779686485301428,0.3539264288210817,0.3110099668142031,0.5458379135867398,0.6863709074713773,0.8564517393110574,0.905908899471463,1.0758469156062138,1.1411203454818277,1.195680777629116,1.2946044047407024,1.4014666289021205,1.409227141870569,1.4776831320979626,1.5429596925472537,1.4469552000762909,1.464935107166085,1.5268497325617765,1.4064602825751242,1.365766765272553,1.2725648512328522,1.2642031480094922,1.1972811444097635,1.1563529959813081,1.1959233309828396,0.9318970828983032,0.7472238665100212,0.8610250473404079,0.618481426734787,0.4397633335340268,0.3700184404900194,-0.02481066448670452
12.14,0.1660633585076977,0.35410797180235454,0.43296694120586093,0.4993734979377603,0.722004928842114,0.9103977187161452,0.9301312020748653,0.9768906828902657,1.133875231595203,1.245680529478606,1.2977034428438574,1.3925970179891838,1.3737737299372035,1.4471345637641122,1.491053471144118,1.4785505431394919,1.4860427265256264,1.5040352019816878,1.3944540929024545,1.3652327591163003,1.3007462548962725,1.2657027628825388,1.2076710416297698,1.2079358193790752,1.1891527731435683,0.9127314935716799,0.7643862644832325,0.8199326276435495,0.6280997595760801,0.4325393878928772,0.32965861916445366,-0.06462312607613549
12.150000000000002,0.15700191369945563,0.3345268633039106,0.37458004225313196,0.543718780454743,0.687981752766298,0.9021837726235018,0.933374114186908,1.032353956891488,1.0973281892382285,1.211606952791644,1.2516112641672537,1.4178907009875175,1.4313194847235207,1.4812638072210402,1.5095649358455407,1.4518364764135572,1.4612895254015494,1.5047160275215845,1.464130208961563,1.3489740544571316,1.2853399594086115,1.2316807050214245,1.1743044288538869,1.2030210547165312,1.1357065175706023,0.9838622206629546,0.7721207837544749,0.8001527202801341,0.5774265905114776,0.3083430602860793,0.2592914471557996,-0.04209543574755766
12.16,0.13215547187545992,0.33680325881031636,0.3623623009869485,0.49689255505876206,0.723043596583545,0.9246842980503792,0.9499052090355683,0.9978374324795871,1.2046603826646618,1.2684113899539688,1.2987069912579667,1.4100314122960629,1.453952097230172,1.4800156450025075,1.4525752032544519,1.503849350760224,1.540255281413864,1.4855717568916258,1.4121317550307602,1.4022402436369217,1.2216249063941347,1.2703377518452708,1.2498424847802614,1.2199257229718612,1.122000843751097,0.9388008048102607,0.8090092213378327,0.7880703610498027,0.5407780224093045,0.25096992465530543,0.21131397199437177,-0.04914829063754006
12.170000000000002,0.1326162680292936,0.27328192747504687,0.39991298240370676,0.5701780991814079,0.766489965175227,0.8402850352734108,0.8952524464657153,0.9996923092960375,1.1980829892850975,1.2478325193844562,1.27737779990404,1.3643732978674894,1.3918159016014506,1.4735296173767607,1.5188407784065767,1.4990898136377984,1.4786522367803927,1.4865453455352415,1.3789615153969825,1.3640948307953864,1.3165544211731854,1.2880412599490145,1.2700185265481558,1.1909352888182512,1.1633953448833965,0.8927202959687165,0.8287183501373049,0.6649258582664819,0.5568046915944954,0.2518236788579724,0.22199701168445798,-0.05958501069911974
12.18,0.128475276394953,0.3883050251507846,0.49423003730967446,0.5786102444308361,0.7874541248059124,0.8562597215679639,0.9362074847950111,1.100554683029797,1.2439095858068356,1.259867694950482,1.299130488976257,1.4048195650740671,1.4458688788016965,1.5088938345733756,1.477827587184678,1.5229783418142395,1.4870044417919432,1.5082601926288004,1.4504355780027862,1.368305768816916,1.3271068933572328,1.2639219786327516,1.2566325200609083,1.1777312201726708,1.1768569951175905,0.8894822519175245,0.7947180962083755,0.709051535088098,0.553022862980355,0.19774896127939473,0.10962233354245034,0.0014966652963447902
12.190000000000001,0.10195802453959607,0.3369348148269482,0.36812156127346446,0.529843618760383,0.8419108650080636,0.9075689860993358,0.9584613782243594,1.0680712333480644,1.1771673710343786,1.2577369479571692,1.3189541034428414,1.3920931487486154,1.4440951134217583,1.438923593658323,1.4499458660566684,1.5106611846083202,1.483292413185746,1.4715501652306877,1.3734555690670163,1.3692773377533438,1.3614455188009393,1.2921552825237566,1.2838700278353605,1.2646067599197113,1.1996067952580463,0.8965169239194419,0.7754402037792797,0.6429232893226431,0.4832135359162183,0.19917705125252916,0.09146501256538785,-0.031729999754809536
12.2,0.1238370900203372,0.3693031857328241,0.503955683428995,0.5941998937270506,0.8366084206319631,0.857869119574105,0.9810717255863171,1.0630201624283218,1.195328952908337,1.2268859425429994,1.2625724593361323,1.3559443399860511,1.4594798708760988,1.4033897795108496,1.5065796743782833,1.4702174776506718,1.4565574200154134,1.4829283472258672,1.3859630989503129,1.3729535197253107,1.3156014635464377,1.2622058733066674,1.2502018624443358,1.2261398598728606,1.148863128829971,0.8907550834521493,0.811373313982838,0.5940417521376725,0.47317812592006303,0.16820844241085559,0.07610313415965443,0.04513339945483743
12.21,0.15403100755734406,0.33468936680532724,0.5023883523578763,0.6337972029036957,0.8324507337758854,0.8284311673984012,0.945995230025091,1.0635004695440273,1.1706652792497612,1.2373005026548989,1.3125694328024071,1.4240784004156883,1.403022884206741,1.5018179057683443,1.5025112620907288,1.4982426744074202,1.5387830422273288,1.468488654519002,1.3687591291881285,1.3857128154507405,1.2824423401901182,1.2245131004064744,1.2023889985603815,1.2375209558752729,1.101703880993967,0.870123452866982,0.7446141726413513,0.5832925510128782,0.405754427974622,0.15640657202084818,0.03981673667342182,0.01318389748197796
12.219999999999999,0.06806847463219573,0.3389617588775877,0.5256739897500186,0.643449219197367,0.8038679280704288,0.8362944419530142,1.0064706045114356,1.064193795631533,1.2232106562938747,1.3336314315096742,1.3221579731531405,1.3483780246266108,1.4316349873929748,1.4696483751721878,1.4732147398672775,1.494270419033476,1.4677161908499443,1.4945861376177714,1.3560467920098127,1.4372858318579673,1.3118656070241081,1.2475347416358613,1.1601855872196318,1.2198522222975792,1.1374649666744294,0.8878774955783207,0.8026599816066133,0.5038893782815788,0.37407178832464727,0.10095368467018898,0.03255752259387965,0.022647470797480446
12.23,0.13588977742075628,0.30224945974169665,0.5863125916010202,0.6902880111244512,0.8807425462370938,0.8709374575411966,0.9411441407724268,1.0227162818027276,1.1646814285060119,1.2713105441515549,1.2841508859847326,1.4031527703108797,1.4250556672671926,1.458322283675462,1.4520698646964088,1.5158187996843229,1.486310292880391,1.5013166947236032,1.397609852503297,1.4281982465411147,1.3307679272259167,1.2448750591843243,1.2070859333584065,1.2130499723354962,1.0933774336070015,0.8321260986319626,0.7913272427316178,0.4946939363115379,0.3664638645029091,0.1598872632038035,0.04864684513960776,0.13821113884428532
12.240000000000002,0.017800503187369487,0.30875696750333886,0.5816082225336126,0.6810085427821283,0.873168023797174,0.896427055580041,0.9918502335740536,1.0641988981480222,1.208617485781163,1.2920818393684614,1.3010297178929346,1.370494589022837,1.3621777297975808,1.429785776116577,1.458008194899209,1.5369326342798273,1.4861517688745676,1.458921970949404,1.4012131571874975,1.3306693962794787,1.2735154641009314,1.3428232726803153,1.254610629018045,1.2959962927658348,1.1286631801531133,0.8802264149343516,0.7946944413681216,0.5152803555976947,0.38595361943582923,0.17629959266392403,-0.0743190862369917,0.10059701333654138
12.25,0.1804948519789277,0.2863308742408126,0.5509576457019347,0.6634562877872722,0.8221150054133459,0.8258338413427418,1.0126855533867047,1.0576566866994335,1.1760881596886472,1.316151941864189,1.2847611927367244,1.3762123842756948,1.411962028900863,1.4126743433601314,1.5472429912866752,1.5100823472793086,1.4951501597336974,1.5157120343459431,1.4238258710285407,1.3802258992625038,1.3605288005924892,1.3734187795242199,1.2772290166034725,1.3277944197529201,1.174859072303726,0.783293260505188,0.7525240036408873,0.49794853566721153,0.4847688522714078,0.19076835323533492,0.008963565729467793,0.1849657866656658
12.260000000000002,0.18855837137157008,0.3964713611009229,0.6130652232917694,0.7828869885374232,0.8778572555979746,0.8458036860578676,1.0237789835229176,1.0668483872401697,1.190788516257065,1.2880689898336826,1.3426690855227517,1.3248910026919687,1.4702480413168506,1.3913382541057067,1.4386396405224502,1.505598890926294,1.4672806771769327,1.4577518987045535,1.424016123122646,1.3741015634952038,1.2726621761036208,1.2446304545024638,1.2244543472995826,1.2743327860348548,1.108280955841241,0.7981191551637099,0.7992639475006823,0.5071072116422759,0.3875846095208734,0.21371234665970296,0.04672175902756321,0.1997426930427784
12.27,0.13667646654163107,0.3206474654526421,0.5717514821787776,0.7817302136521336,0.8839866873841153,0.8143779978690878,1.003102894266098,1.0760920567669727,1.2159619988731163,1.2190034352026435,1.2852096062714524,1.327540647805105,1.4083462343920539,1.4566097706372363,1.5452549835807186,1.475848013890086,1.4444632761561031,1.4531585720777507,1.4287498822960338,1.348446570857639,1.3248322661153655,1.3196080503738572,1.2252271359131075,1.2416906834817851,1.0357732743143357,0.7827314355952228,0.8654559101480264,0.5277408760031499,0.3930713255856023,0.25307125790976037,0.05896642430104025,0.20640261068521706
12.280000000000001,0.23227420165097654,0.25229606706480046,0.6033635512028237,0.7194358515889813,0.8424802346350511,0.8334110977041467,0.9385601818987381,1.047490882776126,1.1527146576170146,1.259913030148966,1.3051608399034043,1.3390794284523102,1.414305663419599,1.4701613280866728,1.5182001393642097,1.5163373529813335,1.4771843165038676,1.4408012725053203,1.3978262532589971,1.4307072396345597,1.4442924776728838,1.3420632947134588,1.2136731204775602,1.2586120987436913,1.1011157574680193,0.7793532206212412,0.8544854044090106,0.5838613821142308,0.3863647096864881,0.2453497395412501,0.09421051391590343,0.26084658387446413
12.29,0.18985427498978824,0.25869140938304486,0.5686377278916879,0.7696560840802308,0.8375635365984074,0.7101174711681256,0.9452367250923552,1.0660855507579214,1.1993757173159274,1.2844516825059757,1.3089132928648644,1.3719151150208724,1.4524698943031822,1.4333120103786312,1.4548990702624125,1.4952323176426117,1.539668587424792,1.4759077869626736,1.3935758392137625,1.3908454483076658,1.3223741916503253,1.277863941961451,1.157554719488803,1.2167779124407918,1.1287541557259608,0.8104046679345722,0.8996347515851223,0.5287003520261907,0.4038712713864638,0.2734461225144285,0.1028217145393743,0.27107151542835456
12.3,0.18028082448798055,0.24862349230118902,0.654083118192333,0.803759838437237,0.8348070434347977,0.8068034710179106,0.9803183732724555,0.9675862802684145,1.1519056475412965,1.271212026264979,1.3164050593980137,1.3678870424531664,1.4067682583854506,1.4928902576580452,1.4808618927079757,1.5476816250641283,1.454770107042299,1.4938158104085912,1.4263556181981776,1.3952241795278428,1.3116233141895066,1.3179106944016514,1.189056122577031,1.260874021348741,1.0994267744158648,0.8681304778322567,0.9220106454070368,0.5538912733888692,0.37505308883941674,0.29599610132527576,0.17487453928689609,0.27839862771902635
12.309999999999999,0.15959092703797323,0.20309061448160187,0.6009746538915716,0.7591112878949919,0.8153229394602293,0.7857864908729352,0.9759180255111768,1.0723498919229755,1.1877008022803692,1.319352810337267,1.3350154615552505,1.356637364334395,1.4154328609441702,1.4689811366357726,1.538009435031409,1.4400700934905597,1.4546396098518568,1.452305008793988,1.4514734294994645,1.395131773563378,1.3636950739293745,1.354895325864653,1.3048017095130704,1.2379464037748984,1.062249519391945,0.8666056929371219,0.9062071702204817,0.46726327318791894,0.42465799092418133,0.3315833923743986,0.14239446021199617,0.27639147475626713
12.32,0.16752918575643994,0.16225136928031936,0.6096296617819189,0.744717722167564,0.806479179595447,0.7747664413665382,1.0000248251949706,1.0592090449857592,1.185609342655057,1.2905763545310798,1.324121725187344,1.3162146338609753,1.4287542195471536,1.5277148595182921,1.4890265130607132,1.5294295845367964,1.5428638600782865,1.5085584520496012,1.3739590837333622,1.3787462351439708,1.3272886008148261,1.3700483321779253,1.2452899648449498,1.2225653735341102,1.0358700740775666,0.888943469428303,0.9367097384614929,0.5582264861941962,0.4470586544254802,0.43078857086085365,0.15835562281030818,0.3195820150309515
12.330000000000002,0.2636543022459912,0.16860598376965868,0.6157400498451824,0.7583123540351249,0.8043578754808868,0.8177869271829677,0.9833163921623721,1.0550731724472275,1.1884909487412376,1.246894748536302,1.3785363773825976,1.3587221089122332,1.4182939001906063,1.5195036235706953,1.5487758359569939,1.4912832769609818,1.4835120432779136,1.4546780103174224,1.4169413473233323,1.407514721914696,1.415650088853276,1.3672287630183197,1.1993238812840863,1.2679506524188429,1.081796068161166,0.8273395071843576,0.9319142257002542,0.5753535848299904,0.47780959907659304,0.42718440722117335,0.2311564573038478,0.3649729193722524
12.34,0.21210181157112437,0.20660834073787335,0.5865872762844229,0.7670449623308409,0.752451641168885,0.7804593941961956,0.9767013343332516,1.070786311654279,1.1267959825272884,1.2590434713345644,1.3629181116848017,1.3549503692521419,1.4263242514699173,1.456465012497246,1.510547222451774,1.4881383588274355,1.5157807438859998,1.4748460923922697,1.4541502986253585,1.3977674695139646,1.3464822311956313,1.338623725693117,1.2146253291728977,1.2835261440218184,1.01259034671294,0.8593870803598485,0.9365644072648938,0.620975475290234,0.4827171027732162,0.45573556327338,0.29576860805196975,0.28990785918222306
12.350000000000001,0.2228659897733247,0.12401935218059013,0.5566391842186107,0.656267963032063,0.7271593000791999,0.7568675250275636,0.9564715698338322,1.0904317941718409,1.2212628886045696,1.2650859766378377,1.3343260244787534,1.310487455830006,1.4767037850012377,1.4566429201536737,1.458368870758049,1.5022755367940808,1.568274971698151,1.4804275108757632,1.4769693217826476,1.3534630545686936,1.3572827999676849,1.3940043879865747,1.1900732570847226,1.2203161922562364,1.0065704189215847,0.9183743730316191,0.9438420677557978,0.6297467436978526,0.45518000629633804,0.5266145746031125,0.24653995673057263,0.3500405517481295
12.36,0.22337104336039548,0.19997831481951406,0.5348587620174905,0.684477905161121,0.7677588873593143,0.8015675018388771,1.0085374296087182,1.0962224769994036,1.2022439574791686,1.269712521115526,1.3067836644271507,1.3264002405677568,1.37648749164145,1.499661792864266,1.4823552448773638,1.5320123937689063,1.5203348766544806,1.4031364397979302,1.4360525815561493,1.3662042917953625,1.4070469858950758,1.417003619135413,1.2338295365329706,1.2174639987756324,1.0221712053294938,0.8558137194429685,0.988875400405824,0.6723355281938672,0.49442363928833893,0.5033934051504111,0.30840657183315157,0.33026538411261797
12.370000000000001,0.20107010211248133,0.07909420621525069,0.49234101869675173,0.6298097185831001,0.6976022366451842,0.8095916376692275,0.9859902147641884,1.0578825333533048,1.181975535540535,1.2017484436337695,1.2741926000982737,1.3427439620041839,1.484853543760864,1.4905126757148939,1.5213827931352386,1.4686366418991683,1.5085455567493145,1.4971077609522025,1.4812095561265164,1.395919629010638,1.4463963557040005,1.379406455778137,1.152194220309079,1.1605448362552389,0.9926349589225448,0.8319573344460144,0.9745451100282225,0.7125213600724686,0.4835479495058741,0.5601156286509459,0.3531676246248439,0.27193292010314024
12.379999999999999,0.21692264568227387,0.11703035120557957,0.461747854891395,0.6185126861301911,0.7252604285807432,0.7617317678693433,1.0380911228789684,1.1566541212954748,1.1658135324405745,1.2223713302546442,1.285674706500951,1.3625290581501113,1.4886141348982755,1.484343352148256,1.5231200272781333,1.484655100603641,1.5027087086080484,1.494018854752339,1.3961476563574617,1.4054414726881523,1.3599042622729376,1.3726360279259582,1.1846294813991747,1.1595426780051583,0.9497234249465956,0.965639595498684,1.0124144719301809,0.7993628553127334,0.5757222139872485,0.5232688395683511,0.35555346085064105,0.3025170772017433
12.39,0.2174189834271571,0.13596031986550078,0.49335788531957736,0.6345622291522748,0.6705387275364589,0.8317382323669049,1.0042347519652224,1.0385478584163452,1.1209303023516552,1.284027934543255,1.3035318544514476,1.302340270798903,1.4235423078852485,1.5265403440331724,1.5549063059965955,1.5174000040198226,1.5113675156167097,1.4592481099632468,1.4810092816114133,1.3930210772766576,1.4041912038033952,1.3511706781296156,1.1645844417677287,1.211278631218689,0.958881005863454,0.9640218338761315,0.9643495326954593,0.7207218960980295,0.5555792179424568,0.5559296779755275,0.3857328431872146,0.25393941659820507
12.400000000000002,0.2106366495594442,0.10169783036301389,0.49331907597672386,0.6379050283001068,0.6320998236432709,0.7991441676838416,0.9809621621792826,1.0808639512526086,1.1661092217310582,1.1967207623408618,1.2953034743815697,1.3877211780987815,1.410626306624267,1.4550894998995607,1.5482022027490907,1.5816796739394199,1.5592327088283962,1.4660536865764302,1.4946415504941815,1.3370764771640813,1.4056527303517756,1.4589155548276935,1.1560265312170896,1.1940905280697909,0.9769551622058479,0.9567398731211105,0.995414625498744,0.8209196670852139,0.5688307503990891,0.6558123382583206,0.4805402895027745,0.28788582581298566
12.41,0.1581278729451524,0.09525688226393692,0.4064305252924332,0.5695456646538624,0.6498633218072053,0.8915153679319023,1.0152183541968667,1.0851195632514588,1.1599880497007942,1.2336221395066913,1.3410250049846424,1.4071045912563993,1.4490201846665824,1.475799454925339,1.510015780231356,1.5516542309102865,1.5216570134012382,1.492115498344634,1.4398596089543096,1.347181439427006,1.404734575256721,1.418396271195279,1.124148369834594,1.1616454692189424,0.9355938611968255,1.0062229436265502,1.0068270476261751,0.8372123986595217,0.6402893266894253,0.5588571608586583,0.3954510196432552,0.22282455230414167
12.420000000000002,0.27394600493484395,0.17054665401203203,0.45895396155744395,0.6185679557243312,0.634119530533312,0.8643811292489765,0.9982331246691751,1.1344941567808895,1.1655258420729369,1.2549888302718775,1.359799746151434,1.4161196845432762,1.475429600352767,1.4776416034943898,1.5126460159050124,1.584673060300786,1.54751286162703,1.3889126441950652,1.414050130212283,1.338473638680586,1.407264016492202,1.3659931917000459,1.15592570959413,1.1186737789205883,0.875756558055419,0.9912085502716133,0.9466261899333158,0.8880223510016547,0.670347407264435,0.6042091677795495,0.45363095884957566,0.2524601459427623
12.43,0.296900690033089,0.2399684201410636,0.42742535694550915,0.5606390090159579,0.6301084596183149,0.9010228572911233,1.0244661585002313,1.107293968071407,1.1859370068508903,1.236475954386201,1.3714184134271357,1.3270697928870594,1.4199971344243547,1.4514943423155242,1.478627460589441,1.5112184057163334,1.5512359014362787,1.4351527718881656,1.4072840051936215,1.2899088166329558,1.4480638720710801,1.388933231785423,1.141994666768948,1.1100362423258006,0.9725534273725073,1.0288837303695963,0.96806518941064,0.9317596173758897,0.6598066587762546,0.6837972716686768,0.45359083916411896,0.16662197936450684
12.440000000000001,0.2394534946520989,0.187550653491795,0.373488008974085,0.5302728567350359,0.6279962585341107,0.9125947991203148,0.9822055085904171,1.1218351522115921,1.1371040783692743,1.1961188685557371,1.3796745350421578,1.3699092061859905,1.534269553094142,1.4889440155704723,1.5173906183051202,1.5248260948353995,1.5919195115848286,1.411512505914636,1.4480812739995192,1.3413650498018268,1.4145712525829057,1.3575170354811856,1.130312107956632,1.1249948908656193,0.9197598108842295,1.0708571805135239,0.9606422967769648,0.8360760395329961,0.7093377696958681,0.6254663886316554,0.44972267885256395,0.1769680912643985
12.45,0.28049921337950673,0.19086067875383497,0.4326680789643045,0.5665248811038663,0.6278040047002138,0.9719959667614319,0.9924539933802852,1.1314909273990654,1.1659895815656927,1.2300776551586705,1.365171046248567,1.4419975632417439,1.4637191885515455,1.4945025233634388,1.4820264163947725,1.529764368737566,1.5477593824339477,1.4046994584169197,1.401885710512043,1.3327727919324357,1.4345416903227037,1.4254985300649359,1.1114154858781897,1.0907060413771101,0.9075579094886338,1.0617741495199677,0.9672300565771836,0.8824979743002859,0.7307689261049187,0.5958949610290434,0.4981307851429768,0.15838089597801405
12.46,0.2668535323795536,0.27571163887131317,0.4507560590467793,0.5377440628046158,0.6096055722484093,0.9480969468901081,0.9734292606609889,1.104658765596102,1.0629492331333208,1.2462320141803123,1.3941060934156855,1.4127877904517163,1.3822801543961523,1.4704710025458716,1.5426381888606064,1.4751070291239,1.5261386285419969,1.3973505056197224,1.4798702041016127,1.3097020830571011,1.356750256524985,1.3325098335985177,1.139086620632591,1.1544682706475429,0.9228885861221283,1.0939779800407503,0.8977992172262647,0.8946621192653867,0.7168372858058183,0.631136252222651,0.4693253588207092,0.09723003976064397
12.469999999999999,0.29222038400188355,0.2977465602829097,0.45969064067230686,0.5420940655224397,0.6323788251067055,0.949480036667077,0.9952806451610609,1.141768498183918,1.152083476111781,1.15676035146677,1.3429883471771782,1.4073029664752177,1.492893237514366,1.5083280830449264,1.514102799769697,1.5396850836018883,1.575290068178437,1.417257218481314,1.39648458221551,1.3272321005595968,1.3992664316443726,1.3664784843576456,1.0527688291540995,1.014547110233388,0.9156805139742219,1.0720998009940985,0.867853707763537,0.8546807477143136,0.7129947134942959,0.589545605199908,0.4143959025950023,0.11593863623054501
12.48,0.24091941069302514,0.2832764504053726,0.32629345128766835,0.5151541513920765,0.6527383341429861,0.9749537591923989,0.9680744421198486,1.1016572640265572,1.0792038765437608,1.2682124451085037,1.3512491074801456,1.4088050876150475,1.4476428892550304,1.5178030290549775,1.5490995647885006,1.5883884753115187,1.5279657294990585,1.4330933944488742,1.3980428382630852,1.3291983325297774,1.3978147276813866,1.3419063685192938,1.1220815752254225,1.0692744476440346,0.8782974725310594,1.1115011429725026,0.9064945868844219,0.8899646930071592,0.7451222045368067,0.5951967260383546,0.46455207981376756,0.0851829829537789
12.490000000000002,0.28893459483102435,0.2725201277372314,0.3215171783430222,0.4829763911770636,0.6359558217936294,0.9156731126806298,0.9504212965709342,1.0703556275815953,1.1585686318397603,1.2034919249580314,1.332076178538326,1.419318919277725,1.431897186717512,1.4801041292386394,1.5220343978629507,1.4967367555597313,1.5010660882177376,1.4093410316691024,1.4067096337881468,1.332819714651141,1.389532504915301,1.2973365851021432,1.0680170287262447,1.0569516861317116,0.9186341567756507,1.1383107025834276,0.9448378598471014,0.9462446896197377,0.7895325251235913,0.653349729512785,0.44850449880078497,4.864280502375751e-05
12.5,0.2998160507342683,0.38699760389489746,0.4044789487937256,0.4878976087941147,0.605036210798311,0.948592156525692,0.966275996349812,1.1091359307724045,1.1107636668393048,1.17770453962047,1.3314247084841349,1.4210477111212039,1.4863719273361828,1.558937083186222,1.471571589232934,1.5860295518651595,1.4969453620171296,1.4658566050466502,1.4892253516915674,1.3631704758341021,1.378971356650124,1.3483517106558445,1.1055604161685453,1.0918977589935361,0.8786855410726571,1.1304973713155426,0.8833028775124997,0.9104352441315301,0.8723571576091272,0.6075910023327723,0.37733013597975523,0.0406049897069469
12.510000000000002,0.256585623908881,0.339255478898319,0.3574030350943793,0.42968961711898185,0.6350574942733407,0.8856866311150619,0.9392499442318837,1.054469232949433,1.1350115934096037,1.1655554445109675,1.3502386008165883,1.382494066817268,1.4510473681471459,1.5207074548589503,1.5278005639058454,1.4818153544538726,1.5172576585088418,1.4083238151066455,1.3869428482384345,1.3459351723507555,1.3636017129725646,1.3225445359262284,1.0861716662597352,1.1012677067301326,0.9684410623109001,1.2073298038082818,0.8615222344444557,0.8500736709306954,0.8073957956364017,0.5511764278269515,0.37649935182952365,-0.033838003863354615
12.52,0.3177819232448495,0.33169652292421514,0.3047628581040891,0.4311466714929645,0.6276665135637888,0.8915457367284736,0.9339063647799178,1.0619741900012853,1.1410936710040092,1.2018524616304762,1.372957057964737,1.33980621641498,1.4812614592149036,1.5210648932132529,1.475137296105559,1.5132513897138844,1.554424038823063,1.398957133983212,1.4245225104507668,1.3070728644804794,1.3777881358436512,1.3295060306375126,1.0177668348260973,1.0544692874539834,0.9635036613684494,1.1858140669389006,0.8323299060008874,0.8856481995368392,0.7906415377955598,0.5327719439789625,0.4061061120105646,-0.0282247464788473
12.530000000000001,0.2283815591003321,0.40442227750002446,0.32204038917816075,0.4668736953207385,0.622092234175252,0.889620169502023,1.0258211586013926,1.094041507486493,1.1143919646330802,1.282105491531646,1.344023141423981,1.4163420587316697,1.4098113933643686,1.4511591419269876,1.5071120942378333,1.5451068120405946,1.466000443036523,1.4739957685335678,1.4662270764077803,1.3167680056876,1.2867323005187044,1.2825008315591644,1.0597799549626679,1.0782002868624185,0.9084955942522716,1.1579411625584302,0.8287889323047497,0.8877090883369329,0.8347246576287871,0.5668025778595054,0.34222203368773807,0.011700197584868456
12.54,0.21505772353784985,0.39349375423908206,0.3406223461483526,0.5011084730681524,0.6809276650822904,0.8752954014770323,0.9675313725464028,1.0478401440396674,1.1042087724383034,1.237371403553495,1.3603341770469588,1.3901583848584225,1.3988749133617577,1.4612617493514495,1.4776681213968283,1.4893745452709513,1.5407924809858844,1.4715976715186903,1.420191190436808,1.4225316545925797,1.3501230645336249,1.3244871517913357,1.1305940030648964,1.1071940453602798,0.9511107668584202,1.2156449686745487,0.8835803466452774,0.8881247588593384,0.7751608836974835,0.4413448524899405,0.3073252082111909,0.020471811144411284
12.55,0.26984389194722286,0.40708900359949574,0.26090752673366974,0.4769054720151435,0.6362728899887888,0.8685821456982796,0.882747302963741,1.0210273977084037,1.107541205956478,1.2333112166182016,1.3826043126593808,1.4099065563470143,1.4330902180266767,1.510987592302554,1.4986055466995325,1.538337774567217,1.4612572213879098,1.4575487963009575,1.4343094392140852,1.34903322678705,1.3449719649449559,1.3642017190195115,1.1921131147354616,1.0820363859267732,0.9591273049274929,1.1846058552220748,0.8332296202287782,0.8372450899079336,0.7904705335752042,0.4758723362842197,0.26120692715932525,-0.040442962350529396
12.559999999999999,0.19126397724792793,0.37176962125861235,0.3096406347804444,0.5293826034023392,0.6844612721730986,0.9048629237722995,0.8563327377060364,1.0440757106302914,1.1783433163736998,1.2620656840002913,1.3042615521182728,1.409524486938226,1.4298550031102182,1.4355782787961195,1.4844657720010552,1.5245780602800552,1.5077516271205533,1.4861480341506201,1.4741800397508051,1.322291164746439,1.3712474888150064,1.4029385370266583,1.1847044726162452,1.1023687075457602,1.0099227421239687,1.1177344583644315,0.7976112274075575,0.7758879119142211,0.7966556364772177,0.4681027915414989,0.20284373261392047,-0.059544038142889104
12.57,0.25379089133708077,0.37220978795949905,0.32865420200756723,0.41448652832131205,0.6264302237715487,0.8665000026585524,0.9193297166070775,1.0564459142756686,1.192368697857096,1.3240642958979405,1.3295365588852666,1.4066561199178076,1.4447124940011347,1.4697393950588404,1.4922771514394721,1.4738585341683452,1.5351089146497008,1.4720137764073953,1.4877332236493237,1.3820516625435364,1.4137659061101904,1.4613068403449008,1.214237415863947,1.0813022748564078,1.016155706148983,1.1525407788308455,0.8010836049011079,0.7711693599415432,0.7924811471220078,0.42978699936468284,0.14615318132428737,-0.10044780432291119
12.580000000000002,0.17377182842954678,0.3938436197854305,0.29036471575081374,0.46813600928661886,0.6893548715769965,0.8600506231046136,0.9378320602034226,1.0247380354345679,1.1528364944213658,1.2601902411370325,1.3165021173060896,1.4390849133945467,1.4288815538194637,1.444238070967288,1.5094983414960774,1.4968220026294565,1.52124210415932,1.5216584123140091,1.458910210898163,1.367197481422935,1.4042568313396184,1.3679735132965896,1.19496248135522,1.1633154280444669,0.9654480286267725,1.1177754221738976,0.8096169961757608,0.6946190006913754,0.753654994001452,0.4003331982611959,0.2089072543175147,-0.02597513503365507
12.59,0.2094398275091725,0.3677628506110127,0.2637172278931263,0.49738089881443914,0.676389303601579,0.8498312117039705,0.9084071587649418,1.0502659049230856,1.1410201432693454,1.2806861457524108,1.3136524100844582,1.4157457710305348,1.4086879616181054,1.4180151280932738,1.4251177980937062,1.4495726180354198,1.4894009092301377,1.4573714707493752,1.4512547728112983,1.4510243084600263,1.393909694488952,1.3734411948345933,1.2635215946123073,1.1482100164779565,1.0058748133640851,1.0908080170534036,0.7704262880415653,0.6819733034361003,0.7313218965096,0.3442084049839823,0.13818750554495876,-0.11474333562048497
12.600000000000001,0.1907804929514378,0.36860213997858954,0.273304222124402,0.5077050141122675,0.7458940518398497,0.817191774507991,0.8634297813529159,1.065368370319964,1.185575577909549,1.2391840589973326,1.343079666109345,1.3818761156911072,1.377654763527612,1.484813601714873,1.5020490925690353,1.4550122615069232,1.4928622159119747,1.516457655075343,1.5003303635986864,1.3618374137281422,1.4570404331655369,1.4020515732711123,1.1280165887892193,1.140409415109335,1.007310678624185,1.0563819927860536,0.6872843290512632,0.6469687618680097,0.7275345245500712,0.39804708303922876,0.1337688328009897,-0.054590362767892295
12.61,0.14104992593986881,0.36249546286008283,0.32636993091901356,0.4877158624257936,0.7807924967439244,0.8348883212350977,0.9242352665309358,1.0504396713484245,1.18149780043711,1.2769955590469715,1.2998119327006394,1.3567475206399915,1.437080521062772,1.449051435690941,1.4062276022645372,1.5425036885700034,1.5208918697509504,1.502842945797904,1.5263831542684594,1.3963384530929865,1.3846352040436363,1.4089122882932168,1.2286019831303165,1.1269456804989817,1.0163573121559035,1.0187242827063065,0.7148688495120487,0.6281968453735887,0.6964174610355818,0.32783131464688686,0.12388068647690373,-0.014578926881605378
12.620000000000001,0.18226409110755962,0.38533267340666394,0.41237071352999427,0.5166325853081419,0.7433744323675341,0.7890930847910896,0.9584698776453516,0.9837862084481019,1.1187128347822384,1.301654778492476,1.3439018316269802,1.4394654906097526,1.4365633811454401,1.4790909727748147,1.4572465442269862,1.489380837270678,1.5067166948689226,1.475227490494649,1.524088806095963,1.3756573610203786,1.4798696714103143,1.4206795059888164,1.1708946293863756,1.1637530832907477,1.0768896909336507,0.9686129189656487,0.6701930451193224,0.6330561482610425,0.6402288665396652,0.2952240497047505,0.04299538685379809,-0.05451034368487151
12.629999999999999,0.14183024867633684,0.40146972486086846,0.38360680468267544,0.5047650654947767,0.7321127441428944,0.8414473141591878,0.915851146412199,1.020923809996698,1.1375255070880457,1.2525484757860565,1.3391214033741228,1.4216331204215127,1.4443552171735676,1.3798306057783347,1.517794855726636,1.4489980402204576,1.4684632002596059,1.4507375682095744,1.4949589535509158,1.4147613725648682,1.4591174395147246,1.4339884609006077,1.156902293271465,1.1231930912661685,1.0105025188280672,0.9702935948401994,0.7679980713264934,0.48545457727591984,0.5910608776090627,0.33146775330800327,0.040918408238557254,-0.08717649564719737
12.64,0.14776848661839895,0.39550203438591436,0.4401981378112754,0.5876035366453676,0.7990543106847073,0.7577214858051706,0.9377131111775736,1.003994501261257,1.170083431047018,1.2930485962618279,1.3059454145766718,1.4018719449408454,1.4493182209926523,1.4451226166079842,1.4936342847455797,1.4835850768821661,1.468211444036892,1.5723107549939077,1.4844317409485548,1.4227686252066023,1.5134897826477463,1.4998409920559816,1.2840784002170735,1.0823122744784897,1.0561833456798264,0.9251039996012073,0.6303058117033935,0.5233948777392231,0.5200916200837041,0.31341886783814754,-0.0055991980032433514,-0.022516714156722767
12.650000000000002,0.1514661943095922,0.4041071767141512,0.3991354994539821,0.5695771688094233,0.7823150140199802,0.8155995693097898,0.9545451547791168,1.0111476019836505,1.1855641186913828,1.2810363608592261,1.355389610897162,1.4109287524264207,1.4681311289875276,1.475913652917968,1.4743321495557449,1.4742980598076463,1.4846023905010086,1.5101897376331643,1.5264770605882,1.342594994963402,1.4818469572475712,1.4587293312525076,1.2156860086836185,1.1531006402811996,1.0054639285894504,0.8692642238714539,0.5732218579104877,0.472135727418333,0.564123632592843,0.3025198150990263,-0.038015956404101305,-0.03987552837503595
12.66,0.16281245566808292,0.305728917637679,0.436862164464692,0.556295238092738,0.7935969873522232,0.839458769055329,0.9736939766983673,1.0298979959015842,1.1893008976048114,1.2662353890974098,1.3654581022487635,1.3987984777369438,1.4196516006078812,1.4584826907831103,1.4917991886189579,1.5207642969391075,1.4630921060847688,1.423860745265898,1.5389760691284198,1.4026727705315098,1.460131082386617,1.3936074424747744,1.2218073079954428,1.1393768920723593,0.9540908294655405,0.8807557990907855,0.6321215536864973,0.5056520391858013,0.4424878587271859,0.2682230779764045,0.0023933101024171434,-0.050668020873801324
12.670000000000002,0.1321260323598078,0.2673431123442533,0.4472673098364801,0.602388715692536,0.8309649381296883,0.7715989936057233,0.9951310115939903,1.0580718411435217,1.1612965369150416,1.2942880827746759,1.3255323045000442,1.3636328482343416,1.3887923677545593,1.4698572302827528,1.4727596808591352,1.489415382583906,1.4643344502458924,1.4705881261312852,1.5100621977376532,1.4019661733640312,1.4689128860126113,1.440883109718799,1.1647355045401158,1.1752832732455516,1.0201852545501842,0.8715678097602523,0.7255159966003488,0.5245054524109737,0.3450685812816326,0.2655814389761037,0.05438036645797846,-0.02234858852791619
12.68,0.17925816862082378,0.29704904434896345,0.4724453479920996,0.6126290474925309,0.8914324373448693,0.7709884523788606,0.9027978790253113,1.038824252707637,1.1112027922617407,1.287863886714776,1.3441267880924932,1.4306216255501392,1.4155937571123551,1.4344508137220375,1.5043720782582064,1.513920264417247,1.4326626162090388,1.4895898104179834,1.5075984270030711,1.3525549704138264,1.4416964213956422,1.430029333438496,1.273221780056892,1.2023012907052706,1.0088441611249148,0.799816429027822,0.6967362758101086,0.5145258272978382,0.42730543242574387,0.22066240336022325,0.04437692648324408,0.09419108028762099
12.690000000000001,0.19063536824491845,0.3348330972429791,0.4975517202668696,0.6136593202657505,0.8165161416284596,0.7514627650266779,0.9180617918275075,1.0981361590020362,1.1607124346976248,1.240923267918844,1.2891068728739863,1.4032449669134732,1.4582354143485636,1.480477797542,1.4705876446680974,1.4885058299772225,1.49251371853229,1.4551405203341772,1.5735425234541771,1.4263269620540653,1.4957567060806158,1.4394268998659492,1.1906383397997409,1.2124077714817434,1.0802934164087377,0.857281157792689,0.7095141144612117,0.5105459185869582,0.43381552389933437,0.23730679153506554,0.042413673701775116,-0.006863819663828137
12.7,0.17713382158398358,0.2618059847634279,0.5557203816820445,0.6224091859872659,0.9240954376521048,0.7961990266991086,0.948622379410059,1.0745395987536137,1.1253265343904735,1.2970321489498424,1.2625567261720563,1.366479423391939,1.4544035915603848,1.4506377470535183,1.5109470826645757,1.5050775332138522,1.4725719830546495,1.47665603323372,1.5220586888576346,1.334507321829015,1.50984363361546,1.4324256392555854,1.1887578701729382,1.2181589147981562,0.9077210224201128,0.8118576729111965,0.7379084674342464,0.47712375670140955,0.3761196203867988,0.3751565805988328,0.14412671519195397,0.11758646292530191
12.71,0.1652587910962481,0.21396526415024458,0.4602572147396419,0.6252356615468375,0.896578006171947,0.7810644122569953,0.913175170431189,1.0673125350245392,1.2072815180294991,1.3184360727424551,1.3243730825355486,1.3486257331146831,1.370368313391332,1.4468854876484696,1.4747561172601191,1.5578255343733727,1.4654295605089058,1.475350688800785,1.4308242894115861,1.4213950194761185,1.4733077385778794,1.4095015548948557,1.230705639746162,1.1919103060219454,0.9302702741211705,0.8001390778750961,0.7867926455454317,0.5419668362020233,0.3390758658087938,0.3267031075510819,0.11874332534609794,0.10708476794559413
12.719999999999999,0.15374687308905455,0.20062655771597668,0.5698286107441675,0.7427836848721003,0.814904970559386,0.7841068702807331,0.9298334952766361,1.0278234605288816,1.174889023527076,1.2808280378727463,1.339945394357848,1.3119985012916304,1.4249285261856193,1.5098347569812078,1.4838291870282885,1.4171481652004485,1.4320369615231314,1.4418276244721493,1.4864714967444705,1.4308213092381825,1.5300339984880866,1.4968164625136613,1.2057842498211007,1.2204364614622176,0.9923020375609791,0.7917047346569079,0.8301238617039334,0.5727457855120166,0.38987040589601174,0.3491519407920257,0.15083406735529026,0.07957167267955961
12.73,0.20489743730531476,0.1854861034175636,0.5260716277505594,0.6907099643617608,0.8058285578194095,0.7609217981700312,0.9810610132948192,1.0401340722316688,1.2266978747918948,1.274608394883724,1.2598708724721515,1.3608771180847028,1.3801860941629027,1.4192626034142968,1.455759635504072,1.4709596248201597,1.4618442529543836,1.5011679913764717,1.471325275301522,1.4059996345611898,1.4232854399568622,1.4518245413475614,1.1532334243064326,1.2712485003815015,0.9693799312311197,0.7778739349111934,0.8479273051136625,0.5846951274015704,0.42017510291544086,0.3161435902196388,0.1894911930891772,0.16009939205113355
12.740000000000002,0.24922663790851154,0.13676805296710193,0.5159133674441548,0.6627764126238652,0.8117014734083735,0.764005399904903,1.006317441911423,1.0943337096565635,1.1823929824261667,1.2810890305124012,1.3204838214971522,1.3311032856574365,1.409779443931047,1.5582058740545832,1.512436072969221,1.4639982318602807,1.4261493904679317,1.4545909066760336,1.4996013390877634,1.3904924361895965,1.4683103264374062,1.3883501620858312,1.1805410286431384,1.2765635747050923,1.0187618192372663,0.8052568006214871,0.8757233931328958,0.6500222382249813,0.45269787057397404,0.43654260804185696,0.3081475471188577,0.24801532246892
12.75,0.24064297636602822,0.16387092792060237,0.5607727478483013,0.697850236652048,0.7910648536660446,0.778507716270701,1.0182296849072425,1.0300868403162444,1.175134076609596,1.290795265709625,1.2897059522986982,1.3492770510428544,1.421782791570183,1.4622302273996144,1.4672239430244025,1.4609317817480085,1.5107103460454099,1.5390758795722266,1.4468673090413657,1.3695916857610133,1.4440704767083319,1.3752919713172203,1.1664989454100743,1.3105549324818768,1.024537370758193,0.7359045257971203,0.8624423862224325,0.6686620901320007,0.4025266668869818,0.39673979931415465,0.2794403859698362,0.2197339253324394
12.760000000000002,0.20317650760153286,0.12845843923949346,0.5155235418775732,0.7265095059588322,0.7748154446698078,0.7880786326296227,0.9745104779260848,1.107983403339095,1.1898722098251244,1.3027749750469968,1.301120404507991,1.4037471826247867,1.4213578819492303,1.4632626062865945,1.534016806711279,1.5365215208619085,1.4432001543456383,1.450563265337978,1.501164037830653,1.4566642122699536,1.4625920617853698,1.438499460414467,1.2181091683243472,1.259253122679339,1.1198840445278064,0.9012454238608711,0.965261789921136,0.6656418441827335,0.4145848213142392,0.39627786760080913,0.29727494764224244,0.2331657400583273
12.77,0.20837875843504539,0.10259054413638137,0.5612807106743013,0.7091727024621309,0.7518696600209825,0.7773215325683421,1.0184963550030213,1.0964434089125912,1.1937118201131889,1.2575764987503466,1.2809710821797582,1.3364088222037456,1.4316186327378015,1.378547063048099,1.4769430170468876,1.5215165832078221,1.481864005717923,1.4884323208434311,1.4584232295701174,1.360863851202195,1.4428729450523206,1.4369536201790374,1.167322030312336,1.3028152900165888,1.0616909834212624,0.8325153745218572,0.9942123706064059,0.7279480633718171,0.39311122702805956,0.35142695653673456,0.3826969863414436,0.22893287913123134
12.780000000000001,0.1718003500545134,0.1506320791245679,0.5327044838165168,0.6720474662611657,0.7952244259951277,0.7992602149522147,0.992642889223277,1.0637886541781107,1.2081929460893501,1.2079268271921233,1.2633709550395764,1.336245054233831,1.4050259978026194,1.4788242483443659,1.505009081972892,1.457806805207011,1.5326883900214225,1.5206918582536386,1.5203235729736795,1.3888604898156993,1.4885465594494909,1.441004313100773,1.1594148430409414,1.295148650009774,1.057409418297147,0.8466168007842776,1.0071888820844104,0.743202978023613,0.507467970171921,0.40856955254133676,0.3206811737048389,0.19913236384212038
12.79,0.23957648332878015,0.07757661550054147,0.5871735836979697,0.689292724125872,0.7452723730120916,0.7930858093805491,1.072843389353551,1.0933301043120787,1.2039085609458295,1.2282628484913054,1.2962011692948132,1.4052871271482241,1.3528138280250506,1.4306884878105603,1.4875629126299224,1.497913222067861,1.4611796247040343,1.4602136330307096,1.4578763096786203,1.375038974054282,1.4635668055400917,1.4153922338810532,1.2352448450083189,1.2602967216548426,1.102858618727114,0.8753837980648065,1.034223356214218,0.8221102761528482,0.5027757398655328,0.40524391578931107,0.39215764098729883,0.2548018763963746
12.8,0.18365387373764697,0.11371000747314955,0.4759145129693527,0.6069954707609623,0.6952117624136749,0.8272837026269565,1.0817797027338005,1.1286415964640844,1.1784714334479298,1.2094317221131263,1.3157304058769754,1.3575783824285788,1.3903385443423946,1.4019673863938085,1.4451730515186194,1.4718439352309445,1.4585828531097618,1.497752699947887,1.4523611823291744,1.4122887381211708,1.4434103146292008,1.3840796263933026,1.1767279768124816,1.2558851041550614,1.1515577041860077,0.9735352195894912,1.0285755007217685,0.8340292394444434,0.48433330677276265,0.3984344935486676,0.4445258536064499,0.25606689888604056
12.809999999999999,0.18890752135674949,0.08976381649269197,0.5333657209037154,0.6309548879326198,0.6942709353972952,0.8081805561013267,0.9931826764626184,1.1477148595485518,1.1759167473242478,1.2038272040864793,1.264922133263439,1.3061323018652902,1.3808831613114636,1.4448759925081018,1.4870186222208885,1.4679425019235484,1.4909552078804804,1.4834398172510785,1.487106707734013,1.4492540069345585,1.434771013968391,1.4447576880148938,1.2518232008460528,1.207241045468133,1.1554882760630232,0.9474532613045992,1.0718225279372398,0.8264485231353987,0.5735015859918928,0.44193155543083523,0.40127580858255557,0.1956603873548412
12.82,0.1889795693783926,0.0934439438148853,0.47426991083540637,0.6504935589128797,0.7004704174242811,0.8620470013199176,1.0378494467908186,1.138271954404149,1.2206288055082086,1.2294769241551864,1.3340001991522696,1.329616589522966,1.4217075386744413,1.4569776728462465,1.4832165142744074,1.4191670834786445,1.4843261800290282,1.449711638752656,1.4663990665934754,1.3904355612737256,1.4197418769524925,1.393671764654279,1.2000919489794228,1.2270065263990495,1.1493496763380593,0.9754694433411443,1.0926757218177112,0.8243264068380842,0.5323366334723683,0.4226312848426542,0.4100643414225375,0.17113250639263186
12.830000000000002,0.10342441102533559,0.11825115848266515,0.43660417342446456,0.6514759073195566,0.7561415041855022,0.9012803985940128,1.0621043024940349,1.0773092965400621,1.1463924595085324,1.1981804485876781,1.3196176495524476,1.3259255052589332,1.4080997981403147,1.4632458510791306,1.5125905757961187,1.4760108792949738,1.513698616499143,1.5077723275827968,1.5146516626845168,1.3952861607743487,1.4610977105768024,1.4451312123963067,1.2504934021581953,1.2941716046552294,1.1936806672402094,0.9994641023520302,1.0729179068793182,0.8339498999688969,0.6259582867610466,0.4796952387079631,0.4162955508477793,0.17200630357017807
12.84,0.061790070612983125,0.16267784438282737,0.5384363716817694,0.6638221560252078,0.6336715742742492,0.9858406025188449,1.0725630061460512,1.1439847867785211,1.2335770494688876,1.208129687785353,1.3450070805334051,1.4022774833732434,1.4140859301337483,1.4526070766722408,1.4617809167882483,1.5512581865551016,1.491078792823236,1.5602370693276426,1.4646800376069584,1.4546843642631089,1.5234263127316385,1.3962063383329748,1.2916547714260371,1.1850789746651949,1.1852465616594827,0.9935407010183991,1.0917853800235864,0.8970062167407747,0.6205076629260715,0.4091357783964087,0.4241915685691078,0.1466062492615667
12.850000000000001,0.09591997122862322,0.12508463248597718,0.48121391534463726,0.6105979116859487,0.6465439548932672,0.9095455386514436,1.0594549764776438,1.1598521487374338,1.227405956609357,1.2287001895263254,1.274904746931936,1.3572807186815983,1.458002488640323,1.431384459666445,1.441115129610833,1.4713481657713896,1.4680638663491372,1.5089059342757305,1.479860631385053,1.4722450531242237,1.4732867793596436,1.3960798116931026,1.2367335848052485,1.172954686657914,1.183832337852252,0.9600105697279283,1.05836101337895,0.9028941496209508,0.6762808446767036,0.4735487311242696,0.48711374218004927,0.17134991452005296
12.86,0.06742044905646376,0.1661154626118592,0.4291412477215768,0.5946023177890973,0.6252878728564415,0.9126206151094365,1.0548481249523893,1.124682740741697,1.155029894421403,1.2574702069835233,1.3077954492416264,1.3581282273110549,1.3844961080471554,1.4743074167574566,1.6056446117213168,1.4714847880951814,1.4295644868822568,1.5257822137335875,1.4709465698242201,1.4809651430936766,1.494249316738424,1.4440107128263653,1.274171624361628,1.1357283677281667,1.2032894768073887,1.0254391303084522,1.010097392738952,0.8426327110824007,0.6467755816624186,0.43303208256769593,0.45772722391585585,0.17034558124631563
12.870000000000001,0.018060251041421487,0.20201026902037508,0.4735584957440104,0.6346658037814513,0.6721627137813353,0.9572403997819512,1.024304196053298,1.1600321406943137,1.2542105604794667,1.2517266261213298,1.3116669417963052,1.356728663993666,1.434625432117364,1.3995682154507199,1.3843650219775046,1.4379853079494986,1.5082221395492716,1.5078047014351703,1.4176529625098533,1.4474867182964204,1.4086510274870256,1.4107268106202628,1.3024035816939348,1.1461784723808104,1.2319860749625418,1.1041573816262484,1.044174429406651,0.9146310454965615,0.7429266909011653,0.4909046684863169,0.40824398271035767,0.14932118856579216
12.879999999999999,-0.08344628938678039,0.2588141736926831,0.4621588280208666,0.6783181030148177,0.630187488850729,0.9614581184370048,1.0937879838829463,1.195050116129297,1.1892128485905926,1.1614338942865847,1.2524749606970884,1.4181529012390457,1.4205199193580422,1.4229487815133741,1.488646421371445,1.4935329893600198,1.4493887441509417,1.5033789431807492,1.577808577162596,1.4867836048435923,1.4930184128539024,1.4764124176095932,1.3019794546018393,1.1349375756484312,1.1899436026032146,1.085468427133387,0.9624893356671991,0.8642885726887173,0.700441316619906,0.40793435900746666,0.3224614746012408,0.09100935332032847
12.89,0.022717061474311004,0.2508443318522839,0.46138974435910995,0.6440145377955167,0.6618601245645784,0.9303346731193856,1.088368537200695,1.1456754368000435,1.1941426864514988,1.2016273771588966,1.30417503230288,1.3941594411145861,1.4345930188284692,1.465166303159279,1.4715285809581469,1.4389016648257051,1.4752678961868755,1.4763303030850914,1.5349133228565974,1.503290178380052,1.4725898240620914,1.369318818264679,1.2787733113942317,1.0794918793304034,1.2344723743093073,1.0867794208559498,0.9221155218174506,0.8657253874263514,0.6867278254245999,0.4580225021491051,0.4131246683258262,0.18930421317551682
12.900000000000002,-0.04033007536363238,0.2716109031774165,0.49359248204348216,0.6253692878066391,0.6388640381996532,0.9728135313569817,1.0014332099900967,1.1527432466464205,1.2143089372072535,1.247810187599972,1.343431035054334,1.4641094015610316,1.4258685044703758,1.424952938084555,1.4989969003556902,1.483404641082824,1.4683637740937077,1.4499869887345265,1.485577835996801,1.4500643763281194,1.4731726551080617,1.4062490503607348,1.2233558651774357,1.078289807886568,1.2124075212092897,1.100363175889032,0.8642820368317596,0.8468797302616826,0.7666517769776643,0.5276210126780247,0.32788551236965324,0.1723489513333042
12.91,-0.029973298454983012,0.38341186772619507,0.48604869689917324,0.6492641934271188,0.6453778700370408,0.9828202628683358,1.0469181342372136,1.1800278915415365,1.1575334729271594,1.1899163099887602,1.3303816484766922,1.3832055688618812,1.4629691732108918,1.462667016275186,1.4564660054341656,1.5016790274492333,1.4514079290569386,1.5465088726126022,1.4499797933736727,1.4768487562633268,1.452993807558373,1.3909033169039082,1.3461021102611304,1.1014081872645658,1.2363999109049706,1.135291695949971,0.9284899834697429,0.8663928724741483,0.6746854257023562,0.509540378885451,0.32483586221621624,0.15960125978415995
12.920000000000002,-0.01493046255568847,0.36147838311452996,0.4402196308599476,0.5994581645713553,0.6242914936117695,0.9537550057474427,1.0124123570998156,1.145559915661076,1.1780058626249226,1.2396426595936956,1.331511893160999,1.3811682350874819,1.4563049247430855,1.5282426523492783,1.4694173663465213,1.4617438292892722,1.5027521933718844,1.5445189778231174,1.5479311460002563,1.5003362052084355,1.4470627808897556,1.4442347091077035,1.2942015188027307,1.0152889992791576,1.182339344294242,1.0933346203618488,0.8462581852061416,0.8697626862520549,0.6948431756814294,0.44565425823164573,0.3118744613979038,0.1933617614571087
12.93,-0.011068633770976,0.4426112233601412,0.4555485538053854,0.5865767278886813,0.6235274835693766,0.9747226208029125,1.0091407648972601,1.1276170720490455,1.1487200262929311,1.2531254999183452,1.3261101237587776,1.3894071523152316,1.4074105800290806,1.409610938706321,1.5157105441351515,1.450441722384413,1.4455090518840568,1.5521503487898847,1.5146874025994181,1.459582793583011,1.453882813114725,1.427339735874469,1.3239354871321853,1.0307923845190035,1.2129832405305259,1.1123995558626412,0.8279598547933501,0.8207453761311154,0.7731303940229958,0.5191452674305786,0.3045949271743282,0.21899535502844822
12.940000000000001,-0.023658789473705075,0.4064377747825929,0.46670253432948144,0.5972530786167602,0.6458037484407622,0.9755078331627062,0.9996976575844507,1.1641617490259277,1.1831633277502767,1.2760831509871948,1.2198242922301163,1.4016901010569238,1.4493028950921834,1.4745034263009746,1.5050287852378763,1.4597861031809627,1.4447037196956258,1.5229102469893574,1.5160189267363613,1.4336128814559226,1.454899378057926,1.4368069460501645,1.2960017124870165,1.033681102435399,1.249672936167032,1.0971901325676325,0.7833776512353533,0.8029609811586463,0.8151896972956413,0.5734244551241027,0.2675184427600298,0.21122349738886828
12.95,-0.018154188125889564,0.4465680630689219,0.4508240772212568,0.5581604292718738,0.6651646280028566,0.9402234413995066,1.0163175186097753,1.0907830985652052,1.1554820517097126,1.20953241392913,1.3208350644274378,1.401722642414619,1.4486360797165856,1.4757704324562817,1.5225055999965937,1.4993933521808596,1.4296366714456237,1.5228519626860142,1.5174057042286153,1.4932025400357785,1.4716509431346254,1.3706115333663842,1.3403706904196242,1.0309263586329769,1.2128238375932285,1.0664867919396934,0.8017110577872606,0.7370427220414366,0.7175017479863388,0.5425470012743209,0.31917160175850745,0.2410097232562157
12.96,-0.05907062404576323,0.3867992035912119,0.4520531480210225,0.5962744834156574,0.6668436491767756,0.9972065435549451,0.967494559970359,1.1258933352958511,1.0791399575214222,1.2072622816671414,1.3193819535054407,1.4137516734881563,1.4386005704868698,1.441880170570903,1.4710902450865126,1.4368273890619363,1.4155057916662854,1.5328479940666406,1.489631986063469,1.4965586857703124,1.4570973047294702,1.3987728869033806,1.3701153089209566,1.0095696210335041,1.1896617399635478,1.1341444258021522,0.7334651065792465,0.7867095391847564,0.7667419464755727,0.5782213682743808,0.2779331503217539,0.2393605182158467
12.969999999999999,0.007952819467939777,0.44274988362805995,0.46660896456420875,0.5558928180914953,0.670390771117158,0.9708901239571281,0.9107577424459586,1.13327608130234,1.1488491531728058,1.247726888628795,1.3005728031199546,1.3682115680728812,1.398360368027303,1.5040230024581636,1.5038683913797806,1.4652934612972104,1.4592119736629252,1.4867729576568798,1.566589297261644,1.4800392481916536,1.4086636456687027,1.3981274892046183,1.3431240793148986,1.0130318497286546,1.1835184900845663,1.0820990321857353,0.7548891849988946,0.7505924401472135,0.6883298733721743,0.5852124546772005,0.2318761834862908,0.23117603430569383
12.98,0.02555944354140388,0.4119359994393026,0.3805881063877852,0.5155162668661043,0.6361215895489273,0.9209832058802654,0.9269001509655224,1.0857006610932474,1.123486180815515,1.2252744965473505,1.3036858991035414,1.4200444678164286,1.4245338766473745,1.4383193739117694,1.4752795804222139,1.4830913111640276,1.470648211454397,1.5803218555183463,1.5123390619225217,1.5234927683412909,1.407666785951976,1.3914412189434415,1.3756471043430032,1.0636435995552929,1.1721272399879359,1.0469282867821537,0.6426536685922426,0.755306730684403,0.7270667546114039,0.5921273187154213,0.1893345715797716,0.236463933570582
12.990000000000002,-0.04377651686567777,0.44677070051872025,0.4135556758915935,0.5290223275267735,0.7657280082278144,0.9878162540969693,0.9455259685827058,1.0345644894406805,1.093155586891273,1.2493063832758586,1.2894729795170032,1.4354219203973606,1.4552507760250788,1.4350946671673888,1.4407485752117857,1.3650807383449748,1.4664741308210614,1.532986488030374,1.497102226569093,1.4099658424352235,1.4241429720534649,1.4457349213847834,1.3443531366630554,1.053608968729476,1.2195229109891077,1.1235615063351871,0.7307136441429194,0.7427599324911413,0.7057879970478991,0.6094839671804008,0.2579988154565919,0.17304116281826776
13.0,0.0102266459514651,0.4633453603702244,0.3856159143428766,0.4870206317611008,0.6481204899597421,0.9438105597591816,0.9188521029034141,1.0635375786180652,1.1223373149506843,1.2754492423256099,1.2384224568185993,1.3151047394695703,1.3546228200248869,1.421624805704694,1.433825227115458,1.4540860133742601,1.4497369671860594,1.5033620045811724,1.5814020126134551,1.4693971008197826,1.4909857200973695,1.4116160060088747,1.355797236855525,1.0973628520956733,1.1825531702935572,1.1014947205200414,0.7005939641222464,0.7006504707231229,0.7331993522940499,0.6558166136754326,0.24229504263227047,0.20854807704251255
13.010000000000002,-0.022792512029966967,0.4402748264193743,0.4517865695132711,0.5836986560488396,0.7395945615015513,0.824032069663626,0.9157651277590511,1.067039445389557,1.1376448491515903,1.2702333710640874,1.2728972710267579,1.4022212463014003,1.4157513717981556,1.4221066748120428,1.4682167837426887,1.4558960990482728,1.465962060412362,1.5225119346710478,1.6013513209624428,1.5294362217824007,1.5286064375746815,1.4208669648949495,1.3926436008371856,1.118568864450009,1.1742799528645944,1.0021105703384523,0.6719981396768675,0.719371122953989,0.6920600072449186,0.6331132304438899,0.23022210410457059,0.17753461150588487
13.02,0.026192956393288426,0.36226666799572665,0.3690571794088004,0.5019737221147541,0.6692938779517764,0.8761650290156986,0.9312447729381291,0.9848861598013909,1.0669538673568002,1.2510756111710384,1.2865865905303555,1.3856248543686371,1.3928195736585331,1.4018712466874312,1.4478656809782506,1.4854359811512978,1.4533243729750582,1.4786647368350754,1.4786596481855894,1.481783240875702,1.475577262792174,1.4463915719670188,1.378869857745857,1.1178206554070012,1.1621441449333711,1.053512839583211,0.7112115138919782,0.6933692309845286,0.7104740396216931,0.6246973553536248,0.17453112024933826,0.22335170084448489
13.030000000000001,0.052149640867721295,0.3888398702120372,0.3491284560879007,0.46829637347911374,0.6401392116166322,0.793953505430476,0.8214571577879481,1.0200586837301369,1.0560083630347437,1.26024928060944,1.3051716505567197,1.3917983501182951,1.37848639621284,1.4109490378595462,1.5056839078032467,1.459069210105524,1.4019417652275037,1.5533449614833257,1.5577953291939122,1.5826466817328784,1.4793779713458841,1.42570454742931,1.3838066225096521,1.203612928934736,1.1673016426822453,1.000682852829677,0.6431150726031531,0.632246071007883,0.6440078910130986,0.6586554114974656,0.22302352861623287,0.2266124099083989
13.04,0.017115742660191467,0.32456467829763863,0.35699118011144537,0.46510408637461537,0.6651062461257619,0.7995760777811798,0.8275451501947272,0.9236197593084479,1.0758129862864925,1.1534521969033866,1.3335787786044202,1.4152890267390075,1.4183177816618462,1.445425019353374,1.4098013710072606,1.4606301204576833,1.4986096184096314,1.5461595073851386,1.5562973006094518,1.51685840135773,1.5100762528192946,1.4289471334542785,1.3082764786421572,1.1419913560331807,1.1017350055726371,1.0087359343433222,0.6657364611704046,0.5867525563278437,0.6518169189680735,0.6649303358084397,0.2264544624731828,0.24669638021372586
13.05,-0.06231835606215733,0.2630599193675723,0.25829359528120654,0.488313002988359,0.7179199470968003,0.8250678509119109,0.9134082424212105,1.0609511296752474,1.1025159569494776,1.1771322610689616,1.2384603943400991,1.3548128033465754,1.3886827993204156,1.4330953691909931,1.4909790246731522,1.443826507923084,1.4615433402496254,1.6142577317462687,1.5563468865728711,1.5678595140415852,1.50292404498337,1.4268784998375785,1.3644918658153862,1.1753080779726197,1.1379665250244244,0.9954903918405156,0.7139700175498674,0.5804808293921409,0.6408385802785233,0.5699880595414241,0.1568325188481466,0.21225671859112694
13.059999999999999,-0.008748959367934798,0.22988190509318235,0.29624303101811245,0.3957521000327305,0.747692541736429,0.831940121859114,0.8844067256188956,0.9729429842172064,1.148119416410182,1.1999103950821364,1.267170247811482,1.3750735656241861,1.3557312708937206,1.4318979938486402,1.4659444357496842,1.5437087024782532,1.5106683927806648,1.5001126359198405,1.5366925687489228,1.5354798322287884,1.519496515645328,1.4932215282742056,1.3517262260417162,1.1654473895789412,1.0737925110498128,0.9567930820167946,0.665989444793639,0.616582717711702,0.6153100640379443,0.6217661902959619,0.16109515882738046,0.17680062287216625
13.07,-0.006012622373379819,0.2610968447689604,0.3242158846667405,0.5013022397388481,0.7604751522863248,0.8018267856594786,0.8502592219725156,1.0414099903173644,1.104282009609717,1.2514655312166538,1.2375462954824055,1.3443507715567595,1.4035305415064228,1.4447402885911527,1.5166766951287607,1.5151115045534187,1.5099764202290722,1.5141829404488865,1.5381526292331231,1.5582973971842278,1.4586743059272171,1.4698563886567837,1.3183198874020432,1.2288933409150469,0.9871431774801015,0.9122957345989597,0.6819503376999926,0.6022145190509398,0.5946386091692458,0.5623656842791562,0.15406295906954515,0.09982405146546193
13.080000000000002,-0.06042089715020347,0.18425770533588492,0.34221955493538886,0.476007008020747,0.7813222779524227,0.7803314045399065,0.9572298058230324,1.017087700927878,1.1437763332971613,1.3630287053973869,1.372213159214165,1.422432832284743,1.4264987369505984,1.4454849602573314,1.471317761561251,1.5296129378236762,1.4429993874278797,1.5254235141251251,1.5994212627116524,1.503586822809622,1.4808743968710947,1.4849175442068068,1.370592797879687,1.239917953191158,1.0350760862927284,0.8578400744053591,0.7511974033194632,0.5389747332469701,0.5501782954089031,0.5464832921923553,0.13062681316057415,0.09635487784426804
13.09,0.016060597754151713,0.20451749024175547,0.3760049107554068,0.48592181572464305,0.8139611303034766,0.7534764911562601,0.8713684954388878,1.0365919169253777,1.1119176710351193,1.2580225535955818,1.2995465255024665,1.3301003169634522,1.433490218038811,1.4735407281671267,1.4925619526774847,1.4834604771300344,1.5332760673703631,1.5534233721441293,1.5053878851078302,1.4983732972523494,1.4369451665785486,1.4277854697762884,1.3508637905713057,1.246725390476144,0.968453450764959,0.9388940264806319,0.7888292929590512,0.5983523539700405,0.5517979285253092,0.48917453811135403,0.09485843544574696,0.11925130809599184
13.100000000000001,-0.04586403796163399,0.10598799061834809,0.30592455293035226,0.506946663841192,0.755893423861962,0.7652150320492701,0.8768363014151515,0.9884710830767729,1.130084919298766,1.2908049222571265,1.3180770772597727,1.3329753650447325,1.3678428733266497,1.5063212599073097,1.4882384599825371,1.5329590642960762,1.5002095655042627,1.4806087509734396,1.4959813272511298,1.4900155980511791,1.492225315884399,1.447126014255491,1.3394957616786543,1.2810519981584958,0.9931855787109131,0.9086393989732822,0.7597195517670315,0.5833402892578369,0.49650690059649144,0.5063667782883712,0.13721932717835397,0.0671819416558747
13.11,-0.05829337079833895,0.12824947584846313,0.3278557580668892,0.5268644304400263,0.7580452381893006,0.7474809125755699,0.887745356355878,0.9902113377950922,1.1663270578469644,1.3075851406325378,1.3113821566355135,1.353543018911794,1.4212093999706357,1.4745103848502428,1.5053326510124585,1.5388880738702224,1.5503736801109242,1.450657067296871,1.5466445239854334,1.514166961635745,1.464121712236355,1.3838058809767304,1.331702306618057,1.2632963907226666,1.0161098707592455,0.8898786460285624,0.761862712143009,0.5465723385233209,0.42752910840750147,0.5163795481225868,0.13258821075665472,0.060078370951817645
13.120000000000001,-0.003171388934315478,0.15130666711457927,0.3966553322909763,0.548136894957065,0.7472072786537881,0.7615237273921276,0.961705966876382,1.0447325138217889,1.1601656023623539,1.332034536242642,1.276718793607214,1.3600390178729602,1.442500748258289,1.4734625745656655,1.478428112962133,1.461684945785911,1.4932787951476054,1.466137535972826,1.467095441841636,1.4460652122917128,1.4819437648470528,1.4596232208615108,1.3447088959356595,1.2817410839422365,0.9687549811457004,0.8216774169118054,0.8555273135078548,0.632638743840131,0.4030899002426851,0.45926188399303564,0.13337971446588864,0.053911375661939535
13.129999999999999,-0.04020886154885371,0.12482965261378881,0.37390985754768635,0.5112631811529422,0.7523769567584079,0.8706481791461508,0.8836729031958217,1.0155557966376785,1.1984410872799476,1.2705255317513229,1.3355340113898366,1.3628881330444977,1.4512507126545433,1.4625314639155829,1.46122701273186,1.4782005933029998,1.5412597541268818,1.4774284599413543,1.5476561542068923,1.4900640729515033,1.4677746732736952,1.343693971099312,1.305753077722176,1.2784894713411457,0.9405958757655666,0.8470465981545244,0.8709242533374112,0.5876898610159446,0.46285109774553124,0.45641527507448004,0.23161282334612254,0.056284314601460946
13.14,-0.05615051501766211,0.11177024914701889,0.3576526585462212,0.5686052959778771,0.787054047701123,0.776410384554314,0.8794422695659267,0.9819536044585138,1.1675185681122722,1.3271350153313608,1.3250486061175655,1.305396421646294,1.4478114410821026,1.5394112076651845,1.5058973221183394,1.5170527333572348,1.5152364996186038,1.4582804098202318,1.4808925545711404,1.4331722581570927,1.4558547677181746,1.382834787874104,1.2375318101168837,1.298813371626706,0.9131885077786296,0.8083860988187795,0.8561436790906573,0.5854247547063725,0.38544281492628446,0.41370707379747496,0.16896376686695352,-0.00638541306535467
13.150000000000002,0.013147168648588302,0.11513205022045424,0.373059910724232,0.6263326844759416,0.7853639791306651,0.8038152201913165,0.9551354462821312,1.1078779377587944,1.1712477112509556,1.266153022289502,1.3317703231598736,1.3489081907059783,1.398040229572796,1.4309330314933704,1.49697236672206,1.4967919122310318,1.5455135614624707,1.4869922180603625,1.493293577349416,1.4407243154280096,1.496503027694684,1.4072664422841878,1.2868885088856468,1.3090476912340738,0.897093736490726,0.777376179927517,0.8627363752129763,0.632727398355976,0.4918675541817671,0.4309417682208522,0.17738923594023273,0.006796805510037199
13.16,-0.05955080556741413,0.09049718732818385,0.4263871044211652,0.6557236565068298,0.8140650652389992,0.8063666054650974,0.9447899471226041,1.0411762495688974,1.149762387314759,1.2983370542511956,1.3639487872264364,1.402345740124104,1.4150377851970142,1.4424563049022652,1.514515210890143,1.5069407616645176,1.5142716721216838,1.4474965775386264,1.4641158028149113,1.3965049724997893,1.4089754337028197,1.325457682591582,1.2902201700070377,1.3101544934940639,0.8850488513119652,0.7284527985716918,0.8583415530642701,0.6434377479660001,0.4241742332664311,0.4262664668011851,0.1699246678361081,0.018094354732847803
13.170000000000002,-0.007500622977338052,0.09873444155112215,0.4798455237759332,0.6009237007937483,0.7853542251740028,0.7570020243442208,0.9176218770546543,1.0452528547224804,1.232923301354708,1.2923593840499015,1.3015917276430249,1.346179437970612,1.466926687585671,1.4574979355559825,1.5153227139318721,1.529109746594008,1.5026927486116066,1.4971899396481243,1.4738165870405264,1.449720642068833,1.3960335984994683,1.3800609887309947,1.3242324351078052,1.287958877690114,0.8695925593429263,0.785814171931957,0.9050820714754985,0.651787779731081,0.42962037866308783,0.3645024448862314,0.2637123195858342,0.01506778066367972
13.18,0.020453494180362755,0.11099872878079423,0.46711567477579125,0.6213074914765635,0.8098276573832245,0.8329935286810917,1.0298560451396876,1.1082277711065593,1.186448202939073,1.2098640214168819,1.2743461864636259,1.4013685493716908,1.4116708732286276,1.4700470087219628,1.4442403453273016,1.4932136755626833,1.4729587640297659,1.4118303583028122,1.5004387489942383,1.4431325735891982,1.3098684725132623,1.2816932089668824,1.2248392719667707,1.210931021461459,0.876582225663163,0.844913911124713,1.0256733071482118,0.68140311197988,0.3942246484817655,0.32966427112205826,0.17360083699648063,-0.026663789126230054
13.190000000000001,0.03520987924802063,0.13705105024297343,0.48906458664926755,0.6170206275687253,0.7111334670877582,0.8022411942104088,0.9365573646473021,0.999721485603739,1.1598788629285985,1.2846020242321137,1.3134515552048789,1.394464406037558,1.4441654061434737,1.4383476502044938,1.4557711280217709,1.513078861630366,1.5214098777636162,1.4634859856166338,1.492977171935687,1.4252422772577327,1.417576474976827,1.307134857200337,1.238665033748865,1.291308498509686,0.9184257476047131,0.8563921978970482,0.9885433966337401,0.6394725993694468,0.43180214758439617,0.3898492570076139,0.3036447900460675,0.046199482917003196
13.2,0.024051389785621227,0.12874386048025402,0.5034167653868499,0.7251869268920137,0.7590417867365173,0.7996137455401128,0.9585619721327153,0.978776612905424,1.2107136064995054,1.262198463435325,1.4099070148424957,1.3626710482685191,1.397166438738086,1.4926156182389876,1.4660130458074088,1.4422565878225013,1.4981881694991375,1.4045286477355345,1.465449355341368,1.4248973828341336,1.4157673826531239,1.2839104539288875,1.220376829485618,1.332468482760023,0.923555397369774,0.843230435215907,0.9627280578087181,0.6393592454118435,0.47592196915966734,0.32219407643905823,0.28993667972579035,-0.012794589644588069
13.21,0.0358565083537146,0.143807552920275,0.5274671694219142,0.6447501703904056,0.7492480538845652,0.8193159700944997,1.003109471493624,1.1117900346862688,1.1824012649852984,1.285243009855926,1.3561779188935055,1.369862818715516,1.4513820721911461,1.4862106207134724,1.4824417524219782,1.5494752169660546,1.5242117773736796,1.4871159930953444,1.4960860420756812,1.398748041326176,1.4105246171956092,1.2952081201040468,1.2179913079278224,1.2787303832579955,0.9268191446345819,0.9272314161190742,1.0338866668224438,0.7580501101582613,0.4507483983148265,0.34773298820269655,0.28967082875657657,0.01086303031509308
13.219999999999999,0.0442726290002675,0.17647229697016892,0.5197646970262209,0.6774462237693764,0.738257786696899,0.8375517029321455,0.977846453249688,1.0787167289365467,1.1877653749313835,1.2346994348051832,1.3175533561947885,1.3961970902733882,1.4680213365166648,1.4337056370482308,1.438576623300018,1.499553386974195,1.4269744493468455,1.4569476464408984,1.4242559483285162,1.3689867122878128,1.4005086584546165,1.2989532994141426,1.2655085457977482,1.2490108627570249,1.0011654969784594,0.923129729913489,1.014284433024229,0.7599273222425159,0.5187742501819897,0.2844172150290372,0.35079167787209936,-0.06248269067080617
13.23,0.03501293486300555,0.11431105945570907,0.49975731598800704,0.6525738472092342,0.7304025707317827,0.7779301789712729,0.945438520172082,1.0467964172746806,1.2286951538798088,1.242459226748727,1.3404089950127693,1.405587011231884,1.4179826869882988,1.4423724546778214,1.4314523777787227,1.5292576967528138,1.4788322435330485,1.4615882722151559,1.4742318739476963,1.4234606177729754,1.3437276522736206,1.226113161691155,1.1853752401482975,1.2374622111258282,0.9725675816234703,0.8844603570347208,1.044843052816283,0.7376400911352927,0.4872370779034245,0.30336900756957685,0.3205348996631622,-0.07256903490392676
13.240000000000002,0.04603071553188598,0.13996609871463028,0.5459897716542615,0.6942569165612166,0.7828345355013069,0.8437670907742959,1.0087149662744292,1.0787071875829477,1.205338854424866,1.2045556472229513,1.327143197025949,1.391717447810687,1.441564390810112,1.468445151515423,1.4167808478712698,1.4012371970751767,1.4607461317219708,1.4466812108692915,1.4613400328776351,1.4551002008371559,1.3857118584098693,1.2352064267818479,1.266945488733412,1.2159779831301358,1.0143039671663598,0.9353823589206576,1.0554884844826777,0.8002933702657479,0.5279334709983052,0.24555844764873086,0.3814946072269437,-0.08076751987641509
13.25,0.08535032845136523,0.15437701989347397,0.5598095962101127,0.6615863595101962,0.7416067123229355,0.900259393092392,1.0117383929107129,1.0862767925015957,1.2734685659786105,1.2496480712234332,1.3044313526383622,1.3713420752664947,1.4530017082352191,1.449372642851244,1.4568719316934926,1.494263754392183,1.4896826271664336,1.4757320031766494,1.426430694791443,1.4345663821745107,1.395888539635206,1.2916891927713252,1.219216241341749,1.2552962670331156,1.0798521585320378,0.9680926492964698,0.9848551543367523,0.8172674052901249,0.4735868860121134,0.27991060988142547,0.3177709240474359,-0.07917985009812419
13.260000000000002,0.026417775803702387,0.21135605269251748,0.5193429738688679,0.6692206873969748,0.7223697388925171,0.7984373824713173,1.0232944416126024,1.1198151681256971,1.1949195102312762,1.2742093471408817,1.334172414635738,1.3907277151290365,1.4153668882045445,1.4777477892625568,1.43640636777284,1.500305101703934,1.4930913652283162,1.4231443409770974,1.537724701901073,1.4033203945095938,1.3525911312737189,1.269621372489877,1.2551209803895054,1.161530378961316,1.0825491822298086,0.9512522838610186,0.9947409847707303,0.7995822131671504,0.5587905499099858,0.2705923975007771,0.38849344700050487,-0.06556698244595213
13.27,0.1130317804769418,0.264290914506342,0.5375845975202422,0.6727505279311138,0.6954711482905802,0.7878485575723655,0.9524343754818583,1.0663107724882759,1.2090311270435763,1.2114783045735764,1.3106336026312009,1.4042447052101774,1.4632401363908871,1.48874731884418,1.4783735294481413,1.5116276663521675,1.5069684135468195,1.4775626646880102,1.4941210238204452,1.5243345959986268,1.3999871357347586,1.3291316202162982,1.2934059322366793,1.1276688050833579,1.0459165260278853,1.0041074267843124,1.032033779900893,0.8217396409474037,0.5371594023565761,0.24459683712455418,0.3893979509566972,-0.0745124476118852
13.280000000000001,0.022138722067718435,0.17564854215003445,0.48193511329529326,0.6487932012036068,0.6456374820781712,0.8267978047291308,1.0236123196903495,1.1478016209519224,1.1705863486302535,1.2120571156472237,1.2736484360977907,1.3684794632372839,1.3831410242998063,1.4573185005012106,1.4624599560130145,1.5263989976557057,1.51541256328521,1.5240541462117916,1.4996431621553512,1.5135670490010271,1.418564028276628,1.3455858709081023,1.2619607806216837,1.156789729150977,1.059188682208651,1.0046426339413317,1.0235519774740616,0.8272184107207831,0.5803067166061506,0.28240996102078003,0.38387060686699426,-0.07139228959476314
13.29,0.028689882379775777,0.2794753777849606,0.5683082878642106,0.5946787208567701,0.6588144678308057,0.871787570935584,0.9787012672555002,1.1116747476653541,1.1452774202682166,1.2436868526159226,1.3476724018883794,1.3600844280358126,1.4520771718173688,1.5166806902872476,1.4880970519081809,1.479641299204332,1.504312118847258,1.5129070605648576,1.4975672509264994,1.484652407294146,1.3920476112997264,1.2939094421114274,1.2057117981082013,1.0852329503459095,1.0916596939902123,1.037336770826941,0.9002254707469179,0.837751868930173,0.5760662953133838,0.31539512464202,0.40460925074449355,-0.07687001489863574
13.3,0.05057256086725117,0.294054423755568,0.4801315178886791,0.5856002750769559,0.6281847827315098,0.8849592393799767,1.0152899692596988,1.1058312495264677,1.2435478886368614,1.2297471014758166,1.313454162427084,1.3722262496035904,1.4761423931643525,1.4966882417613392,1.4384378572408245,1.5445818136679725,1.501266673498562,1.4284315014184505,1.484554163700268,1.4722138113974803,1.4342733420664595,1.395474513646027,1.2889083255943625,1.0435598387466374,1.0338006245085802,0.986201307612484,0.8469282780187638,0.8453701563536764,0.6526289186543761,0.22900163007275876,0.3199486399398521,-0.06062825876068864
13.309999999999999,0.10284976353189018,0.33982813100310916,0.5122055147777628,0.6260247499289554,0.6069469267877936,0.8137428167516028,1.0375425412789963,1.0920997170519997,1.211157999899754,1.2865608662855792,1.2934837958557963,1.3635458286639133,1.4865115200132746,1.504658993666219,1.5048783143297828,1.4471759706490765,1.5581097871296528,1.4625312803585924,1.4629000508774304,1.4197369075325876,1.4086336974857254,1.3393983470356265,1.253320079859161,1.0714724873048942,1.1021835474132904,1.0709419814273335,0.8929446358623836,0.841919845538408,0.6077107413849201,0.27449039414372783,0.30740849518135355,-0.10202090315363956
13.32,0.12173173492453096,0.3276667903383065,0.46568178543889166,0.644976454221779,0.637705872814051,0.8684807081471918,1.031680367113971,1.0769810644719424,1.1914241235916365,1.266723636034197,1.299352539303726,1.3892066624277635,1.429068153331328,1.4694480396097227,1.4649468528196827,1.5537578074868972,1.5439807604467388,1.5097686136482835,1.454874221769663,1.4107806496210222,1.3735562224304279,1.2970277598088364,1.2339297136500598,1.0328354717349335,1.1603729669413743,1.0711901417062923,0.7963876404937482,0.8023012689064001,0.5957372811390579,0.2631825961527739,0.364110896876185,-0.027146863345601766
13.330000000000002,0.09750587363752136,0.40838472861557457,0.4640542637572111,0.6345681515801368,0.630125642058118,0.8987076536137394,1.0175445346246277,1.1221564138802025,1.1681641044774695,1.2187480337902177,1.3164819412787536,1.3854715734569933,1.4462482267745196,1.4944038283715992,1.4633987468159386,1.5088481410009176,1.558156508784226,1.4177443201056223,1.4686288618106078,1.499675509700642,1.4647352985478634,1.3553511352668488,1.2193989467326625,0.9569727537410415,1.082177147352128,1.0381668936563675,0.7842252112614118,0.8157516861337045,0.6886699818079215,0.3414604974075863,0.4009687605810932,-0.046748299888553835
13.34,0.17726750610913386,0.3617260607397576,0.4938216728434154,0.6063536505576338,0.6388783141342051,0.8458828242475308,1.0359363134460904,1.1411565308518308,1.2493628306259135,1.2433222743987047,1.2801996690197257,1.3639446072843289,1.415498224907178,1.4455061424467763,1.4310429236658804,1.4847458453292681,1.5296025042540302,1.47769139251472,1.4446392952109626,1.420366659413277,1.4171106421473836,1.3182028850351903,1.212632074939857,0.9239599051180932,1.1283276503751318,1.0268949564306535,0.7797365564536278,0.860161896047271,0.648346428064115,0.18668034899044683,0.3094915740548125,-0.03376003304263685
13.350000000000001,0.1769617799936838,0.4033292880574655,0.46570098484586014,0.6344736068369606,0.6526517633616903,0.9125853746564371,1.0621381733590693,1.1081860333556635,1.1963825487379716,1.2174133331413801,1.3276934219730816,1.3814169791253499,1.4172509273644494,1.4963615928782352,1.497023088553148,1.4830245781014326,1.490480904032176,1.4377475081647995,1.4592286227752653,1.4541639491079017,1.3738410815071727,1.260833317314787,1.2051133530737883,1.0022045245724236,1.1698314610800034,0.9754247560650495,0.7944994109926264,0.7938835570878153,0.5854643495548693,0.24494730709564735,0.32869917435940665,-0.011002716817934188
13.36,0.1280444178364073,0.43800325859641404,0.4566963757489088,0.6486256538808484,0.6740569246867124,0.909522334910067,1.044671472156687,1.0949125835635547,1.191653653350728,1.2256894732965808,1.3122350131627283,1.3795532837827968,1.413436086802315,1.4521234025747343,1.4442846554834095,1.4742051363597135,1.5654803429091022,1.4743876908232563,1.504591035327525,1.4557149442249666,1.404203976797974,1.3258770558746404,1.223598653350422,0.943801931746905,1.1039235917891814,1.0482256168194861,0.7486364538391289,0.8282842596346692,0.60643355979547,0.22353748163705275,0.33969331171749517,-0.022452921520694284
13.370000000000001,0.19430516996029687,0.4549781832425609,0.4799224857881089,0.5942266031850472,0.6468512037807824,0.8664423854516116,0.9924643202820174,1.1816363888534447,1.2033786412827006,1.1922595014603845,1.2975314790018206,1.3846367681392258,1.4598559192187561,1.4690371227642045,1.4769431462334175,1.460230084615589,1.527736091620545,1.4290434363339386,1.4936673953336073,1.4106345166578385,1.387451376419237,1.3267678796096192,1.155645057006981,1.0028039535648023,1.157817457562056,1.1118147550494373,0.7138141096486432,0.8520592031048576,0.7053974634376208,0.32264419291742424,0.2978371885581814,0.0027866616838752613
13.379999999999999,0.24728443858166774,0.44333237226608146,0.4478540522537201,0.5980204440167162,0.7005485688729973,0.9044622344452871,1.0121728301293171,1.1209638343040693,1.169992807974572,1.2727136620730166,1.3652793012279045,1.36077795125247,1.5172038390146876,1.4335818597991294,1.4723370793815485,1.4749276624183312,1.461440922174183,1.4866395911818615,1.4707368871676991,1.380425211223079,1.4262929622177136,1.2874081868096943,1.1789577160109288,1.015270799942267,1.1724323839978195,1.0120802224116063,0.7050477263668377,0.8574258467217198,0.6336112428261066,0.29334402798723075,0.3172877653561994,-0.0553295306228547
13.39,0.21878096826611212,0.4560509299033348,0.39325961686358935,0.5360143523233383,0.7038507046038855,0.9906396743748039,1.0552291178358812,1.1209526311162668,1.2796840188810723,1.2434956863778264,1.3399400255365905,1.3518638717927103,1.4797699980153916,1.4858204045162857,1.4773267360597901,1.4881949807119983,1.480110322015498,1.439898142048431,1.4298052729813984,1.3245681013872983,1.3893048960559486,1.3034246541057952,1.2191484243130364,0.9667571088564545,1.160712605159038,1.0329193701042072,0.6745831132961977,0.8196687376383998,0.6570731119356389,0.3154491470355468,0.325671696764842,0.025279538667972407
13.400000000000002,0.27246409168669633,0.4438917213073698,0.4310144731155835,0.5698590703489833,0.6271665970934236,0.958987842441416,1.048952384709203,1.1358427024647781,1.1530446110692918,1.2718631659791297,1.3248909915899023,1.4300480336565529,1.5171530709120364,1.5124818991751816,1.480985686051382,1.5231327399842074,1.5653298669527294,1.4684932425202895,1.422322917662704,1.338226938534761,1.3472844203495384,1.3356002536932983,1.1829698930702894,1.061221015243049,1.1614808551360398,1.0330300775501902,0.6644728131789184,0.8521572980264778,0.5837453574954774,0.300831787721331,0.3643259917234049,0.06316826921927934
13.41,0.32047800299130036,0.3859823745441192,0.40854777192671243,0.5325795314577757,0.6860704620256413,0.8578947929622249,1.0045447200393642,1.1305027631242726,1.1855983099677678,1.2495460857964764,1.3331751052739835,1.3442807803239814,1.4053838627774695,1.4436723241823928,1.5290199721424391,1.5321566797528732,1.5262690905543443,1.464762564127441,1.410815068844135,1.3574284979524058,1.3814231894554485,1.3029986044730044,1.133432776395374,1.0285163983630337,1.218838469279786,1.030835603711418,0.6671079028298124,0.8334434853620928,0.695374290992402,0.34644636235933435,0.3232202692484427,0.08291916403347407
13.420000000000002,0.2856089867666836,0.3880597456969243,0.2947844387683774,0.5199765001037344,0.7290318079235327,0.8828301133227978,0.9855349046281277,1.067432578691894,1.2468952661347394,1.203150132108847,1.3335880955630055,1.3875258685881882,1.4342196757008168,1.49161239987915,1.4607845460916309,1.484797321740053,1.5513049741799496,1.4309620371634448,1.3886676734278103,1.3809620843323969,1.3675131935611882,1.2991114375952684,1.1424898934148449,1.0823491301039723,1.1361393915511921,1.0225605600043415,0.6783853001163153,0.8281833991157664,0.6687969594954338,0.38687070959370523,0.32705259051382923,0.08272162580257782
13.43,0.3205727771513675,0.3864000909628143,0.3484526445683543,0.5043706285343332,0.7107992556256633,0.9741264594138899,1.0586458706986666,1.122179409088858,1.1953165107892232,1.2671314422635649,1.3947966455748348,1.4135490998800704,1.4617343592867547,1.4749259470702774,1.4810874351693635,1.551485236606798,1.5355959711258245,1.4197077617064127,1.4120578540741289,1.4032143775035084,1.3422983493349532,1.2977111902909388,1.153591724983159,1.0940222845136318,1.1884671380128962,1.0555498666849639,0.6472485571563765,0.8335945225083987,0.6124427053317965,0.3861831211570076,0.2939008285147725,0.09925954786616907
13.440000000000001,0.41669249066439046,0.3713035635497942,0.3647196150263057,0.4561594719597129,0.7432741756476563,0.9171912281395219,1.020287378822469,1.1178053457428165,1.1713767825934314,1.2488974271925606,1.3734040031216255,1.3985409939731703,1.3597656761042685,1.5467035913849079,1.5773830277930583,1.544500601519075,1.5311497786487906,1.4392617216262198,1.4086167119564368,1.3332606448720183,1.341537462297894,1.2935662131949441,1.0642959746258893,1.0865226712683764,1.1767360063365204,1.0260504402516506,0.6738896715848373,0.7734715530217126,0.625467330917597,0.44454222329859194,0.2853644173321328,0.06515725372799963
13.45,0.35011894251375086,0.35698455221774783,0.3122398920384782,0.48724069358175665,0.7084446215751938,0.9168998335657029,1.074690644329975,1.1563893621670636,1.162779326497951,1.2540019458426839,1.3319320866684172,1.3614731329659127,1.4787213986324261,1.4690728777926765,1.4257792252483856,1.5254879237509749,1.5584490905583277,1.514740851356225,1.417232690672835,1.3579997741229013,1.3700002908564606,1.2064327502176195,1.1134950506803079,1.1171376492323277,1.1714756621663198,1.0301290533189484,0.7005163249218579,0.828104868770725,0.6498321138247706,0.4085321134782995,0.329021669483104,0.049313732348087475
13.46,0.3399705071329028,0.3690273966225281,0.28689811728201997,0.4384467727298158,0.6888260223360522,0.923546884335644,1.0126500653573596,1.1142628956294733,1.1732590000294645,1.2544630175740117,1.3327383931066066,1.4020454678594212,1.4466875300432567,1.462362058161653,1.505491953919438,1.5405193765929261,1.5067050274512848,1.4908962159662953,1.4149258868585886,1.3526164024607703,1.3471605883020128,1.2818971497171687,1.1554994259455713,1.2401670126638624,1.2036664118900138,1.0617490622730739,0.6731411059483561,0.8763855104931623,0.6510813836151426,0.454365672907295,0.3230251689850187,0.06903858277685959
13.469999999999999,0.3203891684258887,0.29368036561041017,0.21897442592976904,0.4516640086889101,0.6802201208906882,0.8969376710459587,1.0326825812411315,1.1085778988500927,1.2086936897416347,1.2393892139931184,1.3109233515850425,1.404250838411882,1.4858207265719663,1.4971154664094881,1.4650525944272954,1.5183902810824286,1.530613528248805,1.5116866042042676,1.4243584221962862,1.3249628320970879,1.2772257782025132,1.2677844668486316,1.1597949886891121,1.2804607131664287,1.1861776686466299,1.0393715351168933,0.7471658807488546,0.8327724585040032,0.6829844856828305,0.40102528619919525,0.31021544462663614,0.05556786755922355
13.48,0.3016790169952426,0.2665756949139983,0.2843564646467034,0.3707811388476794,0.7621522280041582,0.9624719543885826,1.021158388576285,1.1437573091257602,1.2036932082892295,1.2709563992550807,1.3520526529609849,1.4234020732168065,1.4159369776772732,1.5281563471226547,1.4823363321594503,1.5387996839745184,1.5812264686678286,1.533035939925882,1.3173147623318646,1.3480031343971592,1.2898923367913544,1.275712264524489,1.1026252487149848,1.232148534039628,1.2165155673478891,0.9664281900376392,0.806412578079045,0.8376843704740555,0.6390381842854791,0.466143014998093,0.2995792607000518,0.09513221735069198
13.490000000000002,0.2756912516534512,0.21587382984154865,0.2690920387669449,0.4097294205507021,0.6709567908817657,0.9184632399281099,1.0319167962345546,1.0508069551280015,1.1671012671878305,1.2571674425709383,1.4427588062207863,1.4173909656881751,1.4312934428864774,1.485422252295914,1.4756436442324306,1.4991044923810501,1.5765473911360224,1.5532237289392539,1.3656319675476922,1.2995229055628341,1.3013477884262323,1.2249956125510209,1.1902141575421856,1.245657696518431,1.1442207198316123,0.9820910181947157,0.9047953758614221,0.7957005969534946,0.6482959895013395,0.4730798144982495,0.2192376577193672,-0.04185563402026804
13.5,0.2566635063790008,0.23903256244203253,0.27851197218421786,0.4087958440806745,0.7091402104937027,0.8712518086964609,1.0111913544074822,1.0972034460407534,1.1766638117101051,1.2467611604237872,1.39526014015128,1.4207097551010452,1.4424419635153929,1.4999377331302655,1.4405988290358822,1.475673469209435,1.5573380946290771,1.5211052989201663,1.438018668385954,1.3487909258460276,1.2559413906220218,1.2089818729950546,1.196989981524172,1.2973438409605584,1.135198560388754,0.9861607968066393,0.8480386067894224,0.7234732652362554,0.5406177849878663,0.4082090746655537,0.2841022498488073,0.044610045134518404
13.510000000000002,0.252107476159205,0.17166238748447513,0.3019580651037271,0.4620714978392828,0.7499911390879567,0.9274735008356046,0.9854260473665136,1.1501991176286428,1.153139274776616,1.2248508794689976,1.369663075642146,1.4122890970571653,1.4299325789882675,1.4743274221299525,1.5099817936892617,1.5858330078865477,1.6050247817952379,1.5440832414957344,1.468099422182021,1.3623959138971609,1.2545372133071233,1.1645297316419239,1.1859084900597023,1.3026386167762152,1.1626645116682164,0.9546982491975057,0.8216271793260921,0.6849670325444656,0.5537561659639579,0.31557992285223163,0.201384693539771,0.0245029189599357
13.52,0.20438184040806603,0.14799748433362542,0.2828356930952969,0.4203191999603954,0.7571489504494229,0.8959966540755594,0.9934684133759468,1.1223004634024185,1.2138011424264128,1.2859613313841647,1.369137051393736,1.414273323248709,1.4145152950238236,1.4993100891953715,1.5670551425095554,1.5497748649200984,1.5543325304814113,1.4738964384050242,1.3832247443618304,1.378786050438103,1.2567509676535955,1.2214829701440961,1.1858181142251993,1.307036241777159,1.144451526497481,0.9312938172176045,0.8758542851339068,0.7003059371340643,0.5589398961514511,0.3948598343601553,0.1824289309253671,-0.0068457416998396695
13.530000000000001,0.22237826280181613,0.16431514892600624,0.3451438483527963,0.5011203911256786,0.7316837022228806,0.9372261548273427,1.0074683979097534,1.072763092639771,1.0999011006469273,1.2554268435560438,1.3864563811746213,1.3882691241407177,1.4503059939269485,1.5242083554156987,1.4853144236303706,1.5397377277306612,1.6167384428244769,1.5519763576083103,1.3934489079204542,1.3703251005567911,1.306207545382096,1.2671290715875703,1.2066342313931993,1.3102641781635334,1.1174741185168229,0.9177734702886802,0.9284959143088228,0.6214309024445553,0.5512704121517764,0.3454109096556346,0.1244904161903505,-0.04419914922315202
13.54,0.11907181097855174,0.1272938169127058,0.34448136464362866,0.5569399853175664,0.6886348921751634,0.9641748374989959,1.0445829412965886,1.1427150676226407,1.1983555603750218,1.2455708394951068,1.385895798046402,1.4207403902221576,1.4302418742556218,1.4386813645589909,1.4993799449957166,1.4947664455121805,1.5427393445099458,1.5221094126560732,1.3977500327930428,1.3427708268295706,1.3258523806658695,1.15996700840855,1.1628481708749214,1.3422679385300713,1.1527879474874925,0.9459556207467088,0.9351932305887901,0.6475542754652297,0.4943336960504471,0.3605329457741328,0.14664017434905663,-0.07080383613285383
13.55,0.08541943841946263,0.1344831365044424,0.3556993283296733,0.5169477129948434,0.8220836389487087,0.9374898439213795,1.0275521139633343,1.0956722007965942,1.25062386040372,1.345571723605253,1.427435017003137,1.4482814828652955,1.4862927716936665,1.4480737624076154,1.4698784203598014,1.4928514803004274,1.5307250710765306,1.5579342525803788,1.4393143820820067,1.3608161430872512,1.2928495951407881,1.2131591847671426,1.1966653945474768,1.338197564634537,1.130105688039493,0.9022968073553194,0.8886197983401289,0.601094645107532,0.4873021294717763,0.3230308879384802,0.11148305915219596,-0.05361609209436166
13.559999999999999,0.09228845768660912,0.1971739480272632,0.30789225403334686,0.5238660369245222,0.7592937030798683,0.898209776138028,0.9906048452305765,1.0721930804523554,1.1224891993467925,1.2834347567075204,1.35568265835435,1.3876602443407784,1.4741667761316208,1.4976664787944851,1.519182150537626,1.559024278431206,1.4858496138438175,1.5053527288798376,1.383840255841064,1.3977343037678691,1.2901942750688895,1.2081930583208995,1.269268983178899,1.3084877444133585,1.0795853960117323,0.8966002527919026,0.9565270814468496,0.6730241816647252,0.4911951969290141,0.33753010120477017,0.10818520698673721,-0.012700450276110168
13.57,0.01984371176917917,0.17744534572587045,0.366103330637715,0.5788480087363346,0.7922787081867355,0.9453038867251355,1.0382141333238586,1.1334641044151614,1.1979489823701888,1.3165688567309541,1.374636582766069,1.4147593258675666,1.4452170074619717,1.4599693415814832,1.4730174108162453,1.541803730584951,1.5400980650281637,1.5569281090212692,1.419249285280401,1.441471319836483,1.3254214950655487,1.212799161645412,1.252327178579391,1.3361210079028358,1.0972246147829634,0.8386664876488065,0.9307714509733351,0.5580174510209619,0.4233576597379728,0.3408088252709493,0.10681571341335303,-0.09137234637641264
13.580000000000002,0.009072681086079944,0.13945988516165897,0.48653770071809266,0.607548900331098,0.752627663111101,0.8860801684862133,1.017940348358386,1.0958566584472593,1.1603209071475293,1.2655189267139533,1.3382718479097397,1.4135722197389724,1.428074301512428,1.4713714052612004,1.4477673078004678,1.5081844271901725,1.547416063974564,1.5245362359050059,1.3630942365984928,1.3902781858608346,1.2842121663326382,1.1931393370608712,1.2678386745776637,1.3298055830385527,1.0894498304241746,0.8382647245927317,0.9394928968990531,0.5624032151313834,0.4398085859699977,0.2819366111803002,0.03345037567934906,-0.037206683826707644
13.59,0.010278623007942855,0.14338425733736487,0.4586206073840871,0.6470771030406731,0.8223045892815312,0.9281247230853451,0.9287359577466408,1.0709157696405658,1.1292614021344596,1.3206277431360391,1.3543958184076637,1.3422223351901983,1.488247028117546,1.50800166126762,1.5360257570526208,1.556711263719002,1.594806196883541,1.5996521671795003,1.4309370209355614,1.4619835685340359,1.2526953007598698,1.1190795278251662,1.2875232484450203,1.2825345343262058,1.0762145475142626,0.8564052398525936,1.0128976803075462,0.5927629167611878,0.4278264083955945,0.388668143841421,0.09273241795027695,0.010464918745462373
13.600000000000001,0.048722263071548505,0.18679067802491411,0.4802091162578157,0.6820016009566703,0.7739450669504255,0.8890497943012035,0.9952056063124126,1.106551883894145,1.161182516029783,1.3055792855756476,1.36455913087199,1.4464346362453144,1.484733145512387,1.480005120738395,1.460589810231376,1.506299506198678,1.5045447156978164,1.5580936032745618,1.414545626481286,1.3817532154063663,1.2894935835975871,1.168857321900345,1.3091859523126441,1.2787449098435129,1.0296733115414851,0.8083706900229212,0.9152320851311033,0.5502392715767866,0.3878476546042886,0.36602250744975584,0.10384261581308518,-0.06263408089078769
13.61,0.0598442505179422,0.18922256913857627,0.5355798891479101,0.6532630130556313,0.8106417123237472,0.8789160623808221,1.0158772771380864,1.1126976279190064,1.182228578534662,1.3422124443364734,1.327840958529115,1.396647343322305,1.4290292080445908,1.479529347281796,1.4510897009919694,1.544686486881728,1.5454179179045546,1.586941465985284,1.4314784013367685,1.508081959120083,1.3240622721081623,1.1967498775653507,1.284840777681869,1.3212303490319728,1.0290666540717892,0.8248219197613589,0.9039257564517916,0.5444511031069732,0.424163236291358,0.40145209807722937,0.11596620536997207,0.04412592527532718
13.620000000000001,-0.0004818661077291963,0.20524664448911373,0.5787138756979613,0.7425232426398929,0.8283188392635565,0.860284612083797,0.9387393999028483,1.1136460646732091,1.175336278368545,1.3260992306523185,1.3075832717581288,1.3997740288460554,1.4736976295141155,1.4865852479958102,1.493599559312072,1.5295222841394096,1.5879915524091626,1.4826965081545507,1.448132640905263,1.427595970964735,1.2587323610143932,1.1985129033020747,1.2815789387678105,1.2363659453389007,1.0801926030881115,0.7956561314005872,0.9246544749870448,0.5353155900807,0.426522576030303,0.353073237504946,0.1079644350785523,0.05390222692256985
13.629999999999999,-0.018389459254813452,0.2448325697019164,0.5812271296426362,0.7269109896280335,0.803000976855865,0.8598198856127546,0.915935647979036,1.0434341798898688,1.172981210698383,1.3409919887267816,1.376131842905411,1.41099099962566,1.4502426481017712,1.5013064289091955,1.451765233266492,1.540140298414099,1.5842177225891014,1.5632222671909017,1.399944026169848,1.423557113100403,1.259137019591456,1.2107445777919208,1.3800658110167041,1.2368588992899419,0.9875073890435752,0.8649188613491778,0.9805580585809888,0.5912469661683328,0.43964599362842127,0.4474730895530252,0.18108632301385785,0.07834650948649935
13.64,-0.05922986617070102,0.27890235708603384,0.5915074741128291,0.689418847408926,0.7863892438721352,0.8185939479137225,0.88909816862504,1.07087297483664,1.2139012562072953,1.2889419829325817,1.3199820205725914,1.401976553165393,1.4275883710068933,1.4697415425064742,1.4526930493819354,1.4816689335673459,1.569332573601302,1.4859589628724417,1.396900899968692,1.4359585868225178,1.1973693646921488,1.1375711265831208,1.339346784402503,1.1717643155060573,0.9438032972371013,0.8281006433563001,0.9438746253038349,0.5625266681665358,0.4577346697892343,0.48507495041681864,0.11189703284444096,0.02945756411563781
13.650000000000002,-0.008288876291641961,0.23040942454217644,0.6303219137847638,0.8448317043375427,0.7682243563308757,0.8878688777169289,0.9574195970627397,1.0768541310704032,1.1535778441265463,1.3147271541210515,1.3072193768873728,1.4095419741976303,1.4049842352772286,1.4700188291199863,1.4387480872160396,1.5422674538223853,1.5634081744808248,1.492376600794638,1.4099345670196286,1.4593391015577741,1.308447039571637,1.265114283523254,1.377440482877485,1.1587067217520715,0.9575326151223148,0.79642582960375,0.9641469111815079,0.5360245755640636,0.3761819091810664,0.45954045692394885,0.16154349941223756,0.0980484052753475
13.66,-0.07817949326059995,0.2680038014305308,0.5954549401968907,0.7254668922122517,0.7447289612366677,0.8088093805516838,0.9946545994976759,1.066467223756719,1.203801958633148,1.2679152287376605,1.3629028860741152,1.4089276609261614,1.4311989533659202,1.4479039307955182,1.4360101681444064,1.5012635094655715,1.5143617020108455,1.5450511941640264,1.474243679402704,1.4669468745958947,1.3162224239147946,1.2091097041380385,1.4063566616626177,1.2282289944786136,0.9629036990562454,0.9072632058147444,0.9702341080927952,0.6044745687030948,0.4769895536194714,0.4411731309002041,0.12503693131586613,0.12864577746890013
13.670000000000002,-0.04272126171947847,0.2602045330056697,0.6536072426034432,0.7348575471469766,0.7729248638725875,0.7934700377014025,0.9104051504339772,1.0107436680194126,1.0910836584059185,1.2577570223831938,1.3053596150289786,1.3827519104976362,1.4422723864715334,1.4878456656945591,1.4863539926006821,1.5210371374355194,1.523672243053609,1.5070373514836948,1.3670758590029566,1.4300518014979935,1.2897287505200734,1.2430001360801568,1.3677070938271438,1.137167732184898,0.9552950543332613,0.9165661132677829,0.9160536067940642,0.5879269240289534,0.578454659473519,0.5130631343201983,0.16533143807213,0.12636719000856625
13.68,-0.05448510892298636,0.26406873573262923,0.6202955084076012,0.7301005573344225,0.7443453577603483,0.7839163442677766,0.8913918888189944,1.0491548632044103,1.1300228307163724,1.2747159311422398,1.3639196478425744,1.3761333117840109,1.455559022502118,1.398310282133453,1.5072263533582488,1.5457143739198398,1.5161236214351361,1.5160326000047362,1.4406561473440653,1.4440427341474837,1.285771666868416,1.2478066594477888,1.3649798572776572,1.1728674572823448,0.9441056557414922,0.9413957605742059,0.9048120989860738,0.5777747589521236,0.5391914118144556,0.5604905685160192,0.19962099213282572,0.17221388187819936
13.690000000000001,0.02590135397716569,0.25869680229235414,0.6088013971848725,0.6928615001450436,0.6718880357351613,0.8000579985638613,0.9464897829773813,1.0264398980796765,1.104816192617177,1.2705120687034386,1.3064828933405825,1.3796521241633675,1.391851912699885,1.4990771447228906,1.5018462454311532,1.5166378228250184,1.4758252343323193,1.502908577391942,1.4374008024684728,1.4731260767534087,1.3775969676774273,1.244336390081093,1.3721179539205337,1.138607656050393,0.9317287942717478,0.8792657245093278,0.902803165370869,0.6815419637703288,0.5520317709998076,0.5723405105038604,0.23571972908176342,0.25902705963999817
13.7,-0.014065445048323594,0.24429858141021232,0.5899516495298547,0.6851972594732021,0.7306208503811779,0.7568592456000175,0.8068504180762947,0.9840588677088654,1.1328274988889264,1.2545401352314474,1.342593717745893,1.39732237523173,1.4638416474765816,1.4258553494322568,1.4655097591657857,1.5595335717250665,1.5248071240233942,1.4939318469688507,1.4487715452399237,1.4736436801175963,1.3097070803104491,1.240271156562269,1.3421401029337194,1.1024267893094357,0.965323143915633,0.9151699708402251,0.9322415829966197,0.6663942324548155,0.5504158977288495,0.6114977602673363,0.2597003949920272,0.20991502616322344
13.71,0.0007939454166816032,0.32592382631793954,0.5441880339138816,0.6432248703584207,0.6717982556653282,0.7484826466702889,0.8405805268697193,1.0162670322027212,1.0825131916202464,1.25302066453157,1.2796973111957595,1.326795301827282,1.4017773780222567,1.4837455175789054,1.5288129882359098,1.4591412475082546,1.552862660167118,1.4331002648852473,1.481069466608465,1.5165419258664206,1.3556780383919225,1.2890144211479548,1.3930094348886017,1.0881126086484323,1.0239231417083028,0.9772800339481033,0.8611576612240058,0.7045816961122113,0.6037955502070218,0.5794588735651837,0.2984497126783416,0.2072192801727644
13.719999999999999,-0.0017226770247044249,0.3202536720571839,0.5592535168407475,0.7321043366690659,0.6530169872761471,0.705377766268759,0.91385097716352,1.0382747398458072,1.1330994408439496,1.2120634004953954,1.313435527350369,1.3398432430078482,1.4519981937589572,1.491277134391491,1.5215242753658254,1.5309732983822177,1.4893012054819785,1.474514860422466,1.4738586992753975,1.5048356669957943,1.356086120844048,1.2972782991380662,1.388768208517572,1.0752223427571919,0.9735735878186038,1.0076786566244202,0.8804497262545657,0.7055067744460461,0.5651338592689777,0.5750235119489923,0.28254302059459246,0.19125742490919412
13.73,-0.031309428798796016,0.2823087202597309,0.44193157252775045,0.6186776790093326,0.63928391821542,0.7466236504485934,0.8000216427762317,0.9918887168291673,1.0986698303965339,1.2271439517748353,1.329862041123444,1.3980095805154706,1.413977967586007,1.4993572305058929,1.4631599283651473,1.5547443538857146,1.5349717067972781,1.456886583823852,1.471728222524967,1.5380628399313065,1.3781666544129918,1.312928042928785,1.3470144039302796,1.0967608461813698,0.9658329225403682,1.0198046497286528,0.9163327962123536,0.7217438639021175,0.6974872514567046,0.6244146016981647,0.2874181949067076,0.15436204830090927
13.740000000000002,0.005671622111667149,0.2568504007381573,0.47454725484314114,0.6207235830007705,0.5907081207273817,0.7344518060011889,0.9152876894045568,1.000837507020406,1.1168795495541122,1.2807355167475245,1.3385834274182977,1.2930952900640127,1.3937355550970996,1.493446580138767,1.508498258522765,1.5436299212429276,1.5492991514133005,1.4997991436485274,1.5018787730787457,1.5661719067420625,1.3187941540542054,1.2910536917244537,1.3708227868750487,1.0514342913281438,0.9977285039872976,1.084192969799649,0.8594060656088776,0.7316928471202385,0.6863571293981728,0.6370414348531246,0.3446461380131441,0.22070225538959004
13.75,0.04294213683001995,0.3034982821280621,0.3982150126219172,0.5957892025220691,0.6221808366070487,0.7061214545005267,0.8506908213140835,1.018189504021386,1.1131380496459147,1.206162997490368,1.2974505364542384,1.3513246686811278,1.4370915909091084,1.4656386592379573,1.503733938231042,1.5241896017752867,1.549789304636476,1.4407085355563232,1.4983003850744812,1.5710850638549416,1.3982639285146738,1.3297482668498124,1.3550458116322006,1.043641897665042,0.9713052644214721,1.054865640473968,0.8331696722624469,0.7519149853403861,0.7378154545111666,0.6226487015355286,0.3698327631289851,0.24677950904108406
13.760000000000002,-0.0156441471525883,0.2604309748512213,0.38162592467132805,0.5188833681879108,0.6067642839095021,0.7455911798945438,0.8462910802519622,0.9652201018768808,1.1383601713012137,1.3291832898176426,1.3447410776109745,1.3274686474556687,1.4092381757430879,1.5053812156930713,1.5059867852952729,1.4494578528838618,1.5635176582040047,1.4903533033700203,1.5105283970804508,1.4984876542088543,1.4249073078870327,1.2615733119144315,1.3821013298759368,1.0979105851328925,1.101787392725673,1.1306876418090195,0.8132893018086165,0.8254880280815424,0.6865700378997379,0.6000647405214663,0.3159366319908097,0.21393351824784076
13.77,0.020644274388659366,0.2992236408591393,0.37497307898487153,0.5224538241909114,0.612673900708625,0.7255558374556361,0.904511871044792,0.929384542149078,1.1109611112307602,1.2467554969590475,1.3169663242546528,1.3144906659900437,1.400915485518412,1.4664698433388008,1.5255586879954162,1.5521793127318546,1.5526598813078174,1.463609323991601,1.4783164250038314,1.573420495598311,1.342312255190453,1.3557001815869911,1.4041843601860475,1.061724883916794,0.9971457706063718,1.0702283524946945,0.7848893825102804,0.8401553947084299,0.7687855065717396,0.6209943979221286,0.4077083285339768,0.2031257340095493
13.780000000000001,0.028140676259821876,0.3255896155425016,0.3719764406483458,0.5317134321828619,0.5421714701637221,0.7312804072344204,0.8400231238332746,1.0743216632001595,1.1292288656658642,1.2165250527378588,1.3330279864097494,1.369636484387653,1.444541707835607,1.4526678700972029,1.5364500189437769,1.5350971777908924,1.5501538033603892,1.397572487524713,1.458372572722173,1.4678793708727427,1.413934603623754,1.3569635210639635,1.3016033432233578,1.044557410029882,1.0598334127904507,1.063008978786466,0.7883826903158284,0.8348524168442133,0.7561124109126058,0.5667121916846865,0.3538105731571004,0.1616431491961742
13.79,0.13120420824102647,0.36095826414024157,0.38623839488400097,0.5687108998260125,0.6340560012877401,0.7823928072911576,0.87065328366754,0.9345028741726518,1.1275914373165934,1.2008823186738034,1.3115036299727152,1.3853922999036392,1.3817866033110258,1.4951639431457204,1.518936720627925,1.5461793189423902,1.559142988322546,1.4680912087208133,1.4803169289153824,1.4965125311336012,1.352164927819551,1.3225638840672995,1.353361161424709,1.0515084301361064,1.0608518251163417,1.0632244701188822,0.8152310351439385,0.8293875903380677,0.6940504640777982,0.6144955257363766,0.42894461750555196,0.23855660267086795
13.8,0.08686878379485602,0.3185181272571562,0.31227122076876196,0.4707371846105748,0.5731118829182158,0.7297800569822983,0.8516608356930521,0.9973490262070446,1.0953905389192329,1.257488080336251,1.3469600509201176,1.3347471591945212,1.4821701265176506,1.5132853953149616,1.532541151541392,1.5453327121867795,1.5133342652460506,1.4113319817807077,1.4305011582917684,1.5178076991837113,1.395945322794959,1.331210845328473,1.2639570254147352,1.026497991178186,1.0537499956657246,1.065677883813071,0.7404022580869295,0.8764511057252778,0.6898630179139462,0.6854788370930615,0.4482549682024407,0.1572479007805794
