time,u_000,u_001,u_002,u_003,u_004,u_005,u_006,u_007,u_008,u_009,u_010,u_011,u_012,u_013,u_014,u_015,u_016,u_017,u_018,u_019,u_020,u_021,u_022,u_023,u_024,u_025,u_026,u_027,u_028,u_029,u_030,u_031
0.0,0.023490339502604797,0.4214581752065577,0.46201608271183103,0.6648807727918339,0.7436979262394912,0.8243386710908622,0.982103297114929,1.0011297883883348,1.1771642894027068,1.2304765477121828,1.3359433616515934,1.372013717552053,1.4543592824623823,1.4405161355010896,1.4371385002918529,1.4801274462769969,1.527079671036877,1.5628289445391343,1.3543568728729203,1.3506536751878446,1.2424623639763583,1.1247818028383498,1.0681595109211566,1.176343420250399,0.9507316709969289,0.7520496213640909,0.6182649287718859,0.49761571872480964,0.6878464165394413,0.412055876549063,0.4292235189327054,0.08459367604619496
0.009999999999999787,0.0044033817152660595,0.38054218225102804,0.4439862387524861,0.604415834740128,0.7617827544871558,0.7374571178734468,0.9832726922794247,0.9709100667910393,1.0839837314385414,1.2467098646502572,1.2975573178292341,1.4081254428593308,1.4457442940036298,1.472724022470015,1.4900663483571681,1.4370119762318498,1.5334972538324352,1.4728221044613128,1.3690275957800881,1.2954024687833283,1.229958988988204,1.1334994835867152,1.0955902812250085,1.2429502300391868,0.8838349129108181,0.7766447905759967,0.5837309727241999,0.4979404172495347,0.7537931687797753,0.4851656320305516,0.4941370233915297,0.0633700993506185
0.019999999999999574,-0.09959497825702511,0.37060366008833906,0.47118640191050526,0.6964835307172645,0.7744780986064211,0.7703283560521412,1.0327288327912916,1.0380708018944935,1.1395537291267948,1.2417406598294667,1.3352332444918151,1.396172395289396,1.404599911831673,1.4374853812365562,1.497983335896535,1.5303786889873823,1.630308428772396,1.515748596080444,1.3897962709070062,1.332112539108678,1.2907075227898224,1.155986415137527,1.0961033193081404,1.1988936061090392,0.9129560234963314,0.8534582438457778,0.6752239639943587,0.5045646704714579,0.6661851024148027,0.4816432967858763,0.43029478891462325,0.022834416744710644
0.02999999999999936,-0.05137512992097787,0.35638321918656296,0.5257089609409481,0.655791735139947,0.8240057869925911,0.8102845424961015,1.0435397715980876,0.9720521901426133,1.1270212954186387,1.192287177398036,1.3328932247909369,1.3771251536954547,1.45102584779775,1.4761296657941527,1.4959811737184152,1.4453051765048472,1.5971909455711009,1.5167633453899616,1.3868401876725156,1.2987103963613744,1.262087838215153,1.1704040165764455,1.1254904168492963,1.272028470240531,0.8763987514203545,0.8793639088730705,0.7026986361379484,0.5041623868273906,0.6312760687952442,0.5279952303353274,0.4156987168624474,0.0012555630662504699
0.040000000000000924,-0.14021619405060615,0.3468656711216959,0.5005793542576323,0.6039078859194776,0.8298756852359082,0.813230136445696,0.994035779443959,1.0301133232693491,1.151643266342201,1.2417712466990034,1.3021405873490337,1.3636914914765217,1.4123941524740742,1.4345432785984724,1.4560211296861771,1.4884491280948537,1.517584887221346,1.5170296559932441,1.3748193639597097,1.3255926174457682,1.2922581645164632,1.1635154298672115,1.0613359517396335,1.2051145920034232,0.903986458048869,0.8262433571378908,0.6972725349702968,0.5307728954222775,0.6722714892144359,0.5011734406843777,0.368724274150921,-0.07310725571229068
0.05000000000000071,-0.09335030954970638,0.31109050583894443,0.5043203573545872,0.5690632631424665,0.7246302845101158,0.7824452128617255,1.0818078455194389,1.0063622906804208,1.1274264020786666,1.2246010271182834,1.3074617842768845,1.4427310475587534,1.471803911749117,1.4514225093312307,1.4626136123342315,1.5339990918426754,1.5100161984042368,1.5345471989313553,1.4084139699055633,1.322165276169119,1.2788641351752772,1.2188660355241514,1.1578092016676758,1.3156472758825808,0.8764046234138179,0.8167647416203367,0.7134055832422743,0.6135218604148058,0.6546757084490142,0.5769122075907719,0.3058159923299339,-0.11403117968905767
0.0600000000000005,-0.09174233320558323,0.2716006431209703,0.6165643477655386,0.625296742249562,0.7479203089014406,0.7839016313131285,1.054629342549919,1.049150230391143,1.103901430915693,1.257799534898379,1.3395363225201242,1.4236819351146615,1.4548889674386305,1.4224828609905127,1.4598164060563352,1.5135497639062483,1.5320532815361088,1.5434705325035087,1.3955550912945294,1.3060056924501997,1.3041356739604806,1.1901969653631161,1.1075243914837014,1.3642850549179366,0.9445858680437695,0.9456991384341071,0.760337497619966,0.5686837918595912,0.5919988399297481,0.5540787725931314,0.3421449902096393,-0.13168978734601225
0.07000000000000028,-0.13392652152764786,0.304598107288378,0.5934791520475676,0.5713537005177252,0.7913135527288733,0.7908634049356299,1.120123944668531,1.0201506834046905,1.116932261970152,1.257426550004746,1.3465722942093146,1.427385789176197,1.451191714941988,1.481745543779939,1.4501876698209941,1.4653109954064938,1.5845907282127543,1.514439339772626,1.4921526553665547,1.3562729635248254,1.2790206052456774,1.1723227168937145,1.1209885868800191,1.3292768376367388,0.9702921296893218,0.9603410939921366,0.827885412745223,0.6331586229248576,0.5245043897057082,0.5813905618533022,0.1918660611378086,-0.16283988985610925
0.08000000000000007,-0.09101832588004927,0.2557840657686278,0.5458846395698047,0.6098565087351887,0.7650403364649223,0.8214763207758728,1.0667746862122867,1.0360850193968651,1.1547294759613278,1.2555900507075197,1.316260162692952,1.4137200199896234,1.4308421534589872,1.4832644944615414,1.4549506185947105,1.486000695677243,1.5583560807339936,1.5254584535028624,1.4270099395761613,1.387032330396501,1.3431612932503865,1.266988276542227,1.1326290684149334,1.3234158160730167,0.9181611426797659,0.9636715378818869,0.7417105062657833,0.5456785356072725,0.5113797558150178,0.5910460235732438,0.23726661233600108,-0.18268021685839955
0.08999999999999986,-0.11348656432827745,0.26423728498496474,0.6020483012243968,0.5923039395430122,0.8120740987462898,0.7515362829363371,1.035414995476995,1.0266563798243895,1.1836161415744983,1.2195189453249737,1.361024322798345,1.3973710110122377,1.4005491972858928,1.4262152094004248,1.416609460591879,1.4173585573927518,1.5112220310058997,1.4952755032062948,1.4416831848539517,1.3997039511020648,1.3049995436115451,1.2270051638178012,1.1445888912900188,1.3702056212796747,0.9366254560996577,0.9437694057267828,0.7844529364483002,0.6372095404224812,0.5334281331384664,0.5944588921396853,0.1597605953841053,-0.14863782466297687
0.09999999999999964,-0.05977351694094875,0.2711378413525186,0.6230455056652213,0.5723792213952504,0.8105454408321585,0.7290205581266498,1.0461750115186759,1.0813563619063036,1.0859027017047698,1.2325410604900342,1.2631505361784343,1.4229870709243273,1.4318481255903435,1.4412843301706577,1.4663967097361517,1.4139136377987271,1.510446006007324,1.4742361046102197,1.386692778102309,1.3727654739286708,1.2635790197174692,1.2094050782658174,1.0889202946155214,1.316731254786399,0.9687735790806477,0.9623191692222962,0.8341534307963635,0.6545238262321192,0.4420631494023574,0.614756300124249,0.22102234879776442,-0.17612116283617674
0.10999999999999943,-0.07668589192855366,0.28745576589550886,0.6571400880812267,0.5886809200775712,0.8277030557615803,0.7875066871004435,1.0660039584035754,1.0450500869796886,1.1804393001003886,1.236358325469458,1.3356927078763838,1.3697118895071845,1.4346610237373787,1.4721215747323544,1.4483912301230497,1.4556557956775895,1.537680844607077,1.5279272265859525,1.4125276885390952,1.405990616608897,1.326661499530708,1.1653183351255372,1.155680686793038,1.3203932672545409,0.959417216894598,0.9538232413884314,0.7613675448006307,0.6276316269745983,0.40972676609599107,0.563214876485849,0.13636955249350138,-0.18557481640137263
0.120000000000001,-0.0013901193970148884,0.18021249861920782,0.5661835977746302,0.5804708021939246,0.7585854431265728,0.7780844684758449,1.0853430602980456,1.0775534678110288,1.1629223657922767,1.1948637212718711,1.3487417298106301,1.3277203320148174,1.4695005866888777,1.480022636023972,1.4825281851325263,1.450568898962615,1.554212259992968,1.4218668324586397,1.4955661631763415,1.4340418121957583,1.2967885063822653,1.2834845975203144,1.2114399832406102,1.3192588536168584,0.9585234593342689,0.9813463502039875,0.8126984622901825,0.6838930447105761,0.4087967278111294,0.5625605951085365,0.14891564316205136,-0.14774028182072674
0.13000000000000078,-0.08127337413130042,0.25975342862575634,0.6519084094318781,0.5742321435018262,0.7764615361304789,0.7737741464696142,1.0522765696898475,1.098344610322496,1.1984100485057427,1.251388069591475,1.2690400500896646,1.4145182989763947,1.4524266402717914,1.4792580735618222,1.4778530401940118,1.4162899525644197,1.5289218910769042,1.4215436910123538,1.4099277157526113,1.3197393605577439,1.298467670310079,1.242365922159327,1.1279984890014012,1.2476544585571583,0.9348698766415849,0.9298529495251245,0.7693600274702997,0.6838851403867576,0.33013975473014495,0.598316206667152,0.16133110176553533,-0.10907029671925726
0.14000000000000057,-0.0020380522533050404,0.2702897416612892,0.6736306781103414,0.6040169675787839,0.7394116222379948,0.8028359557619847,1.1206219729363815,1.1334455628614868,1.144656525338692,1.2835581334288118,1.33655687505495,1.3760273075730693,1.3909062606283367,1.445187714375246,1.4715599448045902,1.4576126552225248,1.5532530153530355,1.4342805192327632,1.3973316206510995,1.4257518245013754,1.319674012643359,1.2957621379749322,1.1314557295806427,1.275580250819635,0.9510963647415578,1.0005533112080176,0.8697341103838394,0.6919770358808056,0.2979360940138611,0.5727842239174359,0.18670756641386138,-0.09699328599440742
0.15000000000000036,0.026548327780429558,0.2845306173304759,0.6059939100326962,0.5709257048818087,0.7058781792838364,0.8562960500326813,1.0368396931787034,1.1016664816534578,1.1188163075797428,1.2958947666239347,1.3029793229368303,1.3700947734441984,1.3848503794677895,1.46390535876593,1.4961622150500378,1.4760018093922864,1.5424024667054945,1.4243681749541834,1.450872115671018,1.4249271017521996,1.3138827835248528,1.3135383752854204,1.1484828236762679,1.3131510352183138,1.001459460694998,1.0291058452610764,0.8547084512993535,0.6701138980484096,0.3761769072984661,0.5752048886321898,0.13308725262052126,-0.049116153562745714
0.16000000000000014,0.007125854007899566,0.30073204322683755,0.56622323208528,0.5849426956708323,0.7011778757665107,0.9341943653433594,1.0897035058462232,1.1302861827686275,1.1210025949984246,1.2494808804261481,1.329258051222897,1.387437926737295,1.4015148507249695,1.4257320052642193,1.511444973246806,1.4918283438702828,1.4791098848935316,1.4400001673622285,1.4437859566599611,1.4150130180274176,1.3017289501598848,1.2884299872275675,1.1501420661822237,1.2796650646351133,1.0484180193020032,1.024129909818048,0.8422213021184713,0.6702370197527611,0.3362696885352047,0.5524339503694942,0.15779338012496233,-0.10291311346049674
0.16999999999999993,0.06718708708623328,0.29817917635480695,0.5587198793707016,0.5686822149735937,0.6657618845075874,0.8503149011991052,0.9937208130725889,1.1326939812024532,1.1362452846166364,1.2702217733276007,1.3051207354010026,1.283808537091711,1.3743005265888069,1.480426408531849,1.45259932640997,1.4807768886123764,1.4473457334851734,1.4247361672894918,1.4592364991076174,1.3735427873140864,1.2785697396579743,1.2554881344969633,1.1751190938169203,1.2858192430826358,0.9825749515414325,1.0144323358745766,0.8975618343720333,0.7718011423709796,0.3599302540127335,0.5644522948508887,0.08816540118451452,-0.06844731316282401
0.17999999999999972,0.11681621888341212,0.314076039431454,0.567162619587292,0.5858324572618624,0.6410660289485453,0.9403649915307712,1.0942884203205507,1.1488386826978942,1.1082416942122875,1.2424469815694472,1.3375556048732524,1.4452193065062677,1.429242193348511,1.4478597399425348,1.5190805152883873,1.4859349511244049,1.4806454848804185,1.4215167983662542,1.46204858825186,1.3969799493202655,1.322470799287476,1.2971091849806218,1.183196306948287,1.2577745719347124,1.0527405835595118,1.04806597313774,0.8945356097133456,0.721281409741177,0.3401125776624747,0.5666317059071866,0.12987712714642455,0.06286127954248569
0.1899999999999995,0.10000301831926237,0.23198418090723513,0.45902248804455853,0.5169250241716116,0.6256623031351769,0.8043459729964917,1.0859016149709317,1.2506032885684681,1.1711868874349882,1.2223879825814137,1.2884518582578257,1.437015787396479,1.3886045731141978,1.4368172624772204,1.443519873572653,1.390136349664903,1.4970275591549507,1.3506743976562823,1.431252651693687,1.4450626019126758,1.3685236416765127,1.3126923310053942,1.2191744793680115,1.2650951772307588,1.022248834785739,1.1203437629002095,0.8855681235706532,0.7528820836270701,0.36868526454592776,0.5223195730343175,0.1496549297803572,0.007882863970891177
0.1999999999999993,0.07004794963633347,0.29823560699386814,0.5132185434723973,0.5354618917318199,0.6037401662990238,0.8182570847379117,0.9922889322525031,1.1683000558542656,1.1618702304491155,1.242027307155674,1.3256296934351515,1.3851542703565503,1.3650961505043804,1.3938018399271148,1.4593295265436659,1.486976421835372,1.4511807877590637,1.3944166681877297,1.4203123060416387,1.3998329765638418,1.3193683039289796,1.310394971538202,1.231643765632005,1.248587915714615,1.0476498089608184,1.0336025963306903,0.8542702159428942,0.7300062032850942,0.36658135659503516,0.6303887850992359,0.13622057042987912,0.08149017772780687
0.21000000000000085,0.060231359683967034,0.2768920840643664,0.422543218012851,0.5340262201383796,0.6131959139314209,0.8378557870053256,1.0434901782281991,1.172857331366325,1.1271260917128743,1.212963874312742,1.3431943776940138,1.3688603607055376,1.417671038552755,1.4286542349147728,1.4998018959892856,1.4419047011469464,1.46376801968073,1.41773527570911,1.4728552878741499,1.3872203994855519,1.37315986630346,1.3777875183073793,1.2799696723575196,1.255023239826258,1.064181021174023,1.0177962049597764,0.8941920266231245,0.750801213623048,0.4074808053435543,0.5570266730083141,0.13361864187220554,0.07655141049367108
0.22000000000000064,0.0967452826650528,0.23875795508620323,0.38953338579877517,0.5943924649401556,0.5751268166707326,0.8230311010552734,0.9976676085718421,1.0994763470806517,1.1974602786615223,1.3049902177294483,1.3079096219769988,1.36027229005048,1.38418286153823,1.522267467276894,1.408093689036311,1.4407191590190733,1.3899286881948953,1.4271025033871423,1.4695529639882223,1.4696035843375665,1.3983186434663646,1.3580457481382886,1.3165558763712422,1.2629079224744986,1.0752618991490734,1.078141294801336,0.8835100743747214,0.8140856310041756,0.338201651289229,0.5078069585704454,0.20117303274465503,0.14769877956886232
0.23000000000000043,0.03235081499089352,0.2715206703858317,0.4064842828517289,0.4905921124646953,0.5220584914427568,0.8108938348699538,0.992857550594856,1.224821741992341,1.1911494479522005,1.2503986729077257,1.3030135765042077,1.392493817231736,1.456824028189326,1.422440287695487,1.4745623718395802,1.511587714844483,1.4556924626163077,1.4407820350738005,1.5310771026404535,1.4737300846777546,1.3900865855206632,1.3759938176061501,1.2423892414360747,1.2364192387756183,1.0927887978291033,1.0565841351933247,0.9129506046928517,0.8067324002454795,0.41564557568763516,0.5441011722176025,0.1513425168379066,0.12959319946686695
0.2400000000000002,0.050403863905411975,0.18924619528251518,0.33631571485774187,0.48463084564461506,0.5912390902654873,0.8146214643861244,1.0553173485591747,1.139341539799003,1.185786282401167,1.2098388327242213,1.3141346958162559,1.3531614162528938,1.4262213679229387,1.505310871526694,1.4821344844086684,1.528203854886704,1.4968961090011834,1.4546010266160363,1.4569713755839322,1.4145716728279272,1.3791405384184232,1.3874136984848298,1.2721688628456778,1.2101509436102582,1.108406924834253,1.1356942044481726,0.9700729680231827,0.8333998919011246,0.45547080053609396,0.5519709078306007,0.18672284463161137,0.11313788296867983
0.25,0.08232129786714998,0.23326635527069892,0.289899889347478,0.5452984257424257,0.5616556172493251,0.8115790318252347,1.0392329158307843,1.1455941985058555,1.1540884499853212,1.2456969875437802,1.2908247796840282,1.3468990971403623,1.3460870329249908,1.4545999721624299,1.4814221002720254,1.5250111718248172,1.4267208644042686,1.4843339246165717,1.4833643402536028,1.5014217602493478,1.3844138003499586,1.3106208323891522,1.3192898368623966,1.2422195988384457,1.1379122723183857,1.1340896218328778,0.8872373724278492,0.8618898435206017,0.4488822339020638,0.508098355673765,0.13345695228491197,0.16818486682383801
0.2599999999999998,0.10349347009295275,0.22752420842138482,0.3239068714116145,0.4682744610197566,0.5620311157031768,0.894061891395037,1.0068674438104235,1.186836407943723,1.1999971230222966,1.2955185830148068,1.308711660836079,1.3647264167172903,1.4025012284424918,1.5240963161939125,1.486216351006212,1.5404227009688887,1.4760364237683934,1.4786798561021188,1.5263602536669718,1.477307125326774,1.4236676053697765,1.2954182257100788,1.2480047681458168,1.2271250223413697,1.1220846554824477,1.1134169369802347,0.9157225913168414,0.7971964065301669,0.5080913049199172,0.5757143446305732,0.16810498613767869,0.16477185033043262
0.2699999999999996,0.07577875266352112,0.16264164554395374,0.267739854228077,0.509930858649555,0.589539439805326,0.8479593694212416,0.9177677690373197,1.1007785874232505,1.2181685708912229,1.2733134882118344,1.2653819319171165,1.3565150061220308,1.4354365045398483,1.5050569607068478,1.5114165624759668,1.5569477077607565,1.457593258185272,1.4929134815899612,1.4682703706261324,1.4801926738977387,1.4259760478216923,1.3672893065239833,1.269924569543729,1.1835933329969557,1.0578552819152065,1.099320619650521,0.9797399008678127,0.8314621064091297,0.521754499464506,0.5343602491761311,0.24118521981229132,0.12922084106511642
0.27999999999999936,0.07232501796476436,0.16332066512130258,0.3023917851818481,0.5415590080798136,0.579052012866139,0.7958667837382377,0.9983595215218399,1.1275792155010678,1.1758544238191107,1.229012421520029,1.3630461813401153,1.3352507094637978,1.3892833811854461,1.4524453302077422,1.431283678155216,1.4661416396715845,1.4279308797483758,1.4264450774111048,1.4486166502111477,1.4664834562864817,1.4184742074621843,1.363502219801503,1.3004664684191958,1.2610438065153071,1.1049351472384135,1.102186514189237,0.9467083200025408,0.8494099794333607,0.5426503701739298,0.5600201947586799,0.20293416972062178,0.15344313737341692
0.2900000000000009,0.12144084870110142,0.13325409072666217,0.21659977313004833,0.4911997256297971,0.5710670358162658,0.8391894381865979,0.9783718008460868,1.1334053886309776,1.1824514250206282,1.2938000529500062,1.2718739501197533,1.3171931079858756,1.3833015166398852,1.414415585087918,1.5088986320448878,1.5416328798085746,1.476738057104702,1.4042000614296988,1.4688449579173763,1.4764069826587423,1.455512917754956,1.337259629294511,1.314354437236623,1.177659218645498,1.1665602509299475,1.1298376663615772,0.9338525479372363,0.8662329898219242,0.5674497542687474,0.5167397713025765,0.1473037596356558,0.15565015346096972
0.3000000000000007,0.1104724944563224,0.134888719757658,0.24745800633217488,0.48563723947329995,0.6301633816974017,0.849356611877549,0.9029808008916591,1.1497455713327296,1.2240836103416481,1.2952007445335876,1.3183476462563646,1.3393751894655415,1.4600466749145373,1.4921346540875942,1.4928097709918473,1.5141402965996695,1.4769841388316178,1.4895119052971488,1.4993828527502193,1.4651928347532361,1.4478977183147925,1.403139222018028,1.3547780055101033,1.1864715866091347,1.1350813568535352,1.0922845144190083,0.9472250757105611,0.83054800178418,0.5743325468533984,0.5154634771257088,0.21931872084909235,0.23435748901133285
0.3100000000000005,0.11527933927226369,0.14977341637095948,0.28352408403853707,0.47993284531879277,0.6748740266775792,0.8987995124934535,0.97665171683356,1.1007803890636714,1.2073121690813067,1.2989117417224245,1.2778741857909433,1.333372254221502,1.4042546047342956,1.4974116046834727,1.5214418765309994,1.5259108668286712,1.412325355846072,1.4844507599088272,1.4892530988371189,1.4444167296010548,1.4154213049359616,1.3774571025718219,1.2977932278123512,1.1735571875392963,1.0790704961978224,1.0908383487400561,0.987725863568527,0.845125856681328,0.609506970648035,0.5168040579731877,0.1990897931894197,0.18099795554843104
0.3200000000000003,0.12397277897788943,0.15148885450396274,0.2181356987703998,0.5058216037579394,0.6575131446205181,0.8756500395739543,0.9570206415074207,1.1242004801338128,1.237780701881631,1.2881687719771295,1.3016497885975657,1.3583971831577197,1.4556581887947484,1.4575065729385732,1.495397939278246,1.5236600950022239,1.4911139348886138,1.475477479181149,1.5020824353738336,1.4659625936231884,1.4479701833734364,1.3788731536900836,1.239632425220587,1.0974419711692236,1.1325168861492356,1.1141608445934335,0.9929705628325164,0.8777055408804159,0.573444208473009,0.4692575544141282,0.21568372635780028,0.19879117483639766
0.33000000000000007,0.16643343760621107,0.21446743787066674,0.29117651449359383,0.4259377400749879,0.7246790006743422,0.8782912960647101,0.897539795166159,1.071863535910228,1.2033941509670034,1.2323709577239697,1.3161179491336976,1.3889880892569193,1.4489508888779759,1.4939895908746543,1.5010005907255366,1.5159607164896092,1.4808880790580203,1.4769919399052753,1.4693824321395925,1.4679895755880452,1.407161207192528,1.4107993749771317,1.2841744769164976,1.1626287569656548,1.1382516993468244,1.0767160394071744,0.9934119009917992,0.8133230944229004,0.6368342311792444,0.46536411501257524,0.18050413450245664,0.18920901410287805
0.33999999999999986,0.16308004359539055,0.09876441273281995,0.2529273111898119,0.44565431115353904,0.6449531275381613,0.8821706167347138,1.0363588182543528,1.135863203804031,1.2389819756625227,1.265019899913009,1.2962780587922702,1.3631558181090777,1.4330967654257283,1.466159341945987,1.4818036120765832,1.5446055210807195,1.465954518988252,1.4686426812483986,1.4813587047873105,1.4616633967129427,1.3291198610517445,1.342149847270438,1.315543777663698,1.0676260833652995,1.0901028243794695,1.1073082361138287,0.9359915311277178,0.8206732707986499,0.6561639643626392,0.3913297445051634,0.15133766283600383,0.18691875404903613
0.34999999999999964,0.06568564670154678,0.11445161756992213,0.3144080790413703,0.454198010590161,0.7178082475020914,0.8748645597237683,0.9904083654653447,1.0956469167128815,1.2584678058491026,1.266690323836352,1.334050687070416,1.3572399450986599,1.38388486601511,1.4636950546383827,1.4880521755085647,1.523058833906554,1.5183843090734759,1.5437942864073102,1.4948922782372362,1.5054848951613637,1.3997961946285167,1.374209090011755,1.253873061396301,1.1153336455780682,1.10655930929185,1.1017773448678034,0.9813385958181194,0.8358670625181123,0.7032938286154633,0.4287561003097838,0.2192730101570411,0.1357478568865142
0.35999999999999943,0.18303098996046538,0.14147312835561882,0.27783014347319634,0.48584015944228703,0.7596081442715925,0.8879055103657079,0.9472698079318794,1.09262049980896,1.2483430567188774,1.2940217953878175,1.3447648621445882,1.3977471617565038,1.4293080883453173,1.4727492999497063,1.4681314873262181,1.575061559017457,1.5204642138859934,1.4842772711422234,1.4649918100334172,1.457693432357507,1.3966045513028362,1.3283874594346896,1.2033322091640508,1.0991792920551793,1.1414761412721641,1.1147800544208748,0.9359575930750368,0.8733215324905065,0.7212101797578291,0.43492835433857696,0.1970471298925504,0.2253803102736829
0.370000000000001,0.23127032295753636,0.09095826283781622,0.31564841576615227,0.4937341218037002,0.7456033240577582,0.9392219334728652,0.9552029043749786,1.114129035379982,1.2371962221269484,1.2695402871292747,1.3558386434279972,1.3709885415266276,1.4273312401233549,1.4876300162299259,1.5196565339803236,1.51966924234027,1.539478771820702,1.4695642343636859,1.5542919943746982,1.5196409477183366,1.37896532022987,1.3843944238071133,1.2797579690338956,1.0943771515820417,1.0870027855288527,1.1018300178390037,0.9746717944095711,0.8517908763163656,0.7695335448222617,0.4182127635053656,0.21195316266839587,0.25454369101664653
0.3800000000000008,0.21711283497166367,0.10274373851132046,0.25515352909061917,0.45136954600364276,0.8144661751624421,0.9374371673495683,0.9023882586373182,1.0811784581167108,1.3118383604612418,1.3382724499451273,1.3361297596495136,1.358851382897507,1.4389788697740913,1.496252884418317,1.5218125642547142,1.5592861635042943,1.5204337785197557,1.474474567691855,1.5199569581965005,1.5427394586171905,1.4233346936577538,1.392842790993663,1.2756986667785848,1.0730345082745585,1.0944332373575518,1.109961032844275,0.9806244814358991,0.8058202996514009,0.7312298785014256,0.33569101650934596,0.3045671568464071,0.23244892963222205
0.39000000000000057,0.24050990870797267,0.1223732750470549,0.2985163042411555,0.5105834473684334,0.8292858002844605,0.9382247480090309,0.91662181120441,1.0799057755639494,1.2183150794998157,1.266802643795063,1.303354519766038,1.3700652234344797,1.451580204221385,1.4676241906590155,1.509800977757623,1.487321855751418,1.5048404758514964,1.5082498729095184,1.545699430367441,1.451926157293524,1.4157059931639997,1.4025945082506248,1.2779335573216044,1.11409189584217,1.11495376714842,1.10632294260197,1.0042907669506675,0.8883046665672416,0.7327632218345648,0.4046370092941203,0.2819456362478539,0.2519947057821841
0.40000000000000036,0.26266604536143967,0.1529173181295885,0.31978012352641955,0.5580663542223162,0.820478762515175,0.9564440533881162,0.9528790132961471,1.038939817111586,1.2024490766842975,1.3421099709931033,1.4094758786130168,1.4098716134048002,1.4038557599892127,1.4998839012149152,1.4960309531818115,1.5327948596521892,1.4882498303177871,1.457424442431997,1.4453101313060133,1.4978924290974422,1.3540052396155828,1.4017626157481007,1.3311314082980186,1.1204990260742727,1.1212205005172813,1.1170275633348683,0.9901477824705412,0.8591268209802103,0.7499225651047724,0.37586622742566617,0.33407485902030853,0.2611310233043985
0.41000000000000014,0.28963545473572566,0.12425237890034094,0.3426710139530725,0.5253393566769948,0.8698799613797598,0.9492162014576876,0.9219877334188774,1.097782281666264,1.2399585530855672,1.2467441381760969,1.372254932179635,1.4174789429924468,1.4731189746510371,1.4677256005211785,1.4590501110892968,1.454939646331763,1.4004030545665964,1.4163779365675833,1.4748401808812992,1.4819546134448713,1.3907303372448623,1.4179179121464967,1.2582476917261796,1.073218585628084,1.0418261949715215,1.1230791357407532,1.0144988140009623,0.9165298743793739,0.7438546780148103,0.3769121776423632,0.35230984002643245,0.27067584801638234
0.41999999999999993,0.3073465208006858,0.135357416735209,0.35302374570530815,0.5151773717600496,0.8360953421770768,0.9315210809086385,0.9888810466151026,1.1256598002256095,1.1955033835232267,1.3153499089343688,1.4130103685483721,1.4114305574236194,1.489230546973255,1.5209795198107767,1.5383461549196962,1.534549595776504,1.5127448502189489,1.482841506966351,1.5112155980619568,1.4417493947031819,1.4113708799050504,1.3952154147694538,1.3103237266639995,1.1040740577472978,1.1683192618107916,1.1246163614483495,1.0322297144717056,0.9005532824232587,0.8322885694892427,0.39865190733916817,0.37110612562687234,0.25292759241794455
0.4299999999999997,0.29505067685476666,0.18090242463904785,0.3687940132845774,0.5203267194852672,0.854705214305962,0.9807514156287274,0.9327849544164657,1.0519864140593231,1.2050177990399067,1.3001587903222824,1.3816167901143195,1.359336518456308,1.4774010994508564,1.511112140069792,1.476236171102676,1.5493499547417944,1.4893959896139106,1.4485366398753963,1.5214827138014073,1.527805948905288,1.4373874164501745,1.4418639798612807,1.3493439522082329,1.068510159856185,1.1370305233872693,1.1394175689789907,1.0525396745985716,0.952630160367911,0.8132187461996077,0.34499875802720614,0.3421671701879658,0.23077994060465712
0.4399999999999995,0.27192950614619615,0.156936901321718,0.4271564984722426,0.6222016072141103,0.8896099856393183,0.9204449791974647,0.8793882359695355,1.0931927049424162,1.187214835293089,1.3442773989700432,1.4039939018809395,1.4306776152234604,1.4873023842198032,1.4932041512555414,1.5212626898015174,1.5505926901522034,1.427715484912285,1.5096333711295515,1.5315137513885615,1.5236255326372672,1.4317055180779912,1.4679902821070738,1.3331533160904956,1.1083466652738578,1.1843865619397151,1.072780908895893,1.0427327887064652,0.9386075568504851,0.7510520768852771,0.3927482010456827,0.3718496561719641,0.23416137955982028
0.4499999999999993,0.24158876963606832,0.18343402753538454,0.4290499046989704,0.5849069525324875,0.8097494624495699,0.9554648747350536,0.907812947203014,1.007952065663773,1.2096215892038438,1.2149622512511329,1.3494722543613382,1.4722701501733377,1.4494537425410772,1.4423071100160303,1.4601931092542935,1.5018348542572946,1.4593665846050623,1.4753471362771882,1.537209897819143,1.564358140066736,1.4590318152965305,1.506306812966268,1.3440808189591158,1.0624980386235925,1.215622551923291,1.148894135252815,0.9928407571015332,0.9425888723507841,0.8054618350610984,0.3918381347836335,0.3485455711976443,0.21533034667813414
0.46000000000000085,0.26202456920193434,0.15870989200240582,0.3869345364442497,0.5791657982274017,0.9282035654603551,0.948855374160287,0.9196782726678077,1.0599961762609464,1.160536915748113,1.2326961172562454,1.3806535566098266,1.408255978548194,1.4798064778020603,1.5087484809666043,1.4983787896781073,1.5251164394769339,1.4798292012935905,1.490305052488335,1.5362549815672641,1.5350413633275326,1.5248971089074537,1.4995454592214568,1.4030584575692786,1.1144960995223128,1.221675343894712,1.0851657379899657,1.0206847234066976,0.9483276974184655,0.6757220774525722,0.3168127311682106,0.38472616309363294,0.22566195619155194
0.47000000000000064,0.2420672049705666,0.2024806579505534,0.41876532456466253,0.5738967228357744,0.8963593339412063,0.9623440231565554,0.8955098722694078,1.0127417773992236,1.1316312608474666,1.266416408837825,1.3308037911465427,1.382411900598268,1.3993204497475211,1.527583807976544,1.4955001623107311,1.5104153624678223,1.5162299659011909,1.4674041992017532,1.546863940175405,1.5615577736475612,1.4961909021096973,1.480926883587958,1.3896101758388515,1.0504496084624373,1.1994700593364385,1.1092774318175513,1.0409127050877267,0.9237041911079216,0.7174102273678548,0.30245052329410305,0.3487490378528997,0.17581776024559498
0.4800000000000004,0.25576630191651706,0.20010555858855042,0.4412922358306295,0.6160407156457856,0.8689261454953492,0.911607673144864,0.8836638341782337,1.0403435031143877,1.1937210513431122,1.263030136442218,1.3330583538766163,1.3930868150080957,1.4056834627152828,1.4475561900745952,1.5109071445174937,1.5060655537139844,1.4694976763107532,1.548152125606714,1.5191227283666189,1.5259044810701343,1.5054273817974502,1.468120722436643,1.3559660501894886,1.1113554116642153,1.2685239069646514,1.0600994401679422,0.9533677233972078,0.8820660984477647,0.6981586309564722,0.3028853766517237,0.44534709963738306,0.16324822903939898
0.4900000000000002,0.2652018654571555,0.27026923209700215,0.46518279339038004,0.6309953210274295,0.8502599743564635,0.8391665279157247,0.8576743696593339,1.0553759222629178,1.1517366890692995,1.2628924248647329,1.2894841012291522,1.4129158898205452,1.4137853022551234,1.4828596857104102,1.5164048690408978,1.5401388059709598,1.4790226271310607,1.5314371453432494,1.5902392807577672,1.5407806242885664,1.5309438566057902,1.4272092146846553,1.4112734992604057,1.0756487406129642,1.2934042474227496,1.0714205020011918,0.9788159726283389,0.8473704965575303,0.7155700174579496,0.2956315687099875,0.4446030763178491,0.1548434309751839
0.5,0.2771383648659124,0.2796686570796543,0.5099780207502669,0.6552268607467009,0.8260896477590643,0.9079805164808586,0.9201096691148205,0.9488223094306469,1.1576470437858808,1.2636822650735295,1.305660243597396,1.3513262259991166,1.4679489715315905,1.4908204061677852,1.553591648232168,1.5640719328686856,1.418415218909566,1.510924282042576,1.5056670795597396,1.5565859748215487,1.5194050602683482,1.4701842943796237,1.4609909088123374,1.0996814570497206,1.2348770480632207,1.0087918393026596,0.9865703511931818,0.8632386099448441,0.6482768499052699,0.26777218965461924,0.35913952547219447,0.20997960162612583
0.5099999999999998,0.1839032132261683,0.23192254111768604,0.46242156301831305,0.6402965615041625,0.8817699338618471,0.9509464964169282,0.8887508449103356,1.0263552257446975,1.141044232225229,1.2268796149905088,1.3160561955553514,1.4501342804022685,1.445906475541177,1.4535704972059458,1.497470411103829,1.5159673812092176,1.487402356173713,1.4954910863375828,1.5186450114741488,1.5596357624635881,1.5420393974076876,1.4798033762999379,1.474235341965662,1.0671934051452099,1.2569496528246333,1.0066956271477576,0.964551297181647,0.9069065475967453,0.6675038580090566,0.2897945602950087,0.35710754313244736,0.14554095335641096
0.5199999999999996,0.22158120609796228,0.2783811887534027,0.5486747907990613,0.7095252628881284,0.820281942783616,0.9438961099741374,0.9726714666319237,1.0673201089873001,1.159071198283285,1.228322081643239,1.3351267285002866,1.4046363981183387,1.4639827033782666,1.467990736596437,1.562514271066286,1.534588843376002,1.4805429458833925,1.4769463613162745,1.5659622092323313,1.5157925004885027,1.5455868339730832,1.4156098136026392,1.472836018840358,1.118575558686424,1.2791700542824467,1.024394561649363,0.8957111791182859,0.8099757269848883,0.6032466101570391,0.28018945763764985,0.45397914930188077,0.14621673271167665
0.5299999999999994,0.2561750813669363,0.3696426051058128,0.5570968246516576,0.6781220695696817,0.7871021985292688,0.889724836706158,0.9156427056928678,0.9957235408289626,1.102418649550939,1.208332077708633,1.340843046831253,1.4160016554774766,1.4693789415918719,1.4532962303361325,1.5017047233770748,1.5443110924471994,1.5261968196355422,1.510561047877878,1.4781231099747876,1.4906609373246817,1.521085368209073,1.471345985037649,1.4074395077837918,1.0427929515695125,1.2777924147053126,0.933077101650896,0.8887022583711774,0.7972504153547758,0.5515691856000937,0.23356425434834102,0.38186548009422644,0.09328371113548678
0.5400000000000009,0.23522728430364437,0.3337963962015991,0.610661745495026,0.7515087054130729,0.828369552783373,0.8748825243421768,0.8734943249637342,1.034571045855607,1.0937450295098101,1.2137421652282434,1.3238447499589763,1.4342084439193605,1.5120385531023042,1.4574410380681246,1.5796071728160377,1.5246380905831745,1.5342689588305243,1.553037288031651,1.459486496564492,1.4490722235850475,1.4669333455730214,1.431900834977882,1.4052248796061102,1.067062511052688,1.2438823875939755,0.9261873341266839,0.8475076700052598,0.6880739913359886,0.5218174883259823,0.19620443636669885,0.422806174376673,0.16550567206559785
0.5500000000000007,0.21781653152444996,0.37768568183921775,0.5924744776909626,0.7494763581165591,0.8132774550851075,0.8873917412268845,0.937404064339129,1.0653948185460982,1.1806534578336332,1.1805347104839174,1.3550944960973035,1.4300070941920215,1.4553373266227514,1.4177834081599854,1.5512144501023797,1.553294475511304,1.4993326507160263,1.5463116208707302,1.4826399723303167,1.469473489239295,1.5157723667170573,1.3665877919888092,1.3399820943342282,1.024663847111817,1.2718314224191736,0.841519093241816,0.782537524859675,0.6858567449270542,0.4947057309187847,0.23167523863841777,0.45407764356719615,0.10651443301354474
0.5600000000000005,0.15040742244454314,0.4096052698229208,0.6348271077232608,0.7148418187721466,0.7944859976387711,0.8628006068955085,0.9149345136969909,1.0176301425834358,1.1427450575683977,1.2064489712071143,1.2564285107180746,1.4241136931452063,1.4937653365555374,1.4760450061210002,1.4852303317506796,1.5539473527269434,1.5271694043086865,1.5402836516974445,1.4308044873046721,1.42052390184996,1.4903868106633968,1.4087154306382244,1.3855735821967545,0.9931510375686983,1.211882188427373,0.8638012240653189,0.8184128994221809,0.5997350162692051,0.42864530224593883,0.19259283134453312,0.43009460899893737,0.13524611241846493
0.5700000000000003,0.20558859486966702,0.4429885734862321,0.5681053144219165,0.7140509583427348,0.7888507771478951,0.8687620823609143,0.934508666013724,0.9900887172842484,1.1758277698209656,1.155936960215854,1.2957976348427134,1.3622234882140252,1.398350467854026,1.4725854414003496,1.5225460470979808,1.5442343733857835,1.5992308627107559,1.5599307340516946,1.4284654254794635,1.440365681087117,1.480619910440042,1.3813727757707777,1.353445973541183,1.0272265883644898,1.2431686973919207,0.7716959794502514,0.7768516589566069,0.5764291514777519,0.3718210409989822,0.21104867057399074,0.4050385437458419,0.09398587057963494
0.5800000000000001,0.1622552938644254,0.4422307923701819,0.5963740445828691,0.8418283393535457,0.7626792079193037,0.8674744088137529,0.9530448365386552,1.0350039616867082,1.1406306739183913,1.188181896629381,1.3016223359444203,1.3642882465963257,1.4230971802363739,1.4490784410481525,1.5344714613194366,1.5314996550100022,1.5621769189764292,1.500272818057476,1.4724081251020646,1.3679551076420737,1.480370999817131,1.3228411296668638,1.325855378618856,1.0573104887352016,1.1545063976260226,0.6981792417400954,0.7022042263891504,0.5969161526902957,0.4479054550528007,0.16571131646373582,0.4180919189409512,0.09969185067469252
0.5899999999999999,0.15285837647468084,0.44277461768512916,0.5582030218295121,0.7588262622237876,0.7077255905524995,0.908651743947331,0.9806757682874103,1.0047998766275545,1.1233442297067069,1.1603478858808833,1.319651077067424,1.3801613673482906,1.4496843034514095,1.47147988883419,1.5081183426565523,1.5298850172692486,1.5520269393252812,1.6011723456329454,1.4687851040684343,1.3692662206448027,1.4326789275711693,1.3023871165514793,1.3003815221437744,1.1180387807994447,1.1765631682704818,0.7011156883387786,0.6734397641793447,0.5375712604297441,0.39945342928235783,0.13750044718983626,0.42555563640416616,0.03846657687902388
0.5999999999999996,0.11691864452193902,0.459008322599636,0.6225546167403251,0.768763156548855,0.7748205398677607,0.9154122291014806,1.0082315335046483,1.0363577016680707,1.1319968129594407,1.2395658806298473,1.3018080972253123,1.3866676246555754,1.4640190338785837,1.4246905975614685,1.5238818097714024,1.5421506812969865,1.544613611018358,1.5650450394128892,1.4295094524879584,1.3760937305166547,1.4402658943956665,1.3278977288641722,1.2625304154585022,1.1345941526462018,1.1766350349649934,0.7378187068182749,0.6298779049096235,0.5576052651391534,0.44483214287659884,0.2654875142414817,0.3904472440715607,0.06340531542812883
0.6099999999999994,0.0867295885200498,0.4722606508948206,0.5494670875165149,0.790333268425923,0.6918390293332538,0.7679144426209469,0.9678222599272561,1.0510053493938214,1.1485592143188803,1.1950676225691623,1.30697103951632,1.3908917624424424,1.4586970250497555,1.4388344390065684,1.471650647210489,1.5312742216969433,1.5193384007817698,1.5410115993347246,1.4518545790006503,1.3519790908480724,1.3906050030947286,1.2556673546861,1.273096906441256,1.1365931282899369,1.1384195470316738,0.7165675014961217,0.6276955225911469,0.49704702172038145,0.42340439246446054,0.3203727430329249,0.39451292997618725,0.06996000920062063
0.620000000000001,0.04951960342430618,0.47363395114173307,0.5985943084105483,0.793159296066124,0.677990255627454,0.8128844312189037,1.0460131139141768,1.0108015961382304,1.1129164003522003,1.1828080093996354,1.2994878804378374,1.3653316968602056,1.3650430249116041,1.4718197166764688,1.5034026062336618,1.5313581589142349,1.5719628597585296,1.5537309757681763,1.366684525351463,1.3787395622004355,1.3642288906705173,1.2368863301637574,1.285431059662205,1.1872990998032364,1.1399516736550246,0.6966125273801103,0.6271145420785469,0.5285426377576422,0.4852987850825076,0.30342617666477956,0.39315326855972166,0.01161536526550631
0.6300000000000008,0.009497129458017835,0.47089867597455093,0.49932058804967383,0.7689149299306571,0.6607964774870989,0.7926956623412079,0.9395524551677656,1.0626349803810384,1.1189455165916378,1.16988667058696,1.284352640730177,1.366694123516104,1.424299268855403,1.4365258603963376,1.5024334194811857,1.5351958919677495,1.5061082053277894,1.577995905597615,1.4350897852543492,1.3134469766827437,1.4475595371979957,1.2572704518855937,1.2677825450405742,1.1519840305296518,1.0839537887651183,0.7784461186394317,0.6076733673737759,0.48702779297866844,0.4146584232316744,0.31617808573420375,0.390178340194786,-0.053889783219298014
0.6400000000000006,0.018358022610857245,0.46576093395496215,0.5292540809013611,0.767544407463865,0.6732570783124427,0.7329415388303949,0.9991428226781968,1.0228713973207382,1.0664112502607925,1.1981089509958596,1.3156555323026953,1.4034882574815561,1.397354287081927,1.364503826023904,1.4790321587648196,1.5102651916825227,1.5165326211872228,1.4955486205330737,1.396822923806802,1.3455147518137953,1.380922444305062,1.2209196160923874,1.2432056810122427,1.2007529827271943,1.1272277222345355,0.7817396978660759,0.5994733866472121,0.5188970384156917,0.5039060169811799,0.36659933150562446,0.3156278213136204,-0.015532796854806779
0.6500000000000004,-0.05955824586907445,0.4530248295134367,0.5628231973931876,0.7797467037260789,0.636474344284923,0.7559710103112358,1.00534739225091,1.0701670489917752,1.135005891767387,1.267748586197735,1.3250003517787348,1.390543352489925,1.4086162147194465,1.5051710061766643,1.5456729852730209,1.472902355197504,1.5290701931664188,1.4834751143434228,1.4111085233715057,1.3597023708146367,1.3935489423267031,1.1870935471626,1.286416905764548,1.243476409307749,1.0445139772223333,0.7435333276000298,0.5679588900641201,0.4611288843556264,0.46795979016306666,0.40556589087538114,0.29388177802469473,-0.0340063298391036
0.6600000000000001,-0.07695501643686758,0.42771683805662497,0.5615087761658207,0.652252591953742,0.6119196868985329,0.7665545753703706,1.0287912706062388,1.0137377877317626,1.1267016037501403,1.1591545079618233,1.2751182234466647,1.373417719528608,1.4023750657443947,1.5443844175101054,1.533163444018675,1.4550400598890918,1.5628142078215268,1.506028247188757,1.4087321395470804,1.3663224872819275,1.3866845638848766,1.2856471217128644,1.2378878629821406,1.2201591895485584,1.050730081452857,0.7144357001491118,0.5792617891118734,0.4609578281504951,0.4083129657599796,0.4759643582704115,0.3024850505125237,-0.059717783627064674
0.6699999999999999,-0.030280231294418834,0.48807017618170556,0.5110612174365374,0.7048873407949865,0.5953179392128132,0.7046705842342457,1.0299434706289445,1.0125355414396358,1.1433716672489416,1.1947187689438314,1.2980459640412096,1.3981452624938777,1.3922449017137133,1.4183734713728633,1.5055764520855135,1.5078075241556745,1.5493525333856641,1.5297859194432457,1.433108734130876,1.3029691753490835,1.3759100936122024,1.2352510404033572,1.2207987874312891,1.298985785094014,1.0870101579967522,0.7903984316162795,0.6271293128226422,0.4528002849973566,0.4783682275892338,0.397180379049969,0.22568379184968185,-0.09257761261658404
0.6799999999999997,-0.008514100020282914,0.4028112885232484,0.531135312524566,0.6521818695575639,0.6712184595150561,0.6945591787855816,1.0275745447029911,1.0706521126239505,1.1346145091239763,1.1759619925185196,1.2845116853113263,1.4432761560850027,1.4457450942683496,1.459516268472998,1.4730533834206265,1.4305369033512851,1.5196253462026517,1.5911734355073555,1.4561086612451188,1.392288536740585,1.3514088116310417,1.2657770009829326,1.2352650845411606,1.3465181536922441,1.0552692387784637,0.775426934414928,0.629531813303061,0.5518597137819796,0.45803377279890223,0.48983328490360306,0.20853051241045623,-0.130615152510379
0.6899999999999995,-0.16652674368096398,0.3994276439031377,0.5188984418595256,0.646810805619323,0.5979198739671758,0.740116625201946,1.0067984508979113,1.0757335636301302,1.1237102365207627,1.2151896169876242,1.3455610383834036,1.3624285930374544,1.386226414147535,1.4836141911088057,1.5434649404947296,1.5049630437637749,1.5074774747786936,1.518204259385418,1.3949510113439512,1.3185263909405882,1.3902414245470252,1.2156068077149242,1.1786694590177913,1.2579476708497779,1.0681635276683854,0.830205461806233,0.6940098661372558,0.48199413474496955,0.44901417302147517,0.5250035173659661,0.18578395941411857,-0.14021781116245713
0.7000000000000011,-0.1594259015307103,0.3786835759521532,0.5372824472630514,0.6790231314231912,0.6645041997837747,0.7114439611842911,1.0633709455168,1.051184093634934,1.1151345336967817,1.2465181644260788,1.3343701790548645,1.398485865231212,1.3894564973740584,1.477355575088447,1.4853610846383194,1.46093985152597,1.5070111103634347,1.4880684401058808,1.3778666873028433,1.368947248153936,1.3581063348993312,1.2558932774909561,1.204366653983998,1.3512964044478664,1.016383743545606,0.8418426331226906,0.7186189672518426,0.5620622086136863,0.489971724124485,0.5953518409971283,0.13110457688848734,-0.22212602753610455
0.7100000000000009,-0.135379580727655,0.3399430958624536,0.532314684566935,0.6099552946126261,0.6049037415401437,0.6500389826376859,1.0125713165795547,1.1349195655194027,1.1590267623572614,1.204613321081313,1.3036792128989485,1.343914965828621,1.3572186557633783,1.519493794824917,1.5014672502042594,1.4923962424351251,1.517218026359472,1.5233845561911938,1.438830494260117,1.3710251543862184,1.3611758687539148,1.1951382644698776,1.2369337823883708,1.3543642278337713,1.048039607513164,0.8542311627550899,0.7150869315336645,0.5584581692355213,0.47615670496231655,0.5619686066204616,0.08433183622656543,-0.16002569753213342
0.7200000000000006,-0.14558129122974175,0.3701352040665211,0.4427369533405283,0.5723301818295232,0.6324285041480227,0.7252097894773001,1.0729056990799617,1.0764061764954351,1.1659449573113947,1.22881891399964,1.2836563835441213,1.3775611664852765,1.3792208383742304,1.4305776348049615,1.4601279534261298,1.5072360752628517,1.630947787992324,1.4686942291940537,1.4242460288246066,1.3781606490265446,1.3332132529688232,1.227456853383988,1.2371057104692373,1.3565134179025276,1.06638151886582,0.8827730492185392,0.6886861881639819,0.5952440175939088,0.4217651906241092,0.616247300748056,0.09884756228747642,-0.19427236598448572
0.7300000000000004,-0.07084080342351712,0.32644067976570634,0.4532219908307841,0.6238229189507325,0.6838866357925324,0.7048108338363679,1.0750570797325991,1.074900966754383,1.1789200867421068,1.211712490701603,1.2975630280478931,1.3817406355440645,1.4436103537198821,1.4651508004199076,1.4786887676911928,1.4341628246727867,1.516386739649227,1.5197572118639084,1.429781307432995,1.4200640166833167,1.3395779557921208,1.1661111150861436,1.1764419817467475,1.3613014834190957,1.0101391496950543,0.837937411463344,0.6956346860306746,0.5096193849689425,0.4463035998607722,0.5953149772217113,0.06247372391333278,-0.17422461171664205
0.7400000000000002,-0.10704973269157828,0.3414380441143905,0.43844136871723655,0.5392249536009667,0.6089414862407486,0.7628962617609074,1.0850281079987938,1.1432266356960965,1.181732807381039,1.2490185558767395,1.328328741480273,1.344558170038444,1.4377815616325536,1.5229201195841076,1.5446654089751957,1.4685982684259948,1.5464985018351889,1.4714975183808763,1.4085044600324377,1.3057780086579969,1.4517025003376622,1.2381524947308222,1.1695623672862863,1.315756489156242,1.0462836602221417,0.9703861023196634,0.7393176853556699,0.5918240834298621,0.4475742840604175,0.6815801797077734,0.021379863189209387,-0.1701591717134136
0.75,-0.16542495857992318,0.2823625638190121,0.48882568980422586,0.573251146113587,0.668299739362033,0.7479409128204871,1.0164259781311755,1.1149154522563685,1.2412279383567573,1.2988453807581848,1.3220116971694766,1.4036836182518375,1.4318149222505319,1.4606165091662973,1.515995533833039,1.5497877595176384,1.4777576700717712,1.5185567545950533,1.4457362091743227,1.3430842828942489,1.287018123587485,1.2103210854864643,1.2189037894195194,1.3079254363207897,1.0477787274722878,0.9525183454176048,0.7567492991792518,0.5919945217171257,0.4204947622574336,0.6480927795019145,0.028132198665070173,-0.22014645075788505
0.7599999999999998,-0.08628303764388227,0.3086836599298214,0.4919361748049967,0.5538357713896985,0.6437638455733286,0.7392479463866618,1.0857407468365832,1.1115362933678004,1.2171029809241232,1.2712797714573905,1.317411115562455,1.4246948692733037,1.462078560546503,1.4722130485062204,1.5276173351642077,1.5632814260964498,1.5751636674984495,1.5199389476578526,1.4702555518099616,1.4194351376826484,1.307759080791643,1.282636780114235,1.2621530988198864,1.399447993245204,1.0431569451245926,0.9468264609328982,0.7776030094488774,0.578808858831341,0.43526608550356827,0.6787282152044269,-0.03553151702349106,-0.1626361220826328
0.7699999999999996,-0.03848542376620623,0.29442300653612946,0.4072843409472275,0.5518903233405106,0.6888669153461701,0.8195143030544303,1.0680687931650514,1.1222942501122497,1.1794324243288983,1.2894632823878827,1.3021714872306152,1.3554787351871744,1.4658111183395064,1.4867607603272963,1.5354325160141162,1.4909967293130937,1.5188036079312746,1.513172333089886,1.4263069379868594,1.3875411201687684,1.346668319342783,1.2630752228549167,1.1840891994250773,1.297346092716564,0.9901086608200957,0.9430691094920028,0.7366561211769779,0.6130705476782483,0.423825934525841,0.6458765435315685,-0.004781557046115681,-0.16528962019511242
0.7799999999999994,-0.012768306049885627,0.35924740011594875,0.45735626044033345,0.5354368122192121,0.6566877776544533,0.8350739098307651,1.126378550314915,1.1511003239229374,1.201457119334937,1.288679235702599,1.3526706062818674,1.3879691464309492,1.3762281366855595,1.4410542587447936,1.425672950304025,1.4907217373374144,1.5440057057273697,1.4486213399530847,1.440374235474293,1.3773010393234983,1.2498450862160748,1.195638981447113,1.1708540229497544,1.2993686288154735,0.9974964238127476,0.9793012335225798,0.7447543107963015,0.6310028624283545,0.4379851702243506,0.5143848791912712,0.05816289226117882,-0.08666895828691437
0.7900000000000009,-0.003671087568150582,0.34226180694480546,0.4999166636967133,0.5425333999706377,0.7169447838792736,0.844956548142871,1.0338293286748412,1.1580909728653426,1.2720786567999733,1.3289372663966517,1.3297130191122184,1.3440545713191303,1.4273149650462578,1.5401091090669277,1.5164012112641192,1.4850467365856057,1.4511698994761566,1.4971078832458202,1.4499736420396734,1.3911920607773138,1.2787883308160797,1.1867177343684847,1.1567016557841923,1.2947547284402747,0.9883530698515709,0.9605320318484087,0.7668942883410333,0.6177122470140968,0.4514203200166078,0.596555789871735,-0.048875903523709574,-0.13787034874464021
0.8000000000000007,0.04735083039768678,0.29037108425204755,0.4773857144057179,0.5495360039647535,0.7398952586531611,0.9496037152588751,1.0868916190647617,1.156317941560934,1.199094560101597,1.3081572382116402,1.340312801492729,1.327650297431145,1.398422536923758,1.4547095736357132,1.4806081987959703,1.474947512217521,1.4918151194216733,1.4384743415734744,1.4390452117895114,1.3077440551899675,1.3194607749166225,1.172249215812922,1.149907723280833,1.2594700680444024,0.988666014759088,0.9580759292194101,0.7949257581361223,0.6870527010201374,0.5252310860283835,0.5679955575103913,0.01924718551523186,-0.09363041343271113
0.8100000000000005,0.09108819215902128,0.3201316404232071,0.4134057927384902,0.5658936107054369,0.6987728376624531,0.8568615133459009,1.0450539481839403,1.166851484895905,1.198762100367317,1.2650188483203162,1.3273612238261145,1.4121571877952606,1.4451336470615745,1.4631561459458697,1.5106859412001032,1.5244511299061512,1.5215742746072876,1.4791396468025217,1.436738150306522,1.3378288864017613,1.3084528546587264,1.2510697600564025,1.1548676253326617,1.2272799089687467,0.946456467134752,1.0128954417214446,0.775240004646469,0.6608064839561326,0.5284693889444277,0.6016291762149146,0.06633786190102887,-0.08401200122667599
0.8200000000000003,0.16558497914953121,0.33004377919741096,0.3965470989552194,0.5187753284100466,0.7520070721200363,0.8754496939035052,1.049646678473061,1.1539467239015446,1.1959327065582483,1.2355667227876346,1.2932044001287957,1.3623885231534327,1.4169005225866866,1.42726465891615,1.4657445909679363,1.4520451585820409,1.4701144990183608,1.453913396740557,1.469666149539686,1.423007371331711,1.2899872350722017,1.1961741302744135,1.1659579951959902,1.250088179949885,0.9351058907872942,1.0823688665903164,0.8698160741970373,0.6956439569129401,0.537263108250693,0.5693134642436317,0.023497369090804483,0.04692690705008086
0.8300000000000001,0.11723591747619275,0.33503080719961076,0.41993261686586086,0.5442539078411318,0.732805436285437,0.8766672280059187,0.9644953923206808,1.1799910763876014,1.2473682496329044,1.2385912863399708,1.3220798586568978,1.3563789588759112,1.3848930647915474,1.413866773850025,1.43370324138141,1.5084199613558937,1.4670669888050396,1.445852361602036,1.4128560046426504,1.3562697378045712,1.2769612082502952,1.2374577159094269,1.1691649367630146,1.245855459099621,0.9515614796020032,1.0394074925702137,0.8319430295771206,0.6905872437848142,0.5550574399922146,0.6248963185383972,0.10138959075850701,0.009226917132471778
0.8399999999999999,0.2417421067743714,0.3550414477233866,0.356633122714024,0.5531779560980543,0.6800041449692408,0.9025170626965299,0.9831422254468769,1.1781016678979395,1.2129631225307058,1.2974128587493827,1.3347512124924747,1.3623760101357618,1.5087677864407802,1.4871795585299334,1.450181992373129,1.454908499178393,1.481289590553355,1.500585214408861,1.47034096870089,1.402677722510835,1.29179611218961,1.2370834434628386,1.1437857889760432,1.170033888422185,0.9785557156883827,1.050803389277504,0.8477479858684918,0.7421850123713115,0.6427925506577342,0.5745343793252118,0.1398967699870102,0.10139302224219937
0.8499999999999996,0.2128962252120025,0.33861721910168935,0.33511813804518964,0.537655779658426,0.692609728590369,0.9366593284566473,1.0133280628369485,1.1581529738226586,1.2523704389572643,1.271520660201019,1.3529628856513298,1.398894422855695,1.466510860011394,1.447566365122179,1.48044654408654,1.4720264651271937,1.465137781044755,1.4374922201217253,1.4309035074422412,1.3978391123990013,1.347459528573835,1.2938738403199714,1.0857531962848015,1.1041158145909409,0.9706614902195128,1.006431185501127,0.8882112142492555,0.7466162513783977,0.5909939776163198,0.48523542291434996,0.20325500251259718,0.10430561933744018
0.8599999999999994,0.25805254726377963,0.311252723803938,0.3273284383020712,0.5273035966040666,0.7857641304264388,0.9959492639348062,1.0045185914455161,1.1529272858489175,1.2282463567301736,1.2806548539976916,1.3339135781901592,1.3893241523075062,1.4484913719539483,1.4760526128434177,1.5071650166013657,1.4726792256903787,1.481248319019306,1.3903012253587768,1.3974459651718376,1.3564640313949663,1.3549088818905979,1.3130035611512096,1.0936626210875617,1.1381152638705876,0.9666261085869544,1.1116564524353705,0.8905359302415878,0.7316229478934793,0.6217221774998224,0.5418101584732642,0.19341134285254363,0.10103860636303016
0.870000000000001,0.2583445383629039,0.24456678113000602,0.3076481488275046,0.5293405589322124,0.7846164341253522,0.96211207249766,0.96585297722735,1.0775562326776773,1.2486080263137977,1.2579043711107434,1.2953709761347614,1.328983534140867,1.4095058472879527,1.5056433335020871,1.5079080482282656,1.4401331659379026,1.472548512910178,1.4684941437264734,1.46950198776794,1.3925010978242762,1.2914869197211967,1.203777528751508,1.1467422893921584,1.1652984513188183,1.0236218108935553,1.083117173143644,0.8998980443608816,0.7962571333918548,0.6911783709825525,0.5321602390309705,0.1545766844772058,0.16689515337339006
0.8800000000000008,0.2500814408359305,0.2495862742908627,0.2982104556118722,0.518330366677671,0.7288362418322497,0.9660783452245809,0.9948675148150264,1.115861026369399,1.2088020882157378,1.2603870604195506,1.3518483105916679,1.3676618432233802,1.4677326631310863,1.5098171093724173,1.4446196396208937,1.4765784051237218,1.4528357586226581,1.4634014248015481,1.4508851208942544,1.3618064196967563,1.2622230716346639,1.242547357534543,1.1176233112712113,1.109297213041085,0.9885811171752762,1.0456950044584823,0.9832773344245699,0.762899491232209,0.7038937118196995,0.4675886450123224,0.19770268018723713,0.18131126681575613
0.8900000000000006,0.2531412570355737,0.23549963026550227,0.2817349251456649,0.5370782938595233,0.7470382485001449,0.9799264661420157,0.9622527435481942,1.0966116940015336,1.2309006292865938,1.3560934739746782,1.364870043692009,1.36886916821855,1.4003061265362025,1.4652426001062688,1.4548862784373993,1.476955346217567,1.4665686169845302,1.4180762790844237,1.4604985027650252,1.470551715700382,1.2459730601932706,1.2414362038104891,1.14199550014414,1.1244033480798699,0.9918929393581888,1.1275089750156244,0.9908659553946193,0.7516440777550026,0.7392701300866088,0.5575070265135144,0.21917096282965612,0.19667067345082845
0.9000000000000004,0.3075665166806929,0.27021232830025627,0.2356330576363382,0.5585700141181036,0.7026361468979889,0.9372456594786361,0.9363993438514681,1.075411754292471,1.1977677168119563,1.3139520248347598,1.3575635720062174,1.2776498524501687,1.4126628958557996,1.4888674277962792,1.4555667863760187,1.4560644726437444,1.458254103864213,1.4558976434062707,1.4141583437264291,1.4301861598343164,1.3549996069033021,1.3257183099557872,1.2014832381841276,1.106567521581813,0.9623767812823989,1.129980826535132,0.9513580214535746,0.758989953546608,0.7646933669508843,0.4994743675819101,0.24651531382610042,0.2294912348537309
0.9100000000000001,0.24316571756214894,0.19914448864711926,0.24851623425975214,0.5295521985718847,0.7586839088256099,0.9031307909631973,0.9317220517107595,1.1101185766611954,1.229018437675871,1.2596663612195458,1.350269893279883,1.3609880458997239,1.4517648648250001,1.4799878784496614,1.4151580173879683,1.4670558957378657,1.443094529307986,1.4452748158567255,1.4528136639025986,1.341245981116965,1.3173625737984427,1.275736643863889,1.2146085124654415,1.0168825331952682,0.9605833674870087,1.1831357366606503,0.9549306241653789,0.8329228616474004,0.7416575794808477,0.42727793824804167,0.2988516173103377,0.20628009389078453
0.9199999999999999,0.22820516089335038,0.18762722674027033,0.2781536510413496,0.537825100060711,0.7176894223330672,1.0035643478589307,0.9662532105770645,1.0209521143822213,1.1868092662809664,1.3159442162504302,1.3181116391246444,1.3856188673591412,1.4092898066069766,1.4940485719275287,1.4863295280268547,1.5198267539779675,1.475109051908215,1.4483397776420726,1.5054170083825054,1.450511818241518,1.32165229687964,1.3146757974160534,1.127282611358873,1.026761066708054,0.9292460179719899,1.120190117242411,0.9582041703178118,0.8423704762422315,0.7532003420628661,0.4060603061424506,0.2708732067150237,0.22758942063445864
0.9299999999999997,0.28648198037138545,0.1412224104465096,0.255122530092044,0.524998132107232,0.7835605682871739,0.9158480567098756,0.9761575838165719,1.0206209535575106,1.1611356767537473,1.367793786602571,1.382752439569459,1.3783574287927847,1.4202076507836225,1.509185149513287,1.4485807746414696,1.4844300059640125,1.5210337541486132,1.4325822944183804,1.4179115802090037,1.4305419629904044,1.3320194753767745,1.3359182707994695,1.1403967025139379,1.0294491348600345,0.9164896146921957,1.0812314857887437,0.9481773647572675,0.8986489961919361,0.7681332435668611,0.4225650006288114,0.25646759298513355,0.24488615125620422
0.9399999999999995,0.28403355915088696,0.19325247668447168,0.2774294694908333,0.4895852212610202,0.7768583778260653,0.9270274473343267,0.8836776931365753,1.025737680666274,1.2028589588995424,1.2782934337815568,1.3861980260069429,1.3071337934096796,1.4143798156602858,1.4557064584028236,1.4378182856954882,1.4729784273153574,1.4297865065808057,1.4549420795612185,1.4770059471661747,1.43817212921274,1.2526241957626159,1.2934685898378548,1.1996086788688785,0.9922715711795567,0.9188141673142233,1.0778380137149528,0.9832263554280102,0.8448556399142472,0.7271855784577906,0.3248740664303925,0.2626957085071837,0.19092507396520753
0.9500000000000011,0.23767161870230666,0.13283955338027614,0.347414844353978,0.5163377880798743,0.7910419023416063,0.9617215036137768,0.9795614600682079,1.1227311519015364,1.2523231395002021,1.27300177832551,1.3008123968250571,1.3044559034343033,1.501253968812032,1.4790367192804557,1.5404456532015443,1.5220105330688725,1.4863227090450237,1.4536558361645733,1.4642618222595183,1.4336333574239117,1.3040515400734087,1.3063081186934205,1.1169044806365673,0.9782514598299817,0.9177229613059784,1.0952374992560248,0.9977648733234056,0.8413744733439668,0.7471278768079548,0.37864479977199045,0.31771588922704436,0.19347036236970344
0.9600000000000009,0.2414291373791584,0.14931714434920346,0.3286397071846264,0.52071189808941,0.784233136410356,0.9865260337024203,0.959996122190009,1.0300582490957126,1.2239290508497682,1.278870087828088,1.3662629025421063,1.3672096516337209,1.4830555419060445,1.4900564323856016,1.5125596587827292,1.5171603104326286,1.4944709319838712,1.511740522582578,1.460628709079155,1.4274235135174014,1.3455715777127835,1.2916430297738628,1.1042976149193775,0.9817092737391891,0.9056466568300139,1.0912800822146222,0.9447094424733508,0.8406779026646604,0.7734546304390343,0.32126506924233844,0.31042225060779477,0.22341225053048114
0.9700000000000006,0.23335991733426792,0.11424588426102644,0.32840146296700856,0.5052229593025611,0.8297616462610322,1.0011422996021362,0.9142755614167842,1.0655604580927138,1.1411755483562993,1.2455126668532521,1.3392575762757588,1.3728614036231976,1.4346639864603832,1.4399330112595403,1.5063017847171274,1.4917351112655104,1.5242268622790485,1.4196399055929276,1.4509633389455407,1.4639231269317077,1.3030335710084529,1.3297286656947636,1.119431355933489,1.0024247411693585,0.8880431721154197,1.037844061541829,0.9630720620228669,0.8493088193389738,0.7917388821764635,0.3026289708103435,0.3383744782161723,0.2533159458176306
0.9800000000000004,0.24713689847149592,0.1370983857920301,0.3710416693370699,0.4539342800756251,0.8951544575669909,0.8636791635596699,0.9267522192859521,1.0315341385776053,1.226101531870511,1.302064037174537,1.3950321593628952,1.3894998341190798,1.4244634755606393,1.463563878216353,1.4624972678398958,1.5001853223514685,1.5299580041642358,1.5159055109802655,1.5039039922823,1.406120574545725,1.3336239752198888,1.3273326459228396,1.12011322005804,0.9042975678212293,0.9150611052105228,1.0924012722684344,1.0051714096343551,0.8487955141887142,0.780702944031358,0.3132670167919028,0.2128314833765741,0.18830321650134393
0.9900000000000002,0.2278549981359279,0.12162509648959842,0.3614585569530395,0.47589277553038567,0.8424131692828115,0.9202938726643807,0.9763533285059676,1.019954194575655,1.1458332126752966,1.2242445658708108,1.2863141015691077,1.3893351475797124,1.4640932338893533,1.4792150851121837,1.4850272486576452,1.4882998323111318,1.5246732878993614,1.494375165431819,1.4793370280924394,1.466833727527324,1.2976756624574406,1.3000535328094096,1.1067539441427328,0.9662401534963408,0.9532868095635773,1.094205763476523,1.047531338813088,0.8610996054894413,0.7848270107678602,0.3003830529813114,0.3292315211077358,0.2410985753624389
1.0,0.27628517470541564,0.14594222336167156,0.40242040190268763,0.5900829925393991,0.9111791436538393,0.8965199776286001,0.937195839647944,1.0321054335455362,1.1905025670504754,1.24389954568691,1.2983021476397392,1.3775271722361049,1.4639851319318469,1.50799702216634,1.4794702802635695,1.4388391194094354,1.476068185846544,1.5285742471852979,1.4832166701147276,1.4508474210873707,1.2498139167308813,1.256186492607389,1.09185794851401,0.9851306174082011,0.8679719602483593,1.0383543279800131,1.0044882290994563,0.9339073407817587,0.7763306493329847,0.2715783283641369,0.31722058073688686,0.27844791653365025
1.0099999999999998,0.22041410317673374,0.12627063466348615,0.5065150398348469,0.5880212133706244,0.8881100106511562,0.9214238829275425,0.9596832796439028,1.0657310308717904,1.2104507196798129,1.2739170324441944,1.382480353519397,1.3611550120044862,1.4169014023500384,1.4632961010342262,1.5122463036286435,1.5270972506961857,1.4945486618887005,1.4463885628751783,1.5307000809691582,1.5176570450345326,1.2550401805510076,1.2979206637874403,1.0949752685590353,0.9888610840449087,0.8409429378537998,1.055845505352119,0.99687280652552,0.9406115032390545,0.740778227586514,0.25579492278042293,0.3450845234810935,0.22054364326462353
1.0199999999999996,0.25995533735232756,0.15592777023856974,0.5132912821742411,0.5943625913070109,0.9121067076459901,0.9706124084466625,0.980480053584936,1.054284099920819,1.2196653374486552,1.27862054593314,1.3186291716599088,1.3782920974460908,1.4393992005968075,1.515383205657858,1.420472632232682,1.4137731562680231,1.437054253938933,1.5189772434701982,1.5159073847018596,1.4949196929459463,1.261846292719864,1.3187326720650545,1.1244195149887544,1.0054681464335085,0.9011488208268562,1.0528124164830388,0.9794676729541709,0.8714033503040058,0.64100212802273,0.2557573655717639,0.33969139903962614,0.2231164927200017
1.0299999999999994,0.1698139664011848,0.16368827033377453,0.51373787074158,0.5148954039772294,0.8785239571911021,0.9291802007583035,0.9658851381927303,0.9980235995663824,1.2049583806685678,1.2735241588186066,1.3651722960662582,1.3653911884191317,1.4166549902843004,1.4784508078275886,1.4783871600576863,1.4502820976382451,1.4369854137449896,1.454351115799927,1.5070719299437456,1.4581796353961345,1.2363677663001726,1.3466229610250129,1.1298678539773015,1.0047399781276112,0.8912132159697742,1.0031277774760499,1.0236783917327417,0.874442137919786,0.6459766077657286,0.2533692328701189,0.35428078938186647,0.18171187702288275
1.040000000000001,0.17137023911602156,0.1807326419995197,0.4822960991164103,0.6165203629851044,0.8590722967132038,0.9087795018131595,0.9013396511104571,1.0257166809861469,1.1941681523330672,1.2718345407514242,1.3488341486963618,1.3780617069730021,1.4863695239148431,1.4665885517482855,1.4602367026661922,1.379276186861688,1.4431702725556819,1.4296307707377176,1.4888211893803036,1.4921222224045825,1.2547158685537982,1.340308554779702,1.1360198717284733,1.025945877642956,0.8479146489397267,1.0083610715009848,1.0169724279596315,0.8820184736484563,0.6683981326392925,0.29609047182145753,0.2978853247973533,0.22050713232672192
1.0500000000000007,0.17530677970951022,0.23561609951018925,0.581311104958509,0.5876917016768772,0.8817773583816535,0.8789031077292392,0.8662111785034092,1.034638413429222,1.1692608882712194,1.262805264522227,1.3323267514015815,1.4186625019647146,1.4359928874384966,1.4435295824816907,1.45643978184533,1.4531708450069998,1.4812227320332116,1.4168544536692729,1.5214611870015948,1.481897864202094,1.2089837557171887,1.3435774772746554,1.0929448994296387,1.0168412782828586,0.8197245519313229,0.9901769309853135,0.9338136969493431,0.839929982149595,0.6209054792716819,0.23862987950252784,0.3707040296514581,0.2045158298617502
1.0600000000000005,0.17618771962448304,0.16011299479244384,0.5998296482870022,0.6134053014056139,0.860413666623098,0.991416043752386,0.9282213788691527,1.035372651372693,1.2068997542123383,1.239789216242738,1.3187398187245685,1.4170045620373068,1.4364601686594836,1.4961201038746403,1.4706390493964054,1.4181176162537892,1.4728218788438052,1.4393770424120917,1.5354899444716623,1.4532764469912536,1.2544651374128535,1.3548720038221145,1.0990459932683452,1.0103989454800846,0.8916115381422597,0.9972111192355636,1.0272183726195574,0.8641929661027882,0.610868322724175,0.22616572742222843,0.3997777988189439,0.26501256986926847
1.0700000000000003,0.17434968297520276,0.2005063224609207,0.5833117275176725,0.6419858127089343,0.8514577889158149,0.8528684654948505,0.9338222861552101,0.9916904216963449,1.1434343654865815,1.2121961468551998,1.2870648299564262,1.4413448199300902,1.5125401532923066,1.4784953482447125,1.4491040438797305,1.469420646385588,1.4621816386409925,1.4519626047844079,1.53989139200058,1.4745085614643296,1.2680187289042317,1.4450389266728396,1.205773898489679,1.0630915887338435,0.9005537520257234,0.9860970735946033,1.035953764292411,0.8779930223751574,0.6473159061087956,0.2573380199337736,0.3840786620779382,0.2558036652068168
1.08,0.11688780627584461,0.19770998841574602,0.5849984234962997,0.6253749790250126,0.8316081592190088,0.8676388511987546,0.9178960138267032,0.9887195098905162,1.1258024163801863,1.2377426735433295,1.361009505893361,1.425613830232839,1.424877323528624,1.4320927068087437,1.4967630750342138,1.4853091938816838,1.4399683000159267,1.439329329880727,1.5677335456571417,1.5520419987625764,1.2747888957715414,1.4646575367347874,1.266654077071826,1.0556179008687356,0.8774482412920955,1.0392569515860337,0.9900347713821235,0.8802518267779014,0.6226672122728145,0.31081256210122,0.406051949880405,0.24043989069686023
1.0899999999999999,0.09369892272498016,0.1694201347681486,0.6331661158083027,0.6513570650141053,0.8291799143839418,0.8095713599772192,0.8937907114664909,1.0792490344066066,1.1718180133234242,1.2360310061376865,1.2943648891625466,1.4027155290042184,1.426024871462784,1.4539206764346975,1.406549448713916,1.4406712999764368,1.4638842292767897,1.4582339938985762,1.5325922232311442,1.6757236184026,1.3163254285117083,1.4162889058216108,1.1856858466077396,1.0757567591742134,0.9641983790980786,1.014057627282034,1.046612196821726,0.8821977668725751,0.5456373363111993,0.29280561832917074,0.3718711554669375,0.20460417981531911
1.0999999999999996,0.043043133898296185,0.25587498807656084,0.6582226437713339,0.7027529719023262,0.8170091675458628,0.8426841263573472,0.877753928290114,1.03755037088819,1.186407648343374,1.1979231076738495,1.2571304163997197,1.3844036962848731,1.4223847348002796,1.4208414082532403,1.4981548645210174,1.5158332690615608,1.4615769382241555,1.4754189053638416,1.4964788821150634,1.530815920277263,1.3724209951073147,1.4710956897500447,1.2850606359768608,1.0743569047019441,1.0023653038401596,0.9826365374283909,0.9897734143901936,0.8366590532779087,0.5746260658524273,0.3543904510485151,0.43361097829320044,0.20143678989691186
1.1099999999999994,0.1059199563291845,0.22563361962436496,0.6304597098437698,0.6761345062907372,0.806304280565857,0.8643999384021397,0.9225310172635206,1.0165780590053954,1.1126134559008227,1.2620384217741905,1.285991081793743,1.3965488369654773,1.3978070283464652,1.4232762757691484,1.4425015679540094,1.4589466581122945,1.4038891269230207,1.4741338534844128,1.5433397838966425,1.5685390624380007,1.378749248820294,1.4378792342019704,1.2675117660007607,1.2023003501653795,0.9904540314852055,1.00079510513287,1.0079175575254546,0.8741900313029488,0.5143294738413762,0.3106094622162312,0.4010030882521671,0.17218386878188158
1.120000000000001,0.021455095867663136,0.21434731038957794,0.659586112632021,0.6546221273179437,0.7917362818245174,0.811737602880078,0.837242035503929,1.0414831715632817,1.1216600807286226,1.2666695993424895,1.2749912269663515,1.3373064498546718,1.4159302119061243,1.471849157774038,1.5118635524626436,1.4653878371524287,1.4758708863597263,1.4389301664879124,1.5009109415213981,1.506359475962867,1.3494218679197991,1.4668569334585138,1.3152674265208733,1.135446133847097,0.9814400162572167,1.0140970008370203,1.0010668477496025,0.8708088832204538,0.4399717849864184,0.3184192152123453,0.3943334990760102,0.1956886210071343
1.1300000000000008,0.01580670030746193,0.20826509824445666,0.6349044649260216,0.670866889222714,0.7827018102535717,0.7641326636656549,0.9118684514930571,1.0608238242449985,1.1070514535131493,1.2063280152514932,1.3359428246263025,1.4179627618326944,1.4081592755898702,1.429753486024334,1.4627054597344995,1.5053379950992827,1.5060998175377684,1.4942041457793862,1.5995292909212797,1.5762726446695003,1.416367879306452,1.4867797590407976,1.3365478816544027,1.2270043795485235,1.1244810437548742,0.9969945583058837,0.9617431154880859,0.8868364244490469,0.4877258688260802,0.33158014571983585,0.35727665033930966,0.21570801790510866
1.1400000000000006,0.06051870415669456,0.30235276709869807,0.5870269495958945,0.6465315264269735,0.7543923417850046,0.7600745761961958,0.9062483198244378,1.0033273702447534,1.0821210712300888,1.1898663819396391,1.2941684245232254,1.4192594219859425,1.407760247311884,1.447262580197149,1.5234902576457845,1.466548632428579,1.4068625152890324,1.44971972954391,1.525246223394792,1.6090276400055068,1.4244734775068988,1.5014538709117995,1.3641803480414476,1.2460438599521615,1.0463025549417935,0.9701258401673049,0.9762381469583182,0.863886406969757,0.45810864424635256,0.3460598351606402,0.3505134474150708,0.27050023410782237
1.1500000000000004,0.023249988642847063,0.3110627567411231,0.6537097581554973,0.6470924146126767,0.7476106643327334,0.7988112720051459,0.8513492073209152,1.092626262621167,1.131995834201346,1.2248730611068448,1.3092161139665976,1.3659019038392592,1.3677855498806974,1.3679968242324092,1.4817528925079224,1.457821294412836,1.4319821062410094,1.5118139291690813,1.5762856085687225,1.5435117714523565,1.386858703715358,1.485976814800247,1.349178965199191,1.2080217553503578,1.096115418375939,0.9029652597543454,0.946197103277789,0.7954879540520692,0.3628767587146928,0.3029918481154641,0.41599321827012803,0.147520087304683
1.1600000000000001,-0.022135179438080792,0.29933327374174823,0.5912536906262357,0.6538906378393271,0.7298803992587211,0.7676157714339682,0.8644061280316226,1.0545938980574598,1.1451151980488532,1.2143508244892969,1.3069942194984745,1.3748004856991507,1.431401243201433,1.4217774259208245,1.4855465312762322,1.4833929223915996,1.4218717135446148,1.490584412392649,1.5001016334610235,1.4832716028801676,1.4388069321634627,1.4959019190699243,1.3841884210723698,1.251685501062225,1.2243699223853355,0.8561123009026786,0.962993062455028,0.8592143337969887,0.3761489244870678,0.3495241585996121,0.3923225553786129,0.15202626911120296
1.17,0.007490924419327232,0.3591052550219644,0.5974046749045043,0.7125417562948576,0.7456376934552252,0.7732230445470839,0.9081882774991011,1.0861310825334158,1.1139183012052607,1.1850081781748727,1.301725705606953,1.3980424207031976,1.4864296464062285,1.408164156862619,1.4375201367262571,1.5215996614447385,1.4446105543188283,1.4384939641624486,1.5023859968866495,1.4588808295552944,1.470879842556492,1.5242203251656223,1.4411679565134918,1.2484738048903297,1.1508509785457506,0.8951212914006793,0.8667143339699424,0.7477059511498461,0.32618107338855656,0.35203310010447847,0.3925104724074018,0.19527079422319407
1.1799999999999997,-0.03523825279456852,0.3324281746714317,0.5529074722080715,0.724947811991007,0.6829196721060539,0.781703328701069,0.8620836188472909,1.0676595006834915,1.0664928661365543,1.2114339433419459,1.2608221617944158,1.3945322771648423,1.424531815820197,1.4766839773450664,1.4598444263414059,1.5375507142224625,1.5237074571275073,1.500748388581139,1.6096983517212835,1.534608991995336,1.39972481518787,1.4914568807189628,1.3899570105117323,1.2427947235383803,1.2237193638110917,0.8408602862896647,0.8618920039326233,0.7673494774535683,0.3260033996163921,0.31345099362504353,0.3333027626000007,0.11005908922485468
1.1899999999999995,-0.04451860983859848,0.37805156813211693,0.574136733223326,0.7685339000362583,0.7121111210917572,0.7654173733039917,0.8563557003722261,1.0798843104659235,1.0904240185265914,1.204500001213835,1.290844802658662,1.3937381167219662,1.4158183421068673,1.4335333625367985,1.4573730851769215,1.5316141642807628,1.4637653448917782,1.5084134403413543,1.537057462421658,1.5315324703968325,1.4878047326908777,1.4569122951960387,1.4249969292853908,1.2024949242141436,1.2495808205980472,0.8501174220838181,0.7658847422826307,0.597947162201592,0.29826627088874075,0.38019694961032835,0.30076867619501424,0.1591773734006838
1.200000000000001,-0.02316589692993486,0.46557092120771043,0.5804045415536753,0.7298616159825231,0.6928693016610016,0.7968724856091572,0.9200207204362927,1.1543776030816304,1.0681373518799608,1.2365084819678265,1.3169735432892924,1.375871982050337,1.3632237279185824,1.454155317756449,1.490289888705746,1.5154154049119017,1.47529612817183,1.5397565410632994,1.5282478911345696,1.4506692835658508,1.4519163148781102,1.4632716941102,1.3920540467134237,1.2329744362777604,1.2254110065987986,0.8059295391536125,0.7286255382088077,0.6075578622077654,0.31555212667930216,0.3392189161227099,0.3219270772562594,0.09349693238836673
1.2100000000000009,0.02303504067205587,0.40302778960024727,0.4825192592076053,0.7060456521761036,0.7049255341297234,0.7867515775843226,0.9462770954058206,1.167562960689152,1.117948057474464,1.156509534215372,1.2988166603264295,1.3813094388001503,1.432173003865977,1.396485228010268,1.5004969778342447,1.5396166332845118,1.504665054926054,1.4398469114915153,1.4463531324832941,1.4529915065109351,1.4566074672161842,1.3786735919339805,1.4366310992429505,1.224346747477236,1.2581892647325135,0.7751840636715466,0.7405497157370117,0.5906228822035687,0.34053533298549643,0.3792940369183004,0.37565394436742205,0.1755898506377484
1.2200000000000006,7.70304224866937e-05,0.44438342513714113,0.5672420815979772,0.7434812933330437,0.684885365875198,0.8219646028759247,0.9459071932141186,1.1063421066381833,1.1285319137699863,1.1676814778650437,1.2881348713599092,1.3982777602321361,1.3782196017339017,1.4501914614348974,1.4782496684227469,1.4752849235913479,1.529157204182038,1.525454758207944,1.4240864387286758,1.441871405571716,1.5430475387780218,1.410927339174948,1.383956527145113,1.1903869226374313,1.1450886852722602,0.741713379127009,0.6659315719777545,0.5954002428227889,0.3183561286769815,0.3425017197036398,0.3607509744173677,0.10551077746266062
1.2300000000000004,0.052136272501684316,0.47259985196191995,0.5403956835011778,0.7236435295538519,0.6525927757563756,0.8095165180932624,1.0097160461314196,1.0856319807608739,1.1091096605421082,1.1817315080071322,1.2802321558127443,1.4395324096327804,1.4435136626322767,1.4557384902390207,1.52998856116686,1.5363275126116482,1.5308958901845693,1.471864570657642,1.4685728989618978,1.3995192662922544,1.4549586427370205,1.380141279133398,1.3466231176421575,1.1852543139883136,1.2164227840344461,0.7050905373305235,0.6200843145114672,0.51832442382696,0.2663019292753912,0.4123213515431711,0.37917908923975174,0.15510239680768578
1.2400000000000002,0.013882236388263344,0.5888598841328531,0.5112255732417509,0.7297411611981132,0.6494125287876362,0.768122093909585,0.905532923043026,1.1014391800383616,1.0987237525096862,1.2297185443068877,1.2949035831756475,1.334069960669274,1.3811023453882643,1.3903343265948194,1.476276477099915,1.4706375321183298,1.4965015283901195,1.5030515678822263,1.4879774630068738,1.3669451707759364,1.402676559762884,1.3480403374244547,1.3712371998366955,1.238592647915478,1.1864831270579237,0.7148739790432037,0.6640291911985593,0.4921983017746678,0.25130873765751965,0.38681403595674363,0.38803537571323715,0.14741711105882122
1.25,0.04453867033047943,0.5156982601683155,0.5302732254504355,0.7503817895878976,0.6273535941627164,0.8265884444803246,0.990135589208059,1.1529148915503016,1.1691471735929584,1.2318349397184394,1.2973273932506777,1.3701362433816824,1.363225567545208,1.4543530689782702,1.4466419870690164,1.5238235456784468,1.4675475366153357,1.4846522662065114,1.4050328052211167,1.4374093571115174,1.4803087571681182,1.3086250574890606,1.3133565471099804,1.2726991824719605,1.183649107188548,0.6660516669168819,0.6164917518194372,0.43476461609336486,0.30754068182613986,0.4064305845479726,0.3999979184648643,0.11342572703394964
1.2599999999999998,0.015016432830492712,0.48246090931531976,0.47763220125287864,0.7120894412810134,0.6532604758974874,0.8190851037863625,0.9493558579088536,1.147526021717136,1.161523593083989,1.2426690427281617,1.2855432649138991,1.3461439370291528,1.4779479514349159,1.4431418577986783,1.4991110865473714,1.506122018759993,1.5317745574727462,1.5589121864570854,1.4213318606530232,1.3684917216689791,1.462920656028379,1.2483899282492286,1.3672611088737006,1.247679897309165,1.2090424148021541,0.6985624938894389,0.5564067637961633,0.46987447935205706,0.42281633779491573,0.4108498865281548,0.37608208693013667,0.11340390260464303
1.2699999999999996,-0.06087995813847791,0.4388931653227922,0.4419865360488055,0.736699630822356,0.6228214373580875,0.824274826243834,0.9743942296301851,1.1419189662521645,1.1596618460909907,1.1639561599499333,1.2363622867816306,1.3148346453223045,1.4526927807678518,1.4254984943432882,1.4907522360147372,1.5721376903046886,1.5354576193342304,1.523813881141008,1.3923513119424613,1.3091934652305066,1.4555079311059647,1.2962091584603508,1.3125599008371058,1.2380693152305613,1.1223689657819413,0.7003422580767796,0.5513595745223935,0.4810662025750542,0.41022895582105645,0.47668683877174295,0.3693122994320545,0.129319823505044
1.2799999999999994,-0.0041354403430315725,0.5039661460656488,0.363572101167776,0.6789925660792006,0.617699024116192,0.7899753566969001,0.9329709712533361,1.1279992648774848,1.0613431750458922,1.183306543328154,1.3141746368390423,1.3857865118428658,1.401945244817415,1.3952832404951785,1.482462691728697,1.5280189209058992,1.5404098535580237,1.5136839214518525,1.3808724238604264,1.3864073603188325,1.4883891319091107,1.2284969729116701,1.3206325772273246,1.2548373385852774,1.2163467754411925,0.751452027571067,0.5129860443542846,0.408040522475443,0.42654444687994875,0.4967434279930031,0.35877821017750644,0.0810278006249879
1.290000000000001,0.012927623898878672,0.4404368541987047,0.3710482895035065,0.6407137212056577,0.6224177523508495,0.7808163885348814,1.0105828095613225,1.1141340251074248,1.1542413067662123,1.1973858881363413,1.3073885228963378,1.371262552887222,1.377860702111477,1.5067647881447017,1.4926434169008789,1.5171078505069158,1.5233804959070303,1.5484200578302016,1.3970849099333507,1.2861319258877513,1.4132464647784797,1.287678127899801,1.300871072819116,1.2736349141474999,1.1764660237883589,0.6813980458996327,0.5443852775822287,0.43857112892294453,0.5093632723341072,0.5044242999653197,0.3421793101193359,0.1394607883822093
1.3000000000000007,-0.020948755745253126,0.4550453966372742,0.3779160734360917,0.6293213190185455,0.556158060458572,0.7818263069404617,1.0423440017313093,1.1644289814675766,1.195320910174204,1.2488270100592738,1.3196935349745424,1.4111098013548267,1.4047194851841962,1.5053547897355295,1.4797830379199461,1.473872686238724,1.506243417513018,1.5552856283206895,1.4138313537409026,1.3145095633380313,1.4111106974506302,1.212973584497053,1.2915905583711627,1.2960000624978776,1.1786403261319012,0.7634527214805265,0.5560750886205095,0.48099853283015437,0.5789157185120803,0.508416352071951,0.31297085908113265,0.07197803279312605
1.3100000000000005,-0.03695171309010056,0.4273966279725335,0.35731292431794925,0.599361614463819,0.5817697643771269,0.8066407109658376,0.9694873778613335,1.1504143395066118,1.1336069352874762,1.234730739346641,1.2700754459493788,1.3875971265634255,1.4201769619416673,1.4561257203267763,1.48534696861058,1.5003764726124966,1.573037339775951,1.5623011624532714,1.3422595744795287,1.2737450110004798,1.4711755221982967,1.2033261568212836,1.3340265217990221,1.335295689135962,1.2349309489325817,0.8367584283248992,0.5988394998122204,0.419134634038135,0.5735192303457111,0.5746351303515225,0.33968142340607815,0.04186597813210871
1.3200000000000003,0.04874693830377551,0.3835249205939955,0.3041944865488939,0.5515810508156483,0.5690478353353956,0.8017170507415657,1.0524254960153352,1.0977216833913033,1.0814335071756065,1.246837070331118,1.2701471922983043,1.343740229155337,1.385695135511561,1.4310147639453632,1.5278857680790319,1.5510309532862292,1.5969687544901798,1.5210057475379317,1.4260712781791314,1.3052004457091224,1.4805621874385864,1.2303781104007314,1.3677822621969467,1.3203390640091657,1.1997016619136527,0.8309962035283599,0.5764780915647146,0.4651948245810456,0.6943502620443119,0.6463019384931652,0.22974140785910643,0.04033763225461833
1.33,-0.03097866520404656,0.3523258460327864,0.31870350738109476,0.5715637305172887,0.6035659941121168,0.8201590090068432,1.0213391185338032,1.1437978203307033,1.1750385818584919,1.2548797491375094,1.347410854424589,1.3150761751493816,1.3891624346092495,1.3948438428179912,1.5399216931152682,1.5381518303314767,1.528609399792883,1.5452375564438003,1.3880431900933912,1.3241202883285683,1.4774226677896651,1.2121831860887202,1.2590491994884963,1.2721598112766341,1.1881748207151246,0.8845872477764336,0.6225851356645724,0.4874527811156903,0.6759204088367686,0.585247010566638,0.21324728337842305,-0.041840485605070095
1.3399999999999999,0.007965913876418212,0.32821128973767577,0.30844245169296697,0.46951357822817463,0.5837464264292709,0.8104137302761311,1.050057364609825,1.101881392549532,1.0820488893380167,1.2221716052434748,1.2981670367822873,1.403753217824647,1.4042903650629788,1.4495950592465012,1.484512744543541,1.526940929943711,1.5336384736932636,1.560053328026319,1.4450003804457165,1.386444833375636,1.485963352405091,1.229338546846248,1.3234819127662116,1.2895017345415598,1.2041362246427123,0.8864376433960447,0.6201284160588109,0.5115476156130544,0.6969170130132152,0.6397561470945187,0.22360940672166052,-0.04603353850772778
1.3499999999999996,0.033594486908946175,0.23991920057039978,0.28006752354821896,0.4809294949221926,0.6142116093720619,0.8641414137042679,1.0366923387105904,1.056220003288174,1.1460959077192485,1.2424469875262316,1.293334131419545,1.3782056404981515,1.3830176453420615,1.468009659900976,1.5033128578802688,1.5018197240740871,1.5778648229236547,1.5533633103027416,1.4349196106606763,1.3606247508693088,1.4150523913298516,1.2038571921772478,1.3107315253438057,1.2988382992205556,1.2013984429831215,0.9845883450336305,0.6997973768087649,0.5777166830468294,0.7158925771129935,0.6372277533899116,0.19584916267041885,-0.08097144867931627
1.3599999999999994,-0.004195715488235288,0.23025134370927722,0.26389779774061295,0.45107005172860676,0.64002288513346,0.8605803603659841,1.031400832770063,1.1186897961792515,1.171094741997234,1.276174562914992,1.3460100865450613,1.3683743607421224,1.4411280758747056,1.456678697471078,1.5232322012847472,1.5824680955597865,1.5256745113249892,1.5918599309322745,1.3811219503467087,1.3669387535516484,1.4147753442222888,1.214165018616881,1.3307917331110595,1.302641541925354,1.1890783807238514,1.000302261828637,0.7686814052247435,0.5785445624867408,0.754614214030672,0.6330844170467086,0.09882743184486006,-0.07477762901136137
1.370000000000001,0.020088942534802298,0.2843020530172752,0.2378620232957227,0.4694681428846839,0.5991339479666996,0.8418339058377395,0.9784862266093224,1.1228169559320536,1.1430583987122067,1.2316025218835882,1.2979423714101679,1.373908147498032,1.439123266554206,1.5284489588268262,1.521006570416586,1.474606049016918,1.5487131157395324,1.5305487585960411,1.3345078229198355,1.319561401392867,1.448602643428262,1.209062303764546,1.3045863260236648,1.2490906807193989,1.2257883126241669,0.9773706013555559,0.7149858705883536,0.6179848401902347,0.7768107186067279,0.6433769055935934,0.059835485995726294,-0.15909259416290347
1.3800000000000008,0.0559443374373632,0.22848539864211426,0.30092622247736667,0.4109969067917648,0.5989126144762525,0.8103138716420529,1.04241050132286,1.1013190652058316,1.2044538901643926,1.2105915292937255,1.2820124437024571,1.3960389842683696,1.4545085914694498,1.4478778466799807,1.4625856246895867,1.5480273101116402,1.5395132202122728,1.5564709414849671,1.379694470289967,1.382272799920591,1.466483642464402,1.2401883267753673,1.2590086775992035,1.2773070175924472,1.2223279400740537,1.0421093071844605,0.8636524673651602,0.6721376388140405,0.7709412300713405,0.6132095382043823,0.0842047761960322,-0.12497210834355751
1.3900000000000006,0.0431198141105547,0.16946733254591398,0.28637311294313106,0.3882026639697669,0.6509094025036624,0.8430452616181972,1.0488033140149964,1.1375729661416387,1.2063622015453557,1.2333110906026197,1.2890700905474426,1.3459075592786218,1.4080883047046784,1.5235326281776862,1.570373297939545,1.5810222775171212,1.6300078339388495,1.5751229239007767,1.4296679634909133,1.3905868736650844,1.4636542712693255,1.265819677640236,1.2609455141767458,1.1927559360314552,1.2178645859980104,1.1226008300241859,0.8455803476780512,0.6511399031425047,0.7308200664617053,0.6228426071207622,0.027704667844396617,-0.21662793067502184
1.4000000000000004,0.0671498141399354,0.1265238187822558,0.3010535092718589,0.43111242633814645,0.7225949954909281,0.9005123926744263,1.0599140518307288,1.110707814307225,1.194853337784817,1.2189064259742175,1.2962052023418196,1.4166434294260963,1.4356609832498222,1.4725401435362915,1.5150394941701244,1.5013951048301428,1.5874112910621168,1.5506685257399635,1.380120131092235,1.3596207508463347,1.4395550264963706,1.2065929134170612,1.2234957208400796,1.2001119976554535,1.1909173541337204,1.0491033941322216,0.8747095524990762,0.7170864256632783,0.7703922586010956,0.5468242692345177,-0.022271048769636898,-0.1790690504628568
1.4100000000000001,0.15474021265114418,0.14617339918710276,0.2907136890133793,0.36442725250322805,0.6672623002241841,0.9072365098912719,1.0779095658505122,1.1137591232462007,1.2525674651476404,1.3048208141185456,1.3354744807791792,1.3597304269899415,1.4843489172463653,1.4820656825375558,1.4815802858894203,1.4910658607439848,1.520566893562445,1.5769809657527543,1.3840415011052847,1.3926450991375678,1.4616367676541975,1.258165746960972,1.3197579603970713,1.1891309812465336,1.1085135715297967,1.0845429459576323,0.8687742894277922,0.6696518951155734,0.7607561310420793,0.5048860711365749,0.011709569777558573,-0.17235948602461051
1.42,0.17605338965535658,0.12714857107410749,0.3095358837635992,0.4262513673301126,0.7337893702553361,0.8621505760675138,1.069707632952533,1.0931821675910713,1.188864917534859,1.3132156984378391,1.3770830870837873,1.3886086238229978,1.4469309044717524,1.4773558962909203,1.5013580179358903,1.5597992318766385,1.524942188773713,1.5315960857887374,1.4403946923600288,1.3748590207400924,1.4191685311250946,1.2002959279495529,1.2577578827162723,1.1732973415115384,1.1825703338527425,1.116598314375908,0.8590722429449154,0.723776530813163,0.7888023541473771,0.5326602182801695,-0.012329657060035814,-0.18630397724334483
1.4299999999999997,0.18879282655641622,0.1943594599971263,0.3728171294652755,0.4296786824135403,0.7967805326607317,0.9544562950175586,1.090527960348094,1.1094237687201893,1.2464356842038327,1.3065899177712241,1.3134359263008064,1.3904091945594765,1.4223859220058725,1.544436130648938,1.5311546209178701,1.534476075666213,1.5845509209861182,1.529505761156125,1.4273230501706178,1.4024678217202433,1.4446051938357178,1.2279053301861491,1.246813534804713,1.1349455568107158,1.1101169800046893,1.1367044891039981,0.9106795932000157,0.7722555721789827,0.6995027486655696,0.47803549060117784,-0.007207109622587726,-0.16393515673994455
1.4399999999999995,0.19063228137794933,0.11942618042712444,0.41037552142859274,0.4624865105370656,0.7704497060341237,0.9530967957863166,1.0605858849089855,1.1034021065927597,1.223997254140071,1.3136818513285455,1.3476141383967306,1.3811324281971888,1.4115361219842262,1.47182032175905,1.5431436066819308,1.5127795463856852,1.5868598540547658,1.4995019943921153,1.4020664355685852,1.4152505018618313,1.415872662495726,1.1869966067648547,1.263501158816248,1.0299491820406945,1.1568643067580549,1.1651746899274606,0.920627132321102,0.7573623692223904,0.6870090097088999,0.44049354411500086,-0.01581395461397859,-0.08865406297893311
1.450000000000001,0.2564569942267348,0.14316617876181514,0.4076859473520951,0.4255568686671252,0.7700903695674616,0.9978595400044018,1.0894193287828304,1.1008696013974943,1.199931456593581,1.3302147397798652,1.3683543525486153,1.37444252032279,1.4743024993940694,1.4664721435523758,1.5153798740740483,1.572018466276031,1.5561846956436525,1.5988589619359712,1.4898304000137303,1.4268588847972195,1.450804798031431,1.272733594555027,1.2429304244083306,1.0859686510087811,1.1525016882387658,1.1295603528457683,0.9374101357074761,0.811692015132412,0.7592714010920427,0.454651060049152,0.0007585724369664915,-0.10349995593074268
1.4600000000000009,0.3200471429947204,0.151226180445663,0.4720176621707656,0.4457193379012439,0.8083972915924044,0.9861067847930254,1.0639674581010488,1.1246445578763602,1.2369269734673451,1.254182800862853,1.3430966991767004,1.4341631093423002,1.4213964602256781,1.514176256149239,1.4633761055542216,1.5177361213642238,1.538840475732235,1.5902613460114825,1.409248587404723,1.3941855799469016,1.411152700724521,1.309593917408174,1.2570176905000419,1.0706344638148853,1.126569493221864,1.204659573563028,0.9732159218380596,0.8271675959637237,0.6945646995852389,0.281306665373938,-0.04933472047528161,-0.10809038299448971
1.4700000000000006,0.26255165040734874,0.09744057668517324,0.344731438126587,0.47926745913279695,0.7956831246172656,1.040199776954335,1.0601869642081867,1.0849001891925656,1.2324864688845467,1.315950186109262,1.3572253197070974,1.3828182357088492,1.3953691026879498,1.499164841563411,1.477146711503164,1.5611513086239355,1.5431755908340357,1.5460873628600655,1.4044165047497925,1.3981732088362322,1.4210992944169105,1.2860357820866706,1.2420423555435947,1.0280736863122124,1.0690418713493626,1.1793313557329874,1.0163819808494148,0.8544656064782545,0.7104148147544026,0.3578706052491382,-0.05652124605700995,-0.14725287788876232
1.4800000000000004,0.32471005617339616,0.11890284078059078,0.40024138678362553,0.5344270543514653,0.8008955154957803,1.0195746938685422,1.0600051555737584,1.104953384306263,1.2209321807037878,1.2775254986758393,1.414480413172232,1.409998355467611,1.4745411791354281,1.4905918437770165,1.4676669637338748,1.499034261562353,1.506971074593066,1.5780173180961872,1.4189731014060518,1.4625542955231878,1.3938277750085233,1.314581313310996,1.1953734992964187,1.0309772212914197,1.148459195062839,1.1624640215838293,0.9703187326239135,0.9030083612136953,0.7672953263019787,0.3461507030447616,0.049415376865298635,-0.07219399005203037
1.4900000000000002,0.32939826989499,0.16035829968487153,0.40091647249751045,0.4816049627901132,0.8256756143111088,0.996798465829887,1.0478023906739173,1.1513711444748187,1.2465930376938412,1.290698442077866,1.3390875361209313,1.396541332582057,1.4293772858566753,1.4762279752292748,1.544325868075365,1.5047931075877683,1.5145663084461658,1.5623341518637488,1.4628756304565478,1.4176059747815315,1.4118065451719766,1.2654774747071549,1.196524728836647,1.0168318739916546,1.112533012178056,1.125724560413058,1.0423366744509321,0.9719510370714581,0.7023446546978991,0.30281225631065967,0.06625301368992714,-0.033602276962788086
1.5,0.302354503220537,0.12468295431860799,0.383112466311743,0.5440710815320334,0.8576247850249532,1.0068180377233136,1.0215871268752403,1.0703578905674926,1.237389451739034,1.300629006350828,1.3779181455361469,1.426020025847686,1.481406951242418,1.486701878580351,1.4732961400092637,1.4947968427365195,1.5659292395518285,1.5404290428667127,1.4388051826359034,1.4236445640637347,1.4470489670898945,1.3114486758066282,1.1826085345477007,0.9930919284206727,1.0856835219962773,1.1489057062948353,0.9748452570999243,0.905092624611183,0.7205425017646336,0.26826446735180975,0.0878588912029157,-0.047499337844799205
1.5099999999999998,0.30989437075650067,0.18552118365659986,0.48364352224482404,0.5370671735274619,0.8241332174141247,0.990736360144265,1.088151776206674,1.078748556474121,1.223532227121671,1.2506922573327188,1.3317032074955495,1.368904351919642,1.454503510277944,1.5163473914105379,1.5187861071748654,1.4997516166429472,1.5430803852365815,1.5603175507501998,1.5007841959642705,1.4395066906476879,1.3748244354722556,1.3108017921120398,1.207054119743119,1.005191051324014,1.0818160735931703,1.1469280707248806,1.0128277188638815,0.8930268217921321,0.6642934706050775,0.2808128752345496,0.05321118068816389,-0.019156171058236346
1.5199999999999996,0.3580859294724004,0.20301079441723247,0.4550230920031708,0.5833734074485897,0.789814029112657,0.9926952534663759,0.965458227521951,1.0303712820020425,1.2153556772357597,1.2880999582360468,1.409278389053123,1.3882888641379874,1.4469491326541044,1.5257402850916875,1.5264414572651313,1.4846250004711163,1.4796479721681493,1.453234176896598,1.4764675424282505,1.5047696387009597,1.4293786925988832,1.351670605129394,1.1900771066326543,0.9923761982307584,1.0446992560855595,1.0877358249986766,0.9985189954677444,0.9446661312083311,0.7340271423838186,0.23753156223916055,0.10169995722964041,0.015490752475984085
1.5299999999999994,0.28989983939603164,0.22394803594374543,0.42457346375563776,0.535523067884043,0.8230856193262742,1.0270107294950268,1.0602117592638554,1.0878429543775758,1.2028640086026676,1.2746201938994552,1.3280543800396234,1.4083173077538067,1.4096030608566092,1.4703597854177182,1.4552470906840282,1.5083761285909278,1.5071965974303472,1.5367214412132637,1.5275767950149248,1.46705110416679,1.4091098327407698,1.3171285320623891,1.191845934187902,1.0033102807275602,1.0790633122249713,1.051414909857974,1.0311106726328554,0.9093440056332496,0.6652221336962276,0.22070118094092017,0.16347031266756676,0.0892788515498108
1.540000000000001,0.2892631697276238,0.1759627631711936,0.4691596965112846,0.6070312055513347,0.8243115327585647,0.941118264574388,1.0067152092763023,1.0771876393584732,1.177905295372379,1.2633607209290296,1.3265641769567798,1.3893792311666748,1.4429738437476756,1.4947860840154912,1.4948952802399995,1.5318146992424,1.5008551592193906,1.517214163712578,1.5292158896145023,1.4206046193630395,1.4367516886700553,1.3200063768632861,1.1446001603843037,1.0538492896629017,1.07143368757135,1.0987721412523679,1.072284137414518,0.910336664719949,0.7596168924445581,0.21755161548839938,0.17604843311799537,0.0547168587105507
1.5500000000000007,0.26672832141098973,0.1693456442727388,0.4091039742469608,0.6294250159773718,0.7868712144817928,0.9161334859386883,1.03588856976798,0.9658882176869683,1.1856573863919475,1.2498396587723262,1.3641509462080836,1.3815855723357118,1.4243168161317876,1.4838612382960297,1.4776123947028006,1.4951127703546727,1.5416705447041914,1.4933840202513289,1.5394727528658767,1.5039661448364645,1.4369663309355378,1.3271187212601026,1.130033989450602,1.031287692932022,1.0719787778322156,1.0594910588037187,1.0348451094512614,0.9415855791114194,0.7549645529702629,0.17137877748956404,0.1298574677945377,0.05616742956942332
1.5600000000000005,0.27103252649735654,0.22166268947234627,0.4317921360765228,0.6110437012944018,0.8433291549000113,0.8699965328554388,0.9515239375644647,1.0277345003803005,1.2200519742612965,1.3535594462608769,1.341349729502284,1.3650874417595036,1.4375246570712499,1.5043186740897467,1.5354447661962818,1.5382359475633862,1.4865412875544752,1.5708403751451554,1.545489532239274,1.4352477892365818,1.356245856500909,1.3847659478394772,1.1771002557609571,1.0535952084381774,1.0772084072783785,1.0141479016821737,1.1242844133300467,0.9363760854956886,0.6347152660248013,0.18735493494981825,0.17423950076325234,0.10559022280209537
1.5700000000000003,0.185702956282693,0.15107450853652216,0.49850572915682767,0.6900777856367757,0.8195598906028767,0.8832011831767584,1.0381996476899011,1.0501196956658008,1.2236092259952234,1.300393325163624,1.3587207243442587,1.34362106221955,1.4642843790810907,1.438891457349039,1.5226937649179824,1.547814620115329,1.5592681369547154,1.4943859576467131,1.4694613187393326,1.526148114098613,1.428459352808567,1.3477089625878922,1.2224851431225618,1.0159474001930768,1.0083976899541576,1.0217332037291837,1.0159051467177431,0.8479787270490504,0.6322437720814162,0.2292399652520523,0.17695131671119851,0.05948666086351421
1.58,0.15653797980867537,0.18751301970960282,0.45714121371918115,0.6099994888561204,0.8160879772031093,0.904220938799998,1.0051841357257454,1.0645063454882435,1.1793263984345244,1.285690001578064,1.3576512224372679,1.37813352050048,1.4325921664191699,1.4533823991180348,1.5448923180570135,1.495440898550283,1.486092669455503,1.5536395358198838,1.512834822258192,1.4630057405142107,1.3996019434070364,1.381413048260659,1.1668006528481556,1.0761326658415706,1.0490390045064286,1.0056500283412975,1.0182382117077244,0.8795545844905356,0.6166847371882843,0.249129320439652,0.23357504087307204,0.05363475334791372
1.5899999999999999,0.12312076972539734,0.17081369230720378,0.4560661623020378,0.6277487063570596,0.7921032771967803,0.8099535078617263,1.0059593782679939,1.023222809437233,1.1835602689058953,1.2886353103812267,1.3302615425450357,1.3720801542532803,1.434208346897233,1.4771257369238777,1.5597204421059212,1.5119125686887975,1.5276186938078062,1.4667968615108609,1.564554806925335,1.5139740755279942,1.3674762005579868,1.395873275549348,1.1651136667359183,1.0506179462917447,0.9646069277683975,0.9987352195606671,0.9759372547296113,0.8946756074965619,0.6275397641497357,0.24711994178090455,0.22159396593645786,0.014249656131665386
1.5999999999999996,0.14667450075288668,0.18749914254419853,0.4845216732141903,0.6771493011543928,0.8530522863161307,0.85598954744957,1.0268104274265752,1.0407931231309877,1.192266492532773,1.3363315247992835,1.3731549241124015,1.3904010637205446,1.4304415258345167,1.5055746048372516,1.5055171249163115,1.4865768864305708,1.4525355717873554,1.5521736143694762,1.5474264863304128,1.5060195350480852,1.3213219907370215,1.3794749294128037,1.1667140062464474,1.0134396350015151,0.9704725633013848,0.9822175690740348,1.0002723573686516,0.8613357171261835,0.6243678439948823,0.18432370307325616,0.26463223618014164,0.11193869504579491
1.6099999999999994,0.14697188531608665,0.17084279902803728,0.518281162633586,0.6226823333365584,0.7886225185674192,0.8260439587683052,1.0316569398077247,1.0418907913532178,1.2482888507899212,1.2526795417219643,1.3521272933838238,1.375161488207684,1.4704065123262595,1.428005961333897,1.4695210762213962,1.4823742970076728,1.5489611987710237,1.5363290273863845,1.5363141370292004,1.5157049732718375,1.3523792559148617,1.3920342735167308,1.1477789152084619,1.0650622984586156,0.9623098021275722,0.9147953766257971,0.9254602792054739,0.8554456917289711,0.5411076195070038,0.20815525087895564,0.16529868504156545,0.000817035675724281
1.620000000000001,0.07867228409662018,0.19471436252164898,0.5043364089767284,0.683331974253525,0.8410477417850561,0.803470404631264,0.9946788172689154,1.0071505921202402,1.1381684368506102,1.219673198779248,1.3183021625674136,1.3960564392680215,1.441918920562751,1.495319867933254,1.5384452751651683,1.542634606159032,1.5616371977110874,1.5310111485938778,1.5220704915929242,1.4716554100120698,1.3643807240818713,1.346604148298303,1.1651278591088876,1.0730191524258823,0.941493840841462,0.8763615599731222,0.9138678327152544,0.824763911168781,0.5327774844149507,0.21282920775194472,0.15672377096607987,0.0852965112366562
1.6300000000000008,0.020252481440753266,0.22856395852085867,0.559837611738632,0.6749401810561735,0.8052594101108741,0.7357959947448202,1.0242132976787983,0.9988097723102736,1.1987557486338896,1.2832099652602669,1.342781560777397,1.4116875891757565,1.4729572512033136,1.5016458517862643,1.5786681447648618,1.5101436651913902,1.5422093712023313,1.5744324407885741,1.5471479362762433,1.4952051037654084,1.350670767301828,1.4026947126667475,1.1493631775640891,1.1764731874039303,0.9526253920353702,0.9143178040481384,0.9367586563436334,0.7606031914606218,0.5608095641374111,0.14652408735521633,0.18353565396394386,0.052881250353312904
1.6400000000000006,-0.03115922692885032,0.25752406637509795,0.5076108123288605,0.6745400196985709,0.7736392388351825,0.7577658088735016,1.0290946547796551,1.0590603080649703,1.20525854570717,1.3079942173205918,1.3315237542580567,1.3927435207315637,1.4491138556008984,1.5004232087548477,1.4955905226475024,1.505479005299295,1.5009078216117249,1.539563762528033,1.5348143411255561,1.4888235336142621,1.2667396082935958,1.3756971004482008,1.0963314411297438,1.0842666929895834,0.9041353050854322,0.8104901654760763,0.8494459594490885,0.7998864043106046,0.509407833121214,0.2843473281516787,0.12011231307373224,0.006802215953810842
1.6500000000000004,-0.03699563096575065,0.26616374882790367,0.5545767386370184,0.6848109894739697,0.8365617103770383,0.7574072869339579,0.9892185747686272,1.0945658108038552,1.224231161675291,1.2204811599874719,1.385555449670835,1.3782163680692943,1.4134315805897775,1.4989670088155906,1.520176285726433,1.5173681554829865,1.5253377325724031,1.5045884029353536,1.5482179792410533,1.503799010720399,1.2735612281592754,1.3622226722660828,1.1232443736215858,1.0673993105647341,0.8352822515289089,0.7401756876423006,0.8222845675958844,0.6833209785171662,0.4566100564754507,0.326989675508921,0.21078570530976046,0.03740163640012127
1.6600000000000001,-0.0481987578246874,0.28256961848322043,0.5709271533783677,0.6607293558818811,0.7612624205118464,0.7812430772930877,0.9834639962661459,0.9965149462374565,1.199178343837157,1.3042679748555777,1.3631966602462127,1.4266563819196127,1.4169252356796018,1.48802764759081,1.5092849496279674,1.5276004047938216,1.5459094812513772,1.5774564313907469,1.4799845929644344,1.4393194802361908,1.2985699357215115,1.3588082474994183,1.153260894977058,1.1372842130618797,0.8478278107305774,0.7583297175189414,0.8597534881276406,0.6990205219170986,0.5212091752532838,0.2996436313091211,0.12304254971159281,0.024481140410948173
1.67,-0.01465933348588526,0.347663353901843,0.6383080079512838,0.7702653704160257,0.8516199089546015,0.7860458333545787,1.0060769471417743,1.0575868434179354,1.2448426229629643,1.3097100572251146,1.3287794867759788,1.3770623566195304,1.4369720585542771,1.4598414541687532,1.4960333327393371,1.4932405489321814,1.5005657574570852,1.4891523488941976,1.51875276652788,1.4767678340757902,1.2945130916167837,1.3284503793416143,1.0973925228791126,1.1907507661529484,0.85483523452663,0.8045475511073441,0.7542398640504433,0.6537635563956936,0.46941124177924476,0.3833101559811487,0.27033236099205793,0.1342129574503761
1.6799999999999997,-0.027140155995655946,0.3205868230123929,0.6120272098175636,0.7388686002480941,0.8056535863792977,0.7498628893170951,1.0150735062235225,1.0999658260507743,1.169804476544008,1.3211306290895501,1.3491124540870678,1.44585203031704,1.473739798171139,1.4615987679877214,1.5072175466771958,1.5326362129835127,1.524889695395765,1.5935302972708354,1.4880626056678765,1.4328720936298183,1.2326123267012863,1.3912734448776292,1.101936964320765,1.2316859955485688,0.836173338640141,0.7385640069950823,0.7292068346423912,0.6639661719985033,0.4695021753258711,0.38274682270941024,0.19429839656064388,0.055812115692639976
1.6899999999999995,-0.028645477170761362,0.3099721999652958,0.6263008879792129,0.7345339706116394,0.8698256917116628,0.7732467885593249,1.016558506446121,1.10969546396931,1.1813991676649982,1.2875386032554583,1.2929829436209845,1.4245354421669754,1.4597751594061588,1.5655007271446113,1.4494176003020776,1.472794849559952,1.5154584001055809,1.5214930337782306,1.4888652688729551,1.4115930709477897,1.215431417799873,1.3757390943617795,1.1699134420757868,1.218312696479861,0.8598542321605809,0.7032690696441818,0.7088474122007066,0.6375939076154868,0.4818915142387252,0.39472154950211874,0.2146526921880344,0.09621308891122712
1.700000000000001,-0.0401700564591955,0.3426285979288145,0.5540208520807128,0.7019865680354108,0.814613715469189,0.7470077237908619,1.0173458377793847,1.0318130248389479,1.1653809646229742,1.2894128673406005,1.3496047304227303,1.3456689485813955,1.4538191944589516,1.4573811821750922,1.4709784403902193,1.4466994080855529,1.4987478101818354,1.5558381536201837,1.501793351847145,1.433651545175163,1.2072530282894691,1.3478570220336248,1.1591938535699113,1.2771589439466395,0.8512208136233321,0.7066082141553989,0.6900976597646891,0.5662889219069139,0.42168844816227957,0.41981471905580703,0.21260985912548494,0.03883444204412062
1.7100000000000009,-0.07132512135839288,0.3675609828948901,0.636077918004955,0.7307438661905129,0.8443412728916854,0.7861230173254484,0.9497590612768024,1.0983562685547494,1.176033594706527,1.2462100727668188,1.346651105776237,1.4136001343586555,1.4372038925157247,1.4962530087358845,1.502754608231164,1.4494439814869642,1.4662223373202858,1.5309226711557178,1.452410985968179,1.3896652092170028,1.292606232079058,1.3932678303795383,1.202472569526127,1.3123813712492725,0.9317519508988443,0.6986030724956737,0.7349830413565593,0.5410266712261161,0.44853881965228587,0.4931637246075528,0.3206455475580938,0.09612492028406955
1.7200000000000006,-0.03803285014873585,0.43719745845028035,0.617918177974059,0.6920365980952512,0.8217484551731279,0.7738513088026697,0.9084042233091824,1.0610500339864295,1.2531523704432863,1.2668132861791992,1.3401758775538435,1.4024604650835297,1.4506136827245975,1.424446374137248,1.450769196572038,1.4043192158507656,1.4923157280625836,1.466497805069531,1.48656924599984,1.422850516859763,1.2708901016616947,1.3753007786567768,1.1855120840555213,1.3399454225117298,0.8882029514930497,0.788504430601323,0.6821773430734941,0.6514054086214395,0.4582875418228949,0.5091041464819338,0.2995153984907391,0.14049687000875932
1.7300000000000004,-0.057230709775915434,0.357363344672966,0.6089815489429574,0.7003585026993089,0.7396552711791233,0.7994792167513801,1.0381558343791026,1.1555353012102496,1.1798192023092642,1.2955268707302217,1.3160788202875444,1.4037733682667959,1.419579011810438,1.4732169045580146,1.5474570400586203,1.47400505154884,1.4537919898204539,1.504155303940985,1.4637534647547552,1.4036869971774752,1.2736761348394658,1.386659139252466,1.1753134998656607,1.3316371170183232,0.9008841571748367,0.7942060966556294,0.7862648288512778,0.5948362941961881,0.44439965992710884,0.5134929387970038,0.2905219092073183,0.07411925768777994
1.7400000000000002,-0.015119933502382554,0.4257667299522443,0.5936028277285065,0.7083023151192426,0.7570223929590421,0.7193128445950164,0.9142617233517677,1.1136845856425874,1.1934431697765275,1.2208351154762793,1.2955346530225558,1.4008036605264718,1.4673696366256632,1.485344955104604,1.5083844382560825,1.4694418369240188,1.5330910643280389,1.506477486187396,1.463222985625614,1.4018630784881418,1.2239903150725036,1.3554360384209272,1.1976306623534674,1.36024186310044,0.9047728043775323,0.8127027944528581,0.7534298724483115,0.628545498882934,0.4617439659751104,0.5495742430519512,0.28809528616936797,0.09824240722785106
1.75,-0.005817812359166456,0.3887324615870003,0.5664247458329177,0.6322049416691302,0.7916495719484722,0.8450808236900631,0.9009082730544374,1.1325985650652517,1.1649013537598651,1.2264721507682463,1.3853214579948256,1.3913351223377495,1.3904798800134384,1.477002374722023,1.4760923476581251,1.4748640439798781,1.5002074362959699,1.4793959241844148,1.4820501383064328,1.4303874965224794,1.2935809264783407,1.37362786515015,1.2057882692953805,1.3873303950457703,0.9409175205278939,0.829964522524598,0.7466266017842016,0.6008385938608874,0.3738181584595759,0.6082079814380619,0.3117718669768165,0.1679283152451291
1.7599999999999998,0.009980163115684792,0.4261345912853705,0.6233207687795586,0.6596038459438591,0.7571359924649865,0.8170120110957498,0.9678755893412757,1.0565695072863532,1.1397916519739038,1.2584335989210051,1.2576534810081779,1.3837105195148949,1.4258763347108976,1.453944350830698,1.5007172306072782,1.4397581046167813,1.485044216472779,1.475339119897591,1.4683435181464415,1.387551012677311,1.3118598012116764,1.4448477846791135,1.3470816388134743,1.3990726107247673,0.9272347842730744,0.8632614346830161,0.7591194339650749,0.6036346428135595,0.4260782266647976,0.6226228247293577,0.33476018648484707,0.14224962649283568
1.7699999999999996,-0.04068977196692457,0.34839994351124953,0.5975315804872426,0.7140581297153492,0.793950299536334,0.7931476611792438,0.8757721255519177,1.126500380273857,1.1466092227995877,1.2108764109369707,1.2824185708619895,1.3644810757811785,1.437438417255962,1.4612035222431394,1.4487761149870346,1.444225545217742,1.507959159162211,1.4060414532406136,1.4555037175379466,1.4133391241746365,1.2850228004656978,1.3659237846946717,1.3510181959894902,1.3475383704743835,0.9445949719568097,0.8490365556420268,0.7404528244798,0.6355043727727884,0.37136181425378884,0.6040862303892552,0.41094626248996713,0.19434330174192352
1.7799999999999994,0.04710831322331441,0.4005329435201457,0.5794173360862793,0.5972518236572146,0.7014300809357585,0.7730097353216449,0.8586187257628999,1.0964896010332321,1.1569625601051394,1.2798083522153232,1.2708757648723479,1.3803432915956377,1.4650915544254475,1.4770216880027633,1.4403776896665486,1.4243804626281502,1.4747356695783442,1.464462845626523,1.4061165487457008,1.4199089114969832,1.2816987358223022,1.3917937831758262,1.338187885686868,1.3365179344171807,1.0156494074319236,0.882934170664849,0.7325047890126822,0.5759926359446877,0.3720512528889269,0.6598361013989007,0.3724562854017393,0.23401685018440208
1.790000000000001,-0.05246588303378136,0.34101950874448006,0.5363333708902351,0.5999106020898102,0.728434426476154,0.8360348291553681,0.941666246156159,1.1093156163496494,1.1441870526619533,1.2455041242931875,1.2749566812957072,1.3922691222391244,1.4120578693903574,1.4515206323410907,1.4591474347267193,1.4619419123561148,1.443887775873888,1.4466058504723707,1.506707339369102,1.4270906496535074,1.3451500479679463,1.4126894805028316,1.3729662397824813,1.3595105983962785,1.0780722957849043,0.9085977437671524,0.7300062947202335,0.5260719444705845,0.45599464184736754,0.6342830124418545,0.3778916067833056,0.18483251673869444
1.8000000000000007,0.03095187870889597,0.41083462657654124,0.5462651233187104,0.5736800654290768,0.6841876132050478,0.844812063780689,0.9445806150230263,1.1484040648703684,1.1529051103488601,1.2505321574385995,1.3455131299069478,1.3817675858334553,1.4121428840148667,1.506743208860412,1.5179678671707313,1.4462776174332836,1.4217448485896065,1.3738967175576056,1.3809093310525435,1.405153113436111,1.3591781514854904,1.3410926722285754,1.360357265471565,1.3256113139785886,1.1196880053110332,0.9104990243461,0.6996421034126036,0.6244260330216648,0.35270890840770475,0.680406106411122,0.3863014548773458,0.1962379748399388
1.8100000000000005,0.015727889049633365,0.3850371161366618,0.538172293308911,0.5837090530391014,0.6991691007139511,0.8091213643618348,0.857495553202146,1.160520528109763,1.1311206790947128,1.1924947471495324,1.2969938991512877,1.3519634610464124,1.3852017189851895,1.4224098157844123,1.4201201419580338,1.4436353455551572,1.4601570975544809,1.3728085290333703,1.46697490910894,1.445747592064115,1.3547684694946807,1.4006450502765841,1.3869638149524206,1.2757758924997855,1.1197934168254304,0.9205819651200867,0.7048158922105493,0.5778901334033614,0.3919466509770457,0.704685517721924,0.44601384120380483,0.22774232752229115
1.8200000000000003,0.07506645796976666,0.30265991097265815,0.46284311496589575,0.560404200168881,0.6777315194366307,0.8288996092642459,0.8367127553210629,1.1831406914197138,1.1571259126401123,1.204993353530272,1.2658298635071783,1.3913025083666897,1.468231343662144,1.435915897264192,1.4868575220628548,1.465670416988577,1.4591480398382133,1.382016620967733,1.4531771528883142,1.4276341608150747,1.411041474106711,1.3412519689463713,1.4614033614852746,1.3151556908990032,1.1328408012179096,0.9077635082081134,0.7451541606103791,0.5486360799093214,0.3792024478942162,0.6241420806059969,0.3661677098178353,0.21673477792808804
1.83,0.15436847183582555,0.32709149525221454,0.4804271436038067,0.5761066794668469,0.7057276276762442,0.8652033799981185,0.8876114158831392,1.1260030970803905,1.1122464537952121,1.2522849562048388,1.2842745148651735,1.3909093615067996,1.406839077293577,1.4267156961056686,1.4435544185355622,1.4915085292272432,1.4419561330620556,1.4097099289659065,1.3969080572716208,1.3620357300458514,1.3988823173067721,1.3104580920144515,1.3775061296076527,1.2949747100786462,1.126767136404566,0.8989252925643836,0.6922338561384715,0.592050053907565,0.3405918178813122,0.5872331359795271,0.4397873351944131,0.2784944602157294
1.8399999999999999,0.18583341647473783,0.31981597147596097,0.5061552478638799,0.5792684435457637,0.7068254044388509,0.8934856215199534,0.9569631781194818,1.158303604119625,1.1284633088969191,1.2110818453796652,1.3059145640786536,1.4038349194361273,1.4083085932460286,1.4401204257056113,1.5008874565904073,1.4510145980433344,1.5084011821239407,1.4427848300004564,1.3866814888020902,1.4025077391422889,1.405823779773947,1.3296284416752757,1.3754964376494792,1.2480132735033556,1.2053172242167591,0.9842861360220359,0.6420517347892092,0.4933053354427859,0.41414351534520505,0.6346944968383078,0.4013890143155701,0.2827214138528383
1.8499999999999996,0.20443396847049078,0.3874843714229091,0.5095295015790153,0.5778109803551804,0.6439730377983165,0.830925839597295,0.9355768669424324,1.1501967858307514,1.1333756563625195,1.2300920568128724,1.2951569373253968,1.3593945345469842,1.3508387137365372,1.4234764372632602,1.4486202320184711,1.4342480017973107,1.4187159879697138,1.426301964290404,1.4391825663643694,1.3269597481318887,1.3687403957594328,1.2939030466797192,1.4395702039076586,1.1400844020253633,1.2095659784734425,1.003655188587198,0.7339890129960439,0.5115232331132771,0.40252893516304594,0.5973841915942688,0.42415161816792746,0.24336495207756112
1.8599999999999994,0.2361003148518666,0.35257916453773014,0.45465167789809213,0.5592713020613257,0.6950160599389118,0.9047984182906885,0.9287437803498559,1.1502961662776168,1.1661473345466606,1.2028184876901904,1.362373724380533,1.3777274683639595,1.3762169639716386,1.3465492849201803,1.4486547468758884,1.501056466030129,1.4394373173041453,1.4659937105038598,1.4664438696279698,1.3589311156674118,1.4522764980156226,1.3097656867931955,1.420869299095299,1.1784912771580742,1.2955826749382517,0.9255784601809026,0.6898992778437372,0.5032716855574698,0.38346972507178473,0.49402267485540674,0.47995257193025254,0.3416207732204719
1.870000000000001,0.2314139670976784,0.3773060691878509,0.4116789692287107,0.5662486693017666,0.6423347801696583,0.8945367716128337,0.8276973346773285,1.1475862221623332,1.0821150180532666,1.1704438823044356,1.2846142787225312,1.3475963503837003,1.3998834293834728,1.410565944762992,1.4480808172217496,1.4657436613999544,1.4537994775763992,1.4100559772073429,1.365541025731976,1.3483036349913455,1.4224939769878655,1.2694659269085713,1.3945446548715263,1.1786437988509715,1.2266404623491538,0.96661081136089,0.6960538082222871,0.5426792488031836,0.4230881970641026,0.533730663864043,0.4234482284856903,0.24176982077584597
1.8800000000000008,0.24827286451175745,0.39783068730708,0.40875730743293504,0.5234989614701697,0.5842184282451086,0.9287188743824638,0.9147033591212573,1.1225162645467077,1.1456689398216209,1.2294090821366754,1.3271750219028047,1.3730812539271695,1.4126913614259298,1.4189299662390722,1.446712477474415,1.491758058958396,1.4485321832436444,1.4078188041501627,1.343658058345121,1.3336388372919192,1.464793768532087,1.2885308793649068,1.4352950758695104,1.142431060551319,1.25180976351078,0.9269694796835597,0.6623950227563914,0.5013403781705404,0.4091974157550585,0.4852600164094424,0.4255531896012077,0.3087040244187111
1.8900000000000006,0.28836189112636973,0.39424329077587683,0.36563204288022527,0.502725613487036,0.6081602689340957,0.9491329083720157,0.8980268356931143,1.1371893738449845,1.0882452802722544,1.1899711246736229,1.2852706520135253,1.3182818881015137,1.382645941374867,1.4007807434859063,1.4441802170277727,1.486470117588594,1.4688589478717164,1.4004262068709716,1.3380453538932249,1.2884227472841896,1.430963715781956,1.2332507460936721,1.3987655932311243,1.1464003669715923,1.2707275095118158,0.9006423583852274,0.6696620939896859,0.4831600176626447,0.4914065618096594,0.437865722851768,0.5225029142809102,0.32414459277341634
1.9000000000000004,0.27947913735088176,0.31265285678678467,0.36995433654956794,0.5719361788659336,0.6199526767714946,0.921242555728662,0.8377522897177068,1.1520335217543958,1.072270618129967,1.2061017303392896,1.3408903468950486,1.3376235988708753,1.436595964376776,1.4637713191102977,1.4280867486966404,1.5271460278225393,1.4651806922969732,1.4361238301244565,1.3614852662582306,1.2884718505956099,1.4230814320318461,1.155657467873259,1.358254440683687,1.080822528876206,1.2606402280407472,0.9871133712931536,0.6509448675979462,0.5251276100286426,0.5223983162081542,0.4178141883013227,0.4998448078511316,0.3878987072884607
1.9100000000000001,0.2745371293402744,0.28409622887756975,0.3749143543291802,0.49874644244547267,0.5899225834207391,0.9188635291046926,0.9079436329968467,1.118722194765941,1.1045293182755263,1.2032975793270517,1.2898279997374675,1.368746998600552,1.4230884075062789,1.4683087993808992,1.5348474002561612,1.5425102002454036,1.4382704359476592,1.3946114755215846,1.3288265995960182,1.3050139930685325,1.3983105619031473,1.1929845965657768,1.3671160736468482,1.0890172877217603,1.2047307824491051,0.9380182137844355,0.7264558171207135,0.4736441717468129,0.5015481710960188,0.3924738662802185,0.45580619636955383,0.43446316398598755
1.92,0.2907318827022871,0.34582442250619927,0.326009791741778,0.506378773672718,0.6016430849159635,0.9264298832933481,0.8894064283903874,1.129070171716517,1.087561822232895,1.1944285599979303,1.2911009285589519,1.421188236500517,1.4114382880902325,1.4067556194826856,1.4468477466100023,1.4730937351272828,1.4588622154637578,1.4229568686171896,1.3562770764991479,1.3272231364598357,1.4403112351539706,1.1282503719914068,1.285814903859588,1.0172849554122547,1.1458336748188434,1.0190827089719814,0.7135543185514762,0.5162699292854561,0.6057439805259014,0.4211577552349369,0.48698615668261364,0.3624877344970835
1.9299999999999997,0.26725929528714776,0.32001815811762246,0.2602112237254175,0.43032540377731165,0.5509364580398982,0.9132357390624147,0.8897555465544985,1.0945815402587562,1.1381937589618416,1.1969874436094319,1.237330735954574,1.3399089609545363,1.3941094535770944,1.4231184369849363,1.5382272304366307,1.4458504856775727,1.4665605805402322,1.4322620272469127,1.3779819833497773,1.2732818531357553,1.4384560771033628,1.1619349532197345,1.2789443496626682,1.0515115974934437,1.2228343666617032,1.0271642607593914,0.7594037080638993,0.5796082760274408,0.5660184380186437,0.3935854589721692,0.5853694301674743,0.4093601675332756
1.9399999999999995,0.3248558278421014,0.29171315191412617,0.31838028574742055,0.501492423564222,0.5090483872133177,0.9178708700738143,0.9256070648965163,1.0898805621441119,1.0926726012707866,1.1803469022972786,1.2964367910038868,1.343456153859506,1.420244783597114,1.470319707536643,1.4649229518458033,1.50904413408203,1.4576746488542696,1.4602864517397842,1.356680132512181,1.2283719165135178,1.4646283208155997,1.1380691395430729,1.2773711588344898,1.06130383967363,1.2683375038716236,0.9778847336564049,0.7460837618090297,0.552099528697311,0.6372036544085832,0.4059356760452729,0.5555208827736955,0.39226776804791635
1.950000000000001,0.2915186049455811,0.20799133808386056,0.29333679586735123,0.5103010500854902,0.5896677699445091,0.9262846233611177,0.8832361575367713,1.0976490127779526,1.1234006062643216,1.162326877936514,1.2675063977449246,1.3627714923379488,1.4362055284107926,1.419948156292672,1.4611789479770139,1.4756259001748684,1.4499090737490583,1.4445599212835674,1.34871302273933,1.2871148632904883,1.3849182479563897,1.112537406780205,1.321310528605948,1.0393383767399913,1.1872398019052042,1.029854999572453,0.7617393762348165,0.612977226800886,0.6563003197872906,0.3747324288052858,0.5741192313318081,0.3628972332524752
1.9600000000000009,0.34030429057868855,0.2639716907281489,0.2191049675968681,0.5142250839943974,0.5865623009218506,0.9283404647682922,0.937213628022567,1.004336978092952,1.1089939555261341,1.187533602150864,1.3161266905466968,1.3680615886934702,1.3885380902583675,1.3925565817577135,1.4855927750659983,1.5010209124396765,1.524626354081608,1.4627716022102781,1.4083647517776519,1.3382320474851255,1.4076930461526318,1.2107910558184098,1.2327064300780368,1.0796019562281995,1.142301715473163,0.9993097252856896,0.8342822620152126,0.6679365641951751,0.7366622373530863,0.40035701533101803,0.5493602024732419,0.3745568333045865
1.9700000000000006,0.28131476475723677,0.19341091877333166,0.2704668080639149,0.450600559525445,0.5738965487571575,1.0007173636726274,0.8930042276193875,1.0245167010739606,1.117347763713274,1.1843701891242635,1.2605488709574522,1.3623118865783936,1.3809150371768029,1.405212616843596,1.4853002825815713,1.525241792742488,1.4985132945225665,1.4429058704092323,1.3883070669236441,1.353344936899589,1.4064935492961723,1.169293105098868,1.259081602217253,1.0628010566078527,1.221093347593273,1.1416018866828737,0.8544156667822095,0.7159528644391138,0.7611470822281888,0.3430384467397683,0.5234438942722595,0.37422587982797867
1.9800000000000004,0.25552413746979996,0.15398390220129815,0.14673505105779786,0.4780186312953914,0.6420016860343678,0.9373769133907014,0.9024575425283028,1.0429898326916283,1.0749927010112177,1.2290071240421554,1.3053120403991474,1.3256165727568237,1.356032556433045,1.4024422101178393,1.475513097044918,1.4591150021097867,1.4831576383279266,1.3933376914029025,1.4144265967548344,1.3476989292515544,1.440886914770785,1.1900487872851984,1.240256262510945,1.0317321219887305,1.165528187140634,1.0727651965891045,0.8438979949388756,0.7005927856947539,0.7890937813993546,0.3835425829568505,0.45619109534525604,0.26981452846074105
1.9900000000000002,0.254341760333586,0.13064767503330416,0.24176511348927657,0.39880379837695223,0.6271192981067926,0.9632402690765283,0.9193418090775651,1.0665365551844292,1.1187643558084202,1.1806333640331748,1.2609902015545935,1.3336932467666045,1.3494226956703326,1.4541054685288917,1.4332315529868176,1.4918077320445564,1.4446843234258493,1.4337527782517483,1.470609202296568,1.4228404066970874,1.427405043691655,1.2203256943667184,1.2325904661722562,1.1000782767003845,1.1707166444074746,1.1388220075157174,0.8935715685289772,0.826271343638325,0.7596533430523147,0.3616218727627439,0.5037437398678112,0.3319433894965917
2.0,0.28901642967637536,0.09337667292796056,0.18006003040708302,0.4676750533478571,0.6453192151580363,0.8969631037818032,0.8993842544954225,1.0628038474984909,1.1491405797515841,1.2357415006682255,1.2469152246952462,1.280716126812109,1.3921968792222803,1.4492623244116984,1.4619062781089773,1.4876910409618507,1.4836826317735377,1.3982774361200663,1.4344693347923356,1.3754633964253398,1.451353929577169,1.1972432232892787,1.198905559362587,1.0966539196143597,1.1568192022826362,1.0682862225585763,0.9883457406764917,0.8014206251317821,0.8620952948364422,0.32890825207077906,0.4622132286350773,0.2722110133015654
2.01,0.24460412890079603,0.09696007752603451,0.23818671209363285,0.434950364705582,0.5492860997763084,0.8842461655100625,0.9563993367733702,1.028264415568199,1.1173068936436075,1.214924102721019,1.3121044328095193,1.3665798444452357,1.444269092154184,1.4445303261695308,1.4114938122627487,1.4840083423525714,1.495824550743641,1.4828729773806715,1.443657365133582,1.3810973964799713,1.471811254906035,1.2202414827133716,1.1998916575765421,1.085261140686386,1.1741436617386038,1.1679616593389484,1.0186546879781462,0.8787697767206121,0.8055546478273932,0.3664505009688165,0.4374043814371786,0.24336228022304351
2.0199999999999996,0.19199457472401646,0.07661382398017555,0.20697008912726414,0.4446676375224593,0.5778370656483378,0.8976068416784659,0.9244547378011838,1.0119540434517367,1.1221374462378741,1.238585260169706,1.34262028053811,1.4011150888351547,1.4737585469978542,1.4533799930255809,1.4815988284794088,1.4888803934312502,1.4673334280328152,1.5060651767032396,1.50955180355059,1.4724807916736997,1.4468469607210355,1.2476006544423737,1.227813681715618,1.1158611579784865,1.1509471044691328,1.1579288939974035,1.0181593626937913,0.8767417134875242,0.8268950985747041,0.40190151735829327,0.42667029798576944,0.2747015881786913
2.0299999999999994,0.20818984686854033,0.011312400496224543,0.24166274554634518,0.46586196533615,0.6206686084798898,0.8887186958223516,0.9521134829223574,1.004820463731384,1.1528465007519828,1.2390267461987996,1.3123225814827333,1.3624432071106058,1.438333071770143,1.4276552797595066,1.4558511812576647,1.486012998709519,1.5244591381598902,1.42603388192877,1.4389323586584333,1.4479532321015003,1.4464402204750177,1.2867033513067163,1.1908948198663285,1.1305658983113354,1.2127937354948448,1.1670660341623997,1.0654422239093453,0.9385912538088474,0.8623299482298926,0.3874141586371376,0.3602478361338192,0.21851097115589777
2.040000000000001,0.21981723559063335,0.04502866359068548,0.2371133453993872,0.3942333688900452,0.556309598258256,0.873008098965823,0.9250027026438143,1.0410805461187471,1.1327898164868324,1.2045934443153428,1.2958722381085581,1.3682184127599797,1.4100367550511252,1.4298989202776136,1.4398708350393297,1.4993052591749572,1.4491212682290158,1.436892622478665,1.4972000441071953,1.4053740915896196,1.3859935336393663,1.2437065370884308,1.1664290350837494,1.1029195019681777,1.1559107952754069,1.1690086568774707,1.056595410534043,0.9915045685516556,0.8294452930790548,0.3085849405193454,0.30176112627260265,0.2184063125422164
2.0500000000000007,0.2349416188927884,-0.01368526984996672,0.2176520339064828,0.46533197462520404,0.6332283207236847,0.8798648918284808,0.9431355819319337,1.016970458706626,1.1682627813341164,1.2311817783268688,1.2963734100197524,1.4026133146736068,1.4249971503718522,1.4494536174121873,1.4467271902692187,1.5034565874110986,1.4724217504702208,1.4526333864485772,1.4345956529833153,1.4606906129754735,1.4164417896030113,1.3272842596899388,1.1508233302999715,1.0962592799402306,1.1075206178295598,1.1377329954252202,1.0484684555621846,0.9839946782550071,0.8268613240804428,0.3780818329302798,0.3686644043220447,0.1961421917543684
2.0600000000000005,0.125302135537743,0.05782829733214555,0.35190371731468056,0.4953941069456486,0.611548796699714,0.832941894957235,0.9477632684236181,1.016802634127222,1.2105144868562205,1.2235918768132006,1.325486042981024,1.366977083998661,1.4435330723518345,1.4258459011737132,1.5047499571737672,1.5636547267747913,1.4957894806914314,1.470140009880411,1.5128068023783028,1.4794671337305785,1.4168512079116031,1.2654374492568983,1.137991608624322,1.085333428303031,1.1511190567725242,1.1664015986324547,1.0922908807993197,0.9563127608775173,0.8005025271640666,0.3009865180251753,0.24844791403690764,0.10232194571339263
2.0700000000000003,0.16401237929019075,0.07753438447534555,0.35289467398608354,0.5082034494172206,0.708779346059307,0.9077914790514953,0.9917246601024032,1.0623927705495306,1.1629283907892374,1.2685561326151078,1.354137691714847,1.4378937965800989,1.4091022600241652,1.530726893747321,1.4337755795745095,1.4431516670554179,1.4253133796939834,1.4468941671252589,1.545680174116444,1.4750607507114906,1.4594572784018986,1.3440264196771992,1.1624699893972181,1.068588452381754,1.1212558105596,1.1416635147924248,1.10850766775644,0.9910447801578857,0.7393311604392618,0.2752605053159427,0.25885753552382673,0.09334953472709964
2.08,0.1724305490404642,0.02790044578895521,0.33039881446522407,0.5416700484273085,0.6743968817671546,0.8417572385419505,0.9982269131462322,1.0540632621232247,1.16554654851891,1.2847903894553483,1.3269816246204216,1.377643862589991,1.43398436734799,1.464374535535659,1.469645227578516,1.5465741597495097,1.4748090041467101,1.421052387326404,1.545401566122111,1.5170824510243486,1.4091415492564467,1.3796738461297644,1.1037126841083216,1.1324307479035296,1.119224102284179,1.072962365371241,1.0518879949144568,0.9524297300727261,0.7342579044233353,0.321718448632682,0.3068803890808502,0.10358247617813666
2.09,0.2082638796555548,0.08291337299873766,0.38737233472438404,0.5737174449252356,0.7669088414736301,0.8478911780419591,1.0159192877859797,0.9743954749903083,1.157271201929146,1.3174586296484652,1.3226842661730833,1.3715878565904158,1.4525365291236254,1.4970023824124392,1.472915474595337,1.4242154340939928,1.517933340875444,1.4546299635589772,1.507077728446417,1.5360028083889916,1.4347243518673798,1.4019991586857876,1.0448600481694383,1.04213607369583,1.1181168438061915,1.0538966070317304,1.0479844098063915,0.9859412762216284,0.6947019747893528,0.26463863435357676,0.26603203919813256,0.16320928473663096
2.0999999999999996,0.18951457811286468,0.16603869660218584,0.39056974113384557,0.6041448361498245,0.7731940409867257,0.9207166458131307,1.0369516952317666,1.0469044416957776,1.1404957646768115,1.240996260522354,1.3009117933598413,1.424217114697226,1.4187468127386644,1.4804806748134176,1.4998726089874717,1.5793183274752651,1.5096499777258492,1.4243831566375664,1.558187684116595,1.5052016870452694,1.443047524350273,1.334623262899663,1.1781859894302227,1.092423096186005,1.0917200502349078,1.0934143948547423,1.0546446453999236,0.9650975233939836,0.7218344218029648,0.3052820464371457,0.3042248165599955,0.11767968129339917
2.1099999999999994,0.23068962239492183,0.18076457306144028,0.41198929536016227,0.6029999529122375,0.7937560220191775,0.8276256792744804,1.0006779946070141,1.0424169883407977,1.2475459607643924,1.2793929368448578,1.3452634040355482,1.3735020572004935,1.4796851066958219,1.488452852264877,1.5084722693444301,1.51689534586482,1.4525354964985353,1.446211495857385,1.5027717697862142,1.512091565576831,1.422874666532972,1.3823010630870856,1.1050348337142202,1.1157692390466512,1.087827251519124,1.0281604220629723,1.0277018965892326,0.91326584516397,0.6848204678970916,0.29589681914372606,0.2677642540665864,0.1414834947153458
2.120000000000001,0.12431516521130123,0.2378123733271955,0.46594746287567085,0.6850652192923512,0.7275629721672965,0.8683715856549322,0.984074809653799,1.0664438618416083,1.215779737322248,1.3094863963347012,1.3644020226839262,1.3704964401054478,1.440927440880613,1.4788039931645565,1.5397964431554407,1.524324481006696,1.5147614029179883,1.491034798481915,1.512044348568879,1.5020295383451798,1.448950699608494,1.4016340306913906,1.1488253124721766,1.1322168387635816,1.0309312567783193,0.9492309175226574,0.9673834489459097,0.9236124119014734,0.6645013937554035,0.2787606119944264,0.25061842672407486,0.12419587257961823
2.130000000000001,0.13302184048683227,0.268832458107056,0.4248465872233134,0.6837281747952311,0.8298794806625577,0.8968004651870366,0.9738635901776842,1.1022173779742732,1.1742511363666108,1.2184841720424662,1.40369904916171,1.3752402672668729,1.4583086658449882,1.5048877387598347,1.463623287573386,1.5453725440166444,1.4800380973594345,1.4667241352939417,1.5565514494655535,1.5088687646502819,1.3968143640937798,1.456210076550615,1.141098344119465,1.1020401515984015,1.0407453496761963,0.9530911169252374,0.9520207043864705,0.9049532797047414,0.6609315936498327,0.28510412602482305,0.21425233440505193,0.11324416338474262
2.1400000000000006,0.2235276172711821,0.2571833501335531,0.37206635138068506,0.7315468817343431,0.7733519422687359,0.8423382737253899,0.9395725594740267,1.0159225253729225,1.2097460911727747,1.2970211293989495,1.3383910330863111,1.4146134573532658,1.4433031126634648,1.4896007245569889,1.4487082072462973,1.5033820432166143,1.432533642468596,1.4380346675197226,1.5198799016629825,1.4759462440790154,1.4021052077859033,1.4748917614937427,1.0984364861835072,1.1469765676629258,1.0275838625292562,0.902148702436185,0.9821443337287887,0.8774770814919683,0.6832524246436691,0.30467513671844926,0.2554910003145187,0.11732126762805564
2.1500000000000004,0.12677190287047851,0.3287329344326667,0.4373466120714048,0.8250064125611901,0.7618434010245856,0.8173616383602027,0.9831739594013005,1.0189516198908408,1.1977618488792134,1.2519870296319129,1.3197068521388462,1.3415394589314449,1.4090711034916021,1.4680323094967367,1.544349089879177,1.5248017920008308,1.4890291895565404,1.4033607608002248,1.5480493054192885,1.497795237015829,1.321390912751515,1.379232434656401,1.1007955303512487,1.1237001913536633,1.005857889508515,0.8557800491079857,0.9496893695697903,0.8649230061094171,0.6408826333476054,0.2344057704333964,0.15942109825333217,0.1330368922992859
2.16,0.15201367830221155,0.3582540483787215,0.5303152696958778,0.7337811510999841,0.7762416612826528,0.8477814149483475,0.9942601204761903,1.0903559064942723,1.1748688456972183,1.267846203946545,1.304423092102553,1.3697879781544486,1.4319260324545062,1.4102831945638725,1.4823194846390804,1.5559304177460673,1.4207704483247958,1.4153242518115783,1.556050484898759,1.4655508410709708,1.3619292512768635,1.435758891138542,1.1541386932604423,1.1227848841199335,0.9637582724801329,0.8781785007596508,0.8891668316036443,0.8951717393448846,0.6007048498495966,0.2774368988557016,0.23672733160858755,0.1424212143919297
2.17,0.1012237234884429,0.36003060156083433,0.5042355700408393,0.8023899909777338,0.7364844933548519,0.8956327218327772,0.9510335209178589,1.057645553440675,1.148147154760733,1.2522149741946142,1.363860888351202,1.396270188831132,1.430677426937162,1.4845655487661187,1.5118364947417573,1.5740307657790176,1.5589147351360526,1.4991437259345437,1.5270335487757039,1.532877642123189,1.4023521931121594,1.428331484101535,1.109964453453557,1.1620002688412079,1.0171328040140037,0.8707281720055908,0.8857417972269891,0.7905589466316323,0.6554797345907861,0.3222599961609373,0.2497625152410679,0.2115447572805118
2.1799999999999997,0.09884766675244827,0.4208659632902317,0.47756410933376436,0.7800236163184653,0.7552317007675613,0.8289297668854371,0.9391839506628589,1.0635281794359004,1.2438573748606991,1.2555092807020436,1.3475460982287957,1.3973557103202974,1.3616947113544413,1.5055461753352646,1.5064919061312536,1.4529085499978462,1.515586836423184,1.44716220243222,1.5029806479650136,1.5026192379104617,1.3406127700598207,1.465236050793342,1.1757088137093783,1.1660722257129394,0.9716506782647825,0.8945254875921724,0.8911546207905678,0.7605028324907852,0.5494777412746221,0.3042589802179335,0.30199227742810736,0.1962474613491746
2.1899999999999995,0.07586273682403508,0.38521892541737246,0.45444993678617407,0.7924830250943925,0.7804779840229621,0.8849994963472765,0.9962420686453404,1.09893644191161,1.1913181729547333,1.255194250434339,1.3231158125695623,1.3938471130123309,1.4268501822857094,1.4460464473355141,1.5188010599312867,1.4932662415107112,1.4521054122970716,1.5190500867767927,1.4777975151332776,1.471610562733108,1.4191148229561923,1.5004204272857178,1.2029741849060362,1.1877921017057844,0.9721373175431559,0.7739904851763794,0.8415276621480886,0.7771962581140652,0.5995900283606671,0.39339273891675697,0.25666434903318047,0.09712517831535611
2.200000000000001,0.04074158070016001,0.4229966256473761,0.4665255758754523,0.8229889758202245,0.729079543763555,0.8339813316799878,0.9458784077049096,1.0683383252848202,1.1958985422543533,1.2909907781634264,1.3297432805059803,1.3919886800298311,1.4779514572045591,1.4593823926643898,1.4348035387398197,1.5316965294234384,1.527951713978609,1.4872234267145643,1.5695276054924523,1.5169760068392146,1.3960634039819282,1.4203158425117697,1.1957927628574696,1.2243816939621222,0.9763609235634652,0.7977932988563382,0.8124964634437932,0.7608927788907985,0.6290245510859793,0.3995242932078308,0.22639008554303208,0.07061457207497486
2.210000000000001,0.00833578659481608,0.4719067411205961,0.4773336413017906,0.8417262988181969,0.8112622256307813,0.7545748504056805,0.9454648688749878,1.0129828202909141,1.1726285392499594,1.2476235260959818,1.3303164729670875,1.3801179424216503,1.473944243971628,1.4968709097085922,1.532174707203085,1.5899184895303713,1.5666277084841458,1.4387232962836565,1.440865492331285,1.4604894751543247,1.3622255079618752,1.4934854682744916,1.198858963810974,1.2081198144811687,0.9256999712888135,0.8133442147456486,0.8099622925814133,0.7037518344450869,0.5648438160153856,0.4108304783718258,0.382128381496477,0.06744602417905346
2.2200000000000006,0.03833744358146082,0.5024937296326611,0.4200592944485499,0.7818366473545956,0.7319123164041689,0.8121509029276544,0.9606643281725195,1.0840221181021668,1.2278300382667326,1.2944523684064178,1.3468097785831579,1.3887578100717024,1.4031175510432141,1.4792614905128403,1.5545653851960433,1.5610599161609529,1.5280653431596511,1.4422498876396472,1.4698424661598721,1.4889419333875014,1.3303212495714856,1.3817765620664244,1.2048999749196778,1.2728725697802192,1.0097584650286602,0.7537559131070396,0.7376388897129762,0.6928732145555022,0.5203767536824507,0.4388267171781667,0.21942834683586157,0.10368905665547572
2.2300000000000004,0.007443216012305513,0.49638967599440675,0.46431835091295953,0.7215919725366206,0.7444732472912556,0.8044889654709707,0.9443315691749339,1.0771217930950479,1.1356034959801358,1.2146704115053746,1.344327155522657,1.3825740254355487,1.457293161744858,1.4695294076005294,1.5081621012678168,1.5513539916963182,1.4729561892129417,1.480200727360338,1.4686302461594405,1.470166224772943,1.4011664351176045,1.4623744599257391,1.1998093270564762,1.2398567710673944,0.9195730142937678,0.8068500284437266,0.6665230779820115,0.6209992802535876,0.5333433405549339,0.4429132413745252,0.2603695361939308,0.07346077778512405
2.24,-0.042707479476295454,0.4199078399986882,0.48771350187906254,0.7183578852026722,0.7736135981488865,0.8345063971499546,1.0659930762257255,1.0862106989424865,1.2280620297770537,1.2544646389934624,1.3191453715869406,1.3793469199122264,1.4451053011282824,1.4605592033984731,1.4575881212917015,1.5297258824815552,1.503361084801923,1.535209512189974,1.4750577491575028,1.4501682433358085,1.3255519794603619,1.4171059039326745,1.2215915776859296,1.302100262378089,0.9370301660913339,0.8073481809342982,0.6896170641430144,0.619222299370032,0.604864207911605,0.5087524269915374,0.22425693562615606,0.055782663056549955
2.25,-0.04954550649198194,0.4837575863633706,0.5014794063041279,0.7781350430223575,0.7717825009380693,0.7596310686231859,1.0145107419436223,1.0514742175864613,1.1731850224271534,1.2462517359504173,1.260748277986396,1.3929833828964198,1.4543276974368597,1.4734224927494979,1.6052243571135643,1.571904759960407,1.5865913586059202,1.5688251646414308,1.4787382075108082,1.396922546717061,1.2986546993511972,1.3924632473841703,1.2354678960043735,1.29382651220182,0.9417024851900786,0.7434021776903438,0.6516472953922835,0.5238797328411434,0.5214557798300551,0.5677213684132928,0.1901381397117257,0.02465561219558402
2.26,0.0038155811626607895,0.46856478004122937,0.44013628030875046,0.7434377408009571,0.7876992775591647,0.7438847056846544,1.0120522579570526,1.0442341928075518,1.1150787625656606,1.217283515498783,1.3465489285174235,1.4050482857364703,1.4041969468245816,1.4153032292691021,1.5031209280783033,1.4653498588836629,1.5395027086414914,1.525577729771402,1.4733374502214844,1.3958964277259067,1.3562246735966816,1.3988623290900484,1.3287961609106784,1.3223691156884296,0.9163349419401978,0.7605198031539739,0.6647574505917826,0.514785240261344,0.500231914617612,0.48485948551058183,0.19493478653179402,0.04877392494916876
2.2699999999999996,-0.06450472044657171,0.4828459755409794,0.47478617029613623,0.6751382578385408,0.7639931211121743,0.7921017542305403,1.0624558389451197,1.0866332959038256,1.189812420756631,1.2510371646847722,1.3297390184539248,1.377170195951783,1.4146506585425835,1.4850388262963514,1.5313728508510898,1.511979599071826,1.5219396165504095,1.5155012794574723,1.4505096944225295,1.3972302017574258,1.3061220888921303,1.3941163490629247,1.2523079047125836,1.298042748924253,0.9359646186077186,0.7625044695987191,0.6336041518681605,0.4707227245668318,0.5230836978754649,0.529932772690044,0.17751913144711118,0.04658551756519738
2.2799999999999994,-0.07791438968227427,0.41948924693196343,0.46273752436552784,0.7084603913409699,0.7742740996064394,0.7762970080139567,1.0645715053651739,1.0488423542475283,1.1909493327914462,1.2680026377642526,1.3359511330611942,1.3754420340743825,1.4691044744462236,1.4461967399548474,1.5527530391464988,1.4908107539838584,1.5711893631560951,1.559930266845946,1.4756092013239182,1.36731970384449,1.2818898302250297,1.3886732358396037,1.2555202726142332,1.30595571331903,0.9039282676326297,0.7790337410009023,0.6558279093364187,0.4664504511029462,0.5143450606269768,0.5448308002963973,0.16544622624842567,-0.07407137681300544
2.290000000000001,-0.1037632378634763,0.4367347162449498,0.5447864224603839,0.6898108523449609,0.8046474860284899,0.7439546696257329,1.1280617058768367,1.091542347577759,1.180798270417162,1.3028243881963408,1.3780081205910557,1.4398669722082862,1.466087939705762,1.527223020164347,1.5448599552954099,1.5570325690751687,1.5409594086832459,1.5125941691882392,1.400847331642311,1.3446110301035477,1.2725401811966879,1.2627772886021786,1.2727121527489413,1.3387770441386002,0.9543345440482491,0.7779948551985639,0.6118355279441883,0.4979602816332317,0.48639622571152974,0.5936423962296256,0.1491241877179491,-0.04214505475235228
2.3000000000000007,-0.060755941235316996,0.3949110903855794,0.4633096819507638,0.6224816397196736,0.8093834156744573,0.7538641681806215,1.0042195731923145,1.0767893799711363,1.2462420245399137,1.29403723417521,1.3494927163276913,1.4039439192214511,1.4196358167444416,1.4829114681545774,1.5217525043033369,1.5397480466381854,1.5560863127926783,1.5423579033204717,1.3771466514289015,1.3446484198039625,1.2975477941252633,1.2420986472458295,1.311270289318551,1.299911514645955,0.9283844008119045,0.760439241387308,0.6218895200604733,0.4244747929293799,0.4331229930393061,0.611032660204698,0.1417510891638598,-0.03431610017119541
2.3100000000000005,-0.047591092221587146,0.4501451534673024,0.5509411707967063,0.6213074035971478,0.8214155746995128,0.8333120417204573,1.0556858256177026,1.0966111643567507,1.2387728439202284,1.2887508173068907,1.3637664997847843,1.4275006866218305,1.4259967819322121,1.4936665137572516,1.5540324485307706,1.5157398406279827,1.5703788057864136,1.5923533379651238,1.3860797335604793,1.3135902645316027,1.2543281446502268,1.2640423093071134,1.2642105565255246,1.2840862148859746,0.9181722011188357,0.8481256868447336,0.5372702221821319,0.43828471141049524,0.44708697343681925,0.6007266660409356,0.15206744946123393,-0.056033751144069284
2.3200000000000003,-0.1026395399355441,0.41412114826805385,0.5485285434939531,0.5911924822997859,0.8617474499267299,0.8031037106157046,1.060940296043282,1.1104968313441446,1.2386563748893789,1.275225965927913,1.3134911740185304,1.3792135564385095,1.5127079334120914,1.4671264182010653,1.461193498556382,1.4791688631780908,1.572563450033036,1.6045038666134988,1.3699135717815116,1.3121757102700518,1.259821742694187,1.2874871161812182,1.2591596103391614,1.2687740430749017,0.9182275229350252,0.858533833280778,0.6169202509381299,0.4553551409103504,0.4728335287110256,0.622660143269142,0.06745802917807336,-0.11454795707165531
2.33,-0.05673316710437563,0.34443736562526384,0.5521738791978708,0.5750600481549621,0.8105541730867906,0.8418765664536603,1.0828624682597854,1.1494898800351026,1.313862513451186,1.3309534052614507,1.3655523394721265,1.4013006119910822,1.453534793331331,1.4915565500689278,1.4878883777530392,1.5390628405781586,1.5455978432934074,1.5487499965149407,1.3694724058395973,1.328416110215036,1.2779719691981248,1.276355809588155,1.2709680219432293,1.2464721014517577,0.9615079881930284,0.8076316378850945,0.5846735583144025,0.3909315338685098,0.43717518956899754,0.5406190040899949,0.10566496444221783,-0.14471459693529012
2.34,-0.0494391124399033,0.37323844976319837,0.5216482711178114,0.5675467896002064,0.9198987773812303,0.8622456254719308,1.1062888656442584,1.0756961197756314,1.231698943537073,1.316505919956613,1.4047735615566246,1.3975567777652569,1.462909766153341,1.4680381374931661,1.5211112212071747,1.531159069416607,1.5554233804130928,1.5273156004225679,1.3599407254580713,1.2656187921025626,1.2357669537655036,1.2132096831267756,1.2942638299869784,1.2768916103717838,0.8856246954699004,0.8700678379930494,0.554218930554037,0.45351892771708385,0.4233732602199881,0.49912356996060186,0.05150262558245492,-0.12751967886054258
2.3499999999999996,-0.055567521971419086,0.36886156631815425,0.612883322878448,0.5639960210973446,0.8494529599719948,0.7835559929369265,1.0860071998297078,1.1600013964204903,1.2544577712811353,1.3023887528915288,1.3838328667863597,1.4242867782268747,1.5299781453774792,1.5185892786632609,1.5199689397631395,1.5496539196351957,1.610946372474222,1.535343922833665,1.341831580789627,1.3107246052140669,1.2878222204018601,1.1953828958003547,1.1939989420127646,1.3206421067564333,0.9840523713848552,0.9024330204753275,0.6144047905367729,0.3856550091970808,0.4171558772579129,0.5408838036633263,0.06395424409576546,-0.13724350670195326
2.3599999999999994,0.01901185302644251,0.40904029213663873,0.6561308562573656,0.5576926267978705,0.9151570113717656,0.8240025635825929,1.100079105782764,1.0836426664157286,1.3118354972547634,1.2633785440265664,1.36017212537151,1.4294194341062,1.4614849676996287,1.511771026354315,1.4938302034526447,1.461356457295658,1.5765726475606754,1.5828097036875697,1.3669611220770221,1.2708417598499926,1.2517969357020673,1.2212640728646627,1.291183910399147,1.2966126040719768,1.011918561921822,0.9706772079732464,0.6632379862234209,0.5113767365446376,0.4380078572982521,0.5592451749876467,0.06474822198363456,-0.1139643241222234
2.370000000000001,0.011286648622029664,0.3406813996962736,0.6168298650222721,0.5360089991419041,0.8879781136845782,0.8314544646886223,1.0680449583958391,1.0931495815933994,1.215195008674281,1.3583472421600846,1.3796580626282982,1.3790972804992776,1.448778277800899,1.4511128589377826,1.4549676220904386,1.4945480017147013,1.5367433363458711,1.5393815916542017,1.3556837582439711,1.2778889992919582,1.2553176860942357,1.2106328334468242,1.3225297347018712,1.271772855418556,0.9933048159007517,0.9742511637993301,0.7487339361063925,0.5541893162035747,0.4480368202469114,0.6160359136313774,0.005948122441383872,-0.1372494975074049
2.380000000000001,0.03664064999026816,0.36473576222443527,0.6051119318958531,0.5316188351831572,0.922459519271976,0.8491477682060249,1.100081161577127,1.1290892486886825,1.2980008695751974,1.368503048821471,1.4134618191772332,1.4483324318844324,1.4852598621987783,1.5008692191353126,1.5769348029709254,1.4362430247200888,1.502723791137301,1.5377362409327073,1.3560953594080722,1.2503615861105066,1.3032564560729534,1.1917679666061303,1.3158071571091634,1.2641139673900816,0.9728051330565213,1.0118582060779413,0.6832076167469476,0.567903220814829,0.42569972764977,0.6519177775522842,0.04657105896043506,-0.17370691140693356
2.3900000000000006,0.04339387842125701,0.32364102658873584,0.6489249826523226,0.5520834571033951,0.893786452977722,0.8009312570361848,1.0760735886594437,1.1378251204793002,1.2488299674084664,1.3656451981021096,1.3826477396612793,1.3755603364379503,1.4356271874279125,1.4995915865840603,1.4673798648452514,1.4718203004391828,1.5401470608425016,1.5094041306515895,1.4041339111209714,1.3204527638730674,1.263364300790902,1.2147593060825033,1.2944613300419192,1.2680819152694593,1.0047533648864924,1.0494543170314252,0.8109610817730891,0.6146651355647037,0.44709314491445235,0.5986506687533831,0.008139636707518669,-0.12873022177259363
2.4000000000000004,0.03879455687102529,0.2886134500328951,0.6038086879295881,0.531999324197298,0.8790413347047192,0.9100732443967274,1.1171241148561297,1.1249595213195482,1.2760063460751399,1.3590827645352663,1.3596079616939516,1.3979619892211397,1.431461225400637,1.4691334622564944,1.4664872002197842,1.4490385540448334,1.5143592339525824,1.5336195126433396,1.4046979628882026,1.33830992538326,1.294555236636806,1.1924107904731422,1.3453658398428352,1.2472501326085474,1.043654622849099,1.0919138639519101,0.831195618969393,0.6359212903050099,0.47465322932451465,0.6095172036321137,0.027873161266223787,-0.15189751206181
2.41,0.12547387426303394,0.25512838009559413,0.6278289724670164,0.4538947487639391,0.7884040401297648,0.854113641156592,1.0296287299546838,1.0913646202777905,1.1992024445429832,1.3632221648741725,1.3712003763011957,1.3713016139307148,1.4579579882095077,1.533202055611802,1.4808632521304002,1.4833389184598738,1.5634320620612847,1.5299411243198082,1.4399619898104652,1.3429550206130039,1.2989418991017627,1.2117832889550337,1.2862744861055309,1.2301790069235774,1.1225052147604617,1.1197557668339018,0.8541733756932377,0.6775999098921717,0.4161146410869252,0.6030239920591959,0.033001168148628295,-0.20149216232186465
2.42,0.15394984904098907,0.25656435465499833,0.6020099740780807,0.51210881582118,0.8595448613719142,0.8936582318591366,1.0640456650752597,1.1415872624074914,1.2140752783733497,1.3679234983131296,1.4211250879689588,1.4255528248914437,1.420156610986976,1.5032879475725187,1.5389363552454824,1.4588230899308134,1.5337152624916512,1.4951041551103834,1.4619224115907352,1.4376142488364274,1.3306207000641717,1.2325668811675956,1.3284591343840086,1.2828651666541,1.1490654739538737,1.1603651560725363,0.8337262381642216,0.6979795615148222,0.5003385144053257,0.6460752524927872,0.08614693535831584,-0.13391196851679457
2.4299999999999997,0.1100163676786088,0.2018282963547359,0.5549159334062775,0.45463725997359145,0.8141982412221866,0.8831358756172275,1.0789175676936609,1.1649997657256776,1.2795999350875773,1.3138174381323706,1.3517842729934233,1.3552210642801967,1.449708717128985,1.5037713770843362,1.475410254807431,1.4212376843770502,1.5538178192618053,1.4988090015444397,1.4731036210767727,1.382489719171036,1.358845964228093,1.245877055631469,1.3535043732839784,1.2613522965714767,1.1684680363602893,1.1504155708841655,0.9506615537977801,0.7423621832379963,0.4524959151495081,0.5955252421959127,0.0687919465400155,-0.15498440223245485
2.4399999999999995,0.18067472976481003,0.16726815046381466,0.5834224419517863,0.4619420422017866,0.8929655182786663,0.9289341289200023,1.0527485195694462,1.1241284979607842,1.2004507603609937,1.2786075528046217,1.3758420044554678,1.3348848973207474,1.4070963291410001,1.5075807569098323,1.4567323298794204,1.4606895038046952,1.480739459980105,1.537144051723452,1.4772837079293935,1.443682026675788,1.4062036152675028,1.271936340962221,1.3890234024343766,1.1986585158509833,1.1699763051159973,1.2315967786592597,1.0584073568561128,0.876449922417561,0.3907012431083045,0.5665595776002603,0.03312403256134732,-0.11970777796046674
2.450000000000001,0.20509128022096473,0.16629794540058027,0.6005010583011748,0.4572452340714571,0.8108900566897221,0.9274014309953962,1.0008764723561931,1.1946050995502302,1.2974023694640282,1.2769846978973924,1.3302780418275708,1.4067484042391607,1.4566581018170195,1.5135151141726377,1.4451870434682264,1.4610095425823362,1.557000519660129,1.442424292162707,1.4071560667379175,1.3503215079262982,1.332388498507583,1.2564645048126961,1.4752634118815764,1.22048321247766,1.2461963897389416,1.2573370257702248,1.0123257553814995,0.8037810476316039,0.3723572419572688,0.535812785261577,0.04040268928072949,-0.08595973138636329
2.460000000000001,0.16219288307886015,0.19160612604091326,0.567474377476098,0.49231850568953867,0.8675615459411605,0.9773071079697556,1.0246520127078356,1.148005295565396,1.1504827133128368,1.3309614484104229,1.300727370524601,1.3332982900684347,1.4598735918828663,1.4327899071957562,1.473421533799225,1.4299545073765563,1.5236601852592464,1.5454981271313446,1.4377069801700897,1.389314936192566,1.4161003245034496,1.2856343344325845,1.3950159544486453,1.135115682301307,1.291719535774573,1.2761705877302052,0.9741727848682852,0.897702895111993,0.40556728618725096,0.5167634751362917,0.05173296671136956,-0.1728953295260378
2.4700000000000006,0.2346350988289261,0.18348705088511758,0.6035006146826456,0.4435838138368168,0.8189494955927922,0.9613890161152164,1.0285912438953047,1.1766739774006423,1.2245439642149287,1.2799891810956372,1.3951755018960255,1.3765482287941915,1.4355533199358597,1.4398346448946948,1.455325371259411,1.5254146764232352,1.5572340829235454,1.524183124316063,1.4899042296529958,1.4412088495245945,1.4581257027652834,1.3008325332283683,1.4355615328493658,1.1264283551722571,1.2642929864000831,1.2731269185402312,1.0342026184935744,0.8801230625599205,0.385378752313819,0.4293844675395213,0.05508571469957914,-0.03191138098501026
2.4800000000000004,0.23135737747792365,0.11271928763948014,0.5179487477272791,0.5106963632322913,0.8085990415532941,0.9738843005001319,1.016427697496532,1.1212483072058095,1.2126012811725024,1.31517315809648,1.3749201524550347,1.4099847139018733,1.4167601176999498,1.5097709859701018,1.5057586036879753,1.538735006452649,1.5337600276831662,1.550114268542011,1.4322391710315487,1.382675349942157,1.5293995204353714,1.3184038344637228,1.3905428886848883,1.1301306359373195,1.2745560230523902,1.2367743118826426,1.1298282050985653,0.9268442698140142,0.29194754463638883,0.42812830650231415,0.05251693893548884,-0.1293384168861124
2.49,0.3024307458438058,0.18064067147816695,0.534515424111154,0.530353714043499,0.8416193557169568,0.9421526332110316,1.0329594135731337,1.1682280182269071,1.2928671653940595,1.2776297343184586,1.3728709089381392,1.525709001959937,1.4767449992595887,1.4743490239703716,1.5206593402830848,1.4719127500649323,1.539686399064374,1.576853617224419,1.4880579753207435,1.4985304710845642,1.481874918129205,1.332905862481285,1.4047147785705572,1.1037906672025952,1.3030907433863959,1.256002798145496,1.0841996633130655,0.9340930310523476,0.3782361303201306,0.3742786217036611,0.04565291873664438,-0.08917759661456713
2.5,0.27203400123232646,0.12814406959748945,0.571271275875868,0.472858513486471,0.8245925580398337,0.9643006252974824,1.0669771052352148,1.21371621529001,1.2173229201653906,1.2382724336020072,1.3999976306040698,1.4663543830063923,1.473987146797429,1.4958760087788117,1.5075618459766829,1.4691346979990532,1.5076189405288907,1.5366072438668954,1.4743197251608267,1.487992240011018,1.4983061264687085,1.32702003612635,1.338190726108453,1.0887108565048138,1.2785032651456343,1.2103853189001317,1.0645563822972186,0.903554598498889,0.29405486724057456,0.32420149057008407,0.04940735270099263,-0.06817231278915523
2.51,0.3241489998555811,0.15009002877676367,0.5142812326884648,0.5359338777390272,0.7765502238246413,0.9913298547190279,1.070905047184037,1.2323712128515605,1.2147646774865837,1.2554229920191893,1.3768072501654083,1.4280627872006264,1.4985686677533991,1.4718053121868677,1.505464867909935,1.513635285744323,1.4565753371450925,1.4619128161350192,1.5314459458562264,1.4824920402358694,1.4744747389005153,1.268258273416842,1.282886341423947,0.9764199563362359,1.3183040088211315,1.172631459260511,1.0020259973831032,0.9533371454434979,0.3712630479701536,0.31682584552101956,0.0707786885074229,-0.04182703694204574
2.5199999999999996,0.33280782081559435,0.18811653069377693,0.5502545840672995,0.5040999658409143,0.8216940525018416,1.0389981599425415,1.0289167180150403,1.1691647134449978,1.232819544771989,1.3082641432725703,1.3710923192677311,1.4136081368568967,1.4207512552830446,1.4448422147960394,1.5095585862518257,1.4607554032783368,1.5076791823242393,1.510016709995417,1.515104592549643,1.4791747290995123,1.5160707847602197,1.2932254430497534,1.2059491024968176,1.0318100704030553,1.30302608889645,1.1234115677524643,1.0769281216593478,0.912262585449839,0.37621259199865237,0.3002392619057402,0.09852676073021654,-0.08066085309115244
2.5299999999999994,0.28032189370898114,0.1391322789377595,0.517645412454549,0.546386653507422,0.8314790310066867,1.0421037260562034,1.0191165113072458,1.133446388820839,1.2456507116643234,1.2726087066759912,1.3833815287107991,1.4177338395860193,1.408552993219888,1.467572002637183,1.4643378151836326,1.4921854880593475,1.5321842691391006,1.4999602975377115,1.4962387795780476,1.497658075519008,1.4513562728542226,1.276664239920429,1.2656522508275296,1.001921796889064,1.2879533732305832,1.1773758618778372,1.0554546192478484,0.9693946665260511,0.3564611729605742,0.2485234097768253,0.11400084745260268,-0.10159601583956607
2.540000000000001,0.32111113436953587,0.20949420238505345,0.44674831832010653,0.5481349827213114,0.8135280751073409,0.9857337821738009,1.035590414721307,1.101132108125701,1.1809350756178216,1.2654908992175602,1.3247071250881524,1.3942248184919783,1.4336122552883543,1.4770204645933431,1.4996100665713739,1.524676099186434,1.5285520031002757,1.482240706540717,1.4654922525161518,1.453518556642585,1.5897798814247606,1.2996192129171955,1.1999063917327546,0.9841856550339196,1.2989085974702206,1.1175371407954666,1.017775519347934,0.88852325860814,0.3582146646162167,0.21937813329548472,0.10510238246852417,0.015170400305274934
2.5500000000000007,0.3370119615564329,0.17721413615325676,0.4681209487688089,0.5251013932970452,0.7552031690650053,1.0008334419652112,1.0167842632427115,1.1340801121114876,1.2165995053783294,1.2939061778954928,1.3223830979790803,1.372476824151147,1.4639705170807806,1.5427679204471225,1.4913153330791653,1.5713867486213935,1.5662034103750233,1.5195797558899347,1.5803389478554242,1.5024904392467089,1.4938282493372226,1.311559185043443,1.2000649624209392,0.9458754979855527,1.200470845881501,1.0432946260447749,0.9772760649640535,0.8943223572269021,0.4191173986194754,0.17749316347640223,0.20562981476435055,0.03386827989626745
2.5600000000000005,0.39672529095892234,0.21006009547016938,0.4588451057914704,0.6273960559863473,0.7760650328007375,1.0131177882037126,1.0462429654645578,1.1297317922001446,1.1164020221282105,1.2432525591826697,1.339445731130855,1.3624995416035608,1.4373120402476838,1.4857886818922126,1.444841253485245,1.4924946033790107,1.4938129942067784,1.5064862330906834,1.5249654690500027,1.4684710750903485,1.4970933735006722,1.3187233405884842,1.2022962191264217,0.9567754070893146,1.180991265030646,0.9967155857518546,1.0271223244448708,0.841416843950982,0.43989244249336446,0.2153931981794909,0.16964256458186858,0.027654917187448197
2.5700000000000003,0.3379447446409773,0.2598581382203317,0.4798260344900524,0.6322943344740926,0.7358535187942061,0.9585666230427642,1.0093584323244922,1.1737513251049712,1.2437608474655166,1.2977084729615258,1.356664851141886,1.4152505906379356,1.390603720702262,1.4610123223953495,1.5016129251125083,1.496491151641292,1.5146168706798193,1.491142959196365,1.485693855131047,1.4452004985627513,1.530242251575547,1.360050294473841,1.1174158637057292,0.9797079451989478,1.1861469939002593,1.0204026343045391,1.0055908228737738,0.8690509650837308,0.42412447420762367,0.09435506683994567,0.16443331246051174,0.04765946805159953
2.58,0.36990729429973984,0.3142563051409732,0.43528703144083386,0.6405486959038068,0.7787682840563651,1.0067219028882202,1.016217987288571,1.122075180490818,1.163431400700509,1.2904731087151489,1.3702256529124184,1.4135918519027642,1.445018171919681,1.526949565950321,1.4813586384316868,1.4880828673698194,1.4793113243090303,1.4464248399656165,1.4367787081375292,1.4592827694957717,1.4512572612727923,1.3455090515406398,1.1524000581583425,0.9240947185124304,1.1388399690217048,0.9729544415287402,0.9026347228975579,0.845639466123268,0.4601698603182908,0.13578578657716778,0.19920962831957112,0.05161248596123609
2.59,0.3480228610132295,0.27592917746533224,0.501067270939163,0.6864544636893952,0.7082785584496872,0.9560532101341781,1.009706697157102,1.1016365610523777,1.1602209451970684,1.3022290270312493,1.3481727452154275,1.4180749641725918,1.4289342822677087,1.4257549594489012,1.4804948227192962,1.5012071203122423,1.5063594150160569,1.5156729689790542,1.4790711535675842,1.5057563361463127,1.4412764409966836,1.3377416626438383,1.0320191582139175,0.8994188330142894,1.0738682239030344,0.9805096860869829,0.939730950621841,0.7391673581064183,0.5045153604398657,0.14884192047755435,0.2722326343543546,0.08961371570657577
2.5999999999999996,0.3751891005798159,0.28583334174928116,0.43981614039634415,0.6281949789963258,0.6782530296870761,0.9951648205730292,0.9733319122584748,1.1251274859893692,1.2200201610256842,1.2658110707089434,1.3060004531961127,1.348723405392895,1.4397479400055668,1.4991472463449893,1.4214780049430051,1.5277109611547355,1.5008662856333885,1.4640668566644375,1.5641990528888883,1.5185951645453701,1.4737405022842356,1.357186790492476,1.0423745344451683,0.9414575615337323,1.0472559754516593,0.9121784612652619,0.9087117222469522,0.7837516137872345,0.5457743876426404,0.1841336932131045,0.28006377583399467,0.0883006526926417
2.6099999999999994,0.22439357301784532,0.32224258881850076,0.38147950457043334,0.7243841835562567,0.7097941059308917,0.9634761344644002,1.0140351227182756,1.0693655954934709,1.152453418208349,1.2315692095848807,1.373988186751806,1.388187114904469,1.3959635203375758,1.4445331363818459,1.4675642804772115,1.5105065576388488,1.5248602090118515,1.5181972547743225,1.4529912992502092,1.5182872644086531,1.4513576232026766,1.3356017641469256,1.0794853316652346,0.9717132950141736,1.009158253569375,0.8384504802000702,0.8649531098522544,0.795536002339946,0.5610888150974617,0.17573286602373317,0.35024131124110214,0.10303760984150567
2.620000000000001,0.2882540813832607,0.30121869304479826,0.3976201623611312,0.7352176222788349,0.7022045683818514,0.9047186128611064,0.9886404515542331,1.0305523967753685,1.138009427876552,1.2655052788426342,1.357768497738293,1.370762359384088,1.396675342100042,1.490563556126523,1.4919529898988846,1.548487502070759,1.5121909777195786,1.4274040294068198,1.5424628312469335,1.5116907598558427,1.3724531270537004,1.3709181671870725,1.0301954482420037,0.9619016044717423,1.039253646384775,0.9301815647849,0.9180713840371812,0.7821511545581921,0.5688117925767365,0.19858005065410048,0.28875439323242125,0.09209553904840177
2.630000000000001,0.18929833672762403,0.2869519214775069,0.31886304079573446,0.7130210220685426,0.7309256936092439,0.9352741738715181,0.9565042436412003,1.0717784407971298,1.161479318189556,1.2208837848371237,1.3200931308212904,1.3730168280199646,1.4200768494091007,1.458224711541192,1.4328291641576902,1.5548755335350346,1.5065752459871917,1.5298346035221733,1.5274420878974733,1.4560369820773194,1.4575443743666603,1.3553907778259775,1.0099106531870792,1.0283795553497155,1.0281895880349168,0.9278703736080994,0.8548307468198701,0.7544512612678843,0.6481980861760054,0.22525836436717084,0.272893173483718,0.12387941933422494
2.6400000000000006,0.2217544472638456,0.298536265509061,0.3370379606471101,0.726507317049638,0.6810280774580182,0.9097478434114845,1.0122812351697692,1.084469744369603,1.150359110608514,1.2771831826450073,1.2663780597144643,1.3855136346203418,1.429024663561625,1.481145421401914,1.4457338869586855,1.5371631287431446,1.5029155238562923,1.4560748274670718,1.5223578387872292,1.4637659715806655,1.3656195699625235,1.3638120007681849,1.0623898648074834,1.0434555429278543,0.957713254199561,0.876519681177455,0.8705482766624981,0.7666951357706668,0.6487560682695633,0.2277431373168589,0.2993604032956902,0.14551661318707917
2.6500000000000004,0.13426074605988533,0.27868230248190373,0.3524993414584214,0.7083782150992339,0.701246402869836,0.8453197780649394,0.9910714664204542,0.9944258518457597,1.1474335580619244,1.2168314929327724,1.2717182269608294,1.318799107921711,1.3949832313872854,1.4521377703637324,1.4758767918354507,1.506773925269978,1.5145238978135913,1.4689302236517525,1.5010930187743876,1.48837789148113,1.3647036640906378,1.3968487669291207,1.0762806737019426,1.1128038076353366,0.9484482654129401,0.882034563946134,0.9299095038243729,0.7816390726670283,0.6957748840414252,0.2804179333476829,0.24922681926998458,0.049583871895568954
2.66,0.15796478286738533,0.3383780352380325,0.3841370163054699,0.6856367353837537,0.6636183318633502,0.8073451219521551,0.9659987909032683,1.0479286237573544,1.1922534174789312,1.224975030735865,1.431110600190807,1.4104532454220293,1.3917671782646615,1.4519388429028042,1.4478732963179926,1.5155995010332908,1.5063799871841845,1.4459453399205853,1.5242385514568462,1.5408294043979986,1.314241455548996,1.3867225071723877,1.0603116856698818,1.0315328002275355,0.9260254926700896,0.8573483564955208,0.8353766742262149,0.7861045591676163,0.7923755681916795,0.2740019900536147,0.2638104262903662,0.048786754787767644
2.67,0.1097222930916372,0.34320770240708154,0.2861683416261088,0.6616342037355881,0.6760234691180776,0.9161162776477794,0.946627475037822,1.0414619772223295,1.211556376672605,1.2521274948393915,1.352100780306689,1.3513726358898175,1.4376640459205356,1.4919852006693914,1.4785638232437013,1.479112864355267,1.5181436127421755,1.4267094431582354,1.5006725045915492,1.433423800004521,1.3508149787375134,1.3995038397751927,1.065980731706792,0.9705968872051465,0.8789465401079242,0.8452116879819677,0.8631958195009324,0.7848817648012757,0.781423738493128,0.3116766326616108,0.2911167097462985,0.05671754705410929
2.6799999999999997,0.0987540146226092,0.2813383961307288,0.26282166443632315,0.659362209499356,0.7163105961623922,0.8126368643098655,0.9727871901080976,1.014884444525127,1.1249800829397687,1.2724204004689779,1.3304233773262892,1.423161168903776,1.376960273696599,1.4883974559627755,1.4496914110925396,1.5780457244454884,1.468011806692747,1.4681707541973588,1.505258988462395,1.5403742728538854,1.3575235839915587,1.435182530743195,1.0641926981008312,1.1068903728304456,0.895979560980835,0.8767589359889046,0.846691770372789,0.7452791627676806,0.7392970991715762,0.2947707144858379,0.2512978643452602,0.059030767240977194
2.6899999999999995,0.05817292179683561,0.2678540531561464,0.3235356265423859,0.6664170895446762,0.6780249317837254,0.7934966955558153,0.917424588900785,0.9976225291572401,1.1667352052653932,1.2414914213074857,1.3063336913606989,1.3454098587637142,1.4316722090112384,1.4599680753191924,1.4436546297122514,1.4605843160697858,1.436271211862946,1.4623215778280745,1.4969253406768734,1.5272014137521406,1.3469519115232234,1.387993868490753,1.0893753510341844,1.1250176369888407,0.9046755580318373,0.8414904564141442,0.8604223111943528,0.7927248810633993,0.7475653485988664,0.40536145269141605,0.25314338699739614,0.06931714617358657
2.700000000000001,0.10183447706541537,0.27579865481849275,0.345448946804932,0.6299004342983784,0.6668436282880538,0.8261957402272321,0.9253048297018112,0.9851619171933089,1.1642347430983662,1.2227969299952246,1.3344911335729608,1.4305954677075419,1.4069464691719253,1.4053054469789958,1.3652140219347735,1.5208054223896839,1.4464747640340996,1.4932177105574485,1.5500543314480666,1.5149115625177176,1.3072886354397144,1.4235491479866862,1.103701556947985,1.1338915180821212,0.8692175442798009,0.8543284334382895,0.8299012653838288,0.7385364211624813,0.779721390049548,0.38197579407504445,0.27918682053879007,0.10795500526554455
2.710000000000001,0.05050515587646957,0.26404826848322716,0.31883972095258095,0.6311382601026494,0.6907230926769247,0.8006845482847964,0.9367971927378953,1.0109621984237591,1.183966723380997,1.249843878046053,1.3104437458567628,1.3161485226448517,1.4209489183714026,1.443390843522598,1.4746077450423472,1.5128113881382277,1.507424283696503,1.423083241274373,1.4635357252444947,1.4681811392046618,1.3520811711157308,1.425252312852762,1.0788249701294084,1.1608526024862305,0.8652477818392086,0.8506246377092347,0.8515849445850917,0.755577265337444,0.7421070964373773,0.3912478333578073,0.28660911669752925,0.04170516956837164
2.7200000000000006,0.10657045090561908,0.308274365759787,0.34531604351707934,0.6461434825686267,0.663744010064366,0.7975468611846976,0.9186954316300225,1.037362827600248,1.1673969000753568,1.279513141508288,1.2939063465067724,1.3532529028257312,1.4154348992811105,1.435357879228523,1.4670305931762868,1.4989467980326852,1.4901961534512507,1.431261006511501,1.5463352494179212,1.409773582597256,1.273617811502523,1.4483011207686793,1.1791296344429816,1.1324949827570903,0.864723230567293,0.8083509395139938,0.8032674342373186,0.7098596855589303,0.7595413967559238,0.36055199264043203,0.24319983707088813,0.05787973733989568
2.7300000000000004,-0.008450086996499899,0.2780500435745505,0.34438925562990036,0.6957661881545656,0.7035387024362469,0.8175532290388947,0.9549796228557029,1.0396901621091312,1.1599489143942918,1.2515154675436702,1.3229033508153545,1.3715526508854154,1.3757946470654958,1.466935305510042,1.439388190279119,1.4983211211160463,1.4920722048543014,1.460295778998068,1.4690403768946882,1.494557360719155,1.2599642075392805,1.3589456386839025,1.1395020181043465,1.2007358649195132,0.8800951735447369,0.8267100809753757,0.8647693099401088,0.6793543800698633,0.7510993703701733,0.4775585889396268,0.26159483265979505,0.09090601171005132
2.74,0.02102784736658267,0.31171987290777814,0.39079669789588833,0.7045038280407719,0.7049683391031938,0.8163288585618553,0.9018312362785438,1.0916191397352526,1.1619801306063406,1.2396709602457276,1.3354350730922648,1.3557088653816889,1.4308917091722426,1.458906406986147,1.430991935098205,1.5501707500420883,1.4710517986913492,1.4532602077395864,1.4411834839823314,1.4801052469527503,1.3027720022586529,1.365931781146701,1.1241966171179734,1.2208399568468764,0.8614787317521978,0.8009041878708207,0.8019372582154042,0.6425546899460159,0.7550471840283256,0.4122708170067981,0.25806455926174565,0.10681122696048376
2.75,0.06866480748081631,0.4243375582650592,0.42054123356399514,0.7461229277138038,0.7281013249071719,0.8152894415464165,1.0015367187491824,1.0560897043563124,1.1867185550213948,1.2449033383335923,1.2968846667508078,1.3642316180298997,1.438086787200307,1.4349171272778363,1.4887129775008179,1.5114198571074806,1.4976989917287733,1.4782388078283815,1.484824130405663,1.4250164201154094,1.247866860749439,1.4127013604571539,1.2332517169049204,1.1640961598903543,0.8566020920107089,0.8504330554969957,0.773105292577977,0.6745973165629222,0.7556036517965417,0.3713616041830038,0.2369639801673151,0.0755854256082046
2.76,0.05802252423838496,0.4025295183487441,0.38991711995493933,0.68561128805362,0.7344312954702501,0.8349412647954206,0.9118757018387428,1.0503275035874189,1.1501821077913739,1.2507950605142988,1.351765134258589,1.4442140718289884,1.4331209741058344,1.4698458482321661,1.4780822938106517,1.5196804071024972,1.4646555258278637,1.4775575136812826,1.4938135647089446,1.4274611920503597,1.2551975494280818,1.428393962531129,1.2145873323080856,1.2583757223286856,0.8988091794901364,0.8491243506409758,0.8001323057655926,0.6471003087666959,0.7035281670516447,0.4096127709865454,0.2773206308502935,0.12757509218421023
2.7699999999999996,0.06090204341131518,0.40617750449772944,0.33001746528674175,0.631448767712177,0.7170979427228803,0.7813835115965843,0.9176908861824299,1.022143002748536,1.1490324317985026,1.281091759025144,1.3780420604332415,1.3845827112624431,1.4177141419709363,1.4975713180667836,1.4976745220901,1.5541044104134856,1.4493733633494665,1.4518861696847152,1.4338934420885776,1.3789856023125635,1.2711971436467253,1.3191926717774363,1.198165254867056,1.2242529401738071,0.92664323569845,0.7742780429418816,0.7160195751601535,0.5419692280414069,0.7180944393567004,0.4215282025548927,0.26205443247388077,0.1625099626577163
2.7799999999999994,0.046442193649880475,0.39183686491727104,0.41858943638603124,0.7690301448699055,0.6562332398784182,0.861776520369609,0.955662091930238,1.0749163700045188,1.1488489078477242,1.2258349298452786,1.3363249044721568,1.3933656393434937,1.4106207270655873,1.4538170640060457,1.4294951743941129,1.5101466883984418,1.5119373309197122,1.4475454331996997,1.426336513477337,1.4362566161577843,1.2091481983203025,1.397126129934965,1.2919750824849954,1.2049290293938295,0.873601839700656,0.828162121604773,0.7366727960109546,0.6124903781902575,0.7258479973057956,0.4142180135629873,0.32148017130071965,0.1865787113032752
2.790000000000001,0.05158235213511568,0.39946831426653845,0.4475188990290222,0.7038707857246805,0.6998291613863856,0.812849762919155,0.8891763986289866,0.9386403159059326,1.1346240929471794,1.2311636120296972,1.36159854030158,1.3658895638915143,1.403205564601935,1.450638920413297,1.4935481487502305,1.485978246251177,1.4679097315845169,1.4228031570592008,1.4739710469662095,1.3942188781098175,1.2376522897356081,1.316773318842648,1.2854961792438824,1.1575499987384317,0.860928680981529,0.8026343941371974,0.6564625898094334,0.6066041399566908,0.7209193762941969,0.49996837611098366,0.29834848295441097,0.12224962355146086
2.8000000000000007,0.08914302984901859,0.3735265334603543,0.40739480889389695,0.6999796187613145,0.6643356087647152,0.8049296880028751,0.9018177904861874,1.048489731634739,1.1152147342542431,1.1737072314385109,1.3295522804951465,1.3475551232263079,1.4246876776255282,1.452508532339937,1.4604960143658812,1.4387820316086664,1.4485058788126677,1.3896521197142444,1.4608801019480633,1.4286662600769648,1.2747397798851339,1.3174999127268288,1.2843494823461832,1.2224333079061078,0.9286609564730489,0.8366134415585124,0.7006507692854828,0.5426795741558885,0.6964327392851208,0.45804483153291103,0.3609116928880441,0.2479790657549441
2.8100000000000005,0.08392480963084258,0.44471454739486904,0.3964753601351184,0.680818281882474,0.631669983215419,0.7801955243017954,0.8604856467037031,1.0210715899855785,1.1231776546834453,1.2205337823799203,1.3127588212365942,1.4409891802777355,1.383307278475488,1.459986702829629,1.4745545590640756,1.5244463166516167,1.44163681532945,1.4134657175960843,1.4323996183227847,1.3926468661451599,1.2898835501593064,1.2820581824698374,1.29514963672332,1.299556551320474,0.9889753359662308,0.7776682292686576,0.6737406924693837,0.5355542583673635,0.6544305918303137,0.49704966896664593,0.40464019677369367,0.32175319158546756
2.8200000000000003,0.09843061803222258,0.4473217825666611,0.4039607650458711,0.6715851125305841,0.6400228337264993,0.8095026086365193,0.8524021026686096,1.0168329388291424,1.0817790232787656,1.213003624275754,1.2897906301200484,1.377035946718641,1.3654304916072224,1.396108728693049,1.4733295357077334,1.4579104563199732,1.38768757635348,1.3996796605114012,1.4084525746071435,1.31724156703086,1.2703343934416274,1.2631111572617642,1.363868678448005,1.2353357952569382,0.9601790950579462,0.8380402794857994,0.6624879709834387,0.5319046228622737,0.7403114496657779,0.5110834624367766,0.42117755394758705,0.27511382725203076
2.83,0.03904885546129544,0.4160194110363782,0.3149015268639422,0.641843715409153,0.6441854478873656,0.79150911167308,0.8501155195534175,1.0437394200554855,1.1598177365660542,1.1624912505163942,1.2828610561164209,1.4158921148446446,1.4491181263802528,1.4253696461121885,1.421132152339529,1.4055502384231708,1.434454593861644,1.4577326308771374,1.3889739906641105,1.3955859000457063,1.1914588488091926,1.2828009088675603,1.375950651545639,1.307700933534986,0.9903619255394516,0.8693254515170843,0.6696896264303043,0.565817643909466,0.7395048026792109,0.494974804463475,0.44259929028714456,0.25617723384229824
2.84,0.05584763262001881,0.46141060004402257,0.3232239515775362,0.6895737888609126,0.6436169661061016,0.8301855041340264,0.8398738268246988,1.069313543707864,1.1563902674981763,1.2025419930671857,1.3047573303774658,1.3382223056629734,1.4593332864275943,1.5341642742502861,1.4975557929788226,1.460345557979462,1.42581304183977,1.4066486816690855,1.407252333360116,1.3459809289617912,1.269578932825331,1.2954807354929574,1.362190036078797,1.2775241918184614,0.9737791599372172,0.8689739888215189,0.6647789871768544,0.5426270119544927,0.6828789482715348,0.5465162697936728,0.5172334174890083,0.2797993182679016
2.8499999999999996,0.04147337070060158,0.467301074809799,0.34386527605637085,0.6841006003255858,0.6024162919020489,0.8076887038052039,0.9161910797742491,1.0067226544013197,1.112742838696239,1.2643445218675922,1.2665564894325176,1.329207340669711,1.387632183003282,1.4610629195030223,1.4357837224907717,1.474330643423537,1.4031941144101383,1.4085409966608424,1.3978134317880095,1.365657580915318,1.2423929001525302,1.303463329208752,1.397388476485769,1.2611000413695375,1.0355593670143513,0.8363166473835283,0.7123780908681125,0.5246776590999099,0.7382114391092788,0.5188167264016336,0.5198359712080683,0.3244313549828514
2.8599999999999994,0.07483039460816454,0.41842096817155583,0.31097765135700084,0.5878256730468984,0.5724816946336267,0.7296205333702513,0.8428103392024825,1.020366350713032,1.1003645678512155,1.1959453370389466,1.2960919723929607,1.3329267797746644,1.356353112204067,1.4468903011688614,1.4555595143628866,1.4794156338654496,1.4282482543591037,1.4210475531223834,1.3705544789804351,1.3632073568722916,1.3459207866512115,1.2874136657315236,1.411473590851075,1.2479572203989546,1.0400919543938436,0.9038567357517556,0.6714014670033982,0.5491856183549806,0.7173042252941773,0.5651880057180857,0.5127474935018224,0.40911390959021515
2.870000000000001,0.05076347050706502,0.4082448716916049,0.2816055911107785,0.5543178357482745,0.5899160088364093,0.7227743191589899,0.8144628821345749,0.9893187631548468,1.0990604643043884,1.22210734589612,1.2908816775231398,1.341049234584542,1.3847101921236735,1.418358787184328,1.4780358618948675,1.4629971548589065,1.438924361073857,1.466354913495397,1.3937086256642959,1.3589590488310581,1.3019756692797289,1.264292031763576,1.4106053016945888,1.2326428932980174,1.108171581816551,0.8776399526500032,0.7227147930458293,0.5526326291522413,0.7377568739763053,0.5404073531460932,0.5891054535054427,0.3649780079166071
2.880000000000001,0.0354007358873325,0.40327435638281944,0.2742873011498246,0.5897078918444549,0.5600738471629773,0.7556210699760113,0.876247545560651,1.0404126440666006,1.1676369408067773,1.2101319753186361,1.2816473436948344,1.3180996055330814,1.379865018458949,1.365510206739698,1.4748289773526395,1.5065147870734508,1.4371790211661182,1.4242351113051934,1.4005525497175317,1.273095383828893,1.3070509777027752,1.1930638599045706,1.4528189648389735,1.3169010092417441,1.1790386887300828,0.916659187892844,0.6696213846829853,0.5645556628845135,0.728867762659286,0.551692873695494,0.5443009456145589,0.39064546427799224
2.8900000000000006,-0.020525774181385216,0.4508700960972894,0.2873334808862597,0.5181778752265903,0.5682759352714047,0.7586704034613385,0.8380431667446947,0.995194701834675,1.111497211526857,1.1659817449848868,1.3248358823870432,1.3481450800417132,1.3951808943626784,1.4101977853347645,1.4863978936391535,1.4948977901267662,1.4136761983925263,1.4462735972038732,1.409268097320103,1.3699918334749699,1.3945976371370605,1.2928086771611964,1.3565647845559714,1.2260697664839142,1.2027330632889008,0.9329850504749886,0.7689457354953864,0.6416067618269276,0.7352069502976931,0.5583420033326709,0.5147702392197966,0.38462804632839925
2.9000000000000004,0.00627547869349936,0.4002479355076588,0.23745823621042858,0.5836498858073782,0.5256323116698031,0.677197460879129,0.8721518047857684,0.9129712898860045,1.1099146026001356,1.2276639959951003,1.2787635990686859,1.429105208661558,1.4549802149720892,1.4577007446529984,1.5117266449882178,1.493122465352991,1.4608608277501292,1.4292206845837636,1.3934689458772762,1.302555547150662,1.3503497083697884,1.2176654384402796,1.3815309437682115,1.2525051239928473,1.206513442516837,0.9723571745438031,0.7055627046335052,0.6276180466098913,0.6540445009822501,0.5863427993120061,0.5828036998021381,0.37968305714738865
2.91,-0.07765414832262092,0.33269401787286235,0.2944497386300001,0.545134556260991,0.554336270586804,0.7028500252822291,0.8357314974253092,1.0154492083068243,1.0327595879846598,1.177131041160821,1.212143373813316,1.3666645794998415,1.4030718771310517,1.51353132585806,1.4992242411214114,1.4925472426392943,1.458564163756937,1.4125442143901792,1.3949155460891054,1.29712452417683,1.4229146986953203,1.1712733692898754,1.3625644514122903,1.2681875104352505,1.1881491198948346,0.9103753698138395,0.7197845118711566,0.6139877350780965,0.8071034611432718,0.645154358860476,0.52990568564998,0.3136670819522292
2.92,0.0016546135919634566,0.26325872224120195,0.2849822127667268,0.4453709631799773,0.4837170851820465,0.7310516708691164,0.8267198106463584,1.011554710934822,1.1125997463282253,1.1846436473163267,1.2549006904703783,1.3531699179777144,1.3792276804258328,1.4751686181314472,1.5016058453627619,1.474576113735354,1.4301171890833435,1.4896268601614584,1.4096344697141696,1.3799227034726704,1.4336662889084366,1.22929632533005,1.4326336637915518,1.3004335541981802,1.2619079964558129,1.016214956469657,0.7344855253119634,0.6622838409821248,0.7614419056765711,0.5661961647069468,0.5562341120915815,0.3325207003878502
2.9299999999999997,-0.07318262415712225,0.2536849587322044,0.2333502707099803,0.4918433179130954,0.562263546305287,0.7028879253445316,0.9494818105981929,0.9881954251941778,1.0910249631384892,1.2402735251683918,1.2997857150323275,1.3529045762366927,1.4150993850266829,1.451363788220616,1.5677947254462608,1.4656548945211467,1.4561390847283708,1.4427415386043638,1.3717736970712429,1.3815348511759866,1.4213092256276656,1.214254183608334,1.3767769195324764,1.2851581087288046,1.2538977493280505,1.0339978894765351,0.8417769950201907,0.6617172429674332,0.7469141973681458,0.6230158354171749,0.48270154821284367,0.23823807337636163
2.9399999999999995,-0.05212286791677291,0.2853307461421352,0.274896768601961,0.43961085334820904,0.614248918088179,0.7456848829478379,0.9003850930212043,1.0311885205309061,1.094809076661714,1.1911838929090495,1.2606159274815198,1.2960309095627798,1.4068026608307365,1.479398138821453,1.5199132622814848,1.5132767779163045,1.4686313400434474,1.4754707612045155,1.4181834380145375,1.3152511727717302,1.4430120159799276,1.2720994278256992,1.373891446488293,1.2852895189190496,1.2341153314457782,0.9996098647187548,0.7889096739254122,0.674721369797308,0.7916263681876068,0.5951106554067603,0.5275036441066068,0.3157328767832786
2.950000000000001,-0.0558094356192836,0.2921101812443686,0.2846785236365555,0.42394332254658357,0.6288483192338801,0.7318812921239543,0.9292583988630495,0.998196610241288,1.223427314734736,1.2338250322969893,1.3292630042636435,1.3433989132270905,1.4189922635753898,1.4420376491712597,1.5064312843715393,1.4589053202814068,1.4800912356219544,1.4683115772109805,1.451381839994475,1.378541896306083,1.4010220775731241,1.220732419950519,1.3785396931153755,1.2932912225745457,1.1895931568059923,1.0380675757525104,0.8277749564024532,0.6285896882279609,0.7102177608430209,0.6557179488557736,0.4092050062801762,0.22333602293833735
2.960000000000001,-0.05863043631839327,0.20307102018113501,0.2944908795465688,0.40921379710125,0.6482350149920287,0.712420554692639,0.9357472949798312,0.9582764717574651,1.1166135073104764,1.152526733788156,1.2945603625865474,1.3364932062255879,1.4204852061835884,1.4522682994807186,1.546644886607899,1.5206164858976576,1.5311393406066836,1.5137534941264357,1.3563390629769516,1.3307222228696585,1.4673079486376426,1.2147695033724517,1.2919124553762442,1.3536544635976144,1.25244749240189,1.0371399593916735,0.8427282366696067,0.6772234793220971,0.7919227617768041,0.5844324755286529,0.46792166510846356,0.21862082849173736
2.9700000000000006,-0.0378082093903346,0.2008211091056958,0.3137408983010888,0.47396485330577376,0.621981214288435,0.786796525868267,0.9249134844095506,1.0484445112159269,1.1507976975040912,1.2508616882891825,1.2832770202069563,1.3561703460190095,1.402081545650882,1.4098898160555553,1.4683158712449824,1.4885471070902114,1.470661284532162,1.469476210797455,1.379818918264487,1.3277284958972433,1.4288058849745253,1.1466601179462839,1.290293201998909,1.2815821609350604,1.2527931267969363,1.0555434564976274,0.8761990974354089,0.7436007340580674,0.7685242551479634,0.5892274678862456,0.4647169701677507,0.2242364933263158
2.9800000000000004,-0.038572711423975115,0.212484965164171,0.3736993755910754,0.47258518093063956,0.6365027905345434,0.7493032919903444,0.97703887451336,0.9958015102255965,1.1017170881650418,1.1944992123691782,1.2990200582075584,1.3286384403368632,1.449697379898125,1.429085129326313,1.4904147294671801,1.5080784574227266,1.5246273758367597,1.5724630351697917,1.4294892721133199,1.3727002240893165,1.3869512478804504,1.225379616531459,1.2333188584064836,1.3114177087151224,1.165834577408743,1.054295438289865,0.8696187583000043,0.7371377343899532,0.7853330192874051,0.6184545974919324,0.4471827570647632,0.17295970043860223
2.99,-0.0740819879638505,0.18357991798971218,0.3261962926479554,0.4673340763010726,0.6769512383099312,0.7248466830157033,0.8824255360380596,1.0580361858776222,1.1132894893960412,1.2534838774860442,1.2697475326252858,1.388218971366196,1.3902463633420943,1.4226668616058762,1.5103048008361586,1.4565486120580393,1.5060280348355195,1.4949419478791004,1.4235797793699347,1.3792849778936136,1.4523861395415936,1.2497527145035672,1.2559930852610712,1.211822089997124,1.2071953817191996,1.0466204764639289,0.9042263386079825,0.7478849469821992,0.747079143186198,0.6376597926971981,0.42865191877034264,0.15937848942863397
3.0,-0.031708112291993065,0.1610441809542971,0.3600845400727169,0.45777558475047647,0.701606035049722,0.7734123805516093,0.9496480931804547,1.0636923093979436,1.1788171009393789,1.285424070845638,1.3017850945795688,1.349554295951673,1.3998591854258395,1.4134848610010542,1.5290391570750008,1.4996829168432735,1.5214056588894809,1.4759231694750745,1.3921522197996319,1.3768928996920036,1.4198643172712362,1.2015237986539988,1.2192775787875194,1.2402340976973671,1.177281566555674,1.106453768109108,0.8821245924240912,0.7338258499629775,0.7111119708118765,0.5835962583694682,0.38940562464385353,0.20898829479938957
3.01,-0.014353790810266368,0.15428916201281406,0.3959720876590163,0.48427474670550996,0.6881474806622626,0.7900978992085609,0.9463328580209751,1.097564100070048,1.1165757480580956,1.2009437098346005,1.2943101206887881,1.3823953014442292,1.396238292791011,1.444787484955542,1.5141599722413106,1.4736420499450986,1.4801212396717869,1.552083882874689,1.4161090847683866,1.3702745634890092,1.4198496944483439,1.2206924177597829,1.1522667257278956,1.2327050682164105,1.1859068579007312,1.0354529181894805,0.9730078459317393,0.8504792551919294,0.704569231079106,0.5813445032653284,0.3624470025836692,0.1420055885300617
3.0199999999999996,-0.019137007068814858,0.08033973104965977,0.3756671242239463,0.3917056889348492,0.6892963847603057,0.8328487376077764,0.955851551286527,1.0909670611368139,1.1969759607156398,1.2515209095385247,1.3089294809677443,1.3393755615845377,1.4176031554667785,1.529482747687436,1.5298869439298048,1.4146846001697575,1.5641350423468434,1.5994434946081622,1.4677562018555954,1.3886138531950851,1.425101377465379,1.219806081153402,1.1888404128902057,1.3178217963992536,1.1716019359525265,1.1200866648406136,0.9744899937167558,0.8380233202974604,0.7789808650605266,0.5722374085597238,0.44044022229349605,0.18119895244654602
3.0299999999999994,0.013456292080367327,0.0642601505857201,0.4135097905657865,0.46661678550004826,0.657546337185472,0.7915460691555655,0.9421188750625833,1.0330759765550153,1.1426558555354793,1.2189566657456596,1.291086771738274,1.3752431108624894,1.3959594264411188,1.4350175925173165,1.531348301003234,1.47640394877773,1.4883048632402314,1.5007075678053092,1.4573597116817945,1.4486144401939998,1.4049097985804027,1.2546513161581447,1.1453073668202305,1.257722883429733,1.1310702173912488,1.1183939890201153,0.9411388160406533,0.820960189583773,0.6774358143831374,0.5565946096862155,0.3797294514667163,0.14603473145182394
3.040000000000001,0.04669253252677852,0.1308346150018996,0.42024521552283106,0.40230581194228987,0.6860375134914416,0.818286816542742,0.9241582944592315,1.0334542622051743,1.1538248551586077,1.289534958985763,1.2722302855713132,1.344915140250624,1.3765040387491523,1.4592643391362954,1.4851695850237807,1.4316096626620618,1.5064456714692431,1.5233440142778745,1.4736293549189015,1.4857244522498665,1.4156028476143154,1.2752135261157096,1.1643472718736771,1.2674860534123156,1.1315254154112915,1.191174594613721,1.0668611002908832,0.8773817023730613,0.7141574056075304,0.5699029886779421,0.324403595578863,0.12253076338960438
3.0500000000000007,0.035545182997532954,0.08858541201203035,0.4181449655032901,0.43284524635718075,0.6785250391431045,0.8104156670037901,0.9513645673019037,1.1187583711201552,1.13512633992613,1.2338270524347592,1.2139389576718165,1.3283666148104551,1.3782345101761366,1.448369682374477,1.5159582602166126,1.481413573932243,1.5021102154557349,1.5702405609846932,1.4712916435582586,1.4127401757567941,1.4276038110579345,1.252414105533345,1.0723440354792684,1.280821294612403,1.1531909590810907,1.1973820127352413,1.0894333742857467,0.9105560712083528,0.6549975433485327,0.6472868487675627,0.3149810870201527,0.08919309829798905
3.0600000000000005,0.06628214983809061,0.12038090005012325,0.4377852491517978,0.4511913192993091,0.6787734039758025,0.8154906551907075,0.9218186028055507,1.0913432240784935,1.157076022754635,1.244188234942303,1.3155986080218707,1.4230042745729672,1.435928595299458,1.4294871820449209,1.442631510962109,1.4642479363054777,1.5683044808076558,1.5191587484773115,1.5042492577270385,1.4986057655186635,1.456116190648596,1.3547189931406018,1.1142858247575098,1.2158117795831564,1.1404878629217858,1.2516264157933275,1.0785106236318391,0.920693181948165,0.6281005151001228,0.5392358676189705,0.2830859547180532,0.1180460138911624
3.0700000000000003,0.025342996514174758,0.12536416683937632,0.5211855325910769,0.4626957935595306,0.733805665048304,0.7948072823650756,0.954413337243237,1.098507472842198,1.1569014563966082,1.2277759986836998,1.3618345917336767,1.415054524412265,1.4757321777827506,1.456532772776914,1.5345012925212198,1.4744286475117547,1.472205013213576,1.5264409825369571,1.5250922172349417,1.5167963346163977,1.4268234892372362,1.3441375218080724,1.1202659754295725,1.2308516010008315,1.1302865794239911,1.2114145032828278,1.0710911741186495,0.9348509969005294,0.7066964579718641,0.6008886984519057,0.3179755502598568,0.12341826911352191
3.08,0.006296274278872176,0.034266382036059015,0.47439511154732616,0.47905729051751234,0.7539036207355164,0.8278098140124571,0.9664579436864726,1.0908506874369923,1.167897649078825,1.2614472010494213,1.3191748023385677,1.344127584261786,1.4419075709213751,1.4704022427327517,1.5157703391580442,1.4768765982936047,1.5801780681433935,1.5192927433594512,1.5559807840984201,1.4630116086321348,1.466799708753106,1.3776033076270655,1.1755565890700506,1.2528632194769576,1.1356412269000127,1.184718005099667,1.130891960786029,0.9138469480878737,0.6447700881085578,0.5283988319900161,0.25753725085948426,0.0855734366231854
3.09,0.06469656462632552,0.05172495909674944,0.42474919584863297,0.4668386662849518,0.7959114375594359,0.8617526774367545,0.9303518116583724,1.0872961477734897,1.20306729171734,1.2115430538621605,1.2865226184995497,1.424265780965515,1.4752167196812689,1.4495427380412016,1.514148761089081,1.445677782854737,1.4987917184353587,1.5089542845557897,1.5326622644154981,1.518423912162712,1.39171760537742,1.4014951200431265,1.1217336403531772,1.209107777747941,1.0954458880584699,1.1944941978549308,1.1241578638715652,1.0663134968603938,0.60053517252924,0.5248600275899654,0.2840820225625,0.07565230683246302
3.0999999999999996,0.1880353343322281,0.10466182810088004,0.4346730688812346,0.4578696508323262,0.7548466973240554,0.8733221231426087,0.943885945888472,1.1006864995724963,1.1482437684088227,1.2334726365328816,1.2868792827349864,1.4084535610705224,1.4788664778384166,1.417760979076144,1.4513565386612568,1.4475622717912118,1.505066276294381,1.5530819188990956,1.5209533041163816,1.536786627869288,1.4591098939492841,1.4429283609550025,1.1861976839106887,1.215185460978959,1.0916126884582324,1.1808726583610818,1.1261257544713423,1.0525921487776224,0.6226456016388944,0.47026621907715094,0.2146526635409425,0.0012442310736286172
3.1099999999999994,0.13054994405151119,0.07434213935157219,0.4499293595660092,0.4728749223148953,0.7033306209368468,0.9074548933330496,0.9625400568821598,1.0932968397041793,1.1806631663691132,1.216769110551922,1.3630434685275867,1.4028078616286277,1.453814083877629,1.4453636496554918,1.4458216879326513,1.5386643859731053,1.5456514580801435,1.4931721540929372,1.529247614695056,1.5406886273532636,1.4672646185240337,1.4383985774019312,1.219131315657557,1.2025731638441841,1.1229970547002393,1.2646350340365644,1.1604450994161997,0.9967569957855352,0.5757510071364232,0.5241586700874411,0.22224790520842627,0.06218144433063183
3.120000000000001,0.15179070642134923,0.0041841183986736155,0.49288862637342407,0.532247154374763,0.6935134906422464,0.8494555748369548,0.9466490803574537,1.1317511786990089,1.1856718842635303,1.2395904133230133,1.3421948522517881,1.356274262538149,1.3698003417443747,1.4991627457691574,1.468524228814373,1.4820139191901511,1.516916668785692,1.5610329717240672,1.5966381136319368,1.5452549780964204,1.3932756823925894,1.4580632379187732,1.154783529880559,1.150952322258477,1.0739330995991834,1.1600698327740266,1.1519382336777837,1.034354665263661,0.5822560064087533,0.4622344694688169,0.18684399211991642,0.02423731906215481
3.130000000000001,0.1674933859677543,0.16661319349430065,0.4870494988712178,0.4856199296011565,0.7722397699003207,0.9297061411053031,1.0462773658319977,1.1176995571566346,1.199821228674121,1.2510817724539023,1.31681608033294,1.3793285204084325,1.4569373218682715,1.4703964844263302,1.4857622146458391,1.5583983161765234,1.5074841540669859,1.5331950642334333,1.5666623357246903,1.6008377385173604,1.4919653669364166,1.5292523612929299,1.181021759692125,1.1847029927342791,1.0920462244055928,1.1445955281169378,1.1345298573916047,0.9827022929573285,0.5107523266273616,0.4344344540607342,0.2035427023899084,0.012339773022195744
3.1400000000000006,0.18242086583161884,0.15208988737321322,0.5518912365122244,0.5411288618473299,0.7665747337081714,0.9445818382038745,0.934273058770975,1.193709327271135,1.2163125244800297,1.309275214320245,1.319269591982653,1.3842389980952408,1.3832419393444202,1.478640725956867,1.4829084522482014,1.4996407541061747,1.5198360088959353,1.5189816751089167,1.587791076169135,1.576340730163791,1.4769216011979416,1.5094516541948821,1.1647819016653338,1.0298014288693444,1.0531295070553774,1.1810739088788935,1.1258770491714651,1.0124507355235217,0.516721569421151,0.34387776737468434,0.19555555100529634,0.028158754781167267
3.1500000000000004,0.21819121982030393,0.11784583538507942,0.5133422011043041,0.5687638164902671,0.7912680539154874,0.9135194150161563,0.9788928795106995,1.1475071110071724,1.1548118674000063,1.2616980451573974,1.3201010925941326,1.445246041562782,1.434979510351982,1.446947074025097,1.4965539394407814,1.5038037552115446,1.549959057094943,1.56186780004363,1.5475379957290616,1.5088615363801379,1.4185280569357115,1.4660000974054501,1.1711513417372763,1.0601524823388722,1.062937766939906,1.1823277706723083,1.1302504541976055,0.9339351252388713,0.5023229827000405,0.3958379267835191,0.18235479565792234,-0.01465636543792426
3.16,0.2638095967093342,0.15460037230555285,0.5298933985977042,0.5379869081686702,0.7173827927133355,0.947615924904544,1.0072044452244504,1.202577567457958,1.1840851665401435,1.2011593792475634,1.3188449553126067,1.4224944016721803,1.4907273500865694,1.4431666264896787,1.4209510444430906,1.5328541584576985,1.546216978961121,1.5780143810474097,1.5684244812311081,1.5892446539759135,1.4362655344584634,1.4741269591877157,1.1838025961677878,1.0436247255269648,1.0276441470741655,1.1453225735916746,1.1243753824924723,0.9606703286179884,0.4339761736474589,0.36280778620255644,0.1401735538163602,-0.0196675960395322
3.17,0.26237840948739566,0.20437850421250192,0.5742144664723771,0.6153212972580288,0.7744754661606205,0.9716433499679573,1.054363759206347,1.1426915184330388,1.1542234192022487,1.2616660667587039,1.31141589859661,1.3609795989696372,1.4299835669415684,1.4716527751547495,1.4184621110872362,1.505281317021842,1.5464534692273872,1.519176888852517,1.5487735193442942,1.4890345700469199,1.378079029077067,1.4771338389587212,1.186450085678907,1.0740119120742813,1.0748993419923292,1.0616819616373443,1.0558030409130674,0.8955112098007609,0.4193979032593826,0.24712999023012258,0.1150202768556974,-0.032076904512870916
3.1799999999999997,0.3151972581027833,0.24420217869557875,0.5567216827816579,0.6050115617170162,0.7418070136789946,0.9827402532931521,0.9637338417243059,1.1852073993534704,1.197352573276646,1.2021951753926625,1.3070055130654141,1.3944621652856337,1.4655169131702386,1.4883769977788652,1.4370315773151556,1.538057244462999,1.5185223246031492,1.5538271812025717,1.5955044966017968,1.5475961734115482,1.4143275931879051,1.4684621206611361,1.2005021104250857,0.9939124633060875,1.027382776543787,0.9747894236146475,1.005750980065309,0.8641465598632095,0.38041538097817346,0.24133512052523212,0.15661241789484515,-0.06751966370309284
3.1899999999999995,0.28999014399890327,0.2704479098792345,0.5146887926926608,0.6195339839678681,0.8380766524592054,0.9831582398638847,1.0237915500554462,1.1758234945004131,1.213947420181304,1.280544856916837,1.2884345400331112,1.391807513861644,1.4232776555401259,1.469826455090644,1.5236005780859645,1.6045557699351676,1.5653038916859843,1.5211509303657893,1.5454920727632313,1.5233455217956933,1.409958934288502,1.4610560426602948,1.2853591450839157,1.014636207801,0.9730244665834797,0.967114282802939,0.9260283759904167,0.8283609463235498,0.3646054637281896,0.18740507384020905,0.1245979914943348,0.005593949129762514
3.200000000000001,0.2878157348718101,0.2832765031189025,0.5529522664053194,0.6666097790932876,0.8065889676963389,0.9843633030310012,1.0728334503143153,1.1670511249262059,1.2205426796491856,1.2350372865429804,1.2511791198463187,1.3709397635269518,1.4395309988232707,1.442324829430354,1.5024794849463496,1.5366544472963257,1.5052765454084625,1.5255676588081029,1.6500355838215532,1.5378094991873252,1.3792960689855902,1.4787511060855627,1.1980505303907347,0.9896087005477768,0.9334202557049375,0.8834597927977628,0.8685489969245787,0.7625165458660004,0.37805325206758217,0.18756715487585246,0.1553654073634586,0.042196954727743645
3.210000000000001,0.32220541902833694,0.31320970786228136,0.580179884537869,0.6536402364680971,0.7883416997025692,0.9474755892612131,0.9579726152542203,1.0917410471605515,1.1718118531233768,1.296029760181859,1.3230180666701827,1.4116898617028868,1.4097490332639846,1.522424743031849,1.5066064755886979,1.5288799890375604,1.5423263531664944,1.4987706060836665,1.5543299079746837,1.5426289635537065,1.3665814398933729,1.4285947572662128,1.2581230404211228,0.91601524275075,0.9698613355215588,0.8895092287429216,0.8425845244983252,0.7749814310369725,0.36759079071004147,0.06602191720955539,0.14292011157433657,-0.03526423048536774
3.2200000000000006,0.3606554720722347,0.37232149985390145,0.5651781592800099,0.7257601866658522,0.8143019376910627,1.0025133672225481,1.039020409897259,1.1374168265551123,1.2174731785186148,1.2971916023293757,1.3319195940882902,1.4725729894716981,1.4478436800530086,1.4614807394020444,1.455304388660626,1.5228766243785965,1.5237364894746037,1.5380350505303755,1.469236678876893,1.5171345119131943,1.3522523096271373,1.4785827390836654,1.1965559663454228,0.999053607487699,0.8756703233474971,0.8408717133980419,0.8389885709365181,0.6558830336967706,0.30607928168253645,0.15282435531953148,0.12788388106206366,-0.028026724669105132
3.2300000000000004,0.2924445299332313,0.4090620776884348,0.5782384442307066,0.7159167572170763,0.8140133377618376,1.0044341252650624,1.008112936603611,1.0727800956195315,1.219230015129408,1.2838367713016998,1.2612857349027102,1.3697305252043914,1.4228508656861267,1.4022825458408024,1.4411963534466987,1.526550625566555,1.5441164926958635,1.580707665042713,1.4608068391711098,1.4125362949423814,1.3256997692660848,1.386370291673177,1.2467059920729169,0.9171789782942711,0.8755471522870539,0.8067571561386053,0.7981529646086195,0.6990696210439833,0.3435998326249493,0.07675476910773908,0.19454455273228605,-0.026533525695035955
3.24,0.30361448823250975,0.4135066647764638,0.5779647740363743,0.7172867539285891,0.8108231848621624,0.9885903806856224,1.025833716461938,1.1300094718654707,1.1680913315638661,1.3185773111561432,1.3685236760549069,1.4416699613086574,1.4929720914783182,1.4760633397229228,1.4929541506614596,1.529810695783072,1.5803434777260712,1.5458300950342674,1.496047572714608,1.4078786407977655,1.2757244152342548,1.367500786078836,1.1812878945264662,0.8856852651077629,0.8972814981812696,0.7803059480020167,0.7673342455512386,0.6324948539315175,0.3391632834167089,0.1434338542969665,0.16824458198691042,0.01050905189358372
3.25,0.318341201518488,0.37514385820785984,0.5825304346525586,0.7455301861036422,0.7861921017927814,0.9796347548011903,1.1023602177930103,1.2176610684075784,1.1770042813135364,1.24512027517893,1.3463884660168763,1.36896791241101,1.4119312419306123,1.5336570576547301,1.52254185456749,1.5398492729258302,1.5171044240151206,1.5170913842258165,1.4064235478348035,1.374888348948039,1.2771517094876983,1.3015564967096822,1.1914955777188416,0.924308428910175,0.8611556649932134,0.7555326834127923,0.7607342281408418,0.5621887590897496,0.3544688937688237,0.09664644958642642,0.1389042528507401,-0.01835202402695636
3.26,0.33647366795887546,0.5304385354282476,0.5868351003870963,0.7176716900341128,0.733944538314722,1.006484434800589,1.0737173237239734,1.16853338255628,1.1875381238029057,1.2836955205673708,1.2934588814372119,1.4142808628052337,1.4486877045574924,1.4389391879710667,1.4930688917659867,1.5189417985576907,1.551963374351852,1.5126521955849588,1.4380274070745667,1.4344129207656684,1.26789137101326,1.3477989005679936,1.1914344275100792,0.9073866374128586,0.8957030944248386,0.7645757456665806,0.6849724526751008,0.4893898654776634,0.37369035254631555,0.13660055734604748,0.1786906443891149,-0.04407597971826675
3.2699999999999996,0.30414548852392764,0.4167992673796269,0.5613675297682205,0.7424642302658039,0.8067345839595523,0.9897110177170194,1.0613708000944986,1.1650510388132091,1.1972516567086073,1.2344368998152435,1.348667486634217,1.4056529080835927,1.4489111584915304,1.463387872170901,1.513918501080964,1.4928476848907895,1.5636322142066317,1.4590069399050611,1.442701944995759,1.3925793359463543,1.2792627675025157,1.2976969246202876,1.2243095480747743,0.9118721254303107,0.9094032647723651,0.7381938084203412,0.6644462307146413,0.5680381719672,0.3798104444975243,0.07517302095629735,0.10840635123959495,-0.11590562594481449
3.2799999999999994,0.27268841694660423,0.419562293507035,0.583947353169501,0.800806454500615,0.7648733828196804,0.9943859693285002,1.047724443674026,1.187848318020711,1.2292753106024803,1.2790438725751392,1.2996386059795668,1.3831033893006872,1.4197239575065745,1.4879651422696594,1.502823835286509,1.5207003678113042,1.5060154990608026,1.5492871063304132,1.4208079073979254,1.3857080801148394,1.296310806021898,1.301885919014606,1.2038730233923105,0.9321528363424634,0.9227309106682325,0.7343227404825554,0.6726173275366527,0.5324763533164169,0.4213659581561376,0.09886229985989615,0.13651473594720073,-0.03642794770313662
3.290000000000001,0.3001882506760542,0.4484175490360374,0.5798454403544646,0.7256184222211044,0.8638314355963909,0.9840901691015245,1.0758704879572891,1.1550757860615521,1.1904699073943787,1.2004543971735715,1.2955825247941972,1.399138048523072,1.4851525401103434,1.5177157720728556,1.5218514598095876,1.5232575139626294,1.5461458186733907,1.4721369127656239,1.432116815702954,1.3458334229934457,1.1549756250652246,1.2562640969884886,1.2603827742066167,0.9277628931298593,0.8671630632687648,0.7134123953335745,0.6290758792337697,0.5443762271451782,0.47895377369090847,0.20376968137712115,0.12357369539886294,0.028743171871910098
3.3000000000000007,0.24641135071943573,0.446992013340294,0.5641609876763622,0.707408578550355,0.7724600007820128,0.9819654535313682,1.037276229360169,1.1203675271353961,1.1861125973348694,1.3045279346448595,1.3388459385275504,1.3971316645289138,1.423147052236486,1.4710500229082089,1.4495258825962427,1.4908157231995829,1.571368756789315,1.4740461205717985,1.4434503207676364,1.4255500561979053,1.2897224787883252,1.3370681214479472,1.3260124065637517,0.9470167703622113,0.8418988680222727,0.7138774241728714,0.6795309589864924,0.5020941906155543,0.419807098015734,0.1951127142082791,0.0893481128786199,-0.05663855142769997
3.3100000000000005,0.26255035145411915,0.4651832139321743,0.5468038924957375,0.7637911552481721,0.8095568400579805,0.9509942069454923,1.089542219364157,1.1667337088670549,1.1915134659971431,1.2916079594295118,1.3347574664147397,1.4682959216964895,1.4592410742317605,1.4607854935544922,1.4719863076790485,1.5254066904364152,1.5865543714119545,1.4416764360669605,1.4346853313663228,1.4064104293585962,1.2414202314547875,1.2942569344336103,1.2694663601677478,1.0129865823417608,0.9377935885962431,0.7211922796258194,0.709171525951318,0.48698979509143425,0.44170435408644154,0.2548073568653655,0.14123152552870047,-0.06581026365862876
3.3200000000000003,0.22414726494733928,0.414007680548117,0.566766031226291,0.6602031190683668,0.7999771185082868,0.9517024089335845,1.0647897443517729,1.0941460462408945,1.2524472803363538,1.2379687591016004,1.3376144784385564,1.3703183149158824,1.4657626915388642,1.4708826038340905,1.435606816087819,1.540752189456436,1.5198262542507572,1.4253922895333744,1.4069160614208167,1.349060762657583,1.2601114926375259,1.3473369353644717,1.2874191051197517,1.043260423627483,0.9297763733391909,0.7487499692788656,0.6855947055578323,0.5547207860325011,0.4249073628489711,0.1559434602552945,0.01760866490616219,-0.05613406480030624
3.33,0.17586709543977588,0.40155320024814284,0.5375400856139482,0.7370876741460217,0.8623594006289819,0.9494944996788512,1.0714108537862441,1.1150737927223835,1.20580708830175,1.331414198048918,1.3985886859707992,1.4481920283875231,1.4933926839650085,1.4822550789158089,1.5089463138040429,1.505679502443292,1.5487957108628796,1.4755267950662208,1.3772223584080816,1.4023039298742,1.2859346551995097,1.347772313461411,1.3335542256966286,1.0713439582405995,0.943984698243757,0.7283324532507057,0.6424660183180781,0.5599438334940081,0.4491048088116048,0.2708414998274054,0.09394051674472657,-0.18130074322371825
3.34,0.20534804945608684,0.4269166356113424,0.5385978943405828,0.6357586992208049,0.8494414374280507,0.9038520189924221,1.0977817703533166,1.104198345009227,1.1938808094430695,1.3077030467847137,1.366563893698614,1.4098634551918152,1.4532403794238478,1.5414513103031662,1.508232841848816,1.537369284025102,1.4912370913858153,1.4416550026456036,1.4051072922101226,1.360691469606929,1.300956803477219,1.2873663434180285,1.287466968806183,1.0600509214821907,1.003914561636781,0.7834323523183798,0.6084272617893776,0.5140812167885804,0.44727424336222055,0.28554312359165307,0.017146413168509685,-0.04729726787789005
3.3499999999999996,0.20677764229262552,0.3903514778161822,0.5329953680684612,0.6912965816819824,0.8676395335228635,0.8961247196723567,1.094862078425753,1.091158064211156,1.271396359883926,1.3220030286748705,1.3222634800803625,1.386060856453832,1.4537235862015678,1.5129445494930605,1.5472663601763275,1.52943271710862,1.5008353285785065,1.440781905450036,1.4417349979067924,1.4141725458517238,1.2564193066420184,1.3302577952694483,1.3277413875128625,1.0783832779947666,1.095602273626651,0.7966715866377376,0.6202427969171045,0.5184876196675994,0.4282121795213117,0.25789291519670265,0.006601119327562088,-0.10169180884731514
3.3599999999999994,0.18272873558755837,0.35219127301069264,0.5608764281100213,0.6676107771059245,0.7954977222518612,0.8953425633076701,1.064601721636325,1.2072047944938247,1.2571863545887758,1.2612572215219797,1.3870723825596487,1.3867894987634382,1.5054357113736816,1.540717676381842,1.5003066007471226,1.4989038054639665,1.5733139323955545,1.4092236690799496,1.4012515512615378,1.3732663850098048,1.3454655927638766,1.2973045595170851,1.3490721246844,1.0509598271022715,1.057312753424512,0.758277541324208,0.670534400289878,0.5249350177645196,0.4072172610271964,0.2632410517547487,0.004176418629704307,-0.1805021059708188
3.370000000000001,0.17214343998922998,0.40826621000073576,0.6128583111394126,0.6389164382406245,0.9193147861536834,0.8976854282930095,1.086028645834247,1.1361122585040029,1.2151536066728363,1.2565250153262086,1.3892826283734874,1.452495326377,1.4769712922398468,1.4802882667717447,1.4432422623478733,1.468514074844043,1.5066367627444175,1.4418449011783763,1.3907170957953632,1.325213840022044,1.3393556052443336,1.2999805686467987,1.3618592727517957,1.0579620011766615,1.059231445072785,0.7415697725675464,0.7021169041462294,0.5916690508122101,0.41133458729893263,0.28443891345993555,-0.07206044648557168,-0.14540720266545376
3.380000000000001,0.15166884836135916,0.30338170355795485,0.6172717260875541,0.6529454533248548,0.8409236744966871,0.9029979177500764,1.1059334419137397,1.150762831222759,1.2300960291724317,1.300526842485738,1.3875709203716162,1.4092983221244297,1.482679593880433,1.4730083329802013,1.4677849888394194,1.482419332428172,1.47888802643596,1.404411498382953,1.4415137520337435,1.3823827694505977,1.3674582523350944,1.2970700352078801,1.3571398181085401,1.0941415466098126,1.0628621324490088,0.7997453142447198,0.7430521699993462,0.5383398436320802,0.4066680784698814,0.26619995225032966,-7.328266005153863e-05,-0.1450064333617807
3.3900000000000006,0.1584769460981411,0.3282083451028372,0.6164734500962371,0.6280214070298062,0.8136610370358294,0.8987851834698061,1.0884096449490896,1.1802457141249367,1.2758851964165772,1.304991300328612,1.3871826437703456,1.3422147386139645,1.4660778459472228,1.510224931488507,1.5077358875441413,1.5054666033326425,1.495235425914793,1.4832786903306336,1.366782857577012,1.3276650895524995,1.3482782775393591,1.2709500625095862,1.3765245857310509,1.0849709763462876,1.1656255542065863,0.7953746525517111,0.697687841780161,0.5570263147456861,0.4029960426874223,0.2540030912185955,-0.0718495687765794,-0.14448617394612473
3.4000000000000004,0.16133777920333353,0.37666024419058486,0.6343402182192744,0.6986482580285082,0.884612316512216,0.9262534892754093,1.090286392292447,1.143838700349359,1.251595002312578,1.3354458846994985,1.3274751032034744,1.388771550901473,1.4707271687916914,1.5620091784840435,1.413077868675085,1.4219082570022346,1.5206775869400961,1.4359877840664204,1.4324682244423654,1.381722296378615,1.3584375432249771,1.2521385936065799,1.3642591723467696,1.1237101106050857,1.1543956178027892,0.7964892982068998,0.6454371417386761,0.480100964065895,0.4128189149437209,0.2641250207842217,-0.035257220974549905,-0.10025929421620368
3.41,0.20866287220983065,0.3918882283234029,0.5770421292263146,0.6678606831986622,0.8841494770617667,0.9218368811738084,1.0410920348121093,1.1201732267827715,1.2295647724751515,1.3209981659592667,1.3738199585688324,1.4488829736111906,1.4377547192702647,1.4521580355813473,1.4847784197662381,1.4226072983006464,1.4533607412243974,1.3975203303928163,1.3733980276377724,1.314276603895948,1.3520482698524232,1.2453111300261968,1.3774034171115477,1.045677245438402,1.1398292117715207,0.7530763310831478,0.751360436917224,0.55703803381335,0.34617111780681586,0.29899668298542215,-0.033753065397226396,-0.05153968048266807
3.42,0.18318419265894414,0.4115263354237403,0.6736866131561011,0.7124730656221266,0.8496327461065845,0.918518217062845,1.02970188286093,1.1610114331475314,1.3005769885020364,1.2788216141167343,1.3652513523326084,1.4253821834848615,1.4698056311046377,1.5727238936321803,1.4809474334163133,1.483639956768201,1.418583057044659,1.4013044927141132,1.416845215823357,1.339226929424517,1.3910439030969448,1.2491588443455197,1.366387154571152,1.1296873830011975,1.1628854578328618,0.8386729725075551,0.6437044149454015,0.4879376374207449,0.36109715211928306,0.2736107039247179,-0.020300395519515072,-0.042500875703269526
3.4299999999999997,0.22067443967576209,0.35981141475132133,0.6793298430923579,0.623083937097594,0.919504710481906,0.8977920969718696,1.032494283713946,1.165018783406541,1.2177693149791176,1.3024278389497552,1.397582610269137,1.4275064521833223,1.4635539414060763,1.504816914190009,1.4773204171142702,1.5154059876481976,1.467502431303347,1.4636817858024616,1.3912361714001775,1.345897418877272,1.4320158167772612,1.2335825399511182,1.3584690929011414,1.0986554071998116,1.2224454272669931,0.8329743634172225,0.6714329278517833,0.5169285750348452,0.36336889346463064,0.278471384979966,-0.02945610809030613,-0.027086467608780758
3.4399999999999995,0.22845990029493227,0.4106912425847113,0.6838379400735796,0.6846602563714125,0.8600681438248413,0.8871094576359103,1.0590379434647266,1.1945643026937844,1.2397715101417939,1.2955846713753199,1.4167414195025068,1.401830113042932,1.4445436384167674,1.4847711910473673,1.4515362944353525,1.4235191503305906,1.4568396108483785,1.4744640481705844,1.4229780740693776,1.3343033325083535,1.3492880165169476,1.2239181228157572,1.2973148722692562,1.0731942046374168,1.1714331919180567,0.8556545488857401,0.6743165461121877,0.5209319467527014,0.2977311347042512,0.331280764586262,0.039245862367437476,0.019459834242117818
3.450000000000001,0.20525160085585423,0.4233212516455034,0.6704276525108023,0.6917744656477229,0.91508535665226,0.970066532280657,1.0424570927326215,1.1254307016378482,1.2420957731627655,1.285005861866709,1.327008908558265,1.407048687414807,1.4576489164563076,1.522686996213321,1.490906954017018,1.4534794982625237,1.515937698482951,1.443403114245883,1.3549106357894514,1.3017815632620338,1.4066769887633244,1.2504161245682293,1.364138404239958,1.1024584802484114,1.2052968124130583,0.8425771820481496,0.6818721428597841,0.5385679217523526,0.3379460196485293,0.2677089842529707,0.024255387209243667,0.030321681279054144
3.460000000000001,0.2423977217807313,0.4229265907238705,0.7123089368449861,0.6867302074349708,0.877277949736391,0.9075891005893626,1.0434123523768437,1.1726714736283557,1.221616420534589,1.3105035969549035,1.34960316758152,1.4493601245108483,1.4770109154513442,1.4700707179712647,1.489796610591329,1.4316329241757975,1.5215802514248928,1.3743300892064962,1.3792750567495748,1.4173465408545822,1.4980086569624833,1.2033777978161744,1.3860588672707805,1.1106938807854525,1.2271649264687639,0.8655620879520692,0.6624994411345447,0.5765040186570375,0.3363555855326793,0.2896008388072181,0.04911636486606281,0.14465045435122484
3.4700000000000006,0.24829853272898542,0.4495301479090557,0.6776312847124711,0.6536887572798579,0.8996571673846188,1.0118535181754458,0.9910046916761025,1.141146064836809,1.2127192817605152,1.3167663634505449,1.3614240881694635,1.3670455191253537,1.4929636635965966,1.4928439194381256,1.4819570327474494,1.4697475465581633,1.4294871545207293,1.393683264955871,1.4077646945796638,1.3970705184256513,1.443447675181837,1.1819633226209099,1.3429166537152963,1.1652136071993318,1.278705274236483,0.8495978774228281,0.6882082694461719,0.5367732963569846,0.32715599257929273,0.32521576631454,0.11230740057114691,0.16695511694499718
3.4800000000000004,0.31193603443606793,0.42862291962801696,0.6925730528555973,0.646667076870185,0.8404101465047215,0.996554271014767,0.9224019962324063,1.1359155421133451,1.253849597224557,1.2755630332171088,1.3712293608753903,1.3958431496354784,1.4609087383670007,1.4580452392544367,1.5086119319129854,1.4001488726260194,1.500840030166087,1.3785902812500015,1.4788422241626602,1.3821065091595492,1.461523420551672,1.2459116782945174,1.3080018264387594,1.0757186580253761,1.2808265132589163,0.8501803461301127,0.7015017189419814,0.5016370687766606,0.37176235438371985,0.3422588281975827,0.2011733489492315,0.15276286954093513
3.49,0.2801466648328402,0.44584473482417614,0.6376615325854031,0.6999840170742468,0.9059927932472971,0.9279653663920295,0.9194636965774675,1.1607454265039086,1.2038743380756274,1.2714491134116117,1.3472635648470064,1.358862896997739,1.4831431040565302,1.4830598081394257,1.4792640401749386,1.4353839830140858,1.4076552741112507,1.4132115231527225,1.4375834763090667,1.403437524699689,1.4122354435723778,1.1878899485059722,1.286750492607639,1.1233286918034289,1.2184907134865797,0.8426743425521385,0.6973908521243238,0.5648008835889715,0.3550893761256085,0.2721282947400694,0.19725456724073986,0.24133426913888778
3.5,0.20220807929585663,0.44114842608428745,0.5965124740064006,0.7238245462013888,0.8378732247090761,0.8958802154044232,0.9087157087437004,1.1105780504766194,1.246809102093078,1.2424365963089037,1.3123777451960632,1.4119296476319843,1.4653739240606767,1.5075141880178229,1.4707713179824506,1.4508436528062425,1.4277079374387336,1.3724757610850011,1.3595347031231415,1.4160021134776362,1.4953145058033974,1.307206291946678,1.2835436256822481,1.1069787143326228,1.250886407985659,0.8977943333822455,0.7425094081605574,0.5782165765301184,0.39812927876056814,0.36803513619667655,0.288421484169907,0.2129364850122918
3.51,0.21033593281911397,0.3677798865915495,0.5636146518820176,0.6385319170455906,0.8005531193622987,0.9624278942415915,0.9506507755600355,1.1484071109424878,1.2612856338940677,1.2843037125427563,1.2955096509743376,1.3909318904754797,1.4416531595285862,1.4938744360880274,1.478699427002478,1.5025310575717754,1.4498242507091104,1.3805089440622027,1.3727999984296395,1.382154998352418,1.4906635277179083,1.2226837219556463,1.3401730581257543,1.201128421086747,1.2787201662295091,0.9183537379766367,0.7297758891487908,0.5621844983452432,0.43302286670428064,0.38193714273342266,0.24865129034644268,0.2630955438853935
3.5199999999999996,0.24993995518581016,0.4130398984409858,0.5310823630662881,0.6721928015258289,0.8207512954475912,0.8953126172367234,0.9506275449444164,1.0872074804792438,1.1817130872811434,1.2286970193373195,1.2699052263466948,1.402232930982767,1.4298344497642734,1.42258586122025,1.5250580314758546,1.478733876995415,1.4148694622715334,1.465085678145121,1.4246118411797548,1.3270277039205345,1.4752313850659806,1.173428930006365,1.248377498435954,1.1433939192146827,1.2957301243591857,0.8935079501416233,0.7939786834908183,0.5960288788495074,0.4458130045282862,0.318184823351466,0.3108318811425651,0.2716588197685479
3.5299999999999994,0.19712421855424198,0.38537505784475906,0.5307084045530076,0.6780834698626224,0.7744970326550428,0.8178268960123307,0.902919824019703,1.040678905619841,1.1213149467297416,1.2270071811896415,1.327751034214997,1.349859449988139,1.4515434996168743,1.46314305098294,1.4901593432063034,1.4668339320267072,1.421208344189628,1.4393989481857141,1.4294992747292161,1.3960213831094448,1.4447831156158988,1.2233832193639775,1.2348892954628221,1.1030169754967467,1.2700741627071996,0.905719929271853,0.7736103208502503,0.5829488338083756,0.43660882584177924,0.372762850798968,0.3774174872168291,0.3224307999898506
3.540000000000001,0.1673601046112695,0.3591682161272324,0.4886291604573792,0.6332931861733895,0.7858786780304071,0.9137876875598493,0.9395765630116342,1.073893461556751,1.1611501896907572,1.24577954545903,1.334339666566728,1.3560703889643488,1.4628777256490513,1.493122020949719,1.5386396920769996,1.4896823913237358,1.4632132438488024,1.45357855229818,1.4817299671387325,1.4237037772564705,1.4554769641566632,1.2431958543985704,1.2796569409067309,1.174947113829374,1.3131212383773876,0.9425304015471121,0.7432542661740229,0.6282225324712035,0.46660835241408866,0.4290622461024438,0.31473962348851964,0.35069011126412875
3.5500000000000007,0.12354568197429293,0.3332769426343802,0.47557140373322626,0.6089081634220896,0.6875445317988077,0.8438474213266773,0.9118572723732268,1.105484439555163,1.1684699524159896,1.2104593640269026,1.3120753328378165,1.3128655516960643,1.426718226484649,1.4522669804496506,1.5360347888976054,1.4849268483023612,1.4214033003179014,1.4492686371413197,1.4027718596501269,1.3965995316514281,1.5596183186790034,1.244269788991692,1.2291236433027941,1.2359863793397174,1.195853522508736,0.9660491674098969,0.8020330774515159,0.6393073095741629,0.5105379971409066,0.5047611076974106,0.333809421235326,0.2999970888514541
3.5600000000000005,0.12026440943586793,0.30664338171479505,0.42607473382468003,0.5724797263685626,0.7156532305842501,0.8101873712189335,0.8931720754909133,1.07764823844192,1.1049284429066053,1.2647866927882683,1.2592445198767808,1.3656184852111852,1.4765843803606806,1.5229668467768709,1.4812502607760114,1.51525908063695,1.4917001717649783,1.5277773885988952,1.4326411792678564,1.40168276403731,1.5130417876598166,1.250951135195822,1.2305447621312715,1.1454364045084144,1.2413149251907805,1.024020509516168,0.8444320153158701,0.5908702891912078,0.5590196945330855,0.4214011749264305,0.40720640975463684,0.29089021767542583
3.5700000000000003,0.03974527932292944,0.3146676186798301,0.41364672001803465,0.5878677051331448,0.7202775085426417,0.8227166881227261,0.9295034674788567,1.1152889069196266,1.174668913027903,1.1870372381000536,1.263492623025622,1.3750508461510513,1.4051616333176669,1.4528738563908237,1.5767857542092711,1.4899394915157984,1.4309207681928253,1.4781788908854758,1.4354608680603453,1.4221747219915943,1.5270149772913508,1.2963720193407062,1.183003671713543,1.1996149644477576,1.178306413686601,0.9537622897976207,0.8134355916700351,0.6659755250822035,0.5839617814551541,0.45890492106637404,0.3486962803128414,0.35885840629699145
3.58,0.08819032730594767,0.23979641355461362,0.42222491772716897,0.5467336571591321,0.6866146621088981,0.8543847521399374,0.9318692485596476,1.0404181743465093,1.1357467473385856,1.2375493126834893,1.2892435088460188,1.3947782781549303,1.4202934446198412,1.498398440771491,1.484453104688564,1.4738756509607476,1.412040134376231,1.5774274741136747,1.420719581618341,1.448373017670866,1.4828746929434848,1.2527002634535123,1.1791139260418033,1.2176658890152583,1.188436583489334,0.9416344272894145,0.8213936341193245,0.6801728715204057,0.6137811765050027,0.4936531087281534,0.38614017417401203,0.3269938860740467
3.59,0.015623924263973358,0.23080235387455555,0.393364982385654,0.5266307284073014,0.7014956802282664,0.7976332586447906,0.898621956112292,1.012093317714198,1.1171482976684566,1.1657909104121509,1.3071390594936279,1.3824233052331203,1.374545138661914,1.4392557794539589,1.5118738271026781,1.5088959581796446,1.4381694471823976,1.5151724882165882,1.405631575042137,1.3723602289751917,1.4634224592276999,1.2323592479038883,1.1516940651153538,1.2138132049865995,1.1586430542666701,0.993775328367331,0.8726809956618639,0.6639790790086727,0.5761636889787028,0.5313140626732858,0.40137753531413917,0.3091243677607291
3.5999999999999996,0.054982742099584585,0.16998329725895586,0.3603361137695967,0.5564225338767508,0.661881649947532,0.780645398661287,0.9377862117033546,1.030693564125761,1.1816438864053194,1.26555952507121,1.3399821937314496,1.3993670526588342,1.399578205267089,1.449165199867688,1.534155262268119,1.536315084827201,1.4589891069764729,1.482690344756455,1.4575156919458419,1.3753951037755732,1.4175000468920353,1.2442590608031903,1.0839785394757195,1.180252400938149,1.0803061187970187,0.9617353971790024,0.7815223327064017,0.7018948091970917,0.569699564519847,0.4779924186549015,0.4019876760956854,0.3754116382117441
3.6099999999999994,0.043687027735988676,0.22729586291026638,0.3501716118389059,0.4598831382503075,0.7123965445686931,0.7484720061374454,0.8767580560073952,1.075190920914167,1.1485186343958134,1.1914366771646134,1.2975517194189743,1.3933187501165605,1.4220697670178974,1.4292295165245836,1.460278465904184,1.5418943210368092,1.5214321547986502,1.573478459729829,1.4482984023209806,1.4101334221904473,1.4644816646177325,1.2420358124658926,1.1508582186989216,1.2152017229487875,1.1144420478645358,1.0010517548697906,0.8480544836301265,0.7061814776071601,0.6146709561594542,0.5013775683789167,0.4823396271353293,0.320834693279745
3.620000000000001,0.0032679818496757548,0.16394701165682946,0.33760715507353367,0.44041821837587813,0.6725148088864712,0.7549698194957903,0.9509416555555731,0.9968795167019167,1.1674892743039278,1.1926039392397947,1.2998197263985614,1.3013082115534713,1.418368161074012,1.4305158159003548,1.4910653836662167,1.5098089170161262,1.4816888454040575,1.569961767322242,1.4165279428168511,1.4263888238276807,1.4360507108792333,1.2768280621994146,1.0780437859850898,1.2206411278766331,1.080492471659431,0.9796294644549663,0.8912683151493882,0.719266479641744,0.6570711592948513,0.5763218930572673,0.43317137926745775,0.3170961729731801
3.630000000000001,-0.030892065692350094,0.19238916755049953,0.3886292946084253,0.4282728139705679,0.7226406548674623,0.8013854815825227,0.9206220320756525,1.027254188021286,1.163467695762064,1.1975418753687679,1.3192943652033924,1.4255889912625532,1.4336692532188677,1.4327543106695964,1.4610514289637666,1.534206586771421,1.5409817836358053,1.6321361948256377,1.4894971137834472,1.4119491532381778,1.386100310876571,1.2697938000457816,1.1215933027185272,1.2160847176772072,1.0421774907188721,0.9863109838540036,0.8466883935699288,0.7306673627713477,0.6239329787196329,0.5248576019144431,0.4149012158167692,0.23092379510409725
3.6400000000000006,-0.04299316451152191,0.14452366433670003,0.3466111674065938,0.4035238494946819,0.6879177386833512,0.7273812969387635,0.8745932153264374,1.0401911120599325,1.1769697065691398,1.217273027545921,1.2964090385561622,1.4297815521416963,1.4352037525702872,1.4650539549700212,1.5212348262221842,1.5350067411752544,1.5109470319384293,1.5612172691199249,1.4457944562589122,1.4290783523744566,1.3326910051867817,1.216854463908666,1.0811169745384022,1.284360386967415,0.9751214803757412,1.0097268386240743,0.8696974990597673,0.7700683613857626,0.7025642808737077,0.5626518341403899,0.474847509700823,0.28256925993036647
3.6500000000000004,0.0030918907643216337,0.21126699322524334,0.36569846109773235,0.4580855949542043,0.6973093335676551,0.7388923298952025,0.959912830201122,1.043692374566089,1.1294448801725667,1.196326411106703,1.344444967014634,1.3721092586969341,1.4037083519742235,1.4529421815503585,1.4525667418684716,1.4755388378155365,1.4607886768754927,1.5075211558753563,1.4730603600484735,1.3817620772443024,1.3377453452919315,1.2397087111438605,1.06087117980247,1.2347052089794073,0.9342579437882883,0.9931461911570661,0.8820638583554694,0.7347027186728078,0.6816035155313465,0.5803353737058179,0.4192508052750322,0.2316147515282682
3.66,-0.09715599010539597,0.11331754809361991,0.3567237183346615,0.46986784924768854,0.68233293038939,0.7576107883229946,0.8646351587292309,1.0627506556565072,1.1589410153907336,1.3199956765582153,1.3430767062663145,1.3840599619414105,1.4569671859015352,1.4204570608393385,1.460005428361473,1.5176690283006748,1.554995601903267,1.5479521344779363,1.4526017818720542,1.4344152435958186,1.3532556724935647,1.248916699958006,1.0101627005082872,1.2621047335919884,0.9643322609691668,1.0220287070656016,0.9478573476730967,0.808590286279098,0.7105544111356841,0.6263958526409747,0.4330131468989511,0.2238261047035851
3.67,-0.09729682130175557,0.1795541023186789,0.37509824978102263,0.46398451451613687,0.6520795549567415,0.7550271184540727,0.9181536740635128,1.0730957922152857,1.1782845788497052,1.315152753865236,1.3438475537717733,1.379892332541082,1.3942944185281556,1.4331615865392773,1.508410656142687,1.5891310971556123,1.5189217313217367,1.5389982276901955,1.4444160584742434,1.5223748461995605,1.3572291693958596,1.2645167250327805,1.09322082945689,1.334868691934392,0.8922574432553728,1.0746334483298252,0.9531556985859353,0.775171537334032,0.6859690568595382,0.6451538891305246,0.4262451712188009,0.21782139668276176
3.6799999999999997,-0.10319257225137606,0.12802930940398016,0.3572842752581994,0.43645011834018854,0.676782457912524,0.8014368508542855,0.9322124371391696,1.0650144394200562,1.1853603125402326,1.2679534350055977,1.3383080916478076,1.4535780812329788,1.435862570129072,1.4588400294008175,1.4709429679232982,1.4967967781975315,1.5471754120934784,1.5851903946517953,1.5070062404169224,1.4340327349797548,1.313989002692327,1.3233004474110088,1.100425248841263,1.339401299200315,0.8458740530801137,1.0280353446830142,0.969846788072531,0.8060901632556973,0.7839504060971517,0.6448206403810623,0.44042829165995584,0.25579232936388935
3.6899999999999995,-0.02645207394718468,0.1244152451856177,0.3962251199285018,0.4671055556349505,0.6960943167022089,0.7627788888595514,0.97024591027885,1.0181844298355465,1.2095819287618375,1.284693794286908,1.3113874138958996,1.374118124476878,1.430001733805545,1.4552137895344002,1.4696730066765407,1.459091562746357,1.5426963529934092,1.5538760027134741,1.4965572310389128,1.4589523156529027,1.2884712826352847,1.2778646020330524,1.0621455325431872,1.2467608512122517,0.861790971499581,1.08345274203878,0.9493983681713946,0.8776212041468789,0.7537655099557053,0.6350244342025921,0.41771543355582663,0.2422406851160935
3.700000000000001,-0.0406306770516913,0.14469414179294682,0.38357549026505683,0.4283988941415507,0.71254530955466,0.7716276311483267,0.9529170644662742,1.0337126822035174,1.096400420724513,1.217207100705914,1.2747498953568628,1.3016883619152328,1.464029890184929,1.3984891197308076,1.4852585446313664,1.5317047750214106,1.5467804364613593,1.5512421037897717,1.4800813741457068,1.4832780087227149,1.28337435293045,1.352566973999922,1.0656942333374326,1.3421306051961748,0.8568106554719354,1.1176413805630274,1.0829171614302022,0.8902342126251925,0.7468110441511019,0.6940410605686437,0.42014720331455946,0.21341723523542355
3.710000000000001,-0.04869967938082077,0.0952679353823241,0.37127947187546095,0.40310419699553873,0.641245205990742,0.8161846421097583,0.9109663064384982,1.025401516344987,1.158506078063511,1.31080840634471,1.3193326348016696,1.383626176594867,1.3837879503041342,1.4754661453113407,1.4536833958216246,1.5191767956292164,1.5055505176675241,1.5884211700816697,1.4980065063093966,1.4277304368939265,1.2567758224238212,1.3530936704653465,1.139680544150946,1.3516439973791954,0.874818950750663,1.1410839309254845,1.0377834728814055,0.8675940359650606,0.7524010167127163,0.6860298590158226,0.4821003549879842,0.20566175859165894
3.7200000000000006,-0.02849685628549344,0.049194240539636155,0.36463472703804445,0.44540857525295846,0.6825954801931962,0.7987915968513626,0.9155267722637216,1.0766096282649242,1.1655397406945096,1.2227260078135356,1.3418668813926131,1.3700769606294392,1.4648604200223379,1.4256610466290804,1.4867888111039191,1.5616878600092914,1.5342279054209353,1.5153229826197996,1.5424982382296564,1.4385282540044342,1.2628524606685632,1.33290791647726,1.1234055515470653,1.3732918116692767,0.8595058373427371,1.124284014409029,1.0473748583601956,0.9763071118512031,0.8122549085470967,0.6982131782095503,0.47917230768910396,0.17876953583712393
3.7300000000000004,-0.03781947654355768,0.039793596094094545,0.3530347730047462,0.38486256665170093,0.6337330745195884,0.7631574684836572,0.9489012452939339,1.0297125803043785,1.1647729460485845,1.300547983699746,1.295971975786674,1.3636079906488021,1.4702244413101357,1.4886149723388429,1.462220314684684,1.4557105618415478,1.4429127187699842,1.5578709078197364,1.4474544748909977,1.5031801942802556,1.2562665644600157,1.3736955764125438,1.2245923955268097,1.3765372127073854,0.9350139410507121,1.1500275365079227,1.0494363107778164,0.973042397231163,0.7733555965204642,0.6906532152204302,0.4219087019581401,0.12526897735734954
3.74,-0.08064098744895934,0.06632904650676386,0.3792966747168653,0.41494627489697816,0.611268553527418,0.8118777365652277,0.9294327444505173,1.0718237082469875,1.1540039827982822,1.2274189078306452,1.2748203429691296,1.3644336324379998,1.4353002560257904,1.4539352688157974,1.4558638807532245,1.4954614111868512,1.4862411416785009,1.5491268227735773,1.5020287554127902,1.5001194207577138,1.29253111166199,1.4358248430053522,1.1970639935238674,1.3598984950311748,0.8670557925666516,1.179169060540591,1.121539213267961,1.0108455778525653,0.8143797088497352,0.7259355005212759,0.47401263799916477,0.1586050188501887
3.75,-0.03325667195302716,0.05543603856341604,0.3568637996413199,0.4256505874935967,0.6305946217222376,0.7365778285918885,0.8741715713466255,1.0038419941895007,1.1683525377348614,1.2397169782912458,1.239797867189723,1.3521556853777315,1.4043116108260039,1.4853164306075042,1.4353884522744451,1.4583771300840669,1.461716274573677,1.5106417350507906,1.5788470647417998,1.6058679809325427,1.2630557763787034,1.497129208450126,1.2212840355979633,1.356228193016126,0.9583809603796009,1.2502773348538405,1.0972722608239631,1.0030182145332984,0.883112422402052,0.7588295506844347,0.4787767975495197,0.16405143220124907
3.76,-0.020446032075504772,0.07296196363461502,0.3217870604638231,0.36034362911803786,0.6112355732382488,0.7780853111162171,0.9252909163585811,1.0614306328150611,1.1592752812401979,1.2314674976371256,1.2153360417385815,1.3427726276547258,1.4102100891106717,1.4096958579339156,1.4652241859939719,1.4599373200721353,1.5041933056458985,1.5289781108596534,1.5746390969751447,1.511634337079651,1.2772800411310974,1.4748305117720397,1.2560243975684302,1.3758479556244705,0.980679585787035,1.196269847386729,1.1910500858436268,1.0143066062225703,0.8135194314653323,0.7346955497278612,0.45927110365512386,0.14916508595826447
3.7699999999999996,-0.09940167010182341,0.05263705487081928,0.32889023138704593,0.47079412525346676,0.6295072030026885,0.7997433321654563,0.90844802254165,1.022492552751472,1.098524098900922,1.214497142593124,1.2654924063082988,1.388389966910658,1.408348796564512,1.422527975058635,1.4735439936543238,1.5026754839831697,1.5644231902014114,1.499522546984739,1.5428033604632854,1.5144047662116529,1.280418977212618,1.4535262176929609,1.2625931621560536,1.336331192867677,0.9208582973382008,1.2615774430137487,1.1444634280104342,0.9672622813770688,0.8022737005151274,0.7333002326182972,0.36593744395003996,0.09690413226113696
3.7799999999999994,-0.05224644816576367,0.04172584547688572,0.34366457308593057,0.48069499554288925,0.6371002501261583,0.7149743389244642,0.9105021672064645,1.0090326986268305,1.1713048347917,1.2242368026600536,1.2887428774020182,1.318943290002106,1.3767810030321121,1.4959773871368884,1.4557722450747574,1.4591893886564786,1.5647050699036833,1.52910351036427,1.5332254557854696,1.5389700166256954,1.3311125667864268,1.4975348204147667,1.3272020308999584,1.397979432513469,0.9577648899894902,1.1965299526439763,1.1508954768593551,1.0095577448110906,0.6931973354827257,0.7491746087542519,0.3844105519498417,0.07719734512264906
3.790000000000001,-0.03818776661999015,0.039732696239110424,0.35983915555899254,0.42840033972779673,0.6443294413933814,0.7920018699823064,0.9472676943211409,1.0470594882104518,1.1580048974170114,1.1967925335492935,1.2732849940090978,1.359569755834187,1.4057861334908077,1.4658108226485924,1.501798814948376,1.527015371479281,1.6034393530450108,1.5620936032341055,1.5641415110800394,1.5418751823218577,1.356222714156486,1.4792919824160133,1.3433175949949583,1.345831574915724,0.9873486207955585,1.268460820523801,1.2140071196695232,1.0528021904344107,0.780218316120251,0.711093750199282,0.34149565799509063,0.054968757565786716
3.8000000000000007,-0.07346008126467869,0.07486974545030337,0.36680136800912705,0.4218943646486356,0.6217103479909611,0.8205549029244846,0.8929222725666787,1.0084766145386461,1.0898199441049852,1.2122863379197228,1.3161772760227333,1.416108714708576,1.3934626594733208,1.4228038013304058,1.464791467201402,1.496616718165598,1.495215254443013,1.4458517579419221,1.5375982719598982,1.5138957379657967,1.3413702057273018,1.53706835613515,1.3690999946639182,1.4131722913410865,1.1085680559301034,1.228864319688728,1.1554534548151323,1.0136603535738222,0.7110721034754486,0.6893844813313992,0.41471848663228394,-0.0037299745922345483
3.8100000000000005,0.010408842306797148,0.07571466217662742,0.25457584829179647,0.4310382093715538,0.6452350174138142,0.7373320230980199,0.9665386227925606,0.9607291953177494,1.1214938153572476,1.1659672158915342,1.2456785687379859,1.371050855489208,1.4369932861980415,1.4051743314019427,1.473719978324383,1.5343644341516525,1.4997799005144545,1.5553799740889223,1.5977707234663734,1.6041825502781417,1.342911564556417,1.4758922549508608,1.4147020867084958,1.3373510940133824,1.1238361235958216,1.1773749657359147,1.1345551524159632,0.9909434993380529,0.710016210496622,0.6963046160088587,0.36850508272599536,0.04831973217324486
3.8200000000000003,0.0009995597364483725,0.05932025799421513,0.29220852234726796,0.4336236659310298,0.5646760148524935,0.751844476101617,0.9399186582504357,1.0329211761009907,1.1176375622661077,1.1823235143738318,1.2834422622495238,1.4127230424655068,1.3940235457736168,1.457936649763355,1.480931195524862,1.4778431090458912,1.5210488434497897,1.4953492133937702,1.5528172358629282,1.5435626429572462,1.3924749980988993,1.5283219862337993,1.3789545062199697,1.3219554882494005,1.1113530707197015,1.195282769320426,1.1184891468056755,0.9547984638338001,0.7181759153437972,0.6610887652925125,0.36461811411466954,0.04135834571268911
3.83,0.02254050727699634,0.15406290612661006,0.3007672800713416,0.45993554724091257,0.6200288838632866,0.8066817858122973,0.947753959714265,1.0116653776367874,1.1403849013185117,1.2321802151979755,1.3459578797135086,1.3731208077342796,1.413822069117016,1.4434200946883913,1.4677936047824263,1.4381206203815484,1.5317562415186536,1.472386054025488,1.5227708560831088,1.4887314608232571,1.3516389774175384,1.4691746989556482,1.4196140252320606,1.3324111252552802,1.0526458562520917,1.1466228938891538,1.0789761121609953,0.9178487325555993,0.6956057032345161,0.5661530625784059,0.3364242457513609,0.0074764059257371495
3.84,-0.009553811797329174,0.10542223340186875,0.24104501999288622,0.47006732982584953,0.589959035256065,0.7491603609369317,0.9647307749822518,0.9850759782406252,1.125860235628896,1.2412883768094045,1.3265870903538228,1.3878454250562375,1.3800324450326245,1.4131398163621354,1.4938870598767786,1.4463664489975643,1.5215014199388883,1.4694971850331802,1.5311946620173056,1.5347824972597692,1.3883937818179246,1.4456504075201693,1.4138188325346452,1.2754930389172663,1.1186760781504372,1.0984650525119508,1.1032798408489954,0.9446131214176655,0.6849575242766605,0.6081477227293394,0.31023951872772504,-0.02001153309840731
3.8499999999999996,0.01940724705882469,0.15805798360623294,0.2862470040653221,0.46686673774927573,0.614851070024694,0.8435226235352691,0.946388601427818,1.0403422385350058,1.1485149945273696,1.15952415215566,1.3091287633960433,1.3846390711486407,1.398097012395036,1.4080185037984232,1.479424706020817,1.4482911130062486,1.5137954244492478,1.5065028221421686,1.5108053569385242,1.444104122922746,1.3878823966733849,1.3933885056875566,1.3580730252965634,1.2193017539835485,1.131672110158069,1.0964598261052863,1.00690747749513,0.9276614980905085,0.7128703017355134,0.5184337131487742,0.29519391783263615,0.01032687694120967
3.8599999999999994,0.025301655006989235,0.11942688902440732,0.3142842906623139,0.5068999509508612,0.63402827000133,0.825803101392778,0.9967880147056534,0.9975705384456369,1.116721571128507,1.227599808712217,1.2901757787163475,1.3085051609192133,1.4199462714457913,1.442067150121544,1.4867015258803586,1.5223237535230265,1.571761453541606,1.4790020140374356,1.5870203426276437,1.490366017780893,1.3914876645432612,1.4124328449934227,1.3523548631248938,1.247604630303466,1.2245238773869236,1.0763351008793032,0.998237296868543,0.8450719525174722,0.7616754928074924,0.5083097666758298,0.3020700654774506,-0.02896550595776436
3.870000000000001,0.09394065879536038,0.2274774386323331,0.2728129299016505,0.5056940364637056,0.5793164066091913,0.8383161422842108,0.9861802330216648,0.9905112043748678,1.1669019037421484,1.2369194748366483,1.2846195903532442,1.3027562362348457,1.3973841000856144,1.4278607692417622,1.506934519859387,1.5022406596801923,1.5644175945435812,1.440778571512846,1.5289285147563363,1.5182181730740205,1.3864820445394748,1.4893728296831281,1.3927342216964993,1.1702155270534846,1.1424224821901712,1.0467742749371305,0.9832375830418313,0.8856000910502329,0.6853869303362237,0.47545689513988304,0.281193287623876,0.05018211771722311
3.880000000000001,0.026789898583986105,0.25419543602282335,0.33321505739226226,0.5554099140657076,0.6364863375021311,0.8100550456401785,1.0361440232150736,1.042262474498259,1.0908422670808011,1.2240524986570598,1.2961083843487826,1.3952627301469416,1.4075934530289416,1.4965373698764581,1.4904055421954412,1.4862157766040451,1.530192944194805,1.4531113446050725,1.5000063201363094,1.466193434762785,1.389708156025822,1.4267701057770141,1.3999058474125576,1.208807912812202,1.1334808721441192,0.9753267997624318,0.8872620970897391,0.7501364015142614,0.705250343308457,0.4601662033996243,0.3478401838140375,-0.015892375051973964
3.8900000000000006,0.020951195991734676,0.1923897218988958,0.24259447260333478,0.6105336460440491,0.5775003470485977,0.786095178827585,1.060897745751775,1.0856516811738999,1.1144217104962129,1.2237441047858606,1.249956524069187,1.3786051941520563,1.4283162729982666,1.4447845229149048,1.5413315830822691,1.4528150903278712,1.5535972066900887,1.431013548752789,1.444385397980237,1.4324717037304575,1.4092158881512449,1.3711384911457587,1.4164800097997188,1.31599941647776,1.1362664409773529,0.9952463169381119,0.9104179028281589,0.789566683264397,0.76486701759885,0.410061479884004,0.33719366001082113,0.02672318232047936
3.9000000000000004,0.07742514177131188,0.27866992470221813,0.31727263159402214,0.5771726513338397,0.6161801177278489,0.8805035135558194,1.0245460125247843,1.0539277242374774,1.12440341032041,1.1860993723277844,1.338932944302405,1.3395486449621368,1.3803321544283953,1.4162434155866324,1.5048302618668155,1.5223540101599584,1.5118349668942308,1.401150034917177,1.4389803231182132,1.4393508167916016,1.3866063802537667,1.3681164768002456,1.3358072758161355,1.271333259183512,1.1833736652313869,0.9835028772017544,0.8549319857783367,0.7483758500572515,0.7380506860661863,0.5054606973384944,0.336044340351311,0.030477232534722683
3.91,0.06635618629089064,0.2753825493282567,0.2612256003432701,0.6298160036045959,0.5930198067164678,0.8083857540098006,0.9994716259356596,1.0045130476778386,1.0873513638043772,1.215489288845955,1.3758233092581396,1.3693463047112469,1.3937464639349995,1.4611171044319602,1.5072188296364233,1.4810315109853098,1.5238773415272822,1.46726582519187,1.4641814001262392,1.5023315469753138,1.424334035510697,1.4351538085942794,1.3812926898518605,1.2072625364935519,1.1106859107575708,0.9262835286451345,0.7973950298611704,0.736392010843911,0.7142912821207231,0.40783965150249485,0.26153708131926445,-0.01904813543574191
3.92,0.08673531950269826,0.25620087140164427,0.2613897553733642,0.6112400781426486,0.6166057973314332,0.8602161558533835,1.0577843585642932,1.0229103094788325,1.1398087521564149,1.2202752464633826,1.2433707893180364,1.3884556791219842,1.3989054708087236,1.4343552623670615,1.5139840154478847,1.4989504350907301,1.4715262737946722,1.44915993532009,1.440110467760523,1.4427807872723941,1.4308799476332836,1.3699538641089326,1.3720536882120482,1.2404137914814461,1.1258432606495108,0.9357464335133899,0.7807269123348523,0.6723742282964041,0.7834006081514382,0.50923264875986,0.2345367976408521,-0.013055923875784047
3.9299999999999997,0.11675437734842464,0.31384069187793273,0.2945900229219073,0.5895748941105828,0.6051202264416767,0.8095356291979704,1.0494902784422084,1.0156300987089013,1.1252588440620765,1.2656175080825438,1.3038433217508507,1.3838041062969284,1.3796734672499544,1.402862321518275,1.4823369719752855,1.433423406069694,1.5254202231403906,1.4543623202995,1.4515225843973147,1.4427226806357887,1.4245729020309625,1.3188451148244815,1.2890576693101643,1.1810023823466065,1.138899072145746,0.8874123690839055,0.7836638144776592,0.6655102125958731,0.783149885623617,0.4032894860612136,0.20697911038257252,-0.005540797633568801
3.9399999999999995,0.04459705415082625,0.27023995757176084,0.21087674868494166,0.6476100946243656,0.5721003884585072,0.7665765738753807,1.0578271724147847,1.0298270680892636,1.2043175485615154,1.2427521964467418,1.2863565067628557,1.3595031676011102,1.4133088972275936,1.4331473848218508,1.4711595879986912,1.4470390264818536,1.5180981445041568,1.4567556099649148,1.4091472849450384,1.3358840382274717,1.41304445463827,1.343039340562251,1.3372537744332489,1.2330726107602916,1.155297622115687,0.9672414023576521,0.8187200550100602,0.6991297037267287,0.8069729083454057,0.5096165342208818,0.27851137224891587,-0.0672962486278942
3.950000000000001,-0.008737533650021327,0.28973958632897573,0.25045044979265285,0.5853214343316366,0.6453349924069303,0.8227386413606131,1.0418763300331464,1.04028037280354,1.1491234649287017,1.2669928355986815,1.2931737931336065,1.3555299747226799,1.4255604889292182,1.4597918220900374,1.462528276842185,1.423238531709889,1.5322428503580434,1.4584524322284873,1.4288721734945067,1.4260414871881286,1.4504547249383983,1.2779610482514685,1.3710756232815173,1.2903455041084526,1.2150368109163356,0.9346348700035972,0.8224348801828409,0.6493338163284645,0.8231372069081673,0.4487780360562146,0.2173716460490716,-0.08172619659319309
3.960000000000001,-0.04288527806443894,0.30112818509118205,0.23944975152021641,0.6247023867276246,0.6017067233301506,0.7854332150214364,1.1229515603822964,1.0726384061479144,1.1130867562250297,1.2671446615346469,1.2287410336423665,1.3611486867053282,1.4177409950981632,1.438026680894646,1.5359892751655266,1.4663217569110232,1.5611877332430992,1.4980317349110053,1.4377674616569072,1.3680881623611274,1.3862751239070095,1.3178559736864195,1.3014428953603132,1.2548761563571675,1.1733188770254677,0.9628622415836146,0.8352681946060336,0.6911856186483474,0.7674940951201322,0.49879303022295046,0.22966040650297462,-0.035692963016727274
3.9700000000000006,-0.006581697079370938,0.26690583535939383,0.2985923449518846,0.6078239595139373,0.6079358293284951,0.7938418632659316,1.0281422719834625,1.0253590969307003,1.1348775437370855,1.2941035079139396,1.3227487911755074,1.3201947423205898,1.3881245971055078,1.494207194192095,1.5171372394876004,1.5035926166208649,1.513008544020574,1.516550767694639,1.4591719067597413,1.350024914301982,1.3723940836856905,1.2719408225358777,1.3125007290618218,1.2439709171299111,1.203131940922066,0.9091024843630685,0.7980062953085589,0.6883429557977286,0.8036150853274666,0.45802564946988905,0.1717880536429839,-0.02326508865900296
3.9800000000000004,0.04217152532005303,0.2809006953352491,0.2704675745762359,0.5239903125417091,0.6576135044643664,0.8404172076941173,1.0125393475094153,1.0085754206668942,1.162639495878321,1.199756124496248,1.2888245389347373,1.3451376681519709,1.4090138239921095,1.426235287601976,1.5727341776660941,1.4363979557808655,1.4531008865385122,1.4524106806381114,1.4418441012215322,1.3718360973202859,1.4558635702574132,1.3021377650586459,1.3409672761668014,1.2602060624432438,1.2110418058254377,0.9318485371025775,0.7976512749384832,0.7403781956072275,0.8527095328226149,0.5724398333715425,0.1330649024946897,-0.0493493968211939
3.99,0.04169727542652897,0.31872320271368965,0.22520244711332885,0.562214175305355,0.6250901327006942,0.8241958060776157,1.0641221170006299,1.0533565360202757,1.1812235081433273,1.1910959472474474,1.29192878589176,1.384838479923307,1.362130890699314,1.486061842133618,1.5180344132717243,1.4669878955161055,1.5340125140647247,1.4592280559770974,1.4872262833903394,1.4128666731745616,1.4340559970997644,1.2836421242271785,1.3142280906409551,1.2707111573031968,1.1748685886886066,0.902069808330244,0.7834143459375298,0.7072127719903001,0.7573647585861818,0.499461024585206,0.11016525283171862,0.004916974946373702
4.0,-0.02466799085253153,0.2936405623982512,0.30085660902702055,0.541165601407815,0.6571679852937264,0.7994379787739192,1.0654516713853563,1.0084274293670097,1.1794346560029412,1.308176591476322,1.3435661956531837,1.3919739351462717,1.3765600975540433,1.557110335551834,1.5438826942677877,1.4595464774052145,1.4712035167463864,1.4046313706227171,1.4545202494065237,1.418826640028602,1.4883047215951573,1.3052966677244515,1.2352557177517278,1.2256094046681192,1.1939312054114755,0.9778244334031375,0.7727995201944945,0.6658315115723892,0.8068225717429529,0.5043451028387695,0.11805431882428018,-0.01322860244012724
4.01,0.0418426108339695,0.24656458437900394,0.30207078768177026,0.5576665592001476,0.6820641152253589,0.7766637299167357,1.0491434010756355,1.0234077128198662,1.1923998980202606,1.2537026060236858,1.267184123680311,1.4036864967702352,1.4672309362681195,1.5457061469195859,1.4761324048924924,1.5428425378015287,1.4262706598498318,1.4728960978961925,1.4158404535283329,1.378566042285021,1.4611075527079969,1.3433601091057952,1.3008900092535243,1.2605282590560947,1.2715079110528842,0.9291848438167949,0.794003481309447,0.616354975643975,0.7695875808565851,0.5044224415492217,0.03555979655376205,-0.04722664915421845
4.02,0.05205651881839975,0.23953528354714726,0.31487219909457953,0.5643992368926751,0.6791643902911372,0.811904287483231,1.0638042592655244,1.0275485890121985,1.1887649943538772,1.271553181701941,1.3491331236184854,1.3636668647776304,1.4490004841337916,1.4294170892023392,1.508833581560056,1.4995963508064638,1.4401893922842854,1.4266187717539516,1.3955909347421678,1.3922714045050097,1.418144902348875,1.2052301584554646,1.338334559485531,1.249070569878476,1.1901363134738683,1.0230653329625352,0.8325049330596267,0.6869024800596626,0.7495545119288399,0.529177709820734,0.044937998375599565,-0.07797793407885853
4.030000000000001,-0.02402254854236674,0.28161254609714714,0.339061075941052,0.5601806314723047,0.7259679820583778,0.840178089929255,1.0743227863801912,1.011163433810448,1.1713384283790222,1.2861448642709492,1.42582124816444,1.3252580599604946,1.4159543431159956,1.4577614997777633,1.474829356826329,1.5007296675905473,1.4405538609966777,1.4753583192938615,1.4460170067150815,1.4308334354641725,1.5316771332273136,1.3173030580186063,1.2531000969600525,1.262540653845395,1.1889293653105293,0.9444859821258614,0.7748849744938855,0.6647616475672418,0.707803574968155,0.5330943358935869,0.07543634978656517,-0.1072251221820811
4.040000000000001,0.023576313064805267,0.2748580534094028,0.38376233023623724,0.654896077256921,0.7336421320999709,0.8223233297611546,1.0094485811504914,1.0665767636447865,1.1816736328949609,1.3211677477330854,1.4369633252228229,1.4023587195122544,1.4476064401147315,1.5188073455522915,1.5203453548456942,1.4785551381573625,1.4479158525854765,1.4403114591252149,1.4372683601201202,1.3783963091481293,1.456156589987986,1.2922320036182873,1.2991380808124275,1.2419062429504861,1.2187595195754866,0.9053932741541462,0.8118494337231262,0.7250901647224236,0.6915668473652413,0.5159895605000572,0.03519652691395719,-0.02131442385018063
4.050000000000001,0.047624351143337865,0.2603368162746724,0.3686420585456125,0.5969404994494053,0.779318172615348,0.7893013027899323,0.9976850586235243,1.004340956484199,1.2123897148008087,1.2007784258839516,1.3698074837398238,1.3792435534453094,1.4054740119965532,1.493977497234589,1.4543174555149545,1.526755701502121,1.5269350700921915,1.5341871821033484,1.4372383407500382,1.3983418857019436,1.4862537854406184,1.263742526334412,1.2849338920680513,1.2160749913259434,1.1514343763298978,0.9593217587168528,0.7578385327656008,0.6908814856446241,0.6485898824010345,0.4604056398993052,-0.011194353016233938,0.002222079212748246
4.0600000000000005,0.07366222857851762,0.2886168409574815,0.3984936748752853,0.5496521858306779,0.7633893441677971,0.8603572841233809,1.0563985867695167,1.065763905141775,1.2099444288697638,1.2603652769307099,1.3556229876615689,1.3680088963163504,1.3859466493004975,1.5030964980809627,1.4776128050181916,1.4808363036800962,1.455450463041383,1.4229383314432968,1.4274452245204823,1.3561349909577598,1.3919278378763988,1.319308576787364,1.305447869212081,1.1862586104227757,1.142315976960015,0.8990641265950041,0.7771477244385707,0.6528011202345264,0.6510643974408287,0.4261256564277411,-0.048528074707157746,0.037633834461645935
4.07,0.06764613883647799,0.3081038175911922,0.4353382168778493,0.586757552917291,0.7843979040540564,0.874323861281344,1.0423558515586773,1.0669420617109178,1.2231970137174422,1.348990961817503,1.3175945978609214,1.3823702872717272,1.4512837368327602,1.4501077909160982,1.442102401521098,1.4523792001855438,1.4706471215873982,1.5138311634866306,1.4176779900060383,1.3855077677346366,1.432635520799196,1.3151154874632465,1.2728070271523022,1.1426782227294803,1.1947196246856082,0.9142705939786777,0.6891594553195585,0.6409620513283096,0.6064427848179571,0.42638943969203924,-0.020595086264483854,0.013664421409929337
4.08,0.15503808181866358,0.35957815295876555,0.49929622135657487,0.6062681140586329,0.7923869711566324,0.8388202249553015,1.0116976294775895,1.07774445330449,1.2274154868074802,1.305476943625562,1.375233319850916,1.4023131053561697,1.4158881939890453,1.457325813285831,1.4128411750251888,1.5232804877380406,1.4220026010132942,1.4894866969577758,1.4132287895042839,1.4108713441443987,1.4076885570014854,1.2403786149202993,1.2335758337024196,1.120483881523075,1.1880792432482592,0.8874237209432649,0.7869179834981803,0.5862617487818618,0.5433619578240975,0.3954776361264183,0.011486625278372823,0.010964327184985894
4.09,0.18559073351379493,0.2970487401882066,0.4620934959545353,0.6335846732247198,0.7933133964302425,0.9079043949672759,0.9921895495440043,1.1050971484738843,1.2885039389881925,1.3699077978587422,1.4240030855866168,1.3861913556534577,1.4891210172206466,1.5165504829315692,1.4345908822435989,1.522823440388219,1.4651138843979368,1.4911185527505217,1.3829213095581767,1.3455793190004772,1.4395357245944775,1.266363888071906,1.1956799584859754,1.1827273334093291,1.1188881681666474,0.9151089226322535,0.7373477139681026,0.6267882499059837,0.4835697628062801,0.29046254702664737,0.005728288683723782,0.07208634402948666
4.1,0.2699701869979807,0.34527239597398474,0.5808635915633544,0.7179540957989747,0.8452495047499575,0.9566793453030158,1.0009226189692475,1.073681871120317,1.2573277938568346,1.3049514639600188,1.36430217289676,1.429857435681967,1.4918495020037095,1.4842214963139713,1.4962224870326684,1.4761998317131597,1.4076989434484555,1.5043097019073128,1.4272659387109126,1.399934049270854,1.4228796191515312,1.2507985307227976,1.2330612882255545,1.122369117520178,1.1522849181621366,0.8908170499307685,0.6570754263244126,0.567487533590779,0.4690639938431971,0.40131510806970333,0.03248940463963257,0.19112924896484057
4.109999999999999,0.22852922905592998,0.4173704883011084,0.5388669775790715,0.7323782081747724,0.8846478456677555,0.9476922030425738,0.9968717465246784,1.129376663224943,1.2970057443784035,1.3404382642714034,1.3485561232197893,1.4207941968179933,1.447743084419996,1.5215395051345273,1.43155189288295,1.5542256095161158,1.4721203752047773,1.4952628908738541,1.3584372838991727,1.373376459930204,1.446313218807556,1.2319456161631213,1.2014718022359596,1.1093211782930883,1.1158783408783115,0.8999688658742115,0.6622995897836984,0.6196398300803494,0.49599335215957946,0.29595468296732474,0.08341108875648254,0.177713799014512
4.120000000000001,0.25496999466177145,0.48300771198722164,0.5270646254208721,0.7159934219522078,0.8792543038832592,0.9786048106450705,0.9990880328384273,1.1681792871131484,1.27112876334901,1.3381344747321267,1.4038089605630284,1.4165934069515829,1.5061247184902138,1.4989793805797997,1.4751510349850918,1.5174863583895055,1.4742384787242482,1.4510591448740682,1.3972780478964795,1.3337920608047236,1.4433160185444116,1.237980349459185,1.2268733385429027,1.0469783680456333,1.1191581437713132,0.8551416454911313,0.6580179374075461,0.5182632308116917,0.4179795786596191,0.3403259806708785,0.1331014936055157,0.23048069341316596
4.130000000000001,0.3490198939829671,0.45131520938457437,0.5404044741578167,0.7129342528692262,0.8411089315717702,0.9696792804845898,0.9451150048253605,1.1360861516931493,1.2954523435522067,1.3357064924894753,1.4023441063923168,1.3777185539917056,1.399811814627527,1.4703057885647843,1.4769435682425955,1.4918877184272334,1.4508983348051676,1.4748529184507053,1.3832149916352987,1.3607793189085635,1.4270181375080249,1.2152067003646114,1.2070964797740467,1.0696807226534917,1.084798289945521,0.8429848132198421,0.657207418296797,0.5070190342709753,0.4472060370419101,0.2675446401810968,0.16604882496994294,0.28108901054917906
4.140000000000001,0.3154535004051403,0.5207018862247558,0.5295680469758659,0.7306892069032138,0.83819837418244,0.9162705416255035,0.9182066211042719,1.128567465986711,1.2490219905179847,1.2780136183538071,1.3534285590113424,1.3999542776419964,1.405634235654246,1.4950209406337827,1.4105561201855112,1.5836482310897313,1.4533133191579097,1.5181313577411846,1.3621336591677748,1.326846503921134,1.3958448154276784,1.1845713071329107,1.128565119616063,1.0473309857129538,1.0857334847771523,0.795288145694319,0.7019122743262108,0.5152865130936837,0.467313021206817,0.300323220019254,0.1519377044963185,0.28905690591215916
4.15,0.350998766861848,0.49095671194266066,0.521991695359656,0.8487731421109743,0.8424237160099509,0.9320159081976849,0.8784374163556092,1.1954272102718582,1.1884927429771703,1.3273646171466025,1.3353313812878795,1.4241086345681544,1.4500325253877493,1.4535169972050852,1.4475146590236458,1.530282494020309,1.466749912970385,1.451031614162286,1.360852648416647,1.344016924836134,1.4385800130381672,1.236912322687145,1.1848283956789702,1.0509214509370208,1.0869211737184097,0.7529712826236686,0.660893279252439,0.5439606042481141,0.4745925715565323,0.23615900880297008,0.2256593241059869,0.386254968663058
4.16,0.3375007055889356,0.5747478141515971,0.5141600389008051,0.7604832422139446,0.8537819714383382,0.970101807447241,0.9135348925073045,1.0971920237584434,1.2223507388492707,1.2639056255775123,1.4173043806973114,1.3943709386721337,1.4387588947628391,1.474346834167657,1.4611608673478065,1.5556739377298454,1.4073915371362569,1.4445839690243556,1.363951362096833,1.3297713230131438,1.4117320481795672,1.2630441709422229,1.1905725360853694,1.0288324634306663,1.1524679617795874,0.8393647578404413,0.629883056892204,0.5404925258602994,0.43214584144232904,0.23131722917744157,0.33545399739482723,0.3857088220521043
4.17,0.2886238174049948,0.5024221162281963,0.5396141550646838,0.8193523688740078,0.8582038090813919,0.9824345627764246,0.8434458565644238,1.11321150793327,1.259430756352864,1.2501560016038438,1.3614510967415556,1.4186887977854894,1.5028152404019293,1.4918659012110689,1.4786878613824532,1.5456487324203088,1.4615915221590072,1.5107537766107129,1.4006360040758343,1.3003538548166067,1.4147061883604297,1.2150513165063854,1.1517635037459895,1.0103725459595563,1.0952193208642138,0.7902723671572249,0.6322530577347891,0.5282516057443813,0.4375813360627215,0.24327322046429642,0.3080410595483583,0.36599345741116923
4.18,0.31145004279668126,0.5060308315798946,0.5224044218969223,0.7940920019210412,0.861205128612749,0.9350906507060687,0.86467522241651,1.0959962583535448,1.209990800094005,1.2651654339978733,1.3496007699113843,1.3736253749201888,1.452832836467829,1.4954705457982136,1.5030700588770838,1.5227420840003858,1.385535052949963,1.5106635164983377,1.4468337664996873,1.3653356420926521,1.3601701619609934,1.1355566805434008,1.1574491511043856,1.0557387077068283,1.1089045182277415,0.8301490646121826,0.6969222130443535,0.5069964377566897,0.44545187868249486,0.21743607951701474,0.30409420360405576,0.3645998837167363
4.1899999999999995,0.30810831413559125,0.47390708947388727,0.48032016024258334,0.8013366276834664,0.7587121575330258,0.9577700385992453,0.9093108452519166,1.104279259749584,1.221120189777388,1.2405354379390807,1.3336649442919561,1.4009475374207192,1.4262200627444395,1.4589403651004482,1.5028658965347645,1.5072397951020182,1.4600391973429565,1.5216320373018184,1.4250619608855943,1.3897418504045231,1.360687382302543,1.2035847874642107,1.1756202987726814,1.0360375568931757,1.092755818848204,0.7449134159133083,0.6597869858785048,0.5167612542261172,0.4406066249966049,0.23463582073730008,0.3802575583596011,0.3556643177185513
4.200000000000001,0.30138974037252725,0.4546969445394298,0.4841689857811726,0.7758098290276331,0.858867076798522,0.9844144840388155,0.8758276966511302,1.0752256715412105,1.2002685416134806,1.259446970569513,1.3182093939029895,1.4194636727179484,1.4645480649632163,1.532771991816358,1.4685175970611706,1.5724192013941787,1.4959128783312252,1.5798452310163187,1.3820328655990595,1.312730721671472,1.3980233563292153,1.2084211409962586,1.1461432196482038,1.0333380301707042,1.0417010636859916,0.7200882725470229,0.5962211158685472,0.4429074038648704,0.38097944084026286,0.25036686341793635,0.3669637497857008,0.3586157611964872
4.210000000000001,0.3171165816243891,0.5301610271504614,0.5407775884239109,0.761337831209404,0.8444456070116251,0.9585380938409112,0.8692321991464367,1.0592010765847877,1.190395627081885,1.2656652452775201,1.325976035362673,1.443098232540126,1.4440346184192554,1.4974467130123845,1.5127922644565408,1.5605833931198516,1.4328311956618582,1.5335376750006569,1.401744224539354,1.3669861465533406,1.3712218429784253,1.2065559849803147,1.069015875600408,1.017532793385768,1.0499897765173147,0.7681293441588013,0.6289591774501213,0.5454489238375425,0.40487453318891414,0.23966807233325083,0.43204878213015707,0.3432585850437357
4.220000000000001,0.26267012649998217,0.5389138554735509,0.5394290089975521,0.7113564631204641,0.76018951059031,0.8897488720801843,0.8884588848725994,1.0800355107922297,1.1479927226368787,1.2476648447014431,1.3098750149201734,1.4176476316871383,1.477001665518339,1.4799893703071665,1.4842034027869504,1.5610119244498195,1.4858766888670905,1.5315214304559757,1.412320448893278,1.3202985502797653,1.4000583049322957,1.2315497303252034,1.1504499542110214,1.0192513759878643,0.9665957228093082,0.7281365294882776,0.576695983748233,0.4363325044256428,0.39232039302079896,0.2543797842460871,0.39994766251097885,0.33444676657141625
4.23,0.2773413584583019,0.4639692694167563,0.49502027687262773,0.7551040388523715,0.8170917957114255,0.9305255620221804,0.8425298436172484,1.1253920005081588,1.1606690536515214,1.3294541757282468,1.3694955908080857,1.4550372704395025,1.4273231958325776,1.462648862331552,1.4459172820516728,1.5639003586482687,1.496687279018589,1.5022875479986175,1.3673155535913144,1.2864193984394126,1.336894712216498,1.1502513335754805,1.104229604708805,1.019369377020087,0.9950731319554429,0.6857983227130907,0.6695817910000664,0.5138794270895222,0.4219074291783515,0.23491503419720777,0.44898107194429576,0.3202349487318336
4.24,0.2840328936464776,0.4898829333149327,0.4789387400417298,0.7246835645097128,0.8017580249962631,0.9141248457811045,0.8708833249554476,1.0746436811100815,1.1973776337479438,1.324906832399668,1.3669379873159413,1.3335928465575926,1.4230267108464512,1.41766879284366,1.5422040336695588,1.5225831940940613,1.5018563572582746,1.5406577436298459,1.38541091678036,1.3446694731855156,1.3650588410564102,1.1938322220896267,1.1038013640679258,1.0203603833094808,0.9932806115702075,0.7531727719839478,0.5718662789879141,0.47466701162859704,0.3886188814609967,0.220325175383696,0.46716330989077703,0.35440323589540457
4.25,0.2933933889595554,0.45345429995976794,0.5470769645445458,0.7389811219284672,0.7833124499926627,0.9091509992373802,0.9298718634545858,1.1472507323699754,1.2116049612305724,1.2601911819578997,1.3176102988394833,1.3929871953526234,1.4765503945169876,1.4964760340483618,1.5360114225443389,1.562752559757015,1.512965265505507,1.4944636712211714,1.390853211558596,1.3546066300360793,1.3568492326906558,1.1682579576380991,1.0580740249616394,1.0419809821733141,0.8944413369707657,0.7400884467691522,0.5807074765950683,0.4697971042976829,0.3303033667135383,0.23245528574672475,0.4508122679794165,0.20532020519911542
4.26,0.24425106428790674,0.4664167614378856,0.4924964833406642,0.7261167899976565,0.8236484261646291,0.9360972026130006,0.9015685367360333,1.102137594993103,1.2480576997869042,1.2663417566645485,1.3155972177541118,1.390556808463446,1.403109011353374,1.411832645811779,1.5527910737697446,1.5042124336949727,1.5080844906989657,1.4479745256997476,1.3541767947090304,1.3012598159858073,1.3412013870759538,1.170213328223127,1.1486598055135402,0.989793417172393,0.9206584334062002,0.7429546338594825,0.6052150409957642,0.44696135694087163,0.3976436481678521,0.1561238636434243,0.4755760648823041,0.1669904313618428
4.27,0.31304283208037903,0.43450548318866217,0.552283931948147,0.7458098362289858,0.7855013593531593,0.8329618290024117,0.8913884758288639,1.1180745010763535,1.2000085005218697,1.2901497273374831,1.3749230593195227,1.3715666008984293,1.4155056901790481,1.451488053596057,1.5213522660386605,1.5542734681979988,1.5631640083303433,1.4754670874600204,1.3600926501837705,1.3469622689068301,1.3121008557221108,1.2155132159117537,1.1112368889843642,0.9852987669841741,0.9126823154361258,0.7548263222909272,0.5728347497604535,0.44435684965658484,0.3644515563558002,0.12829378027923588,0.405731663403769,0.1731816457486147
4.280000000000001,0.25487244600713055,0.4447828290877613,0.5400172442899833,0.7055421059251556,0.8521471446468796,0.8533516514851777,0.9128636453695279,1.0665134213791827,1.1476620796720423,1.3560078529300583,1.3431116306052517,1.4258339738294008,1.382920795301387,1.384690362079815,1.473509314091878,1.5414330242907395,1.5126378900744848,1.5035291467753238,1.380547287980026,1.3115585313263873,1.2613810622012076,1.17459211360343,1.1014964068175865,0.9709138887956721,0.8913047659034253,0.7710610815358784,0.5573375254501246,0.39777383487888923,0.3556983061684004,0.24501049422519183,0.46910781951673525,0.1614675928721907
4.290000000000001,0.2590156856938229,0.38922213035748215,0.479517354307462,0.7535514759635874,0.8673290173130959,0.9413786599593368,0.9560657174697558,1.1239129147700915,1.2141221175501165,1.2696598755264166,1.4126795276660715,1.4535420663640843,1.4312581261919497,1.4486582897558966,1.5184025282334457,1.5606680348158328,1.524020962820905,1.5295649013293906,1.3575421635742728,1.3544498372146503,1.2692444314396127,1.1542065962140167,1.0862177286902805,0.9812253859912494,0.8619104553336603,0.7768569470564783,0.6330460272666256,0.47896298473861854,0.37693970109550723,0.2076892208711389,0.42209011298264004,0.1269516007118145
4.300000000000001,0.2748950623772361,0.48166286949100756,0.599306110432426,0.7192926722150246,0.7828680814144394,0.9023490825961803,0.9713993814046937,1.1327657231494488,1.159612944089309,1.2848516961319971,1.3468088491542627,1.3648499176841609,1.3917576734921044,1.4824268323736172,1.457775195339139,1.508193855374212,1.5089598075783535,1.5672356798882674,1.3677837464953397,1.3281306919891314,1.2201184186759757,1.1647525636549951,1.0425520480614594,0.9923427527981878,0.8481020646358091,0.7879204476452093,0.571812905272371,0.4562548481459788,0.36715896010408466,0.1821633064290848,0.4900979151047679,0.11278473091263067
4.3100000000000005,0.19981523211865462,0.47403535075757913,0.6092016953492327,0.7303943610629131,0.8163340597786947,0.9716239824577864,0.9722419099306553,1.1153951446505315,1.1857766594729648,1.2996173987114779,1.3475317584195992,1.4115540621910465,1.4408179712738383,1.4805483233618082,1.4928536215484622,1.4763632716914805,1.5204302383459931,1.4759950357961307,1.3799630488245056,1.2896703379829833,1.2595281199751107,1.207036371629069,1.0585981144714383,0.9504140011312119,0.8235853911272094,0.6880536557825283,0.581098653055858,0.4363401997298728,0.33130458264340107,0.19272490320230748,0.47875481661052616,0.09529200801079088
4.32,0.2874705590821911,0.36719816153292995,0.5887275261976246,0.7590443424375742,0.8451184719862794,0.97145139737034,0.9592698276810615,1.099678850035974,1.1988872416350445,1.2925922762747957,1.4205324870806162,1.409242585693585,1.3877430317010293,1.4583524959328618,1.3793687820873708,1.498219964258913,1.6315313274603174,1.4763845707563061,1.3613392216180906,1.324594937083374,1.257914237831144,1.1533749081249278,1.0595298124359886,0.9169703944798211,0.7689206382812472,0.7002401157832944,0.6054143101595885,0.45439181380850413,0.36291176256789837,0.23137298982680518,0.38976401711175335,0.04291299204593482
4.33,0.24763327322807616,0.41281271703953687,0.6259409943649952,0.7559802841196344,0.8535817532822582,0.929678098528083,0.9425607562733693,1.1027604770340862,1.1859650850901595,1.2501679557414929,1.3621747031032874,1.4117275013967316,1.4080074452320042,1.42669622451117,1.5504318756642541,1.5308643784099267,1.5746669030211597,1.531916686111444,1.3354239355231179,1.371952137785853,1.1833007595591754,1.1612155207855046,1.0452517106299255,0.977934602663634,0.7993805647270626,0.7694507162054406,0.6262950018237446,0.5031434786357859,0.3961412392744091,0.24626272920011705,0.45098323284138214,0.06931667463754564
4.34,0.24441267088133065,0.476541534219371,0.5809367829372551,0.7521827860551407,0.87237512945796,0.9458065786927871,1.01236637870188,1.1625407008406619,1.2124956935681872,1.2532191530255274,1.3466961912903592,1.4021917584170274,1.436151186327143,1.455172508491855,1.5356348501992299,1.3964338909375495,1.5500400987855523,1.533041950504704,1.4255085572271935,1.368746567959449,1.2378230361087237,1.1699318819774978,1.0402695511605424,0.9351851342157859,0.8314680747726466,0.7872304181242978,0.668625397640561,0.5449105956731674,0.4068515420267816,0.24966254171658328,0.4802351396744595,-0.01963818944312569
4.35,0.20649501957727887,0.39152689277802416,0.6124467429273298,0.6964732537172587,0.8507090225215874,0.9756304892228024,1.022242719656214,1.1488144432491554,1.1776190367799038,1.2550412175918626,1.3540490768564912,1.398765314532642,1.4090224073900446,1.4719732404911736,1.4923414429068589,1.5189652195408077,1.5317269671801004,1.468211837230023,1.4506616143530382,1.323503504759556,1.2243389776403677,1.167458378928023,1.0567638843654819,1.0026541213163143,0.7499304160663899,0.7508515556965898,0.6506865307964458,0.5247472388822378,0.37830396331513283,0.27939611549025967,0.4327619465701002,-0.0035492752814431407
4.359999999999999,0.255580005027956,0.36380938796464335,0.6148176099525138,0.6806539492037205,0.8621472708698833,0.9228538654886469,1.0164421264527703,1.1014566445067735,1.155425784962641,1.2963328211867724,1.388363069260032,1.4276547040167786,1.4596200612478303,1.4984487766377232,1.484821842722776,1.4697084962684057,1.5975649480948662,1.4523915167779708,1.3956272170511883,1.3978172643026034,1.1953970866423265,1.2162073610495936,1.103308845117347,1.0316585836835235,0.8406962164323353,0.8434216349201523,0.716378131594167,0.5708458578480685,0.34343436586853543,0.28223740244678264,0.40697003861008274,-0.0447416407973959
4.370000000000001,0.28925981791089533,0.42880108188849403,0.6186675861831674,0.6798992939725713,0.8183562787577892,0.9757465067159158,1.0108508800963896,1.166261995523558,1.1250226863274284,1.2978563769245883,1.3596059279801227,1.3864357412099446,1.4158731537956062,1.4279183899942525,1.4436327702179692,1.4816056733493652,1.5542773594141222,1.3932103985850648,1.3829839149798708,1.3407568723648289,1.2501386050508199,1.1817672742686156,1.0523041571217193,1.0139925216977521,0.7864946010063673,0.8241887814937763,0.7675890474678716,0.5876673316882564,0.3526833265282553,0.2714115187832003,0.36625752384779364,-0.05603819158875571
4.380000000000001,0.22700438099783773,0.3808684689399019,0.5783795470385882,0.6947053194285253,0.8538064917473331,0.9782670427708158,1.0906376145539305,1.1360800080430755,1.0919017345018762,1.2230418509643424,1.300894501130442,1.4009824529095,1.4391868473846632,1.4702858375256822,1.5042954141207963,1.4844238359915265,1.514547614367846,1.4954929706029234,1.4565470914265488,1.356670976542626,1.192452716145543,1.2525334287750154,1.1571923614315371,0.9832407115432846,0.8566899029480994,0.9050473260821098,0.7556640554205113,0.6216379765364096,0.45123010559576643,0.30013011849996996,0.3731957699694309,-0.13884292033119483
4.390000000000001,0.22854071018521285,0.3931542581989077,0.5505292759834086,0.6663303070785945,0.801766844082375,0.9343538934341715,1.0550938455589118,1.2168882610061973,1.1200054927247374,1.1684491491418565,1.279767977372508,1.3993329058705875,1.4325222220317169,1.4319232772003105,1.5113941368467525,1.422770058977523,1.518515110703348,1.4225510346938115,1.3893766530061036,1.379427758717182,1.2830369941563537,1.3316734958795515,1.1352677469825894,1.0697358181637704,0.8814628393628453,0.8890692626882277,0.7938516051862228,0.6267558331439685,0.46197463399088945,0.3122869317347604,0.38546002430854076,-0.10952530693616218
4.4,0.2640206058703271,0.2961181310916866,0.5566299375780152,0.6917170320412271,0.7710803808252681,0.9202236527250459,1.060491868175083,1.185838733258521,1.136401200743933,1.1818147449787484,1.2568246347464076,1.3369489111422772,1.4013955775798783,1.4302628867745826,1.5106314831542167,1.4093981172961023,1.4922164057688976,1.4357295131145786,1.4950665621991732,1.406283652109858,1.2868873557988847,1.278925834264621,1.1335122590555908,1.098859619196307,0.8888992970831491,0.9289940994604637,0.7572238830954113,0.7193572252565731,0.43903595757624064,0.3317929484669199,0.31824014727071287,-0.056679300021862444
4.41,0.22055477703377632,0.34977521143366574,0.5733458632527271,0.6956988149140095,0.8084293223513579,0.9503258663361172,0.9975437360081324,1.1064474676929439,1.1158180598669893,1.2469420255219792,1.2389553132926476,1.2969228907126313,1.4307682405278266,1.4656163594445135,1.5042999731559636,1.434971821431482,1.4971232362463085,1.4051070574221907,1.4723961495797735,1.4126852875926426,1.2083771278598632,1.3423690737197942,1.1746765182851115,1.072524239645661,0.8846853905984282,0.9884022877069571,0.849526670906483,0.6734177618189984,0.4135064355928712,0.3576027491047438,0.3005464418643114,-0.11814213200081145
4.42,0.2349517179297741,0.2806139958334824,0.5552008784930645,0.6930189209385716,0.7343116423349169,0.9602804843273437,1.0340440146541443,1.1055081861816503,1.1288469596388926,1.197503722997919,1.2996246213941878,1.3979286787960408,1.4305173862674223,1.431076425954969,1.521375468591334,1.4256663556135434,1.4556800443215048,1.4192776697720473,1.4644748205261613,1.490934668245603,1.3273534722061335,1.3326644052866146,1.232733940943878,1.1142245926849852,0.9837290168837709,0.9613266594544907,0.9095143990265024,0.7555582397972298,0.4490209310363494,0.39228673831165917,0.2847049864451917,-0.1582208056309211
4.43,0.30486445682641544,0.28093984776048136,0.5642001487611397,0.7080536783817686,0.7619589279612747,0.9696611380008696,1.0610424377723442,1.1325449449348595,1.1621328122779673,1.1881849196773586,1.3526263819999147,1.44800937455501,1.4287999708002317,1.4620020869868435,1.5152923869514896,1.4830743967414801,1.5011804894909562,1.3264195346170362,1.486885028939023,1.4909185768868167,1.3614277085045774,1.3621987451359272,1.3109415910331192,1.1071564211404468,0.9304457823034328,0.9531291095538675,0.9248888275669617,0.7829677117347784,0.4276420867068252,0.38133381929465276,0.26644236685443595,-0.07183366353050799
4.4399999999999995,0.26034751640929066,0.3717446705165994,0.5446732913525606,0.6329468847449102,0.7074345165300319,0.9801726066760402,0.9751899207214774,1.1261197807914718,1.1092568848877988,1.199071488330834,1.2650289045504317,1.412657983856576,1.407136496621038,1.3892564322700738,1.521024473824348,1.4494791038048542,1.4807407584108254,1.402370506570635,1.538996540454487,1.481274635316076,1.2675312280012372,1.366210907880497,1.2637679513818276,1.067547120752204,1.0194973371759628,1.0548506906672062,0.9003422851029317,0.7955401727165756,0.4216816643380268,0.3825365819202863,0.2616138652098044,-0.10896332637113666
4.450000000000001,0.23044683908008567,0.3219768712678231,0.5235789941933574,0.6510347238754717,0.6870630801013623,0.9595503370196703,1.0257439460805575,1.1730083080383167,1.1318853631453676,1.2844103333112902,1.2960070153719987,1.4523261915421881,1.439614711423192,1.43516852264076,1.4519822013464596,1.4912628849556653,1.5504341473546097,1.3949664657879683,1.489349465273993,1.4884601325920834,1.372596936429236,1.4024586059175699,1.2412223602899617,1.0552049556305343,1.0669028299241032,1.0151934783771486,0.9332164969930782,0.783396937768793,0.3946050571749032,0.4323205013298683,0.23865677870031926,-0.028732025667238228
4.460000000000001,0.30074172352583817,0.2911513574218362,0.5313350935216342,0.6466667473461647,0.747512533155145,0.9435315306050566,1.0771843650140338,1.1606002594048797,1.1294320667973008,1.274286847606634,1.3225986533207368,1.4173919996708502,1.4370779707842025,1.4859541983888491,1.5311291964704075,1.4960725692969792,1.486260415905206,1.4015463423557126,1.5279243639548232,1.5034440595234058,1.3518452477065135,1.3942839468094648,1.3306665811490226,1.0958258590331047,1.111361070058864,1.0513785926814752,0.9056118339063071,0.7657193286952789,0.42116587027513036,0.34755101976395447,0.17730852719842324,-0.09162706786595862
4.470000000000001,0.24967972659700252,0.2732104101938889,0.48914075228506476,0.5788769788723113,0.6859480270449324,0.936233365254212,1.0254002306786372,1.1126262095138852,1.1167640907221403,1.2000793167841495,1.2997867319077967,1.3867760635369022,1.3911988182595956,1.4757842410181266,1.4506461515363964,1.470910154069658,1.5406101695103749,1.4727205538293284,1.4934041196317234,1.4909167789217783,1.382025746063833,1.4375138083098904,1.3299560992131119,1.0895182803647872,1.0985384551654909,1.0671389482921527,0.9834626621848074,0.8172263807498485,0.4492102842780122,0.3151323259322641,0.11728659690311817,-0.07580237872895174
4.48,0.2729019169889345,0.30978439104727923,0.510466594867358,0.6335607873535958,0.6758771814140861,0.9523371154992384,1.0439609014937472,1.14688551786861,1.1458816301948547,1.1814202530037978,1.306662032362025,1.349668220046133,1.432664085657088,1.4854565543730351,1.52523331743945,1.5327740826309226,1.5192289329683846,1.3962515414414398,1.4993547565339986,1.519988680366663,1.4121762704942102,1.4433242642681576,1.3282827645678679,1.0447253733618656,1.1663234381708596,0.99424640165513,0.8795029281106964,0.8253497898397829,0.4183523984298922,0.3670323372702125,0.14633080725335437,-0.06830892483661087
4.49,0.2842115044811494,0.34607267304033623,0.4960231044282422,0.6107535163681688,0.6704945097992476,0.9519444143979666,1.0269945707603039,1.164106959025695,1.1357089513868028,1.170875850793087,1.2850862127598146,1.3130504405566656,1.4318943613475985,1.4173162522692269,1.549377149793009,1.5010899623871479,1.4478946530345997,1.468552389378846,1.5001480364913524,1.51509893804579,1.4145553798350743,1.4144679840422307,1.3123573036140546,1.1406828864661822,1.1541020689582042,1.0222529613095042,0.9446224515734157,0.7772570268979763,0.4262076185471806,0.26883014505907543,0.1511671066498035,-0.06729622596741953
4.5,0.26275164222644243,0.21610605371687638,0.4487125620745326,0.6510905688557509,0.6596450231036848,0.9451916357574952,1.096482740986168,1.1136152113779934,1.107165285332858,1.1875465907615543,1.3330716099509692,1.3898575861887124,1.408386877946201,1.4631716719118106,1.4808582463135112,1.4525348946478074,1.4527747668132949,1.4457678262044695,1.4742363262460654,1.4775252666628589,1.3983590242823007,1.4233916279005605,1.3810170034464018,1.0527956718796796,1.1366987441022347,1.0212707590301353,0.9343546995845456,0.7775533402438157,0.4143117689080092,0.2768964379573447,0.15152705550133852,0.025558772733437766
4.51,0.28230271468703116,0.3134528932693139,0.4345180587867399,0.6336538482347697,0.6776822459904814,0.9029452082199055,1.0617529642019863,1.1061710692208828,1.1585698083078426,1.2516412518706974,1.2879169658684186,1.3630692633575219,1.4202156996083666,1.4354449787352062,1.5066708856126196,1.5096153714641527,1.4121423209468265,1.4678145555353956,1.5493882695708074,1.502243147004264,1.4093968157646126,1.4170440033380238,1.3906457273163324,1.0909093797112788,1.1541111894462612,0.9553072495642976,0.8920381076352144,0.7692297266679422,0.4451928538439016,0.2970637890285604,0.07191268003826513,0.0008873983095202091
4.52,0.27976515039550687,0.2710554050956388,0.42793299145143576,0.6560892243218595,0.666395204907969,0.8498001231170982,0.9914747609898259,1.120960630036224,1.163057645755601,1.2093119373811316,1.2378717895029614,1.3889772680761654,1.3902890047390042,1.4278319149320229,1.4300016433866736,1.4929602193594869,1.4594559741811683,1.4534043470904427,1.5215195025180122,1.5139727466450053,1.4600274969529845,1.4058144206920182,1.3539008013713643,1.0533560944860232,1.1223376571386887,0.9627644981843894,0.8666464478661422,0.7677953131195551,0.38658073469133114,0.24663631546014422,0.1665720895664245,0.07851933425581399
4.530000000000001,0.2710074176955718,0.30120529372111665,0.3677708567077698,0.6195796685457888,0.6368603836096659,0.9488025113965901,1.0870283471423374,1.102875942458512,1.17543563102011,1.2279942558330157,1.2756968969057374,1.3855399284021719,1.3559993569596935,1.4838653906170045,1.4639766377743817,1.4636856431908152,1.4325281441906808,1.4429399322789283,1.4748409598427297,1.471325311228417,1.482673930027369,1.4470947806559604,1.358786682100691,1.0150355303536478,1.1341535872883697,0.907569844498297,0.8854381680557558,0.7473699452624221,0.45808059378990446,0.24580568689111987,0.05585380459657928,0.0970145323631235
4.540000000000001,0.258429699697776,0.33740748662481246,0.41950659413157854,0.6846520706860089,0.6356575526928948,0.9012059428448579,1.014513386913025,1.0984826640283745,1.1827259524755336,1.286333986880348,1.240679042722578,1.3411771477875223,1.3983067957479232,1.4556673245365814,1.4493843476100492,1.4995194322402297,1.4314461631285924,1.4665445340438692,1.5087066939623512,1.4241347950945142,1.444614541963659,1.4053077842886754,1.3601417889310152,1.0449950014852079,1.1241241208303516,0.9650189815637338,0.9168296607602426,0.7575342057281281,0.5184079647051301,0.24482093400282215,0.024211030823335974,0.024572698762371635
4.550000000000001,0.2461106310503417,0.2741086337387519,0.3178231937682332,0.6024834018878192,0.5904989031402469,0.9317154634329818,1.0647359772519331,1.1547007239262863,1.168635746757273,1.267983958468657,1.302496713395342,1.2995675124328896,1.364221113291614,1.4631011406249206,1.5589489598849495,1.49810474537725,1.393782131155785,1.5301003583098753,1.5000976173541012,1.4295304335306998,1.3909523577237268,1.3150869205639792,1.3746984929126373,1.052540889814357,1.1815077565965229,0.9970958816384522,0.9136403708618557,0.7704217261417302,0.535613282555892,0.2367343517686353,0.10534099907793693,0.1550241457078099
4.5600000000000005,0.18715595518080985,0.28828108872529273,0.37870187401725786,0.6444684871801337,0.6019327401722964,0.8978776475114714,0.984348190396366,1.1150418652534824,1.1351737000889435,1.220256066694963,1.3272142800571163,1.44774350323811,1.4461182155119603,1.459318265585938,1.4591824598668073,1.510669305820137,1.4787736596652716,1.4539432280504105,1.4647953337537498,1.4571539233197162,1.4615283721881656,1.3825323160397103,1.3871940337989934,1.0680686601744696,1.1291920757356688,0.9691521890467744,0.8267363949902622,0.7509926523122715,0.5288551979661313,0.23111884100112423,0.12433102907556252,0.18601018454263
4.57,0.23511849438827373,0.29604095391511676,0.3279846134347403,0.6178021392117758,0.6039002976923604,0.8850312392388255,0.9908915577493145,1.0648840806405722,1.1414525729959002,1.2405624068658125,1.3199832259043707,1.3591223760564113,1.3792195978097808,1.4482710049865188,1.533341047816703,1.4668892260971826,1.4594356683280325,1.5098630400727593,1.4654697543698743,1.4288893842316575,1.3992730562647195,1.392314168745509,1.351430236859812,1.1211581427532689,1.1821410604999845,0.9626279252761559,0.7479185064246974,0.7428805042252097,0.6318896767346448,0.2841678979535657,0.11259055436892207,0.27206187188346986
4.58,0.21689306221808502,0.2965162096774833,0.3261528100920616,0.6147145674808292,0.6509144450506326,0.8682861800212606,0.9762876193055381,1.0864441982103612,1.2289686760276777,1.2571385243395141,1.3449551697191153,1.3742235725460503,1.407973338013951,1.4790391990049643,1.4957776279360435,1.4709082256360686,1.3999532624009359,1.560882812574496,1.4728826879787646,1.45059128923643,1.4488703697425191,1.436867847188788,1.2479847456781583,1.1027348549641038,1.158206064256858,1.0032496532523494,0.8469377941861875,0.7247355273010097,0.613801034863884,0.287689592034401,0.12087201783116355,0.24528504910634943
4.59,0.1941275021556338,0.23365343988248427,0.2819314046481949,0.649547819124489,0.6093393639658121,0.7914941418249144,0.9896701269461002,1.1015291871188708,1.2540177670815857,1.2794337043448754,1.280722064881245,1.340955253497766,1.429185439375917,1.4742945110417773,1.4973027527874714,1.4397725378275597,1.4222944153079993,1.5284947907069362,1.4667860521127576,1.4133018971346125,1.436477253724838,1.4108222604773675,1.3172273145580284,1.0987381743871774,1.1141255563307968,0.9825232835985257,0.8805440266002059,0.8278813815857657,0.6568651933982368,0.3469897586804223,0.1916717051116616,0.28145633059618025
4.6,0.1416750375561749,0.2947966690047229,0.2758851579595201,0.5969514143373504,0.6097628708006106,0.8637960591963492,0.9454222061131434,1.0753293252708955,1.2201756505490209,1.2963502845812813,1.270375527597081,1.3524083457771037,1.365552534258348,1.5345172084442196,1.4988359136080587,1.4828538821737307,1.4652772457765777,1.548845830155995,1.5370691342788947,1.4457170969705018,1.4422264708345436,1.350273314566154,1.3003382840268665,1.1429322554422823,1.067619329659098,1.06919822465781,0.8523614589321097,0.747977098726976,0.6966866106790008,0.4008747466217079,0.17163412845821696,0.26499382454615833
4.609999999999999,0.14956657608847393,0.2661259811034871,0.21998680172704677,0.565373047889946,0.6146771356841106,0.833303539850106,0.9553614493899414,1.066273569598258,1.1487324563055437,1.2725017263843346,1.3367199682724564,1.3896783260949348,1.409425566221174,1.4561870356119408,1.4647006938188736,1.4792260412081484,1.4865020231223145,1.51414536796138,1.4694377405735357,1.4197485677864226,1.4479614995483372,1.3974519701730268,1.3359122253775144,1.1416237772527709,1.157530910849913,1.050255062807146,0.9561932747038073,0.7439752307763916,0.736818040864641,0.44348274714650354,0.15837541472307123,0.2958691796385441
4.620000000000001,0.05251857609408321,0.2235207828750747,0.28416565880653216,0.5448504649923969,0.5869911479158139,0.8274300798215642,0.9045825976961663,1.0492312924376563,1.1935295640012915,1.2478683491884546,1.33648603556533,1.3816308862858373,1.4096398642065788,1.4513874542250174,1.4734238337514591,1.5160409568522626,1.4586908355332506,1.5431229880509914,1.4690992778921075,1.4531411774564158,1.415949113535727,1.4310569075290314,1.3321245551349534,1.21596764608799,1.1774441856610443,1.1374771693826415,0.9874430489733796,0.814563030824115,0.7471422294212716,0.4432432784386747,0.17600691995102963,0.2815252923307922
4.630000000000001,0.020518961360932043,0.1272528445610909,0.28980422748025025,0.4818222077830998,0.5990814820558243,0.7523517623585204,0.9344453228534946,1.0027013141997911,1.170091025348162,1.2341007096194825,1.349850014216409,1.3186400819641568,1.4330215110867113,1.4853919791626948,1.4730461219418445,1.501121543162597,1.413710366251037,1.5336849054565753,1.5227375396574525,1.5411451575233388,1.456312815648576,1.3938787316030061,1.3515590685283565,1.1825834423638069,1.1650341534590978,1.07901484632221,0.9512181660685158,0.8521982560732264,0.7928818824388708,0.42101683448298716,0.19861483902740418,0.28787442115693107
4.640000000000001,-0.030661294261785814,0.11842213812447824,0.2643951663973934,0.5384494996792393,0.6476461123094969,0.7484683776628418,0.9307231311082548,0.998352591138015,1.213833234567634,1.3085625232726514,1.3493212883414687,1.3639217236208718,1.4066535490178622,1.4975228286731084,1.4556381113744108,1.5096546434336484,1.5076904346941267,1.541727338674307,1.4321949129805882,1.5468314235808842,1.5029252650528857,1.4065020924855407,1.3370661053878206,1.2453209197449384,1.155824000164813,1.0709419881263753,0.9398627670566039,0.8991326932893383,0.8121057244303302,0.5488496455867256,0.15427253656838116,0.2684467074669074
4.65,-0.01353401892767265,0.18858692853751136,0.27757016219565794,0.5334041195305711,0.7085656751087135,0.7702605297958862,0.9570392863772007,0.9784105098782869,1.1524905533615606,1.255255488249186,1.3252357489234035,1.3332598898729662,1.4231975534447427,1.5106420575206099,1.4331514295246135,1.503375510432165,1.5347395569166156,1.584258018436116,1.5519509543164773,1.5413161990752942,1.472242888829591,1.4688043593494997,1.3746426776488352,1.293369842729757,1.2123409246153725,1.1051853053453333,1.0038864299774464,0.8942328653827825,0.8650378632669109,0.5651506109982335,0.19665825784820376,0.23164126764038678
4.66,-0.05490417146176886,0.17062298117667235,0.23495662188808164,0.4603836705305233,0.6141791176045373,0.7665712319586516,0.9408819079307194,0.9941664914584311,1.1950074634687755,1.249418292037149,1.3496776110988378,1.3590321762058903,1.41823520499589,1.4727907487602994,1.4582169918168792,1.5126361894022544,1.5253096196916287,1.5267742318830595,1.5257867840281387,1.508352921298738,1.464970989218467,1.3765513053561886,1.3830934804907233,1.2919441808450476,1.2492204006411949,1.1688530698847692,1.039085308347721,0.8983861768089358,0.891583473250866,0.5665718453283292,0.20633947732471714,0.2193095373382267
4.67,-0.06742717790898499,0.060963335893355404,0.25604970408244765,0.44258027255132365,0.5838147888434775,0.7273082558862454,0.9122567591829787,0.9842963881231509,1.2554037105112483,1.2800940249207438,1.3105565701469035,1.347129953828644,1.4692463680771777,1.4763852448878367,1.4870380004452854,1.5296232057367345,1.4944620198823033,1.5457881564491773,1.5252374156906798,1.4686395169685795,1.4650649482916873,1.4508277687035325,1.3327132368451573,1.317904158367708,1.1979929854565057,1.1459787105738242,1.0626830437628114,0.9199383323678911,0.8220538217047599,0.5963261773686208,0.14634454973420988,0.14982734677587767
4.68,-0.0977858556340552,0.023756084947705508,0.1840010009831366,0.43827754352499904,0.6185249611370173,0.754001036467026,0.8149879104363944,0.9951025869282142,1.2345210347132383,1.2982544968557106,1.382788615871856,1.3364902237957987,1.443422107012983,1.4837311399255144,1.5427705147298223,1.5284043864215298,1.504822136097963,1.559050416512193,1.5002824308630018,1.5117633338336354,1.476041253081815,1.4590571512682986,1.3482089917004225,1.3107188121233593,1.2569768610993537,1.1727814717147023,1.099652913055931,0.9339669785021656,0.8456398406561315,0.5798824415707349,0.1818786433941953,0.1551947091206772
4.6899999999999995,-0.0991532801243162,0.031069284326120272,0.25839682314364043,0.47322077150472364,0.7004806088411756,0.7738034108863993,0.944639924647067,0.9834309685881002,1.2628422396462258,1.2922120669876462,1.3502978807187698,1.359891564049137,1.4118990195153753,1.474079640944383,1.5010880842755006,1.4762271190477836,1.4878032424553669,1.5367019393086303,1.551512242446141,1.5200972499464274,1.433743469136725,1.4296010487155872,1.4541207098067601,1.3162771452682362,1.2126088601090768,1.1950625065790297,1.1499828267010672,0.9790083876992663,0.8111265193929547,0.6203800360461401,0.2402564108117825,0.16968959059286315
4.700000000000001,-0.12784237257932668,0.0844886031807592,0.2980117033516282,0.4091384687602242,0.7881014343765104,0.7649889365132532,0.9569262555879635,1.00557884307042,1.2488445304407885,1.335629740773523,1.297677324823312,1.3543381089487345,1.4206868140854714,1.4625803418259888,1.5176137153816014,1.51273511709977,1.5102328427176375,1.551812653495938,1.5417671080084565,1.5692726068965808,1.4795788242365318,1.4990916631708804,1.4188799151374627,1.297191091917665,1.2001664571275499,1.212526518914655,1.1269173509042796,1.0302203813942425,0.8532323459978414,0.6148838458238773,0.18339129099078244,0.12585060651668173
4.710000000000001,-0.06027286280428408,0.05401677335865472,0.2950156859116455,0.4062374162869509,0.7511580699658106,0.7292632913481357,0.8860093480199777,0.9827769943961057,1.2242121228811083,1.3280448662388378,1.401873544705932,1.4501146414226225,1.465646509930769,1.5185709481730532,1.4054681840641834,1.5311990027225553,1.5035301948940007,1.5478907786407234,1.5592519323518603,1.5471158932130207,1.4429424156868722,1.447727927977405,1.444628426159492,1.3371244136623126,1.162509745702814,1.1672320761321051,1.1169749590468692,1.030135045226441,0.818544854631768,0.6637253771465358,0.15006953507584633,0.09162284594245683
4.720000000000001,-0.05812707142788065,0.07173532933673468,0.31688490118337165,0.45834598956775613,0.782659389628734,0.7823753066599954,0.925871289860657,1.0132380495055833,1.253958686363469,1.299757405691039,1.3356062477149764,1.367758221159812,1.4413482915025104,1.4965977811445252,1.431380541666138,1.5084652786222346,1.5133662506242438,1.4991192857654634,1.5478992464369985,1.5928962544335081,1.5273268897480565,1.5048661162396555,1.4234764116918868,1.3208088912427665,1.2671983063810912,1.2151130689253802,1.0947864704091004,0.9914788386976188,0.8904247377697757,0.6691755263154051,0.24508490760161722,0.11117216402590815
4.73,-0.021690363240410494,0.022667574891270005,0.3086308829443328,0.43861799807749513,0.786082839569614,0.8041006243719879,0.9232905859035514,0.974994531541675,1.2368109658751387,1.3415644687573312,1.3419126371019838,1.4382147857491097,1.4745770670446003,1.488732134473598,1.4950490732641935,1.5268297872959726,1.5318489108585103,1.5541069173185615,1.516257497135913,1.5410120202211488,1.4929822123800365,1.5175091033972536,1.3647947498836848,1.2829810885655897,1.2110922605505334,1.2156883880377387,1.129835965737601,0.9929458541613994,0.7919880836400685,0.6262061387466046,0.2333979220781088,0.12583356983502508
4.74,-0.05743431460857219,0.09584055788848264,0.38001747208668,0.4044085450042671,0.7992660504053947,0.7720698421625147,0.9094312030036321,0.9902747945488468,1.2725465846489268,1.3178645543110987,1.4147357174166009,1.4126815851296253,1.4300268968004857,1.4898003068864345,1.5295771902770394,1.5722777037164297,1.554485602717754,1.4808212814031354,1.4578475145648444,1.5628209347012443,1.4577624520701211,1.4739273712303806,1.3817839778503058,1.3545282241153789,1.2122187897187033,1.1737250017417533,1.107284373639817,1.022451671719433,0.7651353125604231,0.6010835653078584,0.29849380670226455,0.03336836410313235
4.75,-0.02919943647779053,0.054352701930756454,0.34084929498319994,0.4001945760591369,0.8093504807795847,0.7757144512850207,0.8487203819194777,1.0654121653939732,1.249172956911083,1.29408581514337,1.4106857447309626,1.3667272219624298,1.4929026341877027,1.4846030672444341,1.4255768485927698,1.5570876897459838,1.54753911350336,1.516345246662505,1.5756098861925394,1.518501038907985,1.5391712734370468,1.561048333909679,1.4651068450464257,1.330126219328697,1.2389312592171375,1.1828275331019982,1.1322188438821172,0.9992719384484333,0.7609504990323062,0.534701493426224,0.258632131007327,0.09184662480745176
4.76,-0.03345448721822275,0.09588323602438856,0.3864835685309275,0.45998942104452323,0.8110216450283739,0.7702595229103666,0.9610905568769913,1.0356198843981312,1.2248349500153524,1.3507347284027142,1.392731818261439,1.407309292563528,1.4951402537333818,1.5127810890667037,1.4472797226825658,1.5339059917511224,1.5228227785960047,1.4797283418733789,1.5340212850938875,1.5252940473016037,1.4732496426638546,1.492242305910289,1.3263414823012143,1.3073152070434448,1.2067169889489926,1.1809386351382978,1.1179419563339033,1.023212682855924,0.7518844840284843,0.6374142707594702,0.32235167253137287,0.05136023055960062
4.77,0.06237929594162515,0.16111129395027765,0.4483155391253827,0.5017502308771902,0.8437066452019225,0.7896903007773983,0.8746965022105005,1.0838341690158981,1.246113842427232,1.3544727927723363,1.4227909510308308,1.3743371510500406,1.441713843161982,1.4804316912545812,1.4524058014520287,1.57267029292159,1.5196842190689364,1.4914194129174818,1.5549118473051664,1.5606359794214557,1.451230994782505,1.4147591433026103,1.3656425575169724,1.2946860914508282,1.1327000727194305,1.1407663165108213,1.1078582357008053,0.9750048630719792,0.6682062613062847,0.548109495324169,0.358495732404776,0.08365549145171994
4.780000000000001,0.008765901232448983,0.13608166284500184,0.4680734309303211,0.4909144016106969,0.8347531605086373,0.7966682493132488,0.8453548842950853,0.9974980648897885,1.178636936473136,1.2877283603315337,1.35277059449885,1.444763593203452,1.5088647684887075,1.4350944757350965,1.442978430513218,1.5002644027827,1.4945800941170615,1.501775997947977,1.5497804017562402,1.526982602174425,1.5150437186600203,1.4606130793726595,1.3616029974965316,1.2964106522567582,1.1809694015329786,1.1989730336103945,1.0926580440978908,0.9680005420092926,0.7470558028224425,0.5350843407018988,0.3073214335420534,0.0042277734584935485
4.790000000000001,-0.017786353845464387,0.11334720859244177,0.43568446634817926,0.4784273769540593,0.8936966640669438,0.7793037337833867,0.8812949524716571,1.080460573246291,1.243312836970923,1.3335098190441292,1.383937985299168,1.419233931483673,1.4755493104135478,1.5003014330724178,1.4374890970068481,1.5409939794787504,1.5433614685236852,1.502022419243472,1.4945376425476875,1.4736481698042192,1.5106851964250072,1.4745362153549302,1.394221239231351,1.3184267525763627,1.1923191426421258,1.159897197175969,1.0223528846806371,0.9773194759826918,0.755997857659221,0.6105850792279892,0.4460339350149343,0.032266024739993154
4.800000000000001,-0.04841017965872914,0.08785727187022024,0.4242941710021699,0.5473731392828726,0.8486482444788628,0.8089565631981153,0.8980262118671116,1.043787098192807,1.117677167560419,1.2507266772168337,1.3224002160608317,1.4096238297214327,1.441950078847501,1.5081893996347546,1.4933669981716913,1.5291063526642625,1.5263062109696461,1.4690427368174814,1.543338418050661,1.555141212857014,1.4319334434556863,1.4659381019449995,1.2542345617619108,1.31259635029313,1.1560904486657344,1.2013333119527252,1.1385110284812876,0.9833072916165612,0.7094141172180263,0.6403189725780009,0.4237993721889293,0.038072288383732694
4.8100000000000005,0.008345218669875296,0.1371907828418168,0.47284729348140686,0.4753629665674259,0.838515944829157,0.7786859487456037,0.8958154247473253,1.080556317708677,1.1463792877745473,1.2873840259060523,1.334868273934547,1.397298990174491,1.4959017525037412,1.4582960515683863,1.4998132454337287,1.4746562242323795,1.5742292373037305,1.437933169040458,1.5067041578756397,1.5126816095400863,1.461472155378851,1.5288499547776757,1.3538346555320537,1.2812125809791333,1.1959720988648976,1.168786192129592,1.1222295761175887,0.9726781141786565,0.6840631009483488,0.6087510803687287,0.40673726292107454,0.004257352542517379
4.82,0.05069451999005253,0.18911012147146616,0.5490028435600534,0.5674986067618818,0.8574271850535178,0.8317279489375702,0.9490235439863443,1.0217700794593885,1.2116547409825509,1.256244299679388,1.3192887089687555,1.3513136445065328,1.4458313397869282,1.4847453442894822,1.4573046891604244,1.5487328228559105,1.5050567042432328,1.4187743626547533,1.57567382597911,1.4867804792931831,1.4367640818715286,1.4793293884873413,1.3346022456251658,1.2518392003612528,1.220573092958599,1.2107008847335614,1.0848125378008049,0.9170312129093966,0.6999620025839306,0.5853307198244113,0.45547093354710694,0.015377772751260517
4.83,0.007340499717142442,0.1662539201538375,0.5115019786482539,0.5471451826114637,0.8294556807337765,0.7946435306645208,0.9235670658847582,1.0879656570247591,1.1624562587132459,1.2841153300872328,1.341609177281043,1.4141230979053356,1.4367289360805686,1.4284416389557362,1.4650348023684494,1.520746399780479,1.460468229716366,1.385439461197836,1.5219446797058773,1.4877971868177593,1.394773669444757,1.3611282089066952,1.2796477114368974,1.297375997107432,1.2019623568397138,1.144361428711701,1.0735185393536681,0.9609376589529811,0.7277861788853313,0.6103030914081738,0.49679013920695103,0.013030642450718477
4.84,-0.04192304098604537,0.173550312148045,0.4735682845449744,0.5251715804922396,0.877938230582123,0.7940004498423933,0.9265109720447466,1.0362444136909805,1.1805162296568903,1.2670247137865198,1.3814004091086383,1.438424863845865,1.3880623905433764,1.4451313677008608,1.504942663118002,1.503137635949145,1.5049005747681723,1.3612334270043205,1.5575371587858355,1.5407916973182214,1.4501488757237488,1.4153387098098784,1.3010744543434771,1.3081317961517054,1.1635236801464632,1.154937371418014,1.0741032419605692,0.9598556575889379,0.6914517865221718,0.6188155947375429,0.553954592696391,0.013576593322047309
4.85,-0.04374622991334877,0.18367611636089284,0.43727802705298024,0.50808149785028,0.8400114527109859,0.8569978714323623,0.9716548468996142,1.0675931320290408,1.1592714759034781,1.230793052131587,1.3456570477810017,1.3796043559431326,1.4377637948650974,1.4303641894397445,1.5396512092318009,1.446292181224922,1.5272162033989596,1.3438045677768558,1.5629958514585955,1.5262518679654642,1.4620287681153152,1.4107047144541682,1.3592039211038438,1.3079253301239795,1.1871806445019952,1.1523925207552685,1.0848826807048073,0.8936207875453444,0.6780931645530909,0.5687816687359014,0.510254483065757,-0.0024445070179180185
4.859999999999999,-0.06327454226118585,0.15483787772854307,0.4741617805275862,0.4728360926966404,0.7719287678258537,0.7784067079771414,0.9818884356131377,1.0153836969180747,1.1325479106232894,1.191858959257588,1.2747088661603894,1.4252300429518618,1.4057844405905744,1.462387977809589,1.5563109476585137,1.4893886715191162,1.5329635588602883,1.4507401076215802,1.5267045625273594,1.4878986144871267,1.4250380562132106,1.4417645952022697,1.2989443372452498,1.2780103426919118,1.2023672162372454,1.150579978001729,1.0269882088846418,0.9092637042019224,0.6185963140923412,0.5789032903341317,0.5077849765878819,-0.03166639654884943
4.870000000000001,-0.04914274233482795,0.17633734624440298,0.4749286337417336,0.5129444937802349,0.8102380821833908,0.8289292554127613,0.9774827365601794,1.0635219055782643,1.0976201517751376,1.2306532608915972,1.3438879149587268,1.3733074367568276,1.4252115836658488,1.4633621502261456,1.540145796532627,1.5773664068950908,1.5154638139410244,1.466797268113441,1.5033315116862294,1.4679380319628075,1.431314599284044,1.440567953525935,1.3209658521754233,1.2404463407814443,1.1773704907364375,1.1220208097561635,0.9957252520968319,0.918504075533827,0.672240617481846,0.6219246313206817,0.4336544180340442,-0.04217868501709679
4.880000000000001,-0.041923345252597013,0.18570391247233184,0.48243825734815143,0.5042355944280774,0.7772975342236835,0.7574018681871254,0.9509921876932927,1.0326526185486018,1.080565135627848,1.1977376260412196,1.307384583356643,1.3681968232486574,1.3823083037258206,1.427406413102403,1.50626493124883,1.5674899539328595,1.5272369925708251,1.4501547084041428,1.5233985197446547,1.5218393618759645,1.4359053067285585,1.4071705375397316,1.3363208171298433,1.299261386904994,1.1379513884192518,1.1391347898971544,1.032778944861013,0.911643383074332,0.6178759196655026,0.5860268940039803,0.4021501560700286,-0.053197110015139285
4.890000000000001,-0.10493605343559999,0.1666956865312102,0.47404793917209614,0.49307016493186284,0.7863928740057476,0.739603970654862,1.0024778575932767,0.9952524222151621,1.1017697618165743,1.217623729039541,1.2667575969933547,1.4311277789482122,1.395713246540931,1.3899025412086485,1.4612066877302328,1.5503830665454867,1.472856691685479,1.4603761085721985,1.5462732222816133,1.4858807291660865,1.4265602267371646,1.4053382720179397,1.2992539266078043,1.2680284146627563,1.1425505953017256,1.0676171436073423,1.0291433049445757,0.9106397898802359,0.6364162214768322,0.5803763776151852,0.4105864679836624,-0.038286417241354925
4.9,-0.052269029147760514,0.17862754538783404,0.45385340543271024,0.5131203484332147,0.7841097744755194,0.7361735380678227,1.024886142156718,1.0567087790915355,1.092458511105692,1.1744791865577329,1.265041006946572,1.3424412662702792,1.4235055486950197,1.4107244624363928,1.5049553910661333,1.5769814078118427,1.5016854163394118,1.454617082036344,1.5436212777052374,1.5421336337296627,1.4245728156858881,1.3425067317328836,1.3086639075467905,1.2539965748035502,1.1100755956293407,1.1019204194035814,0.9727405443413073,0.8778976221268084,0.6329086065658651,0.5571497575576758,0.38422755371682255,-0.04257293778204386
4.91,-0.08671207733248006,0.16060502015755965,0.5097514764587229,0.4782445495371027,0.7612515914788699,0.7559570824390637,1.087743263102853,1.0279906145398496,1.1424469452940735,1.2142615449200747,1.298334381639481,1.4535516625730576,1.4058673841293998,1.4396510751355116,1.4922912598964604,1.5325055220101138,1.4726868779953677,1.4386299818361414,1.466210014490163,1.466404051929705,1.403183730422219,1.3530564898221211,1.2853253733433694,1.2472885963218225,1.0737994739168017,1.1426590641782453,0.9806047464479837,0.817402883949047,0.5356720601458695,0.5779376601827898,0.32865116313626275,-0.0937976577330711
4.92,-0.1213440882387572,0.15891468539316136,0.5093748109698117,0.4664419295276867,0.7322379483883302,0.7516046850704059,0.9859323094086004,0.9867426328993112,1.1215567677544547,1.221307278843742,1.2596653422198798,1.4362799479656962,1.413344526315875,1.444184730052813,1.5306722125863592,1.5280945436567202,1.5230877326086745,1.4527589148188607,1.5240030476693525,1.4146059300168352,1.3773523839942476,1.2993253485759702,1.2109121375235703,1.276366004023951,1.0695781708950831,1.0432332526073778,0.9343437875976826,0.8636185668102032,0.5759054136777711,0.5734528737443848,0.3117517794008473,-0.08005534434375765
4.93,-0.1116562280600313,0.15777867109551963,0.5244886224626077,0.4579217900518937,0.720773310900108,0.7763098470801578,1.0605059394402456,1.074761816598925,1.1094039515440874,1.1334852791829872,1.311313623251008,1.3746428650819484,1.4129602019145155,1.4162749279343323,1.4797983140505473,1.5311226112161151,1.4635024157739733,1.4840001086029757,1.4930418717549903,1.4189550251704262,1.3116489743562119,1.3514479884668351,1.2491091396346887,1.2591890653714428,1.0701984542313556,1.02458479923219,0.9773151985458912,0.8389069916366974,0.5864203835430171,0.5336824061309838,0.27752281007412083,-0.10427154259349136
4.9399999999999995,-0.09225662800768705,0.17204228809213315,0.5372282919614261,0.45381763681881937,0.7307895262738502,0.6523816706036177,1.057475515771371,1.0381683236490793,1.1378982756037208,1.2428407668625072,1.296900757551352,1.395741511703086,1.4304296054518233,1.4915708498022677,1.5318351760264193,1.491504166116162,1.4862677993465532,1.4694462053677932,1.5220168414786384,1.4359261799070517,1.390345993554817,1.269523730409701,1.2390940203332805,1.2732741499259557,1.0533165167890823,1.0349215088248997,0.9396570633474066,0.8476538177744738,0.5248574255641119,0.5495675855687957,0.20098452175430007,-0.07045300340189126
4.950000000000001,-0.12716998658713655,0.18271027648957203,0.5102449543494277,0.5027497017138581,0.7641104680038152,0.7195603375665384,1.0731464247397633,1.0434855171530835,1.0952484570216359,1.174087898486163,1.2963204572186122,1.4407682620033198,1.4380926731487975,1.4348755507611486,1.556048777055106,1.4855126493957151,1.5062167414493732,1.490230448706198,1.4763770540395245,1.4944602401957015,1.3651726950952519,1.3343602522683997,1.2086578343101664,1.2402186491332254,0.9907363596734349,1.027106443008803,0.9342249007726077,0.7279812035992784,0.514702107319098,0.5173194229344796,0.24301587836726354,-0.03917281009455755
4.960000000000001,-0.05517738622090031,0.15268194646083766,0.5762388709805757,0.4611411313392374,0.6960997211731521,0.8103456687683365,1.0830882029582327,1.0570902679202658,1.1231929531000802,1.1843262784450628,1.275077971805983,1.3977120030944832,1.4542664646619616,1.407266342212872,1.5174943941060621,1.5376423266231953,1.519614632200925,1.4413208046565824,1.4486789035174092,1.403544846387981,1.3344803365022553,1.295422601876974,1.1604639595386632,1.217737316235473,0.9528029685643531,0.9817112054605882,0.9788947444510087,0.7328079718062768,0.46948526575578725,0.5097836110119562,0.13952948818971564,-0.07202773679651728
4.970000000000001,-0.14642203267571152,0.16129067204065883,0.5727004065364999,0.5148243867223736,0.730745292890568,0.7989483825035382,1.09157336590001,1.049288519340604,1.1453560960892988,1.1963469895942571,1.340245759974078,1.3641064051609937,1.3860180939980964,1.42440922758509,1.5130265106187923,1.4840257967521706,1.4368437241515941,1.4259714767620135,1.4790547614078886,1.4262459302654291,1.3409293991272775,1.2708891912573044,1.18279942347671,1.2811243716005514,0.9396377853588976,1.0134644171956921,0.8828676300358594,0.7380900272443637,0.4872511730750786,0.530513803904629,0.0975281557260605,-0.039861537775347025
4.98,-0.06773684873840781,0.17179758322637453,0.6252423191367191,0.5236129411511825,0.7332705738750299,0.8100039732429657,1.0703995053470374,1.0768296304525744,1.1477647206277892,1.2637682454999695,1.3215996131890992,1.3973984412579672,1.3855546043358558,1.396923376328856,1.5406601620116032,1.490659356987516,1.4431378591014714,1.503500536335467,1.446364675733736,1.4008750149384421,1.2591363702466163,1.2557654844251342,1.1177083756483581,1.1565914550660825,0.9011801596340058,0.9445705832883421,0.8564084255348434,0.7113614105697068,0.5016044211576547,0.529585813059995,0.1115682512445606,-0.049480939447453694
4.99,0.002027980716431862,0.23940300944030102,0.6427566389552106,0.5705895631392195,0.7666880767942406,0.7763028909237669,1.0996251052002206,1.0716323583021332,1.1180252550889953,1.205044351726006,1.3431158167722643,1.3928513073161475,1.4449896379679517,1.3733669296505169,1.5248748377485246,1.438126776913885,1.4927639420303336,1.5166100027902625,1.461198836437279,1.4060349474914775,1.2218117068295695,1.246853409692264,1.0900055291369644,1.2237630984563244,0.9064192029371967,1.0109294966622566,0.897706193871481,0.7432811720691784,0.4008059576085497,0.4906586968911181,0.0576185890436454,-0.04605642906223358
5.0,0.027631699427001617,0.23831878832378084,0.596968738357888,0.5396906452298875,0.7031986120484247,0.7948973354664255,1.0228570975346756,1.0920556999913829,1.1409619098831747,1.232302631748651,1.3107170081944663,1.4353674399500993,1.461483325302735,1.4952924020353928,1.5253682200013465,1.5131321611819497,1.4645129749018688,1.468326583746172,1.4636148636145532,1.4439375412076247,1.2282304049972317,1.2144334247484754,1.132518060918681,1.2587203861350278,0.8927151864735423,0.9962468263504797,0.8737125375747813,0.7584273529497942,0.5192077252372207,0.513698332775828,0.04577643655696393,0.09677735048682054
5.01,-0.018689943647259784,0.19955046854880418,0.5519157367744663,0.5128907888867501,0.753385566903334,0.847799200325633,1.0445940321997083,1.1525266463190669,1.1980288812321145,1.2900096741956804,1.3695210625277618,1.3745896823885726,1.3944898872690412,1.5148483916925204,1.5538561894202125,1.4372168706841173,1.43768555313891,1.4869542973280354,1.4175847324962403,1.3853290383146504,1.2968285565710695,1.251345844345456,1.1200713668650943,1.2045273219997685,0.8126436192088111,1.0055383235638624,0.9019548070164791,0.7977664140708995,0.40720170194696065,0.5669411217633769,0.011327967697066139,0.045502610795510705
5.02,0.036093932113648856,0.22298759127752674,0.62511932424038,0.5455814707788329,0.7312529546296153,0.8138146172096699,1.0663868877847018,1.1290188155601404,1.173283613406087,1.209870219400914,1.3558831977682015,1.4145861459703222,1.400688184154494,1.4477919557975842,1.4325447579617747,1.4372230652321405,1.461601301678895,1.416922214487922,1.4111216375513587,1.4356996918478828,1.2060345395913594,1.293101832682968,1.065060285372775,1.2465240702268343,0.8308293771351751,1.045242415990932,0.827570886818457,0.7071057413316235,0.3961833477874297,0.4824636842546738,0.02779698646416924,0.018924324467537994
5.030000000000001,0.06168986764512751,0.18439941464021142,0.5804891542307239,0.5554156020610886,0.6938521288743367,0.8178950318734538,1.0584235316688337,1.1395174399992454,1.1916281583567196,1.2557268421095318,1.3323131844255878,1.4091385795388212,1.4163570113816077,1.4628133622700126,1.4919940171608075,1.4172767947577551,1.4797170386867327,1.458807792104788,1.4144511899593402,1.432531789579601,1.1789940891337158,1.2605034013656276,1.0999890207751615,1.2461058227384492,0.9188482626174255,1.0128778740385196,0.8320687001146676,0.7146655880462062,0.43452382204933465,0.5153656091802588,0.03272241665707888,0.1069141573769492
5.040000000000001,0.05448876607441318,0.20769975747107788,0.5443837530035132,0.536295486024787,0.6769561241213017,0.8268754877924901,1.0450811722735058,1.1349232126218807,1.193746028785305,1.2675478968229514,1.3078317002456419,1.3913419544322527,1.4228293626697588,1.4707259056224988,1.4731322521314856,1.5048150791196817,1.4862269007844073,1.5017679785271996,1.5115074708597658,1.385995634104324,1.2435962606350563,1.2711392223291331,1.1188787910933342,1.1838969390313736,0.9049729571826778,0.9517599801302639,0.8510012357040134,0.7363206996472501,0.41895137176939234,0.5153335573415655,-0.00011605267517867876,0.15661330880842267
5.050000000000001,0.10409457780488322,0.2741562747555966,0.5921656590226898,0.5203197170391809,0.6413487357419461,0.8259951077803301,1.0181165988095688,1.0877185891154195,1.1992292150842365,1.2967988899422593,1.3229966552157155,1.344735813266898,1.4411460939206415,1.4605313062760046,1.4849173188381277,1.4121440731902273,1.4984493706579776,1.528925547755642,1.511838408403224,1.4590981311550546,1.235959931938093,1.3082138455403913,1.1294589498946983,1.2159179339703217,0.8297606386346859,1.043609884785553,0.8615166667510042,0.7192210176909573,0.43494709954563293,0.49506941955175093,0.09752796413957228,0.22699357559480882
5.0600000000000005,0.08971850075672406,0.28737153267187615,0.5651261368259028,0.5558312336254215,0.6625619763607334,0.889090294226714,1.0134098641792397,1.1469642975872574,1.1851022874880088,1.2653957257581951,1.3463295048991302,1.4400472274394518,1.4435734822751733,1.4490435018546513,1.4913699128321813,1.409215489876571,1.3847098391768813,1.51788842008085,1.457342817795945,1.4839150937053198,1.3155620838251407,1.2756220273067556,1.0690100993639957,1.1594866022873849,0.8618447506110388,1.057155552212398,0.9550236912326567,0.7863712008319437,0.48396923378538376,0.4436270577939409,0.062405330337199326,0.15451111847064508
5.07,0.04776114058093365,0.2770802119304185,0.5499600688419493,0.549332779642899,0.6195661049856739,0.799333732366154,0.9098757100428625,1.0975958370299337,1.1780612119302354,1.3238641840824124,1.34109323641662,1.3743446896826677,1.4328773440587603,1.4429578557557712,1.4616663740563702,1.4281643888267597,1.4542624904463168,1.4975027943784571,1.458451044652459,1.4629366310556702,1.2249712919108409,1.2598794955021884,1.128768225399548,1.1796153143758417,0.8370948340952136,0.9660988451757597,0.8840442414732612,0.7888218310327425,0.4439935800183683,0.5556413799336269,0.05505047203690731,0.21353536620306196
5.08,0.13282770397991084,0.30751970945366625,0.5650631966282109,0.5515424982448237,0.6104978329277899,0.8438048778492275,0.9468340953872335,1.1361025012879304,1.1741167910203092,1.276748806895251,1.305605222324583,1.3887618093545124,1.4522904922213533,1.5081865985993608,1.466743869779158,1.4102091903764493,1.423192685491266,1.5550648365340163,1.474640694622437,1.400450816864468,1.2480185971331268,1.2796766615044166,1.1518684436627333,1.172936078344012,0.9033001299027014,1.0556026208242555,0.9690027292056981,0.8363182263455768,0.4760352072742996,0.5537175257072905,0.12313956585400823,0.23418942100575366
5.09,0.12745251033878965,0.2977751038414008,0.5225303964721717,0.5874449332540472,0.6020612688303928,0.8267644766156393,0.8881391267839988,1.1500792683119887,1.1946440128706395,1.2790921468979444,1.2616484794965928,1.4479275869741335,1.420460399417445,1.4995995270731226,1.4527684370434641,1.3958862187074612,1.4093654686134316,1.4594055870270959,1.4955221806745127,1.4055587637298115,1.2196265918771083,1.2708274288867536,1.1623909678758257,1.1590117100478932,0.8891046819792165,1.0588525478648425,0.9298296542200696,0.7226217005769102,0.44559026640827865,0.4500247526427324,0.04925928984987007,0.21462988920565973
5.1,0.1990468039005017,0.2523969329957427,0.5098771751669468,0.5744764220800044,0.6354822915503303,0.8836288740246859,0.885993114977955,1.1386829977784032,1.2266878972059696,1.2349656779146359,1.3024898207652116,1.3074488657652823,1.4557358204780715,1.5057157716397096,1.4840110067811456,1.4562928385166858,1.4333830685305948,1.5193219401432978,1.500448020876982,1.3936891253259498,1.3126179861501934,1.3053754544438543,1.1483103168147153,1.1651469383527937,0.8957288903341495,1.0081098044807606,0.8893500655247574,0.7640039842923321,0.3859612202957428,0.431775675544994,0.09514590228948039,0.19140101426646378
5.109999999999999,0.21461886366796912,0.2493472508856961,0.4424807034192635,0.578874572353256,0.6558632725601956,0.9354958197922744,0.9450262195613498,1.160458982832232,1.1989270407210295,1.2844822020780913,1.3714541134300542,1.3893790720056798,1.3748319358243,1.422847803988131,1.4153554001158302,1.4811704991288641,1.419433130822052,1.5349136870206732,1.5052687699258323,1.4195097069400704,1.3133938146346922,1.3555260374928775,1.134484986358235,1.1587151195017555,1.0415466133799411,1.0045438639344133,0.8952293916899252,0.7664681823151873,0.3717826213133001,0.42578700859972146,0.08968062163887933,0.2648281161315324
5.120000000000001,0.19627851230035087,0.2364788124038959,0.4718097254042045,0.5773130765260701,0.6629367920598023,0.9158378810860925,0.9174508325602746,1.1806128558184386,1.199886475493596,1.2423303347102628,1.2979282823887943,1.3664684410147379,1.3914373493079526,1.4710274193950617,1.4635024127509317,1.4854195013357425,1.4495673512862948,1.5693265483566194,1.4819915657213407,1.4064012428630115,1.3210007156584058,1.2890475940992503,1.18455220084009,1.1425358642618753,0.956112051813615,0.9635626833616773,0.8944153716323784,0.7604441073455996,0.43720747228347034,0.40270007754989595,0.10278011336517888,0.26048206874729
5.130000000000001,0.25795475039708765,0.2911497273971413,0.4272719641999471,0.6538067803043272,0.6710585847257466,0.8692888861642188,0.8351557715068781,1.1413317811809194,1.1415729731020732,1.227101702705719,1.2624062346977383,1.4120837960714936,1.4178053921163762,1.481529346054942,1.4598133531032345,1.4776902561829646,1.471150928824112,1.5671092594224556,1.417791686748776,1.4114342377315767,1.3196321997236267,1.2781720590308066,1.137492312078449,1.1087669441453942,0.9975179491489182,0.9450155603469739,0.8389824002947657,0.7026502597300294,0.4419577683744884,0.3956500459025002,0.14853529689656236,0.30475915756586913
5.140000000000001,0.27779351511582306,0.37831404730433893,0.42616902622328806,0.65806385750014,0.5815028978022536,0.9168639767078175,0.8683797919694605,1.1282538481542619,1.204866221587494,1.2835681998793886,1.3403682249176716,1.3202321415350924,1.4176879331912478,1.4676197546937757,1.552222227020604,1.4569167529782399,1.4729097328261245,1.5435882155022975,1.4705709223857408,1.435266750260809,1.352999637466725,1.3270903788066064,1.181544382724618,1.0613355939351021,0.9815893830942346,1.0057050915612824,0.8297377057986811,0.6687959091090016,0.37922523838667976,0.3226654369477212,0.17164345350070742,0.29188874770142886
5.15,0.23872993830346076,0.36289395436992034,0.4439289715071946,0.6171487004610275,0.6617523463830435,0.9462816347125548,0.8852184761393038,1.19362204350345,1.1955555826878423,1.2836413238428306,1.374177250887462,1.405136683562543,1.4132169547576374,1.469195425306127,1.4587949172229422,1.4872855984360596,1.4823318500559672,1.4686637863218546,1.4421203116730623,1.4448113570508252,1.3192563420790058,1.3020792394834655,1.181495256518997,1.0490651491564635,0.9705892519761062,0.9234682234149354,0.7755571252132479,0.6671721949420044,0.3738795083472407,0.31626584788120815,0.1559261912252927,0.2834940342459406
5.16,0.30185996971606854,0.3900938483700848,0.3758442549712537,0.5729993329663444,0.7050550988026231,0.9601485155432986,0.9094164963694171,1.0817345231734545,1.2327707375094827,1.3215921696659567,1.3749840328201657,1.4042754516236304,1.4017914231115953,1.473462938588893,1.4967359694196094,1.5095179190962302,1.5281555000986513,1.5326188777435514,1.416942298547587,1.3899369372980965,1.3463534690599392,1.3040650475859625,1.1603111618216615,0.9613679457921185,0.9757417926361723,0.8120063413395038,0.812159378004478,0.622952449016173,0.3499968141171865,0.2229563329270346,0.20095358713162004,0.20964061658378763
5.17,0.34097002597023146,0.40292160845335295,0.323216079562012,0.6722306475293688,0.5805965332919933,0.9593471604305576,0.9037073092301668,1.099320289278903,1.222729105980603,1.2474624088591606,1.23871776816254,1.3307862004236073,1.4102904883738432,1.5188551935668313,1.4501615397386285,1.5174789891831066,1.548029626212974,1.6143150428907649,1.4426619460118946,1.382063750202491,1.331371389503091,1.2219194091816983,1.1299686606277266,1.0099688984853648,0.9148044329126206,0.865830142437401,0.772826824025783,0.5848627208437852,0.47362962052673013,0.21787596955275626,0.21687503133429437,0.2331323910128128
5.18,0.3354814357181712,0.44394451571181076,0.3372137743739012,0.6599240703636823,0.7069357279357832,0.9370940516157554,0.842489960189009,1.1266626509154511,1.2025352636108462,1.2934283580685186,1.335685238844173,1.379037914648911,1.4641065810700564,1.4394149716678815,1.5090820252736845,1.4631284826833686,1.518998319311696,1.5680918163907687,1.4649563473579976,1.3121150147445133,1.3510229886795362,1.2669944012253593,1.2129227393703326,0.9706553267683391,0.9594466716124619,0.8326679944132711,0.7084181630460653,0.5835531795771888,0.4175254725365347,0.1645571563007518,0.2522760313454673,0.23341430072233235
5.1899999999999995,0.3561845539709451,0.4291663364958851,0.390634129966412,0.712822782346827,0.6715382032141738,1.0085014309051408,0.8773036341293393,1.1776488642467289,1.1870005112364024,1.2674776831090158,1.352306289137441,1.3512757904989474,1.403709131029858,1.4982355614046141,1.5065094179630674,1.5358009275172007,1.5390262143891458,1.6152792172426451,1.3892818167125367,1.3127648495922837,1.3539310161313896,1.1877321777818604,1.1730604920003107,0.9161562346309188,0.9766157884698892,0.7621956253143576,0.6855195343098901,0.5448167658530644,0.500756802470573,0.2104853882171398,0.35638312567954816,0.257882436512304
5.200000000000001,0.299739299960153,0.4564712005640913,0.3775217238562327,0.7007946585604065,0.7015286464067962,0.9428729930738889,0.8450485012508365,1.0928349256381182,1.191030294239009,1.2341466300234392,1.3447419785410468,1.3894565585009904,1.353066422212654,1.524030396522176,1.5143870238401655,1.548729639738719,1.551885612321056,1.5093432215903162,1.3914904032852586,1.3108455620659991,1.3239481532385557,1.2188725367594166,1.117686369276878,0.9413034961864942,0.9602600892663231,0.7655693587464557,0.602244327994114,0.5074300312652792,0.4944145354859967,0.22997288385136888,0.40701937468355565,0.24084249422354348
5.210000000000001,0.3694821852135326,0.46430257010522435,0.31585247616902495,0.7146474912744629,0.7581934970690396,0.9648989215570799,0.9009521244706222,1.1685966956932985,1.2387424155566447,1.299866962084016,1.3126357165276146,1.3592612571910767,1.4966944063861656,1.4479850154670204,1.4792838466195526,1.4596613741843585,1.506541448961418,1.5436529381248507,1.4353640672878327,1.3036175773210659,1.2978164755209622,1.1896662532368327,1.1120564137447442,0.9513537974641457,0.977408460430917,0.7675461319490425,0.6259525214359769,0.47088669819121565,0.562466309891975,0.17473314142485194,0.4271018636620228,0.25357775815427047
5.220000000000001,0.3684977481935982,0.4989530693340709,0.31327688104194235,0.7535204378275921,0.7274227373382699,0.9582508649293936,0.8920455686261141,1.0764072225300978,1.1510673703602134,1.304348249909507,1.3393041550979785,1.3553692755944409,1.4046352009408236,1.477569572257597,1.4343413232968734,1.508909219381716,1.5989807077647449,1.529402129946071,1.4119014587248677,1.3211737987730001,1.353898071212757,1.1782544605435605,1.1087956529651972,0.9258320134942023,0.8583418146376167,0.7087650102534664,0.5285505510995571,0.4663026250734293,0.5364828457594983,0.14796446151559464,0.49592119612506397,0.27991701558207915
5.23,0.3572941305479242,0.49195775967659516,0.28490759200784666,0.7060578056367864,0.7983191210272976,1.0062338744010657,0.9545615508331873,1.0723254059744682,1.208706080148714,1.2615843110432399,1.3327337358348774,1.3785394988384072,1.4669719693797107,1.4830175976977196,1.4722710329433837,1.4618372029986617,1.5436225689997591,1.5130472602675349,1.3806678955509468,1.2733302915272986,1.2957909198034643,1.121320957088053,1.0657135955497636,0.880432401977836,0.8453878573607819,0.7318891998789928,0.5695843823352411,0.4324759187230275,0.6795290555273147,0.1902724551049618,0.4674156852824071,0.14978792780039293
5.24,0.36638667064021746,0.49796308460375616,0.2400442645288358,0.7703619792067853,0.7875459887953274,0.9259026681907405,0.9179069246260501,1.086790595518175,1.23632919191674,1.2596823627407012,1.3191277722913382,1.3786454650451152,1.4490493968345004,1.4405075645503578,1.5010889037157642,1.476394723555712,1.5507408617479321,1.5378712502696068,1.4021500999156515,1.3656723600819145,1.3212672688799354,1.1358391762510118,1.0462929584874754,0.9137783616003423,0.9046716805236291,0.6143023499611036,0.501379595949028,0.4323791336274291,0.649476663353584,0.17514678179909288,0.4619993636840611,0.18806693892731954
5.25,0.38561924291271293,0.49905342273601627,0.2546976250642733,0.7635778268875967,0.7680376098193905,0.966117863274128,0.9278529395737037,1.1258530295661033,1.2241125376731636,1.2854063057705072,1.3921483833711026,1.4201827866310461,1.4574364945535931,1.5128284328107853,1.4908446840978329,1.490424297294488,1.466365891368443,1.5069304958268503,1.365791168069507,1.3049118824385795,1.295256937726502,1.0583463236199977,1.0420574094064146,0.9654834242978219,0.9130791460627505,0.7256026379240876,0.5519885491450869,0.3699961607645171,0.71691645390662,0.16519241715141517,0.5160953296585471,0.1667199060397734
5.26,0.30874772350265484,0.4636846474390526,0.2932157574549978,0.7398747161157712,0.752199096027739,0.9875875637003048,0.9778212908103804,1.0685882874744146,1.1843618141499233,1.27934458974802,1.3444505473345867,1.3995732561302547,1.3996284072968412,1.4582159262247645,1.459282414745929,1.447373827035721,1.5870069266071212,1.4826093491710906,1.311829528718754,1.2607420214482197,1.2979776359102368,1.2147535249901622,1.0956685119735994,0.968674859541928,0.9007092584139862,0.7357506514680131,0.5106944275061482,0.43172460769835785,0.7806584360416445,0.19006060266281455,0.5154473811606691,0.1654278290236072
5.27,0.29171991236051353,0.4547553350118045,0.2970516219746069,0.7095178172596166,0.7533784839182648,0.9488383575667221,0.9757273265195078,1.0968670004099865,1.142037783492052,1.275377621777702,1.32520619592296,1.4179768256052758,1.4132812257570224,1.437504396784338,1.4108930681282272,1.5122564900049786,1.5335041197517438,1.56764832022177,1.35001026463773,1.3059836663250595,1.2878354160341103,1.1020503437190545,1.0826615191555673,0.9552836511189845,0.8775075058848292,0.7335045607599353,0.5798199787927538,0.4497899400624751,0.7711427467818338,0.26226115052477134,0.5533940689127372,0.09373624812617562
5.280000000000001,0.25342884781883085,0.4639643214981254,0.28108367705711457,0.6853619362600312,0.8025928063150592,0.9390567538210174,0.9649643274393296,1.1088012471918438,1.1180926564471187,1.2513845126968646,1.3309842757168546,1.3680978029464546,1.451569838052798,1.5041436568018727,1.4326018475501499,1.4535742135286922,1.583962568204635,1.4673430195164383,1.3641349303401675,1.2905101545683006,1.289965797211877,1.1390285615206657,1.0842337505365909,0.9775671102576923,0.8879852731141042,0.684547943999716,0.6104499682649704,0.5142685543016305,0.821821175952165,0.26592960023695805,0.4728121085789256,0.05319262121401903
5.290000000000001,0.3177581407250707,0.47270941360793184,0.33272725037931966,0.7513693348422424,0.7695976269853345,0.9460966179869679,1.052348208236519,1.0630651325228286,1.1895701790496593,1.3022443233061898,1.3719392058747584,1.341265440140523,1.393421328873022,1.4637969581565806,1.485186687179013,1.4530862168303327,1.5826353983817762,1.4987897503131375,1.3592804835190093,1.3533175647652114,1.3566552896359534,1.1182476842046067,1.1215814376923272,1.0166777473430677,0.9307463480951585,0.736969706810451,0.5704575654350061,0.48854175188461335,0.8537194310452402,0.2904466304112799,0.48874917748975105,0.017507202152957913
5.300000000000001,0.2629697456404657,0.38785676487095994,0.293488273283619,0.6786977194978988,0.8003476797006697,0.9142479818760748,1.002806467238938,1.0375474008538275,1.1846030367841331,1.2423053946975964,1.3358869315676434,1.367578014258063,1.439920566223887,1.4489829606239015,1.4710202331935895,1.5156964093603071,1.5939398941216627,1.4550181894558598,1.4077535357385687,1.319704745201541,1.3425178028081668,1.2038759467575364,1.1092418096709784,0.9915559468885065,0.9302780485557524,0.7674035144327278,0.6178341864170068,0.535401234289682,0.8604592313346456,0.2805547178140231,0.5117344632008636,-0.00010716797760527627
5.3100000000000005,0.14056420130877384,0.4135554439179159,0.30177760596253395,0.7273374094144044,0.8509643764586439,1.001061760636059,1.0177082853051194,0.9620917645039667,1.111192474248353,1.2432696656739224,1.3340358629038607,1.3917337460220107,1.4805553412629728,1.4157378721931024,1.4612943638327727,1.485215095158851,1.5558419058164248,1.488185353086322,1.326249887444624,1.273137965459003,1.2634067336217492,1.205881719520423,1.107100910463239,1.000870470123484,0.9424558905662712,0.7413726365932758,0.6280222822781937,0.5284744690767248,0.8373836316050536,0.30877221496296364,0.44538603212771255,-0.06661947191854906
5.32,0.18734049420456278,0.4054838462419522,0.29293523219047024,0.6870447301940051,0.8167289115263779,0.9153775929599346,1.024338636990919,1.0278956565294508,1.1516627602401293,1.2332733887892868,1.35416410791755,1.3791654988940354,1.448330354118191,1.4297918589543077,1.495984580360894,1.5047879253600507,1.584188786608843,1.4425947353709172,1.4112777094683433,1.3057520595404009,1.3137108421876207,1.130612581427814,1.08341800645839,1.0455806281155613,0.933272090852816,0.7908633203282678,0.5996044086978272,0.5159096810114687,0.8865739411527218,0.2933536758622143,0.3763516660875334,-0.0934141102583865
5.33,0.17667465507267305,0.4445221084095437,0.38402636628788234,0.6392694994458369,0.8113508962542594,0.8511206397881997,0.9852501002416646,1.0121885082088937,1.1224859697060645,1.2304766639062548,1.3363761061553912,1.3767328615394565,1.4259188314911633,1.403665336485487,1.4846065463310785,1.4697793398353067,1.5780858746962165,1.4951161929281942,1.4167986105320929,1.3509383312695156,1.3992702990558317,1.1454575341100794,1.1419505709494444,1.0552103180708776,0.9754939526687736,0.803996624185282,0.6266639052850507,0.5294344422846394,0.827990986518433,0.3220612153834289,0.3177470338752224,-0.15306009555358194
5.34,0.18214939521886123,0.33259287738784343,0.37051574153225697,0.6489096896972787,0.8150007730055105,0.9519092419597761,1.0710950285729384,0.9932281195671737,1.1083432682084866,1.2042377752207747,1.381555985552809,1.3526090179968648,1.4984471770458487,1.4419301219463296,1.4505019349117418,1.4684574006186892,1.5146204752611883,1.467407304276958,1.4153478506561366,1.3580304336176126,1.308704334918536,1.1695999787518745,1.1948514163667356,1.0751103730492908,1.0079307674398024,0.8218533466151848,0.6132781156717394,0.5348560816582687,0.8287993898760404,0.33742139803939336,0.28964629194259855,-0.1753299329925194
5.35,0.09530826204082665,0.3803328592513844,0.4338739445046065,0.6741202722769639,0.8918774729818861,0.9231732138329553,1.1054590789159136,1.0499880888840487,1.1769163680548649,1.1930455320952231,1.3541411408648953,1.3645404100625544,1.4165936886541008,1.456037845568684,1.4876253771271442,1.4705087874557674,1.5417890261367029,1.4010709584273913,1.4335684184971653,1.3147060282537817,1.297043054778719,1.1731519576171632,1.1876249221152928,1.1231742335166073,0.9706370939919224,0.7893770162040719,0.7277566411686516,0.5340719057719745,0.8377291996391875,0.35916380616757915,0.19444595921352859,-0.2366602149079656
5.359999999999999,0.13745776938151116,0.3402250976619014,0.4599035164143366,0.6406434981337782,0.8211503682352472,0.9132960496526485,1.0717469014084207,1.049544942172492,1.1120663853574089,1.2614517854381662,1.4007872510942059,1.4027262568522956,1.4543459103192058,1.4372343345713716,1.4021155599461697,1.466549318316543,1.524012992550155,1.4775103863489472,1.425927088784122,1.3868286056591292,1.3185681709490145,1.2041431796721527,1.1568736879882136,1.0910565370033465,0.99587730946119,0.7760603370028788,0.6622459228749252,0.49207264867871475,0.8055221965952589,0.3378964318429338,0.20831729626278667,-0.16231660914987792
5.370000000000001,0.149854821636108,0.33953444656782183,0.4810279657646799,0.6525213086964163,0.8476953785096487,0.88934315486033,1.0984209475814806,1.0633408150678605,1.1854564740057663,1.2567835643983556,1.3581023623174746,1.3480204598747019,1.4924129882547092,1.4093967729121886,1.478292132956022,1.4833259639388852,1.5375686715386203,1.4695663301007122,1.4475899256629017,1.342581539741443,1.348056266512184,1.2001998196910206,1.1312008697179499,1.154486568480214,1.0143290687119857,0.824453610247738,0.6790180765535547,0.5944340002957255,0.7321137749383125,0.3469687576770082,0.22025575479793308,-0.21971652986047502
5.380000000000001,0.09290494718867238,0.33702649388386186,0.5212188336524199,0.6565344505958186,0.9364843393774145,0.8647876744896794,1.0834459632654225,1.0412353517922237,1.1757378373687357,1.2393448165164545,1.3122339696563672,1.3895486627973148,1.463144275759372,1.4461322151162488,1.4285465350551625,1.4559701036767398,1.4823087327190925,1.4272051337268827,1.3589225047799804,1.3472891697461657,1.3154919749701715,1.199459334237871,1.1744216944128492,1.0978213701589503,1.0258066468312408,0.796624310462063,0.6531146092554894,0.5896572770636042,0.7254913808333427,0.3282066919730948,0.21150876073303654,-0.2162425585959577
5.390000000000001,0.20016601675814372,0.35596344380594414,0.5455393048009184,0.6858293599643325,0.9099134595428618,0.9447392892901175,1.0763022472055905,1.0156524063987675,1.1185195183146868,1.2399894489806849,1.3171125002565607,1.4372608242377116,1.412602942878923,1.4560097936086362,1.5345567348463314,1.5108294701901275,1.4846749751222206,1.3930270954700574,1.376276787727986,1.3639521603798879,1.3091638640696492,1.2387706975148665,1.1858629453307745,1.11196257014559,1.064645823723049,0.8282078882627337,0.6569672432075522,0.5846523015225267,0.7124733022907648,0.32318229178358365,0.10741325301824023,-0.17403588880956622
5.4,0.14645782799041226,0.3727142515972471,0.5883061925145067,0.7225588541941527,0.8756150858771792,0.9107840126857096,1.1056833346701258,1.0762640985057466,1.1775651215423089,1.182904187211955,1.2967356589634191,1.4147475845474282,1.4559896876995153,1.4385802288846299,1.4710436328604028,1.4685351245487464,1.5550049243855926,1.4056865477609055,1.3942659101127441,1.3239147178680752,1.3338472196727127,1.2676463792249828,1.2164589326215867,1.1275448470912293,1.0617313821539591,0.834169779434182,0.7082341046864122,0.4859119115094302,0.6853228038344311,0.37992358097191115,0.05192006845623661,-0.1473253136633509
5.41,0.1666353250658306,0.3959140665842712,0.6745275220453808,0.6778262364029594,0.8512111804418905,0.8948527446634998,1.0434470800534006,1.047395528291836,1.1227284854405064,1.2063921129566717,1.4008056222217977,1.4177036479617362,1.4209600237395208,1.446329371935258,1.5040858635445054,1.4785545096608326,1.5427723231816726,1.4454436662870678,1.3763155159564482,1.3829526662779326,1.3745391531579236,1.2028506709173927,1.2111544271497896,1.1368441867556933,0.9994290030431685,0.8049275242684147,0.7015768802061759,0.6380650574275046,0.6689510979751601,0.3255510026741244,0.08565516420621896,-0.12184101377153604
5.42,0.14057669831449612,0.39345907536184327,0.6317721330631291,0.6465420964375606,0.9076269382983799,0.9017498692160478,1.0575746707441445,1.0238002467283225,1.098002622885784,1.2038573502919223,1.3076122778814834,1.3746398124804335,1.4306664545896892,1.4671506579831146,1.4735813001086817,1.4976670225842157,1.5150140269774648,1.4564433454811525,1.4448197619738798,1.3773835238059555,1.3948888995850541,1.300576974601795,1.2034172107244623,1.1252454663950058,1.0565074297404469,0.7755886431357689,0.6431482347625224,0.5654325001512809,0.600933407146206,0.31676372898459854,0.004017904578603159,-0.07402870082335729
5.43,0.16909794093784164,0.3843134641440314,0.6594643209768519,0.6971270522346413,0.815773286586335,0.9079160302289818,1.0584127905291358,1.059070942384611,1.1203898686424545,1.2390832357673005,1.2777741425207894,1.3150064277928686,1.4434006132819497,1.5016573704128429,1.515056205259612,1.5263911862060269,1.4967516183983407,1.3514763471527342,1.3833597333798555,1.3322737420334338,1.33269587590095,1.2361660940061074,1.1489287844283538,1.1204415163890475,1.0606249437460022,0.8031701952942811,0.7574828563586031,0.576830210242593,0.5995044342587551,0.3708480595641782,0.11999330401693435,-0.017832917717970465
5.4399999999999995,0.17656276760711914,0.49229636219867046,0.6987931987079762,0.7655905104055588,0.8452727459341093,0.9374654313311472,1.0688128819787222,1.007318264099656,1.11464431193796,1.1537334329192908,1.2853639622133777,1.3557054898258987,1.4129547322822882,1.501633799696056,1.4718581811096232,1.5315292914005043,1.434064153354104,1.38470976251695,1.368047356610851,1.3793823269488796,1.3855143764730573,1.2619761478542275,1.188406913733765,1.1397901493256406,1.1123208992651163,0.8529494691837198,0.7509851063535591,0.5517382599818113,0.5555208525014697,0.32923472109528895,0.06566742755904388,-0.002751959630877694
5.450000000000001,0.18883838605324646,0.4572046005127256,0.7374942816853184,0.762927057258266,0.7883896783034368,0.8667788986218867,1.089677433808012,1.056665262639966,1.1370181213938093,1.2093809640435025,1.253805243949463,1.4021766065429477,1.4132726152299555,1.4224144208457519,1.4737143083225275,1.5128343541402878,1.4335279184849679,1.4272382136229453,1.408020763213852,1.366425856504797,1.4281861520413583,1.2623150718178617,1.2121820872500746,1.1873573325841702,1.105250536286916,0.815688802294619,0.6485614088757834,0.5831444886051994,0.5176795632505717,0.3428667776376009,0.09034646241044957,0.005280008055414291
5.460000000000001,0.2212912669813885,0.4414208792609025,0.6304391151698139,0.7809886130123119,0.7553901131075852,0.8522406432775929,1.0288897354601327,1.1138390868729353,1.1413103462187635,1.226361638567683,1.3098037867303116,1.4288876607676348,1.423687703510876,1.4260413009024813,1.508502647063199,1.5443406318429254,1.439212604558964,1.406212181916144,1.402913723026174,1.3428074807038488,1.391042717878561,1.2131344204356234,1.232863891363422,1.1322388247255422,1.0977968631335961,0.8666944985036635,0.7253470073648112,0.6183008181083036,0.467163629107014,0.29619326055553674,0.05090120106817432,0.05977631693980629
5.470000000000001,0.1447062860007244,0.40345247021477,0.6151479364455545,0.7587874211953203,0.7269048747335966,0.8989155657535165,1.0086909359240244,1.080560382416352,1.0869274013619332,1.2631444463307946,1.3266406737724872,1.3588435215550674,1.3518675801252835,1.4548579186285844,1.4888779209619365,1.5281094015537746,1.4282965588681005,1.4198913564152984,1.409808144406816,1.39472048675679,1.4300302662236197,1.298651122852662,1.302611645965289,1.1768961902069648,1.1324747816908074,0.7838004920671588,0.718068050080584,0.6026383439575627,0.562040212610232,0.3295879953368715,0.08886915640951795,0.12062031771482852
5.48,0.13728568784212125,0.42884109216604877,0.6468578579571432,0.7421891844562508,0.7265906166188133,0.7934331966302515,0.9610267609175948,1.0704409110266866,1.1151505986871357,1.2034322869811023,1.2427782647322116,1.3899459311276947,1.4031668481674038,1.4481761325464007,1.4711994048790233,1.4770366655243248,1.4204759763661163,1.4568200232301571,1.4180543545153015,1.368293767668267,1.4458371798647598,1.2591202195055333,1.282158479860037,1.1880176877142583,1.1792845649686803,0.8435871778489111,0.6628974061902092,0.4983464961528827,0.43419830104304835,0.40519748653007853,0.07277173101008727,0.17822569050516668
5.49,0.12234122488176474,0.39189286279759505,0.6433259231030175,0.7507163090726315,0.687917157145932,0.8410902307436957,0.9366673488938567,1.0293704707681495,1.1533163606286294,1.2513608378093104,1.3317844082511963,1.404800990796284,1.4421464764512681,1.5107149802891575,1.552419840179333,1.485807079235211,1.4446479321067622,1.4216523040676396,1.4413694720466517,1.295240218991993,1.4255527242147457,1.3002067878347527,1.2756008801510186,1.196627209599359,1.1820470572264832,0.8448181638670998,0.6816080960248371,0.5291627456500113,0.43375984163675196,0.3819053311756749,0.09102837916984506,0.2144506921260461
5.5,0.053570719798686675,0.44092369184122604,0.570780339015765,0.7139717977409357,0.6521002134155716,0.8191349500194355,1.0034439783534828,1.0469673383317404,1.093739595010261,1.2567860826339963,1.2548170953409594,1.361718250224183,1.3879170000652135,1.3852661704133133,1.5084231027107489,1.49133065682001,1.4133180371479641,1.4124822110955497,1.4594478770441568,1.3787331242538854,1.4869925238246917,1.3222255449488394,1.3394355364901895,1.200606884768588,1.186588623859387,0.8950361186344974,0.7499767337000319,0.6245870218500451,0.44379138941456475,0.350618924681232,0.1332452264443448,0.19870218729242983
5.51,0.1177480360240805,0.38269781230507577,0.5870506574632534,0.6455689161866864,0.6227224744485645,0.7962772559510273,0.9804448630411045,1.0802582565766496,1.1376916494896743,1.217642086154976,1.2710822364899357,1.3494745951809368,1.3704854187828692,1.4963088884900866,1.5125142907050315,1.536736263446428,1.400561815894317,1.3771102443556946,1.4533113670973914,1.434314639093125,1.4913980260995277,1.2937672594520502,1.3015381854276509,1.2123544926567953,1.1910219056541438,0.8977199437064693,0.7479998156843156,0.5890713876686088,0.4645942918945259,0.383992452569486,0.09016623922832835,0.2612960437639285
5.52,-0.0005612678847770475,0.3850005509759803,0.6022985887377269,0.6961523545205909,0.5987039034983693,0.7866945892667586,0.9106866584499961,1.0277504894267395,1.1750347138939008,1.2096955753880514,1.2838495659041746,1.3198352354728562,1.3692384080562146,1.4619977776088824,1.5270125631682216,1.555373642203578,1.4177245043685784,1.467592863577023,1.4814009822098821,1.3777789013189343,1.519798678116296,1.2990143889306818,1.2864434574675112,1.2629180108358473,1.253940821421474,0.8839513856980501,0.7793399193430408,0.6010389816575923,0.37667848548389615,0.41663481168701305,0.1441410542797468,0.24136393662268316
5.530000000000001,0.03803318386219833,0.38724071104506635,0.5680029516359935,0.6625681526340965,0.621215276041827,0.8442995116286431,0.9677889620131063,1.0472615153451856,1.2008883284884921,1.2462169296442653,1.2888700778049262,1.3651007820133028,1.4177783765602803,1.4193327677914112,1.5058602643103098,1.5317768243712586,1.487254784371605,1.4849801241049034,1.379122850054938,1.4189317449521164,1.4410596468922194,1.2891824346159892,1.3176780857001853,1.2673225200880727,1.2839426107377314,0.9100886557500873,0.7403300806622143,0.6059771394105445,0.4093426026761466,0.4176843692766656,0.1752391611629624,0.31848333834085596
5.540000000000001,-0.0526823425145884,0.3015613025516045,0.4925982380327661,0.6074449095445489,0.5730121630902659,0.8081838371627094,0.8994207914911693,1.0499611546784193,1.2265547249918394,1.2227291919828658,1.2700743371825394,1.3172715295264132,1.3297553934206812,1.4831695360046717,1.4932659226679148,1.5372903828325628,1.4172812258808656,1.47303416883955,1.4330621808682895,1.4153402569109474,1.485881171359343,1.334033327551081,1.3354005165855634,1.2540717447065906,1.2200504488376114,0.94042182096243,0.7519821464804168,0.6596269990595905,0.3979458888702253,0.5238189009902521,0.1761772933694347,0.28822472498222435
5.550000000000001,0.02072732730801342,0.34082416694548434,0.49471769047047504,0.6068673078197051,0.5561438881853514,0.7685664967208632,0.9463323773676826,1.0456064453186926,1.1490042032235133,1.2449294086672618,1.2384992934118817,1.3510965328689286,1.4285241540978553,1.4946178701778805,1.541736781017091,1.6049509722211024,1.488745661448231,1.4809079025260485,1.4092149311169992,1.4133393718418767,1.512422533927462,1.345516423225962,1.2850783245939572,1.2776040746663746,1.244339520982716,0.8829003999542951,0.7464183452861672,0.6199787929701829,0.38772240098840427,0.5192825681874285,0.21819029264932555,0.29228821256365217
5.5600000000000005,-0.0005390213136376373,0.35581559491945436,0.5015426717747946,0.6110689680117299,0.5443430837152295,0.7542844898069341,1.0016297508077538,1.1078087917871804,1.1952359787432105,1.2659174411737601,1.3234608979367732,1.2883015330137124,1.3651126779099518,1.4087779005324113,1.5495276725737943,1.569117472868509,1.4219431430171068,1.459813603240234,1.392946031062164,1.3878421360560687,1.467200741760642,1.3376498439070685,1.3512810786056246,1.3069606644260805,1.2849339515141696,0.9873439524492718,0.7614669594006325,0.6988876988204153,0.387957198064784,0.49158310364654617,0.16848169761404932,0.29110479168844244
5.57,0.007639151219874258,0.2825666761674755,0.4285137120368657,0.5445881822587695,0.573543017802194,0.7146230886772645,0.8913521276070004,1.106089539481809,1.2149810864454111,1.257584880534735,1.2532811899282612,1.3622593247954566,1.398407594733696,1.5079069232490285,1.5621134673434893,1.4910404144732006,1.4782286847884862,1.4762635776145638,1.3970119733737505,1.395305090144547,1.4756193595636393,1.2615305859738,1.3081087259008042,1.3175572025957405,1.23612680407431,0.8895726022586686,0.9013256270268275,0.6544631475027473,0.40411567360130835,0.5154542174144217,0.23812723825823745,0.3456308308784287
5.58,-0.14104254549272027,0.33550388287047833,0.4611080187940703,0.5291680332331447,0.6041749871688543,0.7907439097143343,0.8924972371485732,1.0596599443776455,1.1851823239634163,1.2759656254764777,1.3258214258065664,1.3811086006036368,1.4115609415849542,1.4958234254620772,1.509073274585374,1.5591499042331902,1.490484535855054,1.528682932790813,1.4115997638357736,1.3663851199749975,1.4787125056069967,1.3433968007527892,1.3398914039134824,1.3166150632950313,1.2810150549190837,0.9953673717613984,0.7818551654727143,0.6179593881490296,0.3889432288993859,0.5323399785735425,0.22117401020053015,0.28952937312542115
5.59,0.01730322797598083,0.2867623151534956,0.4217412257438615,0.5377940228905272,0.5178924161997621,0.77217922827586,0.8996484982634492,1.0509302985558955,1.2196279742314649,1.29348131395372,1.3142053328228238,1.3642979893769016,1.4165202756293307,1.4891667595985827,1.5149562267831276,1.4794520566111375,1.5040570653318048,1.5243241510255352,1.4665908350412866,1.4992106993025784,1.5278834184028391,1.3123785833741453,1.3577444975461903,1.3295027290907666,1.2036953704359683,0.9989364665209729,0.832775747120141,0.6872664267302636,0.4322966788511161,0.5469202691633857,0.267791793222087,0.31404377668895983
5.6,-0.07171223304925967,0.25697242047228286,0.4216511971284592,0.5157598563431938,0.608263568255857,0.7508907577136739,0.8504930350982036,1.0185381285188084,1.1780752370238154,1.2863337274842892,1.254250435246441,1.3587816745189631,1.4598436315213634,1.4891909727350041,1.5126693744263384,1.5003480369767095,1.48531861062019,1.5526244254124602,1.4338513199676666,1.4228829829855767,1.4917586254078858,1.311118735296439,1.3727779477391497,1.3377378507063113,1.208405955929517,0.921167068096761,0.8272266408473048,0.6672790651296211,0.3735437362088569,0.5108318918109347,0.2373997661589766,0.2213747968655849
5.609999999999999,-0.07950983084254235,0.15749171543274498,0.3606456354813779,0.4541230106648648,0.5763821850473169,0.7337822370579438,0.9734273776480805,1.1220516039148922,1.1722724713528905,1.330602084993002,1.3289615210234722,1.3130178240902055,1.4128323968501935,1.4317209958931976,1.5091728512397946,1.4735513180469506,1.4852217304661617,1.5989985280008336,1.4757432575610163,1.4102291720154632,1.4351241728190638,1.2829689263011055,1.344052138635155,1.380986564267038,1.2255709405572786,0.9771175441201532,0.8335448128773729,0.6305026786976222,0.37890588857005636,0.5418103198258701,0.24551632409745433,0.2539491777673378
5.620000000000001,-0.05788880333828613,0.2023058298031768,0.34232047101162877,0.46843508707477716,0.5933194954242795,0.7933215923726866,0.9301041551513675,1.0912555677088414,1.2678078838876372,1.329015557324379,1.3806433130668656,1.3503127153978165,1.421096069503592,1.5055593370670586,1.5057029261281327,1.576368162991269,1.5154854082525593,1.524058878996476,1.4167426114882502,1.410113144240852,1.400369210882558,1.3115995471624873,1.29494658355577,1.339372763598795,1.1886097922146046,0.9839009438055639,0.8106556877445846,0.6282867499591541,0.42939605688243615,0.6146544449404258,0.24353255022297257,0.2522211324043228
5.630000000000001,-0.10047296505043243,0.1251896661348738,0.3879057766390042,0.509066429422818,0.6237797897124865,0.7386948622954064,0.934530048755998,1.140880451980452,1.231643605765412,1.3069335561420907,1.3375627062864563,1.3659309837036546,1.4111378328174575,1.4518112033145174,1.482560860326185,1.5330299803781517,1.4813786286044597,1.5286615938426231,1.445203120835416,1.4051958993479292,1.5264984422307084,1.2900400852768426,1.3126490653847573,1.342293650903021,1.1667011476531148,0.9703813962044328,0.7853630764848566,0.6765261229991861,0.47024980231933705,0.5578816701958409,0.275408722266557,0.24063796580240196
5.640000000000001,-0.034599183428155766,0.18976147392800113,0.3664731593629211,0.4743149121446384,0.6617730854750727,0.7503910525117183,0.9065140412508991,1.1475442324998533,1.2564980596503341,1.3203477668229935,1.3783285120550048,1.3461060887209229,1.3893778922218438,1.4507221566126742,1.5271529378720785,1.5270877601844368,1.4345114025821353,1.5353842278602672,1.4203242157005562,1.4272007205669615,1.4638097460116533,1.2909783286936183,1.3499999405700767,1.3216301341450538,1.1531128533865087,1.0197370047599774,0.8977600350114809,0.7126125665299211,0.46434314936253196,0.5919574202116277,0.33129964669737944,0.23920752151431499
5.65,-0.02865709868830611,0.13110569570665168,0.3565432465656739,0.48156569231808405,0.7193211206557494,0.761763945893051,0.9253199007873173,1.0849048548127451,1.2216364378814621,1.3032304110484314,1.2880490562661484,1.3510980453032884,1.393506595580126,1.4685371263628766,1.51742352378359,1.5009810535294188,1.5279593482373584,1.5925524258964858,1.454378964920544,1.3888058106067411,1.4446506509429322,1.3305757362481234,1.3410877863103703,1.3126200795770187,1.2017741921334943,1.0536315253899686,0.9352072155232446,0.7429762977888912,0.5078539368474325,0.5395603196577531,0.3239512468886031,0.25038567586113447
5.66,-0.06968937099489571,0.09898779995801636,0.37325498669510115,0.37341467204010403,0.6790923570043286,0.7425634803607746,0.9203937678230111,1.1117315741920875,1.2287700531941508,1.2917616151927995,1.345412755617003,1.3713787859881206,1.4582641405662164,1.5388558519471474,1.499340486019343,1.5153012924595173,1.5205882473268864,1.5864912958487012,1.445091456488782,1.4870607857146643,1.4629357302130686,1.3132837149720131,1.281682258987533,1.3880269111639323,1.1788575885402977,1.0906849327788963,0.9364235283716449,0.78024849791716,0.5572612012553461,0.6118294750903723,0.3207839263787668,0.1511505048464236
5.67,-0.07747714632916093,0.07054519626622537,0.30980138226944,0.4491378853654391,0.7093439832289693,0.7987036619641763,0.9126069234291317,1.1525444540780139,1.2425802785410964,1.3205187659819408,1.3598079682637034,1.3897089516136356,1.455606488346195,1.5709679242903662,1.5515930559522375,1.5364984970091615,1.530674096886549,1.5511470034433186,1.5222771876535917,1.450668161626521,1.4469041467110557,1.3231656704720696,1.3125334608174475,1.3370148746112043,1.1443093538859506,1.102950268712871,0.9380692340498085,0.7845592773151047,0.5028629522087038,0.6446870184803343,0.33276060279511466,0.15786574879397225
5.68,-0.06749626912746569,0.10406485621251099,0.31678801743973606,0.4755796024528007,0.7224708235912097,0.809172344644512,0.9408986968912912,1.1705498959715497,1.2631741892242814,1.3335528468610618,1.4021308804702692,1.400569593216318,1.4279344943391306,1.5173778893610912,1.5358906221460333,1.5095781902913599,1.5558249403450837,1.5640075459247789,1.4844842516784824,1.4246407097214249,1.482943417975925,1.3889967594945478,1.3641961662802178,1.3282282159205914,1.1828506624636392,1.1478275460064358,1.0036225564963193,0.7887418498251119,0.6205797152718909,0.63431698112836,0.4416500386843576,0.17396155256605547
5.6899999999999995,0.003914578273745039,0.07401627929692045,0.277831968976746,0.4430937965258741,0.779245947574288,0.8396709263287653,0.9452875687698836,1.1795595193675517,1.2384712674091771,1.286455659588757,1.3931430078035532,1.3739675757085978,1.426596382164639,1.496392365749149,1.48774180523131,1.4394811668366634,1.4352919410078107,1.534197963686709,1.4794723611858922,1.4128653319946358,1.4327890523681497,1.3641013459223799,1.3457744225307504,1.4200673045238035,1.1409173330069686,1.075516012941702,0.9551907213115246,0.8567907900487576,0.6015910097436878,0.6427899632729794,0.41245949261724946,0.16783619200047686
5.700000000000001,-0.024140833158659288,0.07284390819620247,0.2870998478807425,0.4201070167742879,0.7622449085557584,0.807607196364773,0.9147475483412725,1.144981751085226,1.234049738795387,1.2562513051713307,1.326433838409609,1.4299725152501037,1.4524545028181757,1.4939604930107342,1.4737443140518212,1.4566692840299724,1.4994043402982815,1.450956771530478,1.523029700957537,1.5679339216633579,1.480311869259403,1.4348677123240765,1.3501169041295458,1.3311310086809587,1.1918146111474779,1.124614766693601,0.9812157164802966,0.8571794260248403,0.6365681149405928,0.7216838937697496,0.4796080640550763,0.10811659248305501
5.710000000000001,0.058414350981590646,0.051482887941608324,0.28594944813767237,0.4521783359440526,0.78114159371992,0.8236693079691088,0.9978676421781149,1.1619831282610575,1.2106204802694425,1.2816974805073649,1.3881078476979019,1.3802300532379663,1.4714629186701536,1.4688144399352725,1.4285285321938266,1.4853266747468474,1.5060904250615796,1.5396633215032631,1.5093805999217391,1.4952694890874685,1.4652798244510343,1.411915784102369,1.3473400758101997,1.2952664480426683,1.284160684028059,1.2076920232825026,1.0594690380183798,0.9322979955899665,0.6385821482537543,0.6911092013477113,0.4735260182775479,0.16984823163468532
5.720000000000001,0.04805803011725451,0.04807707750110855,0.22719796427507613,0.40972226051279487,0.7639294117131444,0.8410219035077873,0.9226209156427582,1.1635306895364752,1.2293275781900068,1.2896069844439075,1.3615807356059382,1.3975343769325963,1.4745820836784165,1.4414915144030451,1.4888171412449447,1.468981789361763,1.5173468482977062,1.5191367127065805,1.5470960154063638,1.496497634289853,1.4799674902848647,1.4787042983705696,1.3759624980970595,1.293710002479918,1.1671307088061917,1.2359634386997875,1.0743172515997954,0.930811524057598,0.7082056158423722,0.7789721411069218,0.45448642325080474,0.09702350170043539
5.73,0.06117914446609806,0.030973068127172328,0.3560518918467896,0.3841970074104977,0.8608933521241711,0.8844463496167346,0.9602254130982435,1.1412926549490048,1.2149279482931121,1.3437297358574836,1.3463478531564368,1.4192659915387185,1.4650237778748445,1.4514399564349831,1.5305338907060637,1.5055985465981374,1.5202896296369812,1.5669976103026384,1.5329364493986397,1.5248535003426689,1.478453029725979,1.41764871231012,1.3941880290569346,1.3406300510665328,1.2165411041484904,1.221240809236574,1.0665320014346837,0.9603755869928458,0.7165381726029373,0.7396641728200724,0.43944513488894626,0.08600116829836933
5.74,0.12957978165760706,0.08513610984092708,0.21298841428391255,0.428201272694017,0.7778589879913642,0.8418967823252617,0.9050781815437382,1.088469844884067,1.1280703434825574,1.2146753111007003,1.3366511506053245,1.3865224048444555,1.4025636129564134,1.493061504408067,1.4242707104848684,1.5080478831729516,1.566134422207583,1.535254631898881,1.5691590280859709,1.5088265626136326,1.5204365223948058,1.5357941782965623,1.4206612092218491,1.3272378930961157,1.284039485388636,1.207100879122134,1.1784318645567884,1.0191395018348743,0.760555378690086,0.7246934026131645,0.4568279566135903,0.024051419459864182
5.75,0.13438537950281657,0.07618834582249609,0.2826934053715652,0.4025530940904918,0.8672995655108507,0.9152561597428633,0.9530142884676134,1.124201109550329,1.2388080736187828,1.2606758223800647,1.3860534225137144,1.3775704438467968,1.4481930058901722,1.4543143268684031,1.4820801755799995,1.4405639974388569,1.5289975280285824,1.5511731279843624,1.5901358270644637,1.5752777041611123,1.4512547675411724,1.4681027996208837,1.4581458773396705,1.315321466783097,1.2512164347123451,1.2931685398575112,1.1431818840336996,1.033125329288318,0.71920858333856,0.6812345905517545,0.4331658707894749,0.04803198969520707
5.76,0.1822428609733142,0.047561087677882044,0.31577688143536536,0.45707521216399355,0.7811206277284622,0.8773434143187733,0.9848729505271232,1.1475106771475128,1.1733122304391175,1.237474677398241,1.343589218128856,1.3742756302742107,1.459828973568374,1.434744436826822,1.5176691918407463,1.5426647777613527,1.4786407796384575,1.5177312583956912,1.6104993153587037,1.5062096562220728,1.48768589353767,1.4839258624135654,1.4299113595435018,1.3114736312990418,1.2975105492449883,1.2871093459496161,1.165335698232588,1.0325265009670064,0.7530974093906222,0.5890662222236549,0.406543129279493,0.0660029446751494
5.77,0.18314173863870467,0.04053328403869273,0.2939015278235914,0.47037215191324666,0.8558695739261576,0.9120478450316581,0.9728434576402959,1.0714638243157772,1.1731803118925752,1.2687117695892387,1.3641521692256875,1.371150286206084,1.4664433188044117,1.4460146066527275,1.4927596455290715,1.5211867701667596,1.525767769849531,1.5120595300230564,1.5724687552810819,1.619230424040115,1.4777540775430789,1.512840875850408,1.498206761285514,1.220585612004074,1.2929135022260116,1.2852144714891343,1.185689940931258,1.0709912165617985,0.7349858631327627,0.5816674435206075,0.41424349182133147,-0.014874849831682828
5.780000000000001,0.23986144250491576,0.07765558749656223,0.2691033301551786,0.48701077592441905,0.8424032862409063,0.9150377906807422,0.9616590746868098,1.1362755421211923,1.1792305899625948,1.2747664362758167,1.3611105483185093,1.4391311381094751,1.4598090125680125,1.409654964526957,1.4945403157696173,1.5150231014778284,1.5027647721700732,1.5054984314517028,1.5130635488783732,1.5539428067871468,1.5005977649316458,1.5150195289826085,1.5084889529469694,1.1941303994194892,1.3468924079809153,1.247347363215998,1.1532712199641675,1.0404108170752562,0.7397183455320625,0.6050429435211396,0.39074605219238073,0.01430616069872405
5.790000000000001,0.19901852257744465,0.10652155122906753,0.35214813392701505,0.48004286299171844,0.8636319951127142,0.9542568724717406,0.9509390253705609,1.1287200971402949,1.1060710436133616,1.2467973493898017,1.3567825132142273,1.399138804533103,1.4374429898871204,1.4328058578816596,1.4803791284585983,1.529071645399178,1.5914973466959514,1.5073464107946135,1.5735507523833312,1.5283392275840377,1.4976448256956423,1.5421130308609121,1.4539727086208651,1.1729453429571814,1.2707749877574128,1.2224760746505947,1.161809277279272,1.0019818535506477,0.7470646180237585,0.5505103786906667,0.3886644856922471,-0.034410323032254886
5.800000000000001,0.30683941923571784,0.06944411870003199,0.338788136094458,0.441572837185929,0.8270216603510939,0.9664271401172613,1.0152300668368068,1.0854915033277333,1.1574537257333382,1.1849905789757975,1.3479089151041241,1.3939006520424708,1.4389196151805674,1.4615527218289122,1.4965378759337673,1.5449775842872622,1.5112394418232709,1.5118372772345565,1.5890357901816603,1.5139220564243532,1.5782337975621938,1.5360641433183582,1.5012629009663252,1.1462043841572698,1.2595763924931727,1.2570442782832967,1.1808048856158107,1.0365317044343119,0.7345090851053646,0.48522808708862597,0.3754001341792924,0.020084131909014178
5.8100000000000005,0.2752904430209389,0.10744130352961495,0.3564861598038275,0.4612615102706921,0.8344110171562428,0.9622433747323801,0.9931871835123626,1.0857499671426554,1.1656452470870577,1.2381001354264998,1.3685630698008917,1.3667390377748365,1.4557714316507424,1.383101831357459,1.4150120903959205,1.5427590545183336,1.5563609945744314,1.4973566786793606,1.599932370415334,1.615083521737151,1.5655100666786037,1.49067196285776,1.4865376851919763,1.1460447414130481,1.377471713024521,1.2397426204270434,1.1361948446494663,0.967210992271617,0.72013573682199,0.5040312501267504,0.4023482933233699,-0.0359642362138689
5.82,0.258471559203119,0.13733474352138478,0.3945500513015669,0.5270576433786197,0.8711170415398295,1.030493197769306,1.0646692669007027,1.0945701788709499,1.0848514444243356,1.1922919479696241,1.301423643327397,1.3981970448444987,1.4380239227876408,1.4926766917903842,1.518079534014772,1.5109326506149932,1.5518547739864148,1.5374192498662016,1.55506127805308,1.5451388994808526,1.5202805930011407,1.48132139095674,1.4246819605972976,1.0630355372120892,1.3314713784095096,1.116541922246939,1.1010672576655405,0.9739885693026108,0.7331406018048143,0.3697489201813698,0.28546321976691974,-0.07436100637763417
5.83,0.32159521609625424,0.14684169392396823,0.4644938065142875,0.5099454189020177,0.8793213803688243,0.9871157048470269,1.0903459018376038,1.0634782287424587,1.0884296150155743,1.1680181350372663,1.3128140685891068,1.3507598481301468,1.4280737411938802,1.3758316626895895,1.4799610808185115,1.5403115116107944,1.544470383161821,1.496708324164019,1.5612993000014697,1.5364243612667814,1.5696183784525126,1.4855026720280367,1.4557218856147618,1.086634568545257,1.255134991949849,1.1797399998404752,1.0900197452596279,0.9614173694377873,0.676531187683609,0.34361350727693496,0.32545534295886597,-0.047688662900895865
5.84,0.3389868841456447,0.15136760233653587,0.45803464790326104,0.590526849174159,0.7904901401210194,1.0377186395242064,1.0136506281422772,1.089329397699642,1.1023279916231803,1.235859804162029,1.2734204389209773,1.3749692455976503,1.4553762950760354,1.4162029012707056,1.4768504505849875,1.529591822765176,1.6142787170134396,1.5013636739845433,1.4844535550033395,1.5204438939993095,1.5724899800002499,1.49031070106141,1.3983102593940127,1.0455435179883208,1.3313716048031285,1.1195666319213047,1.0588441418010681,0.9567727547133278,0.6924737495752966,0.3237979443148151,0.29248124998095476,-0.0002834765524099975
5.85,0.3543055135313322,0.2603087251558343,0.47752599161721065,0.58472614939296,0.8002094366496092,0.9935297940675005,1.0423153972667487,1.0572259024021342,1.0917889842341606,1.2141201964210073,1.3054158967301266,1.3845114558962666,1.4575445447594686,1.4191950196347682,1.4916552605237494,1.551850730667783,1.454522696787904,1.4915836752474205,1.4732099341556244,1.447077173961349,1.5305080173545922,1.443773307495305,1.41881779975065,0.9890302305689496,1.2504953276394124,1.0636375063297017,0.9922817883729504,0.884273584297688,0.6624067333693231,0.30248099058414746,0.26955313981963974,0.007247459163572126
5.859999999999999,0.34189491919454595,0.24346556068549255,0.5420126673471698,0.578716061467355,0.8059715241986647,0.9832556121418021,1.045801521825942,1.0493880507584727,1.0785250127187205,1.2098039736012602,1.3042415991070249,1.389554042057243,1.4667559563113002,1.40506712987309,1.471550562726176,1.4885401229674,1.5462678742468832,1.455157684373418,1.5557369544519053,1.5184364576313742,1.5213029153892463,1.416289050645671,1.4152287402829307,1.0292615918710848,1.2436114899285136,1.0052027360317213,0.9563998741412295,0.8303780117369842,0.6452457981189176,0.26359404090987903,0.3249460327775678,-0.03882047994071621
5.870000000000001,0.3582296711834956,0.2454937052920742,0.5437368475576057,0.6360460428240141,0.785766203517883,1.0161644081625627,1.0692886516340183,1.0568270484169884,1.093400219479635,1.1828586548526467,1.2377693758057964,1.3574464675193354,1.40132592299574,1.4310094554496913,1.5439462894528513,1.5216027296379357,1.5276239149755704,1.5031911726283627,1.506902151401654,1.508468479331451,1.465825102384963,1.4253194984489042,1.421157251451649,1.013038666607854,1.2654997267545895,1.0201552025777454,0.9117062184670877,0.7966298241271115,0.6383500106182126,0.21373380406604417,0.28467314548482503,-0.05164244206441772
5.880000000000001,0.2941668654202791,0.23432795768404746,0.4904813469747773,0.653680046423463,0.8307691482686955,0.9953016765546682,1.0484620886754872,1.0923692417604547,1.086823248743706,1.2207975426804363,1.2832573870815656,1.4060371249919188,1.413461247480976,1.5089123978051373,1.5517146623424598,1.53587212296707,1.5196625180726018,1.4664791914296487,1.4520309457388214,1.4076642173388751,1.4855645568835003,1.3876226787327752,1.3610996331600154,0.9485706885222208,1.183670712988693,0.9926829857689786,0.9064224142244444,0.798845777019214,0.6650401714899277,0.21365788319694642,0.20098386803905538,0.011844937692554437
5.890000000000001,0.39246752644353533,0.31408194921284854,0.6133013210364604,0.6385334338630236,0.733473405934988,1.0575115147398493,1.0520528016316566,1.0052548279566054,1.1600069658204557,1.194550626136544,1.2626669338157446,1.377379767837,1.3808131106801682,1.4338243586062338,1.466741108998014,1.5522908302827791,1.5191378594503548,1.4349302189567645,1.4931420550899197,1.4711510657769025,1.5206028789422683,1.419554124162973,1.3639054407648168,0.9407648733390471,1.1999110365510632,0.986927271119505,0.9014862030037539,0.7659868548154458,0.638134165491195,0.14008651598296068,0.2517673134644344,0.04567984587854981
5.9,0.35388956513389747,0.3011512522465349,0.4531319853949061,0.6871212747923662,0.7352217604075175,1.0408743915076344,1.0657995817204349,1.0382071576445029,1.140897127140446,1.2211429915451597,1.283708707975909,1.427905277107058,1.406982222957719,1.441516999386744,1.4680100121608817,1.5349557056191274,1.5535505296500232,1.477374866675756,1.4736265361707848,1.4537057997288423,1.5025198295826172,1.4036829144828875,1.3322129178397235,0.9572158358644453,1.2191396549193978,0.9260998562409988,0.8671167257349458,0.8209876312067153,0.6517463043124891,0.23078322670955237,0.26198144838514015,-0.01531687357862465
5.91,0.3122822175415925,0.24833840225283701,0.5049246642702452,0.6139646644280113,0.69136842191387,0.9389450615882936,1.0624748988198431,0.9980389088665521,1.1203061044631615,1.2405216305341022,1.274326737441982,1.4236930175692948,1.393410721879535,1.4683996998506947,1.4708894484605683,1.505960666703617,1.4890033326859131,1.4320328532737077,1.4668526951141645,1.4346298807625844,1.4509859822857432,1.422376881542884,1.3482328191171828,0.9470493699167362,1.2125812944542105,0.9690194588790448,0.8822149329847903,0.7627120428667921,0.6666715202617729,0.22219578056475414,0.24730217292473775,0.03269072791950452
5.92,0.2825306317086833,0.2883149198340854,0.5231062293473492,0.6140040034551121,0.70332221142111,0.9730622301550527,1.0709329898664304,1.0134216824138063,1.1444819790433562,1.1862765912034408,1.258344872905,1.394038976740489,1.3691001448682982,1.4165107899848117,1.469938116171244,1.5201097963606263,1.5040766990663599,1.523538108495943,1.463424529992665,1.4695136695063011,1.4911374647811295,1.3336221100336747,1.3055092164044049,0.9662038663052119,1.1267761735212192,0.9628873925342947,0.8745950385680384,0.7610902182231977,0.6156704849126124,0.16592141984249056,0.16153889155265788,0.013563132990364246
5.93,0.2703586711955106,0.3151607756765262,0.5161577235974607,0.6458969437440624,0.6746559663294087,0.8932677077498045,1.1630819007601119,1.0252058106911948,1.111620354223175,1.1919417109689248,1.2609889739391402,1.423736317371967,1.3715691817308273,1.4741431028885486,1.4111412183600935,1.448076568590319,1.5079885061549467,1.422429441777299,1.4642648736670503,1.424988291089473,1.3977090395607683,1.351963581576393,1.3005461247055619,1.0531371126002302,1.1376595802389606,0.94766660055611,0.8571328781597625,0.7271086311848087,0.629993810907355,0.22388210625588925,0.18717500204322582,0.02164801875157689
5.9399999999999995,0.21851517013388433,0.29956594161808253,0.5716739201121492,0.6942122571511516,0.6821414473756572,0.8481927996126946,1.0894574957037209,0.9987129930421208,1.107843984883755,1.235684666938,1.2804799135658531,1.3832692394134622,1.396661177574984,1.4393100694409342,1.4593610795999228,1.5227829433320017,1.5397815872886247,1.4530311382317198,1.4528489800130253,1.4417563208184254,1.363995368580109,1.3463479553469857,1.313460077114135,1.0991581966404818,1.130142217493789,0.9445333638559692,0.8758855881657709,0.7393809770283523,0.5678881081921241,0.21272169050229012,0.1746129491367245,0.016248146128137915
5.950000000000001,0.16511800144538027,0.3070005060391737,0.5107510943788801,0.6587667349076447,0.6000448497942685,0.8244763026613731,1.0310780477135875,0.984725355211758,1.1196255485463418,1.2136478166356695,1.2958302718350607,1.3398837439473823,1.4211426044082032,1.4157921939346647,1.505907464394055,1.477400626395953,1.4766010740954014,1.4843944533314428,1.51364784141719,1.4352965092689585,1.3791309604168906,1.3552418188235957,1.2820562549431846,1.0885933051329661,1.0736888196896286,0.9354597242389625,0.9002016468679845,0.7638233335056696,0.5900949934572847,0.2500439730079163,0.16169330088157535,0.02274448768635382
5.960000000000001,0.17817267564095396,0.20036425537503194,0.5664366551001232,0.6605955953099335,0.6062461057015158,0.8607919005679651,1.0413199120939163,0.9589136462190937,1.1432191116398238,1.2405717183504663,1.261811722383919,1.3666782342725885,1.3745827044860288,1.4804217231246295,1.4484356632558208,1.4692915640042188,1.4224004629056137,1.4265948902273289,1.4797333467468852,1.507487713733991,1.4047337380290168,1.3736641936251612,1.2601221707382129,1.076802013430048,1.083292219175471,0.9083541622589196,0.8726901144837288,0.697754811583921,0.5987952884782238,0.22250592798273783,0.12411198860469408,0.0268806440221271
5.970000000000001,0.15940803572870593,0.3038049916720928,0.5150455037829471,0.620677990591949,0.5990752483307895,0.8212839918294177,1.0252916380436108,1.0081346382597982,1.122450740400472,1.205385558938504,1.2459948299313117,1.365384027064182,1.425895473442855,1.44290359083865,1.4520786630503408,1.4654790297592568,1.5295824422467073,1.4378719577766723,1.487136963871396,1.4734301525367384,1.4200771728862454,1.3354594296271003,1.2527915568304453,1.1126948181370362,1.1093446835916754,0.9332052220485869,0.8783790357886765,0.7154981336633074,0.557726060113425,0.29024871951737513,0.1486402398827033,0.0004159475809176177
5.98,0.07605073190820517,0.26577471809310027,0.54876588015443,0.6718500907772109,0.6456804577196873,0.8449811179690413,1.002833293956604,0.9564449057576433,1.1107268607750418,1.2385660889444,1.2906065570744807,1.3889515053706636,1.3748362760936088,1.4742873070038591,1.4587405957164754,1.4642668565121641,1.531025023711941,1.4014434004347383,1.4576903782259067,1.4561782700417003,1.352045058707948,1.365257599025779,1.2424398880507985,1.1239432684472697,1.0981936290119965,0.9246773415739066,0.7979867839127343,0.6712040516763953,0.5045918900233515,0.31096201494165876,0.09895315668301652,0.06660386869631738
5.99,0.07606473602514117,0.2527781398105997,0.5574952169675886,0.6983105633792567,0.5985009123341919,0.8141071433169459,1.0446488776619272,0.9606219847372035,1.1697802281479432,1.2545516410730915,1.2919547817097543,1.449502278589944,1.3897414338772889,1.4723794794069263,1.4327894488613102,1.4954833089359647,1.5054543481767497,1.3923927043237048,1.5080224063427128,1.4612285048065128,1.4000019795931564,1.3823504369089987,1.2960585785005903,1.1610363661756,1.0778640524661094,0.8931210497372508,0.8390401139607577,0.745973571900972,0.4865098065832193,0.293163011062335,-0.011433693780737931,0.034760263074710925
6.0,0.07206059074539461,0.31623567229569927,0.5502410993102091,0.6714608491958544,0.5882048090411545,0.7507822962528043,1.090778286592015,1.059842417898683,1.262702968809242,1.3001252283624456,1.26658253460128,1.3553862362185432,1.340002280227337,1.4788333742145572,1.4950913160653603,1.4810014016942714,1.4644662449276291,1.396161162015855,1.4215257236709873,1.4341927461814665,1.3653288441326281,1.3514578881612231,1.2570760009128907,1.1781181141120476,1.064159643110234,0.9014271619097016,0.8810899472981343,0.7299511472505484,0.5358777742717377,0.25155206006058317,0.022078315583662793,0.012459387993189231
6.01,-0.14902215118947923,0.278167736770109,0.5795424987691664,0.6782043784907414,0.6301833220187883,0.7833186633188912,1.0073664383738012,1.0038106871053638,1.2033807018572422,1.2755520188701852,1.336825401024454,1.3326132395343948,1.4564157026839306,1.4612470772856632,1.5102262420743577,1.4968349981320082,1.4733422517122556,1.419267774499013,1.5202719584994886,1.4772384979534294,1.3706991443090317,1.3054236243767172,1.2764006828705892,1.1881648352584517,1.0809645360847353,0.9349299373683959,0.8593661824600564,0.711792254047706,0.44511093751223424,0.4065634152388497,0.07323092734949252,0.009700891503779813
6.02,0.015057391763445992,0.29081388668070474,0.5328477951116471,0.6208735496450893,0.6584036366792289,0.7720031995459959,1.0169369302986033,1.0595571855624082,1.170044484952221,1.29325050010625,1.3109306078753307,1.3642383419480213,1.4366395312749922,1.5068500759808694,1.4300709153296984,1.4441986688832331,1.5327741565991029,1.4524954860315702,1.5104209925181227,1.4003186145054747,1.33612280229436,1.3329970416991657,1.238144373206076,1.2057008377509804,1.0415920185275933,0.8479054589348423,0.7903055200435486,0.7227556466545563,0.3938319337060015,0.3127466201963589,0.022297021325309644,-0.018443176674692374
6.030000000000001,-0.013977657559790326,0.2560518787103667,0.5460912941516403,0.6795513906858338,0.6836208467638034,0.804646414456965,1.071366040614396,1.0572572937838112,1.236540835252844,1.3279814843336364,1.321275332354039,1.4026499887665758,1.4621564178837245,1.4827972091076866,1.442644638053794,1.5010743250638172,1.522962924700152,1.4899837341673998,1.4960916874829198,1.4054015061896232,1.3422313083284856,1.3734136372110433,1.2834952284700107,1.220497764995066,1.0110729750077463,0.9072625161712901,0.8389191152322916,0.635592569443461,0.3892040096344644,0.3267336538956423,-0.003881443690402892,-0.0013208348199564345
6.040000000000001,0.005570364914917605,0.3484762320395705,0.538115649892777,0.7297309555548566,0.6148754335440724,0.8091374087456173,0.993725370417276,1.044843965854218,1.2357216827046453,1.2859007831156222,1.3193678540560683,1.3985380106802268,1.397223256639207,1.4896281860364307,1.4388968626940861,1.4901750830865628,1.4665363068233739,1.446475421439647,1.4588855379184265,1.4343672556753762,1.326185125155915,1.322082258154331,1.2763354122379553,1.2304274030616922,1.0528018176047753,0.9160818907549727,0.8413199445213382,0.6922955243266214,0.41036598539264374,0.3862283946335975,0.030129467905104873,0.056166931643016664
6.050000000000001,-0.03760166169456891,0.3777948495989772,0.4938958404327264,0.6752401746212565,0.6407287823137854,0.730766864563726,1.04760955929481,1.0757443893855783,1.2087084041696585,1.2964408518937314,1.302737915302263,1.458391346237175,1.4658621471569981,1.499894914121437,1.454980549742531,1.45049920209209,1.4453824623747238,1.4509497845302954,1.4477286029163874,1.367007478072929,1.3289856738269703,1.34457694833098,1.2878932360513868,1.2467442915419538,1.0840184697738808,0.8679956269357018,0.7833064067432807,0.6068996290238433,0.3319033467483497,0.328035590779354,0.005017301678473775,0.023927130650230437
6.0600000000000005,0.023371657187662213,0.4073745563361629,0.4785834952809673,0.6881821566152019,0.7084769347852917,0.7908386873566968,0.9324571823066603,1.0922443837778075,1.196367629319496,1.3230413754852297,1.4063113768832354,1.3731110208249917,1.4197100309773956,1.45030144944181,1.4433929646853985,1.4483128143379576,1.4783776537666664,1.4349151476244517,1.4094255978259054,1.3278509566501147,1.342247246547648,1.3271765099161033,1.232450794518005,1.1921077261720137,1.0705437525605601,0.8555248362734882,0.7695707698184723,0.6328834939864584,0.35486365193540925,0.35439721444267563,0.07348462995894461,0.15588581271268037
6.07,0.019098555335508235,0.36207290205507026,0.49944160179081726,0.6990687433379155,0.7193745966684162,0.7790687713665332,0.9244756181847659,1.147063399159735,1.2208421070619382,1.267560520710547,1.377917018432239,1.397420294093542,1.469395696112698,1.477651974972258,1.4603208165516945,1.5079508424042063,1.470199174868085,1.4000877643262548,1.3909846900473126,1.4260084699371782,1.3792035551937019,1.3495520310411833,1.277534247593963,1.2321982828944358,1.0266186732609723,0.8429017072190397,0.8009079403893669,0.5623227815343307,0.32460504667683826,0.4032636946373491,0.08229059455227039,0.11058939718026306
6.08,0.013501389821387566,0.38121761139755267,0.4669278244487741,0.7493941446281218,0.7726254945747301,0.8015598683588936,0.9823183605401835,1.152971867181464,1.234972197503305,1.3146013740893752,1.3249669264052144,1.3620176643923048,1.402726601177849,1.4683898965944369,1.456811249907568,1.4647549635958736,1.4969401059499308,1.4038911300606547,1.4113005021946183,1.4050606815769284,1.389204804802157,1.3109496094847024,1.2360094143255318,1.2481315558858395,1.0721365006787038,0.8528553332382249,0.6925592204523651,0.6721336571350206,0.3173684742298988,0.42325759610323005,0.07088263488705548,0.1414949312766767
6.09,0.11149017148654679,0.42521065200195024,0.4893913291501521,0.8005557783708066,0.718912730480078,0.756531492702801,0.9172361905971569,1.1707356576027945,1.2630213710951936,1.381079562918158,1.3592550926242701,1.3874895852915468,1.4249826730570767,1.4592264102680146,1.4344424282918071,1.4555315560373565,1.4367194948422544,1.4233504962532981,1.499293143785349,1.4073465430863703,1.2860990253700704,1.2830222350402958,1.2295648015216087,1.2181760996945943,0.982667194481455,0.7304416973595866,0.6839668032813642,0.5294775440027382,0.30033839200165113,0.43335285747083424,0.12758878809614538,0.15953260399153904
6.1,0.056296630239138036,0.44030570015459,0.4522056720406242,0.7622911234835459,0.7608723234398426,0.8029416717488551,0.9565744550227802,1.1365033188100835,1.2274735112519919,1.2675141720123944,1.343491212070316,1.4037120513668135,1.442916213898084,1.5139891430945644,1.424852285191747,1.472072462679164,1.450346558413518,1.4482343226615324,1.4598701788519615,1.424643147791699,1.3800690219646394,1.2516961708173464,1.2361590925354415,1.3077643990821062,0.9936130127793779,0.8088060158717281,0.6808198729355492,0.5464911819550938,0.3090325415321986,0.39131862990063665,0.18691655542600621,0.3054484390741814
6.109999999999999,0.02766576288682267,0.4434145051221124,0.45283156474512365,0.794464330338041,0.7690344596432033,0.8563250710276185,0.9236360444196647,1.1537582871434173,1.2710889253659334,1.3207073385386552,1.3915520057674065,1.382900913462191,1.4678922214096841,1.4965990043497588,1.4771703846408897,1.3942405674816922,1.3938153879256119,1.3828868428871923,1.4031614251302098,1.3512981515754805,1.3106092924135047,1.2614978232461889,1.2330884107185234,1.324518659309863,1.006062229055251,0.857117753217125,0.7331038522943903,0.510434613870365,0.3033057750296046,0.46451895445726005,0.15059858324923361,0.23746823444710075
6.120000000000001,0.028241857222846466,0.44299564721367796,0.37598098705334815,0.7822944062448051,0.7192309058173205,0.7568489123826984,0.9826615838698052,1.1629196069514571,1.2467851399295151,1.3298899770349004,1.3586564328264652,1.3918484140215923,1.4426423593557132,1.4700324058052132,1.419759499867694,1.4268943880092544,1.4055585942649922,1.4164677901701488,1.435322524890282,1.4074769264808935,1.2864093156301575,1.2057329729739568,1.2439729865459974,1.2777799979997773,0.990646335226073,0.7275289586326795,0.7003674714638722,0.5052724159732277,0.3677102146855407,0.4676344323833219,0.27756094648668816,0.3266741430189114
6.130000000000001,0.0591792946779153,0.4723605940703068,0.41823704807029694,0.798961146949009,0.7014621875936077,0.8040456045609778,0.8721566712594031,1.0969421711137002,1.2547530338943056,1.2673369407452513,1.3901555601578068,1.3985201682132267,1.439792387830486,1.4369351892249638,1.4517459147337357,1.4765432979516626,1.4201981301863436,1.4133281273802307,1.3979603474056062,1.4091388825859512,1.25529562682928,1.2187007559782523,1.2319886290624593,1.3326574107839577,1.0393781122327868,0.8049529213471984,0.6767542169736736,0.5425309768173626,0.4530969737875399,0.48582854915650747,0.3130807950538489,0.29166068738217515
6.140000000000001,0.07437117305757633,0.4572160096756647,0.3349851295619617,0.7774452002045694,0.7322937792158547,0.7956268274166152,0.8697374803197367,1.181567922443341,1.246236311951349,1.2842487730161949,1.36409961102487,1.4159610523774437,1.4753596758106378,1.492608282570599,1.463070538542825,1.4394988868917225,1.4259784402079931,1.4159959722732471,1.368751919948734,1.3571143824649345,1.351381772060599,1.259945296709937,1.265123004684013,1.2780973659683745,0.9819406206379848,0.7317531611904541,0.6568626712473797,0.5476608609002901,0.4837753998084822,0.5042821193979108,0.36031516215365567,0.27734831335254356
6.15,0.07883704068182312,0.47629434769453194,0.36391283164884386,0.7828402562771007,0.7218219155149483,0.7995513813766838,0.8838054984538048,1.1129223790986427,1.2003945122956032,1.3262688986670852,1.371281323719422,1.386384421727886,1.3912254149374517,1.5104119528151485,1.4120344633689466,1.4756706284779524,1.394040757737027,1.4092221669477136,1.3864781226094591,1.3291785537269776,1.3281976446871577,1.2194280716308405,1.173793366590206,1.2587402209555183,0.937652781974489,0.7748092450974239,0.6156052557032535,0.4958604389265808,0.5047440993572772,0.5386845787896843,0.3712592353631647,0.3620381675953616
6.16,0.07326916091261987,0.48555637359722903,0.34430417618331827,0.7649200159574332,0.7719155592837534,0.8466456604662971,0.8423451947580548,1.1488495756053225,1.1959788393007393,1.2810057849899243,1.3190441611092187,1.3509125187179145,1.459535741340162,1.4434064877467088,1.4408232806869146,1.4657699898385215,1.4633322533503872,1.3514016257428239,1.3750673422253266,1.3066111178024988,1.3247383759906077,1.190223933068786,1.1908591289898551,1.3584015295415466,0.9779814698645884,0.7751916204993763,0.6114035134420894,0.4708098976133306,0.5437330988756176,0.5295396103848268,0.4548036278757928,0.37519769528461094
6.17,0.02457093282179627,0.4758759158632652,0.21585573285563012,0.7391565339763376,0.7810006959373216,0.8249620847411236,0.8874204002537086,1.0902015572777934,1.1386284041604862,1.299828591006022,1.3656074430868264,1.342336430022717,1.5005182871545346,1.5059822190044518,1.4787201903672127,1.4462023206278887,1.4429780555395295,1.4127066714567018,1.3826587492750642,1.3079186390348831,1.2683375514678727,1.1469137875400888,1.1706504438900736,1.2414605780642638,0.9881813397656012,0.7964937864269702,0.6472501169179444,0.5870136162874832,0.5912885612844287,0.6134737341966483,0.44155103661119355,0.35954147015263965
6.18,0.0636460330644624,0.5340512920148491,0.22772742805123677,0.7116217102192031,0.7745408215763419,0.8089885204354539,0.844752680200507,1.1559087539274948,1.210396721722538,1.2674429219602825,1.3651167230364925,1.376512706415513,1.4125072783802142,1.4304151586743066,1.4609655729324287,1.4695183543689985,1.4431037201640997,1.4260367766463355,1.4114733969700608,1.3377000949101685,1.3231892509389136,1.2203433126955932,1.171669322100226,1.336267443236524,1.0176159394810158,0.7933140444150873,0.6399207706102907,0.5245519831451202,0.6493894786140159,0.5894331224970218,0.4342277503490229,0.3782600866135586
6.1899999999999995,0.030406971761664278,0.45866601795364575,0.25108026298640895,0.7063334135215361,0.7302084526575747,0.8124561359133088,0.8992218552112685,1.1283384120265925,1.1824878301657131,1.2782268147194125,1.3949879947289343,1.400164225954816,1.4465643884079609,1.4656588177056535,1.4561239364670797,1.5144003902901573,1.4632288258531096,1.350393699018139,1.3744810327561559,1.341233345460706,1.3068969370575378,1.1904772254151799,1.1538012950164214,1.2790968858503857,0.9784004911162526,0.8186340924946193,0.6525443346304344,0.5356474601672334,0.662702805867837,0.5914689102101771,0.5358733116440456,0.3279780081410463
6.200000000000001,0.10422631690849034,0.43487276034305156,0.2719607738030614,0.6544961272855306,0.768919986144588,0.861110002879053,0.8793570138776884,1.0974870544066813,1.1893953448975472,1.2153506324825452,1.3231777284059554,1.3752392710979642,1.473893810765126,1.4827640512735798,1.483110720974155,1.4859860118146804,1.4504410268397683,1.4457527033346422,1.362550014281872,1.3410894787168115,1.338500128533616,1.2223651553933585,1.1962001831371536,1.2388147293853673,0.9339473503571978,0.8449202728694114,0.6411646270751689,0.521676286352351,0.646078461963398,0.6271407388542389,0.5345711156578566,0.36538950095786804
6.210000000000001,0.06542726754704456,0.4345616910349987,0.23525007703017597,0.631630104393072,0.7882712028924336,0.7759132188151843,0.8406596913542808,1.171908995680819,1.1723869374145401,1.251258423493072,1.3364289428349971,1.3683693265451953,1.4336274887513998,1.3970119999487522,1.4637316325061422,1.488004739834595,1.3963453853132415,1.401876729423329,1.3622437507470313,1.3117739716089731,1.283721082055112,1.2283792602944776,1.2145596812245902,1.2727585656524956,1.0012526202226868,0.9173351458829201,0.6282577218353151,0.5451094904025603,0.7000254173961756,0.6120534218429821,0.5310857803055543,0.3219006641814264
6.220000000000001,0.058071066957933556,0.4114125862241597,0.30304035683856023,0.6301607055488686,0.8475126833402225,0.8299581518956327,0.8462380051130864,1.1002870346392744,1.1442717514571012,1.2504711467703251,1.3210723004974039,1.3703944992477093,1.4887750176451373,1.450643351363515,1.4922395697847084,1.4298277705048072,1.4496908417006862,1.4061943830335428,1.392001668363683,1.3400741217234726,1.3470193569671456,1.1712586021549143,1.1491232214747884,1.1685165647278053,0.983765962809474,0.849737237210191,0.6763894117560609,0.5646461152810942,0.7338588393678795,0.6436974132416848,0.5377489804236499,0.31953770172888124
6.23,0.07393935132685267,0.34181352745147253,0.2945284196240168,0.6049440783681995,0.7639478937309733,0.823382140342631,0.8732172380180241,1.0242062099600093,1.146323105316803,1.2246506461022668,1.3375164797666381,1.3550081439858286,1.434771331510305,1.4492943134939884,1.5055057743621827,1.50426365056171,1.4379187478780544,1.4753171615575424,1.385649677087702,1.275827670591772,1.2825595411395416,1.1743843706242583,1.1234660539729246,1.2798126082707646,1.0111315287842324,0.8822184006895788,0.6696635041072838,0.5295276266807742,0.7625117829562137,0.5922242720789208,0.4928850666443527,0.3702821581674782
6.24,0.11520979145113847,0.35500933068268653,0.30258940426386616,0.5629317790556578,0.7830441540213203,0.8211465773304247,0.8942790809658068,1.0626034535255735,1.1419282236295347,1.2337878857361262,1.3325198661411732,1.3441839686477948,1.4423591956434791,1.4416676787388794,1.5327310493193116,1.5450835812066746,1.5032102387602826,1.4472140757992213,1.3758069396296766,1.333281176570162,1.2134702268364617,1.1068226159026655,1.1626166342536575,1.2346068247332875,0.9386420998884623,0.8700093230053529,0.7058471745654323,0.5784329776244628,0.7550575629149573,0.6938236649334287,0.5339032039642507,0.2343768611005318
6.25,0.059779800218843784,0.31451462024316224,0.3382121237899685,0.5814068000807808,0.8171886858183885,0.8807525601606372,0.8779342178132652,1.0149727930466832,1.1559668385524529,1.2081186985608747,1.2804145209388194,1.3918989940354554,1.4843813322317845,1.4601219073463476,1.466753404836424,1.5071947311557519,1.5253733484899965,1.5078388275628491,1.3720704713955012,1.295781637445704,1.274261705575993,1.14248202496039,1.078509112900035,1.2358160018359412,0.9425337726405809,0.9023031983064813,0.678505808568997,0.5201589550735801,0.7425170626781172,0.5788365064079336,0.505106504384204,0.2430328158791952
6.26,0.10682091582724063,0.30190531096749634,0.3144732700861561,0.5427845998400505,0.7835177313020122,0.8475607593393567,0.8856762237139817,1.1027006451631212,1.1709703747840838,1.2877991239205167,1.3712013498328128,1.4253629315642207,1.462000966282071,1.4862447091426734,1.4972666753215347,1.445877387890207,1.4845962902825307,1.492873743808537,1.4022145542556224,1.2839913962284228,1.2391568961921198,1.1359491701082127,1.0683108437417193,1.1714972801956094,0.8977837701239892,0.9159056163342112,0.7202481619239248,0.5663284602204197,0.821177620767584,0.5538234823834278,0.48828928233089236,0.1661710021898352
6.27,0.06386659540584429,0.3108113063648618,0.34911446083237774,0.5119498757058476,0.8688195110941287,0.8600737037963209,0.9935605462780198,1.0754631409743318,1.1561202138206241,1.2908966757442517,1.3773787665303374,1.4464330804063232,1.4522903614775111,1.4632423885385535,1.5194419666643357,1.4726684884373678,1.4930918579689563,1.4859039032022456,1.3358693772027341,1.2864235855919557,1.2404061827536053,1.137766956634477,1.1190001964352312,1.1858028082149348,0.9263554117654653,0.9633790780246143,0.6890013450380884,0.5501971594921755,0.770244492906363,0.5354092472671357,0.42542863417243876,0.1744273504713319
6.280000000000001,0.11915692233058126,0.31803506627853345,0.4060752578717875,0.5041494026151594,0.8132845534331222,0.8424976711535698,0.915466300979846,1.0688689597201317,1.1026014150609291,1.2464972365419016,1.3397162639081783,1.3698069888160045,1.4148221748155023,1.4555618860966233,1.4519553642581295,1.431047113054537,1.5132371890275806,1.5027389663930004,1.4022779300933417,1.374708834501395,1.2414167989880485,1.1376223385965434,1.0596208788601524,1.145840076672017,0.8551146586707143,0.9806245321643274,0.7377004521491681,0.5841215061216096,0.7663568473085921,0.5440523765457289,0.48516023579049333,0.1236661310353346
6.290000000000001,0.1839126561234262,0.23748501167262545,0.440524515374063,0.4763372544376376,0.7462116858017551,0.8800307103334479,0.9490708869165582,1.0080614058330968,1.1296900534818493,1.2271576724813111,1.3355453267440391,1.4211217965252003,1.521955042720021,1.4571149555080969,1.5235541810598656,1.5346472146616714,1.4535046298174195,1.4814818695173795,1.388016898174292,1.3108167397905037,1.2781653427515358,1.1959794084725859,1.047726620900091,1.1233417885358177,0.8167254848282248,0.9691661255674318,0.6991694704537575,0.5801068459401664,0.7512488323234238,0.5039629905650345,0.4254668711287128,0.0822518712857575
6.300000000000001,0.15080740110642424,0.25760522976931355,0.4720107531745222,0.4094928976112203,0.870206187262415,0.9106269769037098,0.982680193839173,1.0405825345591762,1.1310121972476055,1.2176732037125086,1.3159150423879917,1.3813940972158725,1.4503783882579178,1.4479161264680038,1.4888335671465251,1.4503242185219756,1.507450151206206,1.5327920366196757,1.3838853996483003,1.300942719157842,1.2367414923225446,1.2162088255505767,1.0241015223576324,1.0471351506041815,0.7897169065328998,1.0654258479894103,0.771224285592102,0.6431713640991855,0.7814309763445527,0.5646618301003568,0.4339731602290397,0.10506945616886665
6.3100000000000005,0.15427189441333328,0.20166244364277067,0.48654519628807263,0.49655365639690935,0.8667089873250426,0.9555798200739091,0.9756898172582155,0.9900790028157982,1.1760391730094781,1.2466407084710889,1.3755915800463256,1.4414794401162037,1.4375317240295653,1.3982362587672723,1.5401454238426253,1.4505531987705875,1.5064190567240086,1.5444165604565416,1.3913808061718937,1.3421003211644478,1.1986124678776486,1.1488056909596311,0.9996545862011276,1.0827477965552585,0.8368528653660434,1.0333810947876136,0.7721125122818945,0.603756172084201,0.7867281519388459,0.5414660712254167,0.4500002161593296,0.0828798368073591
6.32,0.2054796343321196,0.20234565427509896,0.5226812632889501,0.42962690439569856,0.8840643274557022,0.9497711291964076,0.9856031321272909,1.0502218931731249,1.147743453476636,1.272736550589359,1.3167862483326593,1.3894886647578366,1.4308974034933943,1.469576703940208,1.4648107988101846,1.45380281314364,1.4888188328499155,1.5017319509104983,1.3778756581636342,1.3171803422191881,1.157186520588104,1.1836560320431662,1.0355751690594295,1.1158710691222378,0.7837159737732897,1.0376267020875947,0.7989400199979504,0.6489223480634425,0.7750612669948423,0.47101760050483427,0.36541270688312355,0.06533316103886766
6.33,0.1739201157977217,0.19528158549807598,0.5092269374590757,0.4497748980715842,0.8322976170529566,0.9406832185518472,1.0142986888521475,1.0033885207136453,1.1165381412709365,1.1980862612393766,1.2531366579167396,1.4513599938350412,1.4642431588798548,1.4835310253778657,1.4895194906458373,1.4932785679250098,1.5275519736785481,1.5114392413171338,1.3965690865604272,1.3596995104387701,1.1484851210094487,1.1793895634221694,1.0561888762853133,1.0480769376557306,0.8077740305141126,1.0764645060441644,0.8928807801799405,0.7742246023297268,0.7487705203224836,0.5302655695902542,0.4049259609316246,0.08881903946039552
6.34,0.24955185846719255,0.21807958735976696,0.5150416818949117,0.48282465966515975,0.7754986977742774,0.9443151790995793,1.038863771880907,1.0226091205132648,1.1365994329279325,1.2708401543388659,1.3711333437700972,1.3975047195706471,1.4144168018800891,1.4151611329394602,1.517209191006739,1.4491137368592601,1.4403501840096584,1.5251627259672957,1.4190682182214973,1.3879687950890676,1.2128751166335348,1.1659872107502205,1.0400947215231533,1.0310664787518171,0.8617197088670321,1.1293170864807973,0.8966574849009133,0.6672442144926847,0.7287401312528521,0.4747140158915808,0.3559354190184172,0.08258060480707184
6.35,0.28958980134162976,0.25911771780546183,0.5641828706176938,0.4701939592452564,0.8241864591923486,0.9621002668511435,1.0082627910666493,1.0227621470908201,1.113264983039226,1.2277158429677122,1.2756278004600188,1.4240067770243212,1.4330919510847901,1.4498552905924422,1.5163394487887856,1.5051065257339535,1.5565480752624654,1.543843472416686,1.4663943022623565,1.3970873641213633,1.19653794917548,1.2491317436100267,1.0026504115451587,1.0494869786954075,0.8182289375695238,1.1682681788415408,0.9539825648068482,0.8327056701932343,0.74712055429754,0.46176117051426857,0.3384726653359154,-0.0009096784702130184
6.359999999999999,0.2480838837400474,0.13677598921484968,0.5747975956403404,0.45190820569530193,0.8413993866280024,0.9756751930380525,1.0095658311990057,1.0175754869872378,1.166211212754732,1.2265196470320676,1.3561715677631916,1.4841521427645559,1.4306570587417506,1.4668916465881008,1.4949774463930947,1.481723335678932,1.5536889462811125,1.565465919723793,1.451947721792784,1.4197298505521663,1.2113761028529182,1.2491642247976527,1.0446895992030247,0.9935844316580194,0.7710269575647423,1.169172973626811,0.9944419328204483,0.8351290360156052,0.6329247543403386,0.4865063068126287,0.33712401474218096,-0.014229030319623727
6.370000000000001,0.27806571775243855,0.20675306398106752,0.563503581193989,0.4852863103516347,0.7302550414878505,0.95800342022872,1.0061853490869213,1.0530640762326733,1.1398405209832585,1.1629834821827219,1.32130944491076,1.3884749471658204,1.4095896372802312,1.4260601154700132,1.5084889578372729,1.4253902723867993,1.474466693474949,1.4907167358643583,1.4629103124913745,1.411787554217002,1.160987511771118,1.2957723047419942,1.046741046910989,1.0253549597667584,0.7844366628926919,1.192932568677773,1.0164463351458572,0.8405685891081841,0.5973815948437651,0.4540883452835828,0.2673539971577193,-0.05905450725178803
6.380000000000001,0.23743776123954988,0.14672785979671885,0.614879938518624,0.4397772372610153,0.7488620127745202,0.9318431675890035,0.9969530731034209,1.0393965062055397,1.1285754024956067,1.2116278577668274,1.2701290086247385,1.393995593534789,1.4601600391387932,1.4535919455458786,1.4416404797408733,1.4022269855739269,1.5097241630937188,1.4991455303031038,1.398326837207566,1.462889141607915,1.265792906964419,1.3054038443262637,1.0869610307134325,1.067973825593026,0.8329290748807153,1.2223443350555703,1.0899167133318943,0.8682262312059205,0.6314933760011499,0.4219882751762064,0.25003046548059465,-0.029803924449012635
6.390000000000001,0.28709126889594866,0.11857022984895328,0.5987772522479936,0.48029078685793036,0.7382544761628346,0.8831862328977097,0.9440684421441108,1.0222213202665404,1.1489708702215264,1.2424210461356233,1.2594760342356885,1.4044389755728148,1.3868560549474436,1.4344973556235359,1.5224906357934063,1.504553572387505,1.5087608907757648,1.509108726383777,1.52183493353647,1.4688273294133343,1.2939425086887706,1.303201030960381,1.117839593159293,1.0499695457910259,0.922576318639771,1.1857117069728482,1.092481055619508,0.9171831767920501,0.5686981868813652,0.39264891993684337,0.28557406372815325,-0.00766881727025593
6.4,0.20307704559154308,0.01615587623109327,0.5935190547861751,0.5217155167528325,0.6890298002496126,0.9325263360932882,0.9782675787259056,0.9503984713711735,1.140402537848928,1.2771369497115501,1.3175163291278211,1.3690475723002138,1.4047523982160628,1.4400104966700327,1.5193929630849985,1.4734219348415096,1.5398302429127313,1.5387388752066002,1.4853065835323846,1.4567414863055137,1.242846093452333,1.374795968624749,1.1455950547116704,1.0430824238404621,0.9208302981972661,1.1898828805610029,1.106427973607782,0.9161382882375841,0.5467548010464578,0.34317381637557465,0.24176645473329383,-0.06369342251164122
6.41,0.2684969183186538,0.11421672865898219,0.6194249985250773,0.483431044240282,0.68388171092927,0.9174663899013296,1.02501884181485,1.0009692496502287,1.15124192889571,1.1874052164154734,1.2518117347801287,1.3618552643811144,1.4287895589402178,1.4645246150917766,1.511481964705385,1.5372821027406915,1.5230659973607845,1.4886063597408485,1.5301156299916419,1.506549263331767,1.2999363177577503,1.3527898413214483,1.1917295114984756,1.0215898492519249,0.9279202256834885,1.2700953109767994,1.180176655678217,1.0242157777788925,0.5057045022670063,0.384487064838354,0.2258964742306446,-0.03991780874925552
6.42,0.18474109896418606,0.12146956872890335,0.5963027553984953,0.5085700318550475,0.7094192492718033,0.9365618704253392,0.981784911201578,1.025735942245343,1.137953870988433,1.2220320799959008,1.275136725457692,1.3147757258015054,1.399270689326594,1.3943921147223937,1.5144313433912653,1.463032440226868,1.5123291255106,1.5164199840841166,1.5390655557706625,1.4455711885085367,1.3047630943573387,1.3552825637157184,1.1715965617788153,1.0215126798096072,0.9718795544949004,1.2342298018634232,1.1659231509433803,1.056444332626344,0.4776740493914482,0.31472170288807844,0.2019534383393799,-0.10455779970508888
6.43,0.1785765972506722,0.08293835920165157,0.6463999997373251,0.5602129457133947,0.6088014914163541,0.8867247980527868,1.046057339385802,1.0366207716599365,1.1471428978736526,1.2226354459938402,1.2692496093163905,1.3307995925589864,1.418829614592371,1.4697423740262139,1.521078682980399,1.4965597068536063,1.5811743426720728,1.531556086855135,1.5409528710627853,1.5537425395606903,1.3515199226893757,1.416949168711632,1.1406767171457854,1.0476418142577841,0.9893881599500403,1.2645757389412697,1.1560892182348692,1.0242172364362854,0.43937877882442267,0.30686778773972995,0.152546626557981,-0.11683714268319768
6.4399999999999995,0.18173202788689888,0.08570647882132032,0.5898068653463377,0.5379602493335912,0.6592542602535343,0.845842153547175,1.003047795116325,1.0299919105998538,1.1639311613627075,1.2115478868362426,1.323460664875765,1.3938875067071637,1.3837897460878046,1.4677857248834443,1.4360975880588758,1.4892048000499156,1.5944115162912276,1.5507612073319192,1.5535059211755744,1.5084358347486209,1.3772080167884304,1.4197428326835004,1.19111655665011,1.0247373115310725,0.9891374449427359,1.2007378495281211,1.1423317961189854,1.006197404900206,0.4135972425895925,0.2527344362192267,0.0812367284971944,-0.12143192927328851
6.450000000000001,0.21130067520146936,0.15066935038652032,0.6047451604374413,0.5981284061228987,0.657475295798205,0.9111398282982452,1.0076794805051663,1.054797834211816,1.1465849726397848,1.1863581972970219,1.2624596763372837,1.3450288937429382,1.3741087080872765,1.4736005357670712,1.4424650081682024,1.514393301659035,1.4981628073353137,1.5424520628223575,1.5723927210035842,1.5014317053125912,1.3433754892041398,1.392703415102291,1.244822242900807,1.071592267039161,0.9974203795554245,1.2168466998117369,1.1760729391845814,1.0422830453390608,0.3871629093677792,0.23875927120159235,0.03527208541060412,-0.0412365249608322
6.460000000000001,0.17651661172434316,0.06570386380947396,0.5286771841588178,0.4994026101118709,0.5974802923033451,0.8328051529688872,1.0090540096488563,1.0922289775259477,1.1536661849995555,1.2399846372310523,1.2935741746799052,1.3408788085707162,1.3881229041602552,1.4291378084497106,1.483629129281891,1.5201947211579407,1.5253826204928054,1.4729715079906363,1.6018555689960705,1.5649215766014661,1.3468704433462058,1.4228251880739209,1.2705375284372846,1.0511470994884198,1.0205084876271877,1.1430005555816145,1.1465478825106898,0.9878390687523866,0.29578785733682567,0.22102750964409743,0.06746542143762839,-0.0869898919365766
6.470000000000001,0.1478672142725894,0.10946461534515288,0.4761600418096496,0.5662515173491879,0.5988488487701981,0.8449957918618558,0.9910566771677383,1.0330832333812743,1.0824949509741917,1.260007361052406,1.27562800717168,1.3439077599005969,1.3932514276805799,1.4319214816491708,1.4694498607454993,1.4517257198835167,1.5021288337053564,1.514166085154007,1.5466374545492483,1.5038197905018675,1.4053278158175309,1.4564379602666433,1.268918315249376,1.0450025159641383,1.1073134615831688,1.187339660530805,1.1713656747389445,1.0276468169104331,0.3178131132247316,0.19229483222476212,0.0863974973846226,-0.0957874128384446
6.48,0.09402335945439888,0.23125002810711853,0.49516269462388657,0.6146714686424738,0.667359482490227,0.8307501459085656,1.0525163062968108,1.1143673234203952,1.1771145673928096,1.2835338002710104,1.3100199082212254,1.3857358664415327,1.4277720528493227,1.5049693733309104,1.4756607330113696,1.4372895300109776,1.4821139514993447,1.6039077574029765,1.5570670883551714,1.5399646713060968,1.3724603005528688,1.444153926140739,1.2789870140427622,1.0148945180800413,1.0170800406583842,1.166980766979014,1.0803742027043564,0.9463938863866092,0.20368087526210546,0.15554944989992697,0.04411845164428722,-0.11301375092088242
6.49,0.09978864824660683,0.2183742752092452,0.4913394336699126,0.6111810372537713,0.6120040740955138,0.813909567756203,1.0618770370265327,1.0889995147091365,1.119581469922882,1.2609601212728496,1.2745476157993494,1.365125072349779,1.3838669070570075,1.448469634804984,1.4868687295308698,1.4489199349494644,1.4695652435827276,1.5611163011347324,1.5807761438063412,1.5471139109664889,1.3714886874365573,1.46653487097542,1.2969950892249926,1.0301896869644551,1.0218869290816823,1.111913314021135,1.0772941163100247,0.9662938237498451,0.27941773033437706,0.14285358402883713,0.07227765011182825,-0.09669038090921393
6.5,0.07507963984436669,0.19885315321528738,0.47212384914277755,0.6366345195582027,0.6302354891165686,0.8656125537135071,1.0378403798710043,1.1147203006949882,1.2021321484321241,1.3202733570422132,1.2875531053195384,1.3784742628679567,1.4303648777392295,1.4655435063705249,1.5210083045075653,1.5142315639840171,1.4985372798764014,1.5809897873948513,1.5337348464201663,1.550550352745114,1.4225091258201805,1.3928255957293727,1.2446712796936086,1.0240956155952055,1.1137807929380268,1.1087145707840402,1.0643961829461004,0.9034192831499728,0.24626149150070362,0.08132476877022314,0.0542332509817315,-0.0626390174639622
6.51,0.05552498828469601,0.2089158132417717,0.48750038944612323,0.6074123141572378,0.6005225180493418,0.8064393198223526,1.074255670096929,1.094236747520466,1.1372193655042737,1.1811075224275247,1.3264591922093867,1.3960203498943506,1.4311629498879508,1.4620576708428934,1.5092510208858818,1.5044221855511322,1.550546896533008,1.587863494070673,1.5449185288784142,1.5426240666291053,1.3583002155898465,1.459885763512948,1.2888967456930713,1.0948558544707534,1.0044690870920765,0.9654957474026136,1.0030735823530645,0.8949743825617859,0.2645346622826219,0.18541761582496064,0.10256746909234267,-0.05837343670736412
6.52,0.033674970590840785,0.25660456981613855,0.43822593213516237,0.7019818416150694,0.6447844286237167,0.820854627119226,1.0092540042125304,1.0918280809980223,1.162045236671743,1.2247327192976734,1.3337744185307345,1.4475660945960505,1.4337857401556156,1.478827483157762,1.5337896212162305,1.5236511069400158,1.5428901777693,1.4979585792384378,1.556971784806161,1.5335293075893952,1.3868391471332733,1.385928982468472,1.2820039334989382,1.0431829653364963,1.0845344175753822,0.9407435327088514,1.025658617838182,0.8200812291625859,0.32929742778276616,0.14940430904405658,0.09868569712607124,-0.09742509750440295
6.530000000000001,-0.014408639682869956,0.2657202869983439,0.4131127723650457,0.7490135207873898,0.5459181376405848,0.7719176367240571,0.9874677892168974,1.1269132605498011,1.219082245174413,1.2863033613679973,1.3064455260347505,1.4037550328936734,1.4131578169554766,1.407860899236687,1.4602990170767827,1.5669098567415207,1.4857904951649803,1.5688489183280607,1.5568127933739928,1.5317344871219882,1.3615681362282117,1.4630051412557106,1.343078888544875,1.0815158112048089,1.0284738012818866,0.8753039784099031,0.9774559342957245,0.7846767778393211,0.3412873226428159,0.19110232249625042,0.05763287043793357,-0.10742608603557903
6.540000000000001,0.004315450302207761,0.3105424614038264,0.40793697303096776,0.7425811309460058,0.6275678234351817,0.7974574332480178,1.105460281280881,1.1824165226317895,1.214952833161493,1.294020155553467,1.3754699904751995,1.404222105445121,1.4782879413771794,1.3994134283564852,1.4469333615524482,1.4982381692057136,1.543077294325769,1.5273467298103598,1.5471109973277761,1.5461591206342968,1.3463742879414136,1.4285694762816998,1.2375679779169269,1.158027318071732,1.0449705606576207,0.8654086491891312,0.8992185837589383,0.8205036229050179,0.395117404395693,0.20430990682693784,0.12226521508352313,-0.02082687462805781
6.550000000000001,0.025665241046456275,0.3314739342345876,0.38876988029667875,0.7955857849932781,0.6283389957707286,0.7075416333390718,1.031869090987376,1.1131757819922548,1.2218974420858908,1.266289886146873,1.3357743343631066,1.3848724912650092,1.4482397519049186,1.4996601769136406,1.5198020133183752,1.5311255157537471,1.5752135070725566,1.5364599980013884,1.525048600521535,1.4469619573071029,1.3199008251208406,1.4052553980320825,1.2882161028058114,1.1294137919792784,1.031579220382396,0.7915535596659469,0.9208539785961716,0.7495307911104079,0.4133994744383602,0.23390154680289665,0.07620501922278322,-0.08087136996618682
6.5600000000000005,-0.04414419208663796,0.36678345582971594,0.328576887128585,0.715506721149439,0.6820289418732113,0.7409972232483745,1.0307698928246563,1.0979777449748467,1.1969181357916865,1.245612559725551,1.3637688117290612,1.3447836151050412,1.4427149482492743,1.5049786720214586,1.5391007495812217,1.5513108272297857,1.5661031651174662,1.5230440488700099,1.542740488203009,1.4292674047622926,1.3872535151909173,1.393902889532436,1.288549803806212,1.1911314604975576,1.0739150709483136,0.78821436854057,0.872885739825713,0.7392736391309069,0.4655466058674757,0.26249472284481085,0.13688542978430887,-0.048330910641373896
6.57,-0.015258306411978447,0.34499423298755066,0.30220543714619225,0.751940872860084,0.6346170377394573,0.7891188020936568,1.0477659241361466,1.1352167661573829,1.2350949479580917,1.2255590300602357,1.335910895504836,1.3257185013309702,1.4079304650933404,1.4103687243084806,1.5017707149258361,1.507162649679576,1.5672142927040438,1.5563374513587338,1.5455607129846425,1.5240313094465405,1.3843212916880971,1.3926532232535802,1.2732101145822612,1.213088929999174,1.0176361558072813,0.7920379206964344,0.7815024572064294,0.697928717527023,0.5275021155941895,0.27627796610275585,0.10110314818438751,-0.049347968378194024
6.58,-0.05290263753604198,0.4073656581179764,0.30756282455401873,0.7659098890072967,0.6368542444660881,0.7907829279209507,1.0545184359855155,1.126385921980079,1.173227632352391,1.2775195121114347,1.3439778925065722,1.3401951334207807,1.4185584899272599,1.469589965713429,1.5416742443709108,1.513074026824014,1.5121787342883157,1.4922132593706137,1.4700852216540614,1.4557491095508093,1.3898512419979532,1.4296179459418892,1.294975011873967,1.2267051971841914,1.109263129018741,0.8297190198463538,0.8136968871335457,0.6719056518313332,0.5907678564204334,0.32043424201418924,0.13343676369974283,-0.021465661807459905
6.59,0.022970131797519135,0.38540797651446834,0.2823714715898509,0.7267868150689074,0.7319642587018544,0.7903238386037292,1.0291402705159707,1.1226529399832401,1.133635029989794,1.2436807616747783,1.3127069672298743,1.3380636321632529,1.4720350758291083,1.5020857325423103,1.5353676630519575,1.4779408636848452,1.5591102875602305,1.5958254646784904,1.520099165091186,1.4036606610124536,1.371880052967602,1.337003697666773,1.2227856878394023,1.2454330581255972,1.0682540094708723,0.8072387623786261,0.7895814424975947,0.684614797318337,0.6026686830658216,0.40173744390726296,0.16319263509920354,-0.01961077503088109
6.6,-0.08734148070592354,0.31954663636759484,0.3276553613931069,0.7652665929938735,0.6773582600655709,0.7546293128082758,1.0105215011717512,1.1151910506663736,1.2073310638691486,1.2760441135951472,1.2795030022284053,1.3717756962520937,1.4501128487291306,1.4877201936078692,1.5098740548501965,1.5171703192289487,1.5697615386291282,1.5809790455896537,1.500933400794716,1.5177212168674346,1.3922714861244947,1.3996956359769137,1.2978027806580292,1.3054367822740016,1.0604082368234593,0.7742794454307436,0.687904061801609,0.7058386834184607,0.6796159045190184,0.43854289796065377,0.1721995005152419,-0.007799920745990396
6.609999999999999,-0.05823062894053614,0.38636599533437843,0.2580358356760909,0.7210082384464525,0.6865982394977455,0.8370054605839385,1.0525927739236665,1.1370579648415322,1.1956167204858879,1.3088793863101849,1.3230870481467925,1.389473294673191,1.4779789680049564,1.545159410819046,1.5526822269425662,1.5172371897386787,1.4920221198350143,1.5463960382694684,1.5282050653358967,1.4881621523237656,1.38153795959174,1.3987678937272616,1.2977502404602184,1.3197704971572926,1.0789049016324284,0.7763194464944109,0.7824029583133865,0.6774049833442114,0.6942774112452152,0.5137591363047647,0.07417496444194611,-0.04330358337960365
6.620000000000001,-0.1469713252302858,0.35399708737831237,0.24284917443267856,0.7297218386481545,0.7113950459512969,0.7240260886435307,1.0478455421132877,1.1324399442754216,1.197713010262375,1.3241503203921448,1.3476931676083812,1.3918781512332437,1.4378065678462897,1.5029018294228362,1.497255803580315,1.534516418079832,1.5001886480202065,1.5035703440422445,1.4564445394689922,1.4537976797412933,1.4642002135576502,1.4394351869494628,1.3719598567968578,1.344973032496176,1.095259137778806,0.8543605430572042,0.7524304565184295,0.6589815865023048,0.7696975012496586,0.5613640896537939,0.13443709359063435,-0.04727567943392025
6.630000000000001,-0.18576829386778473,0.36832073941950305,0.2531945240691448,0.6690409117245617,0.7016892234252361,0.7499910928347615,1.049912051808458,1.0995854674479806,1.2439894912206662,1.301548479538105,1.3118667469330838,1.4095585561597512,1.412813322728707,1.5089714460811308,1.5402955367435192,1.4826080403520765,1.5088744217806713,1.54321910887658,1.434723030070475,1.433419993475468,1.4006225199394666,1.4009909430512377,1.340425113313737,1.3469863529236028,1.1124643625468535,0.8259783456836312,0.7926185241605768,0.6660665188337836,0.7580400551674444,0.5657707873349634,0.1156356947052094,-0.06684725475139129
6.640000000000001,-0.13084532636191862,0.3634972440846777,0.23886436373018227,0.668970895557535,0.7056292724423863,0.7389211268634724,1.0482511763684768,1.1412604120189636,1.2307568438149563,1.3408083827434398,1.342648398326069,1.3633649221275594,1.461640808328175,1.5096786117100516,1.5522019656854629,1.5241659294147176,1.5387769329814478,1.5305787162853837,1.4943005383887331,1.4685562843955653,1.4146227990605729,1.4109510662002047,1.403619888471134,1.3625657325727136,1.1129855849904136,0.7885316418402815,0.7211987517122191,0.595022679149326,0.7818521664854261,0.6046301958716072,0.10559491690031815,-0.07741583535582104
6.65,-0.07043974872062951,0.40366284560744886,0.2962466482108831,0.6558166848103194,0.7841457287792414,0.731326918249395,1.0903906250821627,1.0903366761745652,1.2110787394328266,1.297202684841388,1.3800738526745175,1.3291100058215188,1.4444916107505188,1.527609057160189,1.540615715089735,1.4718011148421228,1.5574534126370467,1.5759947294739365,1.537225494336068,1.4586651555734167,1.4307954896602115,1.4134902409273844,1.3891913816695982,1.3996575703273524,1.156133195898135,0.7954591230856349,0.7152466340000261,0.6853084547437793,0.7652341469236131,0.6197173766494228,0.07152856851582279,-0.04808638554079555
6.66,-0.13928180615318092,0.3554786657412046,0.26577588884528885,0.6213186078251642,0.7935789702145037,0.7485631028770138,1.0008312274680216,1.0716159602402446,1.2046252511978328,1.326089047594665,1.364606281336097,1.3685233897124274,1.4696016560902159,1.562539308158055,1.5443601685968305,1.5319897984682513,1.5329419799798885,1.5668333301625121,1.408375929698291,1.4406579338229268,1.4411305529973168,1.4273857517832462,1.3923913845425642,1.4802698296046046,1.20580243542482,0.8637643021422856,0.7277024508747779,0.6645704838024091,0.8749893863433854,0.6988196827680407,0.05283542201304625,-0.09722966592958332
6.67,-0.07678214826674737,0.3279142589449537,0.32628966769838075,0.6579251787628831,0.8009407017712494,0.7777662730564061,1.0174434638981338,1.1136524134681147,1.3121891047342207,1.3281318387869934,1.3461510032919166,1.410828251512361,1.460529756255405,1.5006449490639366,1.4978490774246536,1.520743886848969,1.5728323696127517,1.5094197078280365,1.4753331453151728,1.5370878201296394,1.4981324570476247,1.4145715077979626,1.4235399314260255,1.4638143426845156,1.127641147596959,0.8514499545333137,0.7734926576688637,0.6110791249388021,0.8785373445119683,0.7618115359466293,0.07518033014023189,-0.09963966532036105
6.68,-0.08146384484549901,0.3619781836565622,0.33604945038757417,0.5662823942196034,0.7931009276268354,0.788069879150029,0.9988845588470069,1.082484917464632,1.3069463937047838,1.3120707355355603,1.3695415541354239,1.3641259600179514,1.4717097979336575,1.5369193662351712,1.5126020155744384,1.5480576676690092,1.5235692714093314,1.5440840932769808,1.4872575492347553,1.465356340310037,1.484053790326751,1.368364744900036,1.3554084657049856,1.354721740911105,1.188961704292418,0.8680186082606606,0.7247570570627627,0.6431373625823757,0.832008914712814,0.6591518931897364,0.11313069212998665,-0.11546721306079177
6.6899999999999995,-0.031417383273302985,0.3503837754248923,0.3655594787074452,0.5979289867998703,0.8400878539859518,0.8031013704386243,1.015487681727765,1.1000958042920361,1.1815170558972088,1.3331263348754534,1.3466110381891294,1.423743472694647,1.4569453002330484,1.4519584255943612,1.5107885493052131,1.5385161268613983,1.5482537142738506,1.4941072482597448,1.433874219357185,1.4426104655028102,1.464417794163166,1.4244760860153278,1.3652826219283984,1.3912035019118445,1.2015533855895304,0.9051445384914009,0.7582550941666453,0.6716868932662025,0.8607003006374622,0.6457651156745536,0.09552904100582389,-0.1166336912808827
6.700000000000001,0.016331325731786566,0.34351496251773705,0.34179002081454624,0.6307500374862061,0.8738301458766901,0.866827903334304,0.9804860508507992,1.0692977289595234,1.279505836521695,1.3425896986004857,1.3796148737238505,1.4221904050603078,1.4852508967155627,1.4801567692429836,1.4644919294307077,1.5591389531589959,1.4988092205128032,1.4698335915020921,1.4388077214421324,1.4079777836025136,1.4423001309779973,1.4307780097068643,1.3895047180237388,1.3734477070209903,1.204259770722544,0.8833702777710046,0.7355917451162745,0.5922871329595957,0.8110339277589842,0.6809724502194852,0.0917679648204136,-0.07893363729631539
6.710000000000001,0.03727023765908429,0.39678295637041266,0.41031535363310356,0.5560904147097986,0.8625015508541686,0.8320516502154887,1.0477468228053042,1.1179282339562189,1.259682881099292,1.2949166901013915,1.352261799786873,1.4154259132016076,1.4819523503324301,1.534024608977277,1.5647326488271922,1.5554476238585992,1.480089607495684,1.4793735063899645,1.4531820566092648,1.44265696227283,1.4712463109946814,1.377574069851259,1.4229169161485848,1.3060926440556664,1.2204636780453808,0.963813201480998,0.7722792877555993,0.6220319571457891,0.7619756038597748,0.6879915314239059,0.14706012457015086,-0.05849390316060162
6.720000000000001,0.11602521751003042,0.3685699554618361,0.4067895997295048,0.5452521074586812,0.8899207237099859,0.9898253322338867,0.965524367978672,1.0921587847785594,1.250178520984886,1.3297282839748763,1.404707362555118,1.4035830543051766,1.4335352025240915,1.4872769571611812,1.5452763276459651,1.5378000513369223,1.5331131941839753,1.4495575684201043,1.4559892841495516,1.4437933917285874,1.4616213494073522,1.4166782390769692,1.4189349543936094,1.3220481531744643,1.2327782426482599,0.8827766633500223,0.6680030497810485,0.5799531099332148,0.7372383338121664,0.6413707790518012,0.07618369287351043,-0.006285473262030933
6.73,0.19053195616544863,0.3889350186589959,0.4501519611330558,0.5748540631394864,0.8709937126352334,0.8790759034982332,0.9706721547731416,1.1019017792776418,1.248694831509608,1.2688132981501585,1.3517642848505629,1.3740795335375502,1.4949229707603133,1.5108639075338561,1.5046743671090108,1.5113132743202458,1.5395965893040522,1.5210436573565422,1.4589704441327003,1.4666166244876324,1.4754258675000222,1.3696407126699093,1.371811340986219,1.2290504942632687,1.2195311032525635,0.980371769359734,0.6651534160828508,0.6126802123850643,0.7686836434044847,0.6402897845981996,0.11952229106827866,-0.06925427777777085
6.74,0.2229228149035114,0.370403102658571,0.4878157199460341,0.5582474319051526,0.8678280275443506,0.955246712744666,0.9518317730841178,1.0917857545218739,1.2263985089829124,1.3107901357795817,1.4029985288882527,1.3778746853017343,1.4885088425630675,1.5081406792466274,1.519758461458661,1.5270109513497492,1.5094875107581858,1.527974771367785,1.3981964771242548,1.4053681692205189,1.492906143098292,1.342954653416835,1.4592956873924294,1.1683869401671008,1.243174550455564,0.9494602007928685,0.7214670676297816,0.5277409517795423,0.7632624979971822,0.5830246877709114,0.0827391524857219,0.025674821476288127
6.75,0.2613328849593912,0.4269711093591818,0.5367415205384954,0.581865893230631,0.8602888684600979,0.9849822525918193,0.9888910541953974,1.0361667388922016,1.2352088719377048,1.3159432489612517,1.390375994769107,1.368728474108974,1.4681825387516416,1.4640899260740223,1.514093737148558,1.5196321328528803,1.4874437093608015,1.4768442642702644,1.3924441896341884,1.3478500846531556,1.50291690342802,1.3072325046841338,1.44529650812035,1.1683032322963256,1.2276963059328334,0.8855827000987733,0.690427972049507,0.5853899123744074,0.6407649892043172,0.5264221331025868,0.1488102114456293,0.08237392083137524
6.76,0.3037770888550543,0.4554342784081216,0.627963178591569,0.6173645347805227,0.9087715639279034,0.9697491495266041,0.9609415970413374,1.085921382872053,1.2582402746281645,1.277049678414691,1.406257806780812,1.4826026353191035,1.5342770406178365,1.4808042313319143,1.5177995825936343,1.5552197122235283,1.4646770334773183,1.4964146876694493,1.4268829498873568,1.3822537984628411,1.4632091129391278,1.3609385102568228,1.3865320298105541,1.1362677476879284,1.2341166972028657,0.9567708775556666,0.7266207839523615,0.5718547913018761,0.7081935237674224,0.5799151637799645,0.18641318664762385,0.12935719071132737
6.77,0.33327783630083746,0.40814603654577264,0.5534245584728875,0.5331758405677174,0.8560364562464625,0.9709202819725709,0.9018917702788296,1.0904964660898098,1.1346654123968594,1.330094678507836,1.3381517256544875,1.3912550416862668,1.4720299976284785,1.5156173222108862,1.516323535202536,1.5288806862210316,1.475319318307809,1.487807364706983,1.3967304703957475,1.4371090989697726,1.439903048272428,1.292100532329676,1.4157902315314574,1.0551565411388864,1.208178963539943,1.02833371672288,0.6792128338183498,0.6062684543178373,0.6831493146367074,0.5070746271332779,0.2358791642949803,0.14492326797873092
6.780000000000001,0.35076123422578764,0.4264485864275576,0.6042075727410183,0.572438182543363,0.9054217346261141,1.0148170566580448,0.915669244301809,1.0010701291024309,1.2115562685510604,1.267581780982927,1.3207801446995564,1.4589126205597394,1.4622878019879895,1.5218995753668039,1.5900971582918366,1.5687376272823055,1.5073543113360504,1.4339886764686163,1.4071974236422666,1.3592929223412196,1.5066979424788587,1.2518815662787384,1.377202869931904,1.0764159329819156,1.1972974953960975,1.0525737948230076,0.7869204106496712,0.615268371161323,0.6627119559948654,0.4999957572300438,0.28060673735451885,0.17084352073699796
6.790000000000001,0.36646357473082974,0.46529995714964917,0.629863715869882,0.5499781454848458,0.864214666016631,1.009500524800676,0.9061668599955439,1.0149951365433658,1.2108667816717065,1.2452011014607272,1.3748377838859962,1.4088359865801232,1.4264069878436199,1.4515061370371762,1.5310369760819302,1.5692632395837471,1.4575277524150068,1.4688755116527292,1.480464664154104,1.383491106086289,1.4693915398167814,1.2545419181369133,1.3824850664187227,1.0379845762088282,1.2253035700508905,1.0360597583223887,0.7176403483092468,0.6174842763662094,0.6363156776139827,0.4705584459857573,0.2605174317449668,0.2454369267106892
6.800000000000001,0.38359572161190064,0.3816613862595722,0.5742269347549835,0.5596890018012225,0.894981516171611,1.0101045636800714,0.8674132243069901,1.0460781102233394,1.1898975182291582,1.2470562166929644,1.319979073286854,1.4124696578395424,1.4774031103764598,1.5017103545513077,1.5315691704712817,1.5437464099981304,1.4658416591756092,1.4777258052101732,1.4509931768758366,1.284096572512374,1.539622763994611,1.2963421105075401,1.3838590585257178,1.1025658761910377,1.2497563825562485,1.0700376826981208,0.7180953785951811,0.6358723109213921,0.63197862917919,0.4240310663108552,0.36336871120090203,0.22033345728394438
6.8100000000000005,0.3891970797511638,0.2847804395625644,0.5879333981887472,0.5022427224773397,0.8784773201496092,0.9662001271743484,0.8958734512160332,1.0424546704372788,1.1471665667101576,1.2509308929474594,1.3149119383880543,1.4237143681775792,1.4538255880146294,1.4095808462316857,1.456243123587017,1.4876706033336156,1.4661019135383822,1.4644098417805385,1.4327248177700493,1.3490116301027004,1.5167628862904208,1.2587781817158663,1.3250612637391967,0.9971166451528615,1.204858811933867,1.0909138371681117,0.7984087927391734,0.5796514430604524,0.5538005190310492,0.3886001032779029,0.3874134254411725,0.3307942723754229
6.82,0.4049038920503418,0.30784785200153325,0.5611344188062225,0.581798591440337,0.8466720098934485,1.0351686291338542,0.8805619883317759,1.0168536650575515,1.136614532137913,1.2011530863813842,1.3050240115068714,1.3871280934734154,1.405925710335958,1.398038452791092,1.465938901149418,1.4931016550827843,1.4598041047530423,1.4750132709586108,1.3965667167865052,1.457662130716676,1.5029255906256314,1.2704499793080386,1.3111318216825354,1.040004206232892,1.258351557832173,1.0731838799759745,0.7961492511925505,0.6485259470841065,0.6074726398874233,0.3752420131824527,0.4460701365426441,0.2987549329945211
6.83,0.41619013094690266,0.3638299200032186,0.5732406482825578,0.5297998695757362,0.7984418678232253,1.0179667562017112,0.8674685434242497,1.0271860306196696,1.1322894739307587,1.1734455624821503,1.2994007392386502,1.3998376022720376,1.4496802909672164,1.4545037007412736,1.518874709450551,1.5145981471106864,1.4523964910679739,1.4671190532617324,1.3770006787384599,1.3595162039996742,1.5336338159225855,1.2772700482938057,1.2946141275973369,1.021070371427545,1.2984313022878395,1.0840239207012687,0.8028082163535739,0.6838595753279396,0.5731972481449784,0.23715778302099075,0.4347716538243275,0.3050803119143294
6.84,0.325490810884403,0.37280730358336944,0.5260996227818778,0.5656565050526552,0.780949609483497,0.946060946002798,0.875657676808315,1.0113186692419613,1.0910088512844374,1.1897304116027048,1.3036802192317376,1.4163282931405101,1.4157483211898274,1.4334207860797044,1.5029950105913905,1.5521934943470077,1.4549597751683456,1.4514652538096242,1.4300610388140198,1.4062185825747684,1.5193907565008051,1.2485286755019678,1.3632073259951718,0.9992862319723357,1.2221813422919992,1.1573753559973725,0.8392020758360558,0.7174321249880602,0.5450574837386762,0.2669855174632419,0.4502321305486142,0.3075603533526249
6.85,0.3149319183016101,0.24366038829875938,0.5026279029182359,0.45065431417813845,0.7878474724789419,0.9732739962362401,0.8829716371726155,1.0376474294107463,1.1504235149079514,1.2533390888912974,1.3146987055610848,1.3920955429406412,1.4200035409022413,1.4667546391665875,1.4858973800081199,1.5503354397631417,1.4021899282031003,1.462904290229498,1.4178756240627826,1.3512152080482518,1.518017555031961,1.1886463583271605,1.3331461321296079,0.9960456498056265,1.2160284428846007,1.1710834466762208,0.8536938908090055,0.7087569904332727,0.5644573072196901,0.30416005258153717,0.42740809168068694,0.33021797198361763
6.859999999999999,0.29080646425808626,0.24867164415560394,0.54703020753731,0.5110862445071614,0.7722938455967253,1.0103494643946211,0.8774248961133737,1.0269189312092175,1.1387039263867946,1.2145982659414152,1.3242830284346885,1.4238712917277194,1.4451789845032526,1.4658720746475133,1.5479782465002798,1.5239825182445335,1.4292928893988557,1.4603443628686195,1.4291751439317792,1.3864566816921562,1.5062798999842133,1.2223984813757014,1.289638501342854,1.0112905220816817,1.2582115790393604,1.1587355382698818,0.9235132545201048,0.7835442257281006,0.5627522548224287,0.22744157244615948,0.4976248280487452,0.31584272560776144
6.870000000000001,0.27456322653498655,0.21354937903969956,0.5343499285569812,0.52405228341086,0.6831382715607448,0.9188248392512159,0.8094440571728975,1.0009738995024333,1.0335929037183347,1.235306838996507,1.3099269693764548,1.3442286077291934,1.391226881404808,1.412502631484839,1.48847869814313,1.5620930989091202,1.469079119437917,1.4526454226016967,1.4069232687243314,1.3410358909388664,1.4318010449469003,1.2397087573083805,1.2993385331195664,1.0136910211796573,1.2220733882872346,1.136818839836234,0.8845819543738235,0.7285074342940115,0.49678558342406837,0.24445899685304723,0.5292172866701678,0.29823578482006885
6.880000000000001,0.20148575888425102,0.13618462656597208,0.5365812607953329,0.4962046886006168,0.7054169751590171,0.8947339199100713,0.7680243919381172,0.9338343396533575,1.1123929779580657,1.2197296737765675,1.294089748739844,1.3801333219966836,1.439855796686737,1.4817060738242587,1.539730116240124,1.5924496683146754,1.4558062819536874,1.5058378873979337,1.4024718101048537,1.393005652824895,1.5228227069531735,1.231959776597049,1.320886187167035,0.9759945655255198,1.1378640845935855,1.0697160550302995,0.9434919398072008,0.7561223940361044,0.4625537360664487,0.2197260693780293,0.4959256383735857,0.2732110090163739
6.890000000000001,0.20422215492238308,0.1418093505017842,0.5747732025108235,0.4832062603236738,0.7297490614964565,0.9077989561231972,0.8697101038632251,1.010654016128894,1.1026538694384884,1.1620544402434119,1.2897334082186123,1.4114620407458836,1.4097986415826782,1.4281539451585796,1.4809641976532861,1.499075916451104,1.4720450900927622,1.4762041554926362,1.3972957855056654,1.3868144238942537,1.4938297839856207,1.242012573670554,1.2797763515478615,0.9798217181172131,1.160478074286097,1.1170124721202366,0.9860251053126872,0.7729460520795598,0.46225278312889834,0.21593155348550722,0.3966301612012239,0.3036018295531106
6.9,0.16847790677567376,0.2216299522746352,0.5286620949991939,0.4906591838061352,0.6775871791426997,0.8513954904078354,0.895921306971429,1.0266040131956407,1.0795655866828087,1.2018809692230121,1.222321723927783,1.3170424969279177,1.346189962768461,1.4094984217253443,1.503353323904805,1.549587557743603,1.4799158594237505,1.454049289865829,1.3979411701468563,1.39848396931143,1.428787308932615,1.2734317512299567,1.249631978276171,0.955622191385153,1.1720043047061202,1.0908544323352543,0.9659218304476076,0.909520795763789,0.46783506433860356,0.2035468896049718,0.4151762768818303,0.284555322624618
6.91,0.06779187717930885,0.13678505908858968,0.554431540070296,0.5096712302084357,0.7212791132901855,0.850074111717412,0.9053775046535577,1.0103080062316423,1.138652998105437,1.2004174837039994,1.1992253433669333,1.3559691374122353,1.344871736787365,1.4057954889750395,1.4908407818635905,1.5237413986846373,1.4796239680546441,1.4588535554002648,1.4110855647798488,1.4023526999216234,1.3966472718738092,1.2220677579633332,1.1879060036246483,1.0175423504205177,1.22652635037879,1.1257445205119372,1.0088931845049849,0.8134536410308082,0.46316586763259315,0.13400663225776696,0.4791884932470866,0.296681053407356
6.92,0.05301830416645482,0.11536427654054794,0.5493895314026216,0.5619930671388875,0.6980217894981091,0.8152686106516219,0.9015167507220148,1.011323011928147,1.084986607481672,1.2268244852603767,1.291124493895766,1.3439892094270656,1.4210263076485756,1.3859695235774172,1.553489494683354,1.5020896561977337,1.438555978999898,1.5238130525165392,1.4439970082064,1.3723935168015426,1.4326346910872656,1.1897591752711645,1.1701582178589665,1.0407674804113178,1.1427676205293393,1.1130901703324358,1.0329233480116184,0.8395733887526935,0.44996816049235117,0.14092548443048183,0.423137170661615,0.24716908576532823
6.93,0.04939310787719129,0.0964520190787187,0.5870998762903366,0.5247837301469495,0.6072088206845483,0.7538591100576914,0.8609591224310551,1.055525156827172,1.1151093265314527,1.1758566472090737,1.2658807615097898,1.3838255248480527,1.4172400239878176,1.4579265988711032,1.5205575894009649,1.5205929475156175,1.4998644621588184,1.4931668075440965,1.4510453201987439,1.3934287057083807,1.3424974507248444,1.196102195718881,1.1884123549844374,1.0552489731500685,1.1273920855961792,1.0024815231705058,0.9681524009078664,0.8037183806266562,0.41272839696997465,0.13238180840210054,0.4776902004972263,0.23631456838700277
6.9399999999999995,0.03745219036089313,0.0887143337982328,0.5160096528619347,0.5343214592981196,0.66476117095837,0.8079138611097461,0.8653005774480348,0.983013987902292,1.1469767155628525,1.136128308819508,1.2725144374915216,1.3934080919281695,1.3422520156336184,1.430430932065563,1.501537425214126,1.5194812174376953,1.4576123586433616,1.479473270033573,1.4354511774571084,1.4411992496635189,1.4055467725849398,1.2350570266572214,1.1243001820489904,1.0861432000315348,1.0703707453789917,1.0575042628924762,0.9774404584690606,0.8038661439173423,0.4188455598236042,0.19026397308244206,0.44847131364842535,0.25298686819211286
6.950000000000001,-0.020520763476878576,0.049839581556237286,0.4627301982414419,0.5916881412168817,0.6975568092857941,0.8317949979938603,0.8775173426872989,1.0139158493939233,1.108172934799731,1.1977844472874908,1.2644920132765183,1.3623414986441285,1.4349482403321863,1.4786482271421981,1.485844809111823,1.4692326221907472,1.4637096196196537,1.5187335624504434,1.4631175883056662,1.3814228035973848,1.361646556446335,1.2117585954123886,1.0620604003147136,1.1666920083806158,1.1093635070331498,1.0535251791902942,1.0024766178243816,0.8256527522350777,0.3735976924481999,0.13285682892006473,0.4255388702955505,0.28150356910181107
6.960000000000001,0.04050247352698167,0.1394625136973641,0.5222162732648036,0.579441068165758,0.6372044135192189,0.6489884636548429,0.8935993470366399,1.0612181259487141,1.1394715800202586,1.178235999501718,1.2753492229506165,1.3437461349465587,1.3949368336163486,1.4286437508940093,1.4794208662135082,1.510064634258469,1.4376947941185012,1.4677950239416835,1.502714350632061,1.4790953376070861,1.3452764773736288,1.2528962268576462,1.159608966416254,1.1039517641324976,1.0029586060721665,1.0029678367171495,0.9953747834237932,0.8614336903634869,0.4398776867583743,0.17845083596253097,0.39020522566165133,0.22539959115024188
6.970000000000001,-0.03443653555406129,0.09008619119567027,0.5379978475544617,0.6368901170936885,0.7101310093076448,0.7714855121256671,0.8928969548508122,1.0923241156890053,1.2087547516396202,1.2314060510140956,1.319167694385096,1.3910256797051879,1.4444065662090129,1.4288514729508042,1.412050394307955,1.4980947206136024,1.488736536558152,1.4593403889543883,1.5068284253949578,1.4660223125562797,1.3499326230438173,1.2393715955613904,1.043596040094122,1.1196450835339322,0.9820000485779484,1.0409172437535261,0.9901703992060336,0.8156929547914085,0.38808375334916884,0.20994984522361992,0.4101690255705237,0.17480501622623978
6.98,-0.05648358129927098,0.11784158130846933,0.48530800040904065,0.6739084532060037,0.6597542294257843,0.740201837081585,0.979681543061148,1.0417482298955776,1.104912506032017,1.1949208341713686,1.2504651338547221,1.4069125825057163,1.4054848284735058,1.4265797770507107,1.4558617480639635,1.5279844161522174,1.4490999384507488,1.476693371801311,1.4725789734166272,1.532208246124238,1.318501859538865,1.2556441455968246,1.1365341857504627,1.1977346443866916,0.9405360007649569,0.9471816072681121,0.9329696256728115,0.8454739554921703,0.31842588558889995,0.22134692383344068,0.43686914788540343,0.25868699133553463
6.99,-0.056662118787214444,0.13379312608807567,0.4721969691112355,0.6558093913761389,0.6691701228007233,0.763386761365109,0.8873722562269145,1.0902471146429569,1.1877090929758822,1.2423980407996154,1.2289445778501873,1.3377474449527582,1.4057699350804627,1.4486287773220479,1.4818783040669177,1.5104570733711986,1.440367884824321,1.491515488095741,1.4477449341750694,1.4068170825197668,1.3045139633426472,1.270029037854445,1.1031486677269051,1.2052559284709239,0.9472124677193053,0.935278863802055,1.0851365336706498,0.9133497954689572,0.3988747055322287,0.3356298855068678,0.3849969970553486,0.15654428251675578
7.0,-0.06294452407148333,0.17080143218842397,0.4562366880771552,0.6567723125531145,0.6381465619131688,0.7673045451708299,0.9982206576817212,1.1406015797983933,1.1796030655762775,1.2583419108195586,1.3231715540161328,1.4244112785116076,1.437266233895965,1.4291393146961555,1.462486847749033,1.5019705792054265,1.4502350218206623,1.4495990177135032,1.5541196497029357,1.488793303130941,1.2699167385086108,1.301960920811892,0.9911488453690225,1.2733158089972827,0.8946959674160563,0.9694865135464318,1.0087662307394836,0.8762016339254239,0.4451156766544982,0.3663800533689172,0.38312347499032384,0.21008944794576034
7.01,-0.1626587272798865,0.13731287451449856,0.5012794489215613,0.5886384648326259,0.6206610634548088,0.7437387168798781,0.912988268718051,1.1189444694393438,1.103618406241764,1.2189688335320021,1.306361281070301,1.3537103769544572,1.442177756678687,1.4906485895353347,1.490752073439285,1.5062968788808144,1.458922309414714,1.424422886117986,1.562435456918317,1.445967863409672,1.3117434717006622,1.2742104662769602,1.0589879715307022,1.2640976238728825,0.8397324607619272,0.9177131417999145,0.9909933299298839,0.901264082421528,0.48313478328830706,0.4051612086610257,0.4425944107710017,0.24298347790647726
7.02,-0.028408189605426123,0.19380531120480723,0.46839701178263127,0.6733508707842061,0.6186388779645285,0.7195098978309544,0.90236323161535,1.1225332040651523,1.1304958458509446,1.2025991540253622,1.36398664168195,1.3814189842040983,1.3922140214696888,1.4744555487066804,1.478493216831589,1.4758570321951476,1.4141129247324788,1.4469040989224444,1.5668767555341077,1.5146509523936835,1.3151149325568163,1.3757699026838288,1.0292929515587166,1.3345100847899274,0.857448828411947,0.9237734084637673,0.9786079863489919,0.780741791450349,0.5102416797569781,0.5079296693360623,0.40492105818372515,0.19570481348593566
7.030000000000001,-0.08092445705015922,0.2052734312335408,0.40461829521919523,0.6470528100399883,0.6091741318420769,0.7641466758065447,0.9314923857815015,1.1704824951602917,1.1749347137561765,1.2279270002133715,1.3255193365340874,1.4363669390994902,1.4522531683032995,1.4464721443319073,1.4396615509258652,1.4694842416324556,1.468014274398273,1.5127326554635416,1.5123643624601433,1.516372607531436,1.2388298605660693,1.3887534690847514,1.0595851958630305,1.3177063973531111,0.8660164121316148,0.9016722765208857,0.9956188343264673,0.9055418588506189,0.572737265057179,0.4815223993328297,0.4332263822208983,0.24303063379821777
7.040000000000001,-0.13083890367569245,0.23388827472920165,0.44248172736353936,0.6674981342977573,0.6298729586481092,0.754533385793416,0.9133338906114308,1.0634063234128697,1.1115985996839703,1.2401407042756472,1.2509600248594732,1.3713198876362445,1.4021702767576112,1.4247032049332498,1.5260573057937905,1.4675765027818801,1.4695493480339743,1.4159712114460503,1.5187551146702785,1.5259706624139058,1.246141979913187,1.4408567191426767,1.104888008713123,1.3386172623897135,0.9272588261818562,0.9453800549990033,1.013853392655685,0.8817752544076387,0.5723631322457772,0.5657475744926399,0.387827985600691,0.19714419882272488
7.050000000000001,-0.0347944496009213,0.23012788455518576,0.3734677151193771,0.6903317395767249,0.6553313980808322,0.7379994033127406,0.8945449068895489,1.099931753209862,1.1661909253869704,1.2284226535128764,1.329314777753311,1.4273948774738123,1.4551424011317307,1.4132368579961996,1.4553636786958941,1.4293946277699827,1.4387520082230307,1.4011895008538018,1.5547300989103081,1.5000635912230305,1.3356886066432696,1.4015039499000301,1.1150431703247756,1.3807491336344828,0.9142338303363603,0.952410574619956,0.9797064018422471,0.9190621315245143,0.6244522457715285,0.5974381702082838,0.382213737689316,0.2653951270611024
7.0600000000000005,-0.0407644882404186,0.27526431072955304,0.4008095934273964,0.723881932103666,0.6395608070032018,0.765891451444068,0.886481170317359,1.176674236443235,1.130996051588204,1.225074302158783,1.2631591287297672,1.3795937800154814,1.4118122118038072,1.413448031269451,1.4948365744577055,1.5128574450472299,1.445894833582376,1.4625756534591057,1.5741729769571071,1.5542877759103768,1.3308215999090338,1.5126998891902974,1.1201329392615935,1.346782657065845,0.9057650015769687,0.9755116365031568,0.9882793534948465,0.9110190802993685,0.5695099927474994,0.5876331499970318,0.30707556183035173,0.20244385650997207
7.07,-0.07627577320336837,0.31429841479084303,0.35663992076164236,0.7284882463421342,0.6861583345508104,0.7945694357843712,0.9412048906939952,1.1349778934412653,1.1033897076900903,1.2254443578169327,1.2910092837214147,1.3345123997078878,1.4221922052484015,1.4348866581924702,1.4453435650484574,1.457243637794051,1.5111823388766554,1.3591229381514915,1.551757897518943,1.5056355352143322,1.2696383629379013,1.465529670363722,1.1693525549067647,1.3639568378953766,0.9451114020330761,0.8938654088060232,0.9218257999002437,0.8888115375185619,0.6248385320716476,0.6039439859492428,0.28556619398738814,0.2069097836121823
7.08,-0.09505187153753958,0.2699913376921169,0.2993762476634096,0.6440646062001761,0.6340963181249946,0.7433630817139862,0.8805306140669648,1.102431915078205,1.129494165806891,1.1843128863241816,1.3102453138300818,1.4010167265203566,1.3896228564273965,1.4045727129888177,1.4458358922817454,1.4491537773609469,1.4502976173908035,1.3942213189476031,1.5297572179751857,1.5596595482666546,1.3403084713889388,1.519370339814834,1.1831681426530019,1.3389662898577763,0.9449512905337212,0.86544589531223,0.9441925610381885,0.8309341921306215,0.5797927062241388,0.6352358578430543,0.32891711858530376,0.1770402089111291
7.09,0.006434717217899752,0.2943279518777833,0.29920904998227593,0.642065255721922,0.6385800197927195,0.8497850193320801,0.9323571085264268,1.1653872287118958,1.1230753793731822,1.2600700816932167,1.3094994032848897,1.3810338495688612,1.4416819073221283,1.450522026006145,1.4131518206427476,1.4489656154131345,1.4290648433723767,1.4149700663175413,1.5067744684847868,1.5575481842692027,1.3479268059986447,1.496355437104356,1.2134847877577513,1.3256088937228547,0.9635976882142286,0.8780611461606871,0.8351772405946081,0.8025965123509397,0.6294158572107845,0.6956323932303644,0.38801821602106706,0.2217820968627049
7.1,0.07019925757365875,0.3627035309867375,0.30562111541127757,0.6320805944768656,0.678182762737049,0.7780920981365317,0.8723293187494732,1.1224451015452723,1.146858724985231,1.3016122063767674,1.2797521074227687,1.3672345508087385,1.4021387664072567,1.4492304449542135,1.4243971774809672,1.4832588342104196,1.439845965324213,1.425635897859181,1.5240256508906511,1.5117763708940108,1.3470249998602752,1.4834483326143222,1.2272950337944672,1.318791031378839,0.9289214990925031,0.8439191013564848,0.9041580874112433,0.7979892882674064,0.6115760601940909,0.6564214776746337,0.28587358681997443,0.2627355188589919
7.109999999999999,0.06497849341369871,0.3610939401640823,0.3358626121078591,0.6609257983884055,0.6418215147954917,0.8614843586572659,0.9394937054525667,1.1354989484550981,1.0756101871227288,1.2427763844506567,1.3392541544623395,1.3838454107648692,1.3790858981726362,1.4191591737133096,1.4794130254765356,1.4685390224868438,1.4575845200333735,1.4204461426520807,1.5357369157621596,1.5332629345841895,1.296040436922115,1.5018141670043674,1.2437009586720502,1.3136934376157667,0.9447872538618363,0.8208383108472297,0.8255111268755811,0.7234610942527202,0.5756640143636085,0.6377771211148294,0.3152960867242485,0.17869448483449005
7.120000000000001,0.06218389494006476,0.38037639229830306,0.33718059835410963,0.6761883321892498,0.6388920778918445,0.8005962339022726,0.9047509745926624,1.1472720906397593,1.1830096610995469,1.243965836737564,1.3257117047829743,1.4285695372237825,1.4597211177668576,1.4941717900719051,1.515887503965663,1.4915445334632214,1.4565552744742754,1.3917937126446096,1.5930895079814906,1.5188601544582183,1.3490115921334112,1.5275097413381218,1.2147860009364595,1.2652882718649694,0.9758467972000868,0.836769649048007,0.8189193985899859,0.6979897000855432,0.6225190288585062,0.6084214356022306,0.3352649629667319,0.21899719087436548
7.130000000000001,0.12864250031083463,0.38266406514514584,0.2698424533907137,0.5562481571307359,0.6071600848288694,0.8097745872300708,0.9280927866090682,1.1620255420511667,1.1642612472065499,1.233217694409185,1.273459543679297,1.3468179832046177,1.3397242835241692,1.4481937251548176,1.4692390842069587,1.469465564580643,1.4761515360199873,1.4363308756646942,1.517672630068515,1.528298779936539,1.3886723104689491,1.5234984756801664,1.245426998465605,1.2054764560225142,0.937931588776451,0.7920381237806706,0.7483264741741614,0.6335579710059791,0.6604638465193551,0.6052465460718922,0.3043677057491303,0.25056945822581544
7.140000000000001,0.13679398143730592,0.46593412224212793,0.38415868962358213,0.6281117624942757,0.6538533617436197,0.879645831725464,0.9359083031144498,1.1371220226328307,1.1225309465359885,1.205268490900862,1.2420369017247332,1.3011512777967207,1.4328552886698702,1.473828620108556,1.4718121628102292,1.4734688183894562,1.456941731611211,1.3958342212113306,1.4426146928404229,1.429076170659254,1.3616539640386054,1.4318423723161706,1.2793674416708785,1.2058108943093453,0.96585892106303,0.8359951044537238,0.7463405283379617,0.6480182576018155,0.6750686224514436,0.632431947447993,0.32126637039708017,0.19014221845448764
7.15,0.21553776340906694,0.47779112787049943,0.3162216406930756,0.6028651124860638,0.6522911816098134,0.930614151019573,0.9062497000814551,1.1129564319321905,1.1420890608003516,1.2622188702453152,1.298517368889718,1.4135765484606875,1.4172853658955125,1.4319243131876804,1.531910927805909,1.4979417536605413,1.3976724315295694,1.395056949245078,1.4805762121943686,1.488769286010173,1.3226305901718374,1.4074327110549965,1.2470466841967034,1.192908198598683,0.9732637155044418,0.8086736731369752,0.6469307398370278,0.5882867698197244,0.6600991012042683,0.5825002451631094,0.29414736551546966,0.28274656606401066
7.16,0.21576352427828632,0.4163030893159764,0.2842837900341879,0.5862748792165935,0.6842640902259868,0.946278544741812,0.8461773886259153,1.1753141227876795,1.1864065546736966,1.2516592445149557,1.2755812946333938,1.372221203082749,1.4755447275286953,1.4434274338136128,1.4832554395594804,1.549038909175841,1.4776042855295437,1.4644253324590746,1.4995339220007171,1.3849359453138683,1.3767579286584173,1.413958904447574,1.275172405624693,1.1913676993127278,1.0006168706630982,0.7693966762608733,0.6410511698577369,0.5076675340109653,0.699561616517305,0.5101385777352335,0.2599026896640287,0.2575627601343681
7.17,0.23131122895303868,0.5089787724417014,0.3037260787612247,0.6520388567493612,0.6684672419195152,0.9341178924775563,0.9777199065739482,1.1702253939956462,1.2247676069855553,1.2416885860992246,1.2979873816747591,1.3316765055945639,1.430931849247992,1.4260287344196063,1.5086188710130721,1.4498421621395523,1.4415425110470443,1.400081153201548,1.4371608016746493,1.3843376667487248,1.3041538784762654,1.439607209781361,1.253057969042106,1.109476875966966,1.0122077519683503,0.7428083109615388,0.5796350579047125,0.48783860069882107,0.6413417828148709,0.4921384861184968,0.3211089918524301,0.26237807038929617
7.18,0.2529937149300379,0.41737215506157654,0.2782425374970972,0.5826500246826247,0.6904195497726912,0.9330766580170549,0.9164621389543497,1.0738255396007683,1.1577470485107901,1.2802841389538533,1.3205358844634218,1.3955994807578243,1.4137657917698174,1.4381728669224159,1.4857754320045604,1.4340273622271003,1.475572760951326,1.402570908865916,1.4143118723166617,1.4245809788618238,1.2847875730386522,1.3476323113328328,1.270800554372926,1.035587320653869,0.9532753829379479,0.782366242881234,0.5756305111759696,0.4979055077486698,0.6265433887307564,0.5352072243206369,0.27816096060695655,0.2520674813307431
7.1899999999999995,0.29429054467125304,0.46374605712621303,0.3213577999583602,0.5550692352169823,0.714886341665436,0.9248022049303216,0.9755162934177696,1.1068564750808685,1.150411250892822,1.255089652004184,1.324244818451593,1.385942968216175,1.4100891742056816,1.430144033902929,1.4491151883155837,1.45685923484632,1.4648557891486333,1.4424026015930305,1.4107947532659837,1.377757438171047,1.300167112968229,1.347303758953442,1.3144852583704962,1.077623889441728,0.9445012176342436,0.7558232740615346,0.5235226251440571,0.409699989447815,0.6930304370741968,0.4406202622016737,0.3213600680310491,0.25130539243830013
7.200000000000001,0.27182446996836845,0.4929278604354906,0.2954677545736717,0.586510959248019,0.6923873847278378,1.0027338691391068,0.9409010715405067,1.0650016830006064,1.1898330989564738,1.27344173057485,1.3175009432815388,1.3264818341382822,1.3492317369334803,1.4272588196657219,1.473028153215026,1.481772945401483,1.4440209956681755,1.392900128839083,1.4274983074743615,1.3590963583289297,1.3155078036740595,1.2897502448658644,1.2275747804856079,1.0699814338546032,0.9672300841369097,0.7834822767930615,0.5126389593592178,0.40005543099991,0.711918003980745,0.47051262177089176,0.33807787178129867,0.31719855995965696
7.210000000000001,0.3697015235156707,0.523327934610464,0.27504163245521096,0.5692762944247204,0.7107152051088848,0.9568217489519568,0.9513445213443238,1.0684717889518378,1.1512785407429056,1.2988055228291366,1.3393540556371586,1.4093022921970373,1.4526949985774247,1.4114277198852525,1.4822856773896338,1.520301366924952,1.4850050742882857,1.4448856504432823,1.3906868108537447,1.3376766741713744,1.2950092925148031,1.2891626306282533,1.2738941619708302,1.0269638630982227,0.9628166503275593,0.7773962966574217,0.5684100184423578,0.3940486611994998,0.7683130609216983,0.4277768339442168,0.3250234016520828,0.24714408833357313
7.220000000000001,0.3025216139338966,0.3648051724094704,0.2954895200412866,0.5182428559528933,0.690800579260344,0.8846487647893756,1.0263197650278977,1.0539866689937127,1.122321933445772,1.170302448649936,1.28203272999294,1.380137293643722,1.4550329423027377,1.474370165607213,1.45775349947233,1.499265474006466,1.506382983361278,1.4075620012101997,1.3409197899925696,1.2799312495566992,1.2445526559478188,1.2679252592994867,1.2704333223704305,1.011259691394956,0.9820930802673625,0.801450306882125,0.5656113978585076,0.4165774186113337,0.7803379443891926,0.3600111293060843,0.31104569757063316,0.23770079276240136
7.23,0.2857523795393745,0.4159741367616112,0.3489548672657493,0.520281655309728,0.7339866439745796,0.9533463618275305,0.980225173949191,1.0473332588994764,1.1327831705101075,1.2456784418033344,1.3194251750276536,1.4073998891976964,1.4446985154432097,1.490195443158447,1.4652382403160253,1.481284535203159,1.4660070329148398,1.4289914282236287,1.3132564475135535,1.261871813063829,1.29807458078225,1.2852830863943352,1.2819630112973084,1.0679844876207132,0.9751631787370952,0.8549952048436398,0.5306532941950889,0.4305487205324335,0.7574992402094434,0.3665927005173221,0.28052651069215107,0.22339224904524696
7.24,0.3243496716144981,0.4358402849066369,0.31214434127695956,0.5180600860466943,0.6947695695531327,0.9772970186424024,0.9473150119790552,1.01323139647517,1.126276585619323,1.2265800179727826,1.2838664214754054,1.4052635476865216,1.4073939134882605,1.438443516090409,1.4345550781107068,1.4082282630384544,1.5316963406565125,1.467029407666849,1.288109421045825,1.2433344940093796,1.339134338166182,1.1982652708500074,1.291764667413954,1.0107169241997587,0.9531753853302762,0.9121594243522823,0.6419100767022732,0.46734652886587613,0.8490884068293735,0.4294534566326668,0.2859430788682386,0.2299401473251023
7.25,0.27965627465738785,0.4385131300809071,0.304045804190301,0.4465570670777558,0.6688912764798247,0.9590832398659124,0.9846245190571947,0.9974487660187634,1.1934276245314241,1.278459330481145,1.3134496328565608,1.3479719749019983,1.4729142077018427,1.4387823490636142,1.4454515099250964,1.4390413573427014,1.5173690737137613,1.4700636714862836,1.3344210081069245,1.2925087263055033,1.2871367353864673,1.2686108657360566,1.2894516374422063,1.0487156601525074,0.9799882006351129,0.9656033961659344,0.5901285768506479,0.5038092795238462,0.8094128582993282,0.38863487080591425,0.2698381258289023,0.16745233300291965
7.26,0.32233852514285655,0.3675094764650383,0.33159967448017735,0.4368826226807895,0.7493930939391338,0.8500530732333217,0.9470812008737339,0.9953056052241085,1.146990072941531,1.2787343068765176,1.3070155552344236,1.380852230337359,1.469201516652232,1.4751661219575452,1.4633031144435669,1.50406032684988,1.5127136900473301,1.4565882483216763,1.3799359132787572,1.28576851314882,1.305492518290382,1.241864218321745,1.312401618236306,1.0525821925458883,0.9508185505168232,0.9422245932883268,0.6871770961516088,0.539922537118627,0.7776950524273627,0.3719472165017694,0.3217705937423721,0.19292531678072383
7.27,0.18730667100704704,0.2597409771001067,0.31998570581826885,0.5107938331259022,0.7772709504241717,0.9493688313121759,1.0436647814472186,1.009570155452196,1.1865456540793242,1.270871797193119,1.2793832767737348,1.3473261246061317,1.4227755863128484,1.471457462048307,1.3962482339685085,1.442513892126791,1.4543725977298068,1.4216511397909024,1.3416823196429037,1.2728348366019089,1.2955344303055696,1.2767204646286197,1.3317272782229097,1.0595864832267934,1.035947719520189,1.0107831720446239,0.6447299424091003,0.6067421337050795,0.8782625522397889,0.40275686997870735,0.25983005113645774,0.08296232243685142
7.280000000000001,0.24776673630750487,0.22119559274017353,0.3261947649918395,0.4282831694278019,0.6954889985596778,0.9302700099804792,0.9843154881911604,0.9753630710347615,1.217356150496415,1.2398249140674666,1.3108210819328803,1.3844592617132503,1.4497954091906062,1.4865543285058371,1.4530795284714224,1.4609206915315087,1.4325188717314932,1.4853006395688595,1.3522149690196563,1.2945822354945657,1.2615589920729633,1.1602903362687806,1.2701205199037737,1.0309783838463884,1.0936132600930486,1.099764777517014,0.7124231629481071,0.538738068744659,0.8522310425189213,0.3891664193336421,0.20074920108736635,0.121677713889556
7.290000000000001,0.16259329594217425,0.2085150408296039,0.29182854254615065,0.38771318447225567,0.6970812184081701,0.916043713882911,1.064013217509892,1.0088821932753358,1.2127749106607295,1.2159727220085372,1.313675439731932,1.373430564492945,1.428560072188474,1.4609428074273045,1.4506995206117148,1.455134405217232,1.522603879377101,1.4365380069886375,1.3452726312518024,1.3430826171536012,1.344551139910986,1.2205859528610636,1.396117153303706,1.046278663770487,1.0980756011369333,1.1225336118470768,0.7935908611205199,0.6559415141577397,0.8176863418096045,0.3277589487607946,0.15282313384791213,0.055400538177437036
7.300000000000001,0.1431261671454332,0.18999681828881143,0.34504616977424113,0.36702327919891486,0.7766588963349813,0.9559543982187096,1.0052142095169816,0.97354856985641,1.1158707158743288,1.2677070883072694,1.33380389355041,1.4603205840808702,1.420092597540157,1.495184126534738,1.4919339410356454,1.4410072563663971,1.485548041614299,1.4325849965551765,1.393935617273975,1.3279857229296135,1.3259378809229687,1.1869385601012028,1.3793491578117536,1.0495773165706082,1.0460411085598627,1.1009941480658592,0.8569087969701188,0.7435199304509292,0.7854968636819802,0.22038252063445568,0.11444325411773924,0.058690686246740856
7.3100000000000005,0.14198822405428427,0.03602946345120889,0.43416024993881447,0.42178932147925396,0.8065199857862296,0.9166449190373483,1.0331060158714476,0.9505745378946888,1.1524807683349745,1.2798683743641532,1.3967138938043253,1.3330267090287415,1.4476031740405308,1.5502406099571238,1.4432126213549212,1.4977312825262976,1.5308117859963128,1.3984531112723408,1.4094530585205087,1.3725102809509082,1.3572204952669265,1.1842685116286336,1.4498195518923156,1.1025222427270773,1.1114054428962186,1.170040657427828,0.8735228214158544,0.8008423009480329,0.7765948970857993,0.30831134734114807,0.10818436789141914,0.00607016325443845
7.32,0.16109220719986428,0.058285641809222785,0.36231476839662796,0.4076138805401922,0.8397411541958326,0.9009065336364697,1.09148886371823,0.9658673756403932,1.2658781634489866,1.3338496660926897,1.372567871160413,1.4105541966299335,1.4869213600245534,1.455755453545541,1.4747785422412858,1.4604583084325142,1.5182466213927581,1.451792567245591,1.3603773158388075,1.3241297457117605,1.3419308450310827,1.179891204119607,1.3996987749317245,1.1103556503664498,1.1440643069873417,1.219240047930833,0.9505205511069832,0.7633783646554786,0.7374122332997136,0.3321788351516332,0.07744970073327923,-0.057684018575595186
7.33,0.08163673262545731,0.03996343846120845,0.4060104325412179,0.4268095040670715,0.7847540347774827,0.9247062010012712,1.0758609092953855,0.977192934351253,1.2309188652288587,1.2624288987124035,1.3609606802676206,1.3889108298754973,1.4557260498929026,1.474137713521237,1.4200957354349941,1.492694503307721,1.5217591062949307,1.4804376931804548,1.3759678727807452,1.3303934378251252,1.3884589497315225,1.2147118635974394,1.3716488873005337,1.1480646661096736,1.211091182012673,1.213425943661307,0.9644263685299629,0.7955749969927147,0.7362110119357659,0.3195446729697921,0.018665855813030124,-0.07497236022924392
7.34,0.04276287165994246,-0.004644787464537486,0.4144009516162323,0.49587868713221905,0.7661791061502021,0.8758479641594976,1.0242859521106034,1.0148792103233422,1.2856793446915067,1.3092234246140357,1.3638841873881673,1.4208793963170239,1.438083574289212,1.487193085370056,1.4273520402653612,1.476831256222117,1.5196416945229507,1.5145729005022395,1.4111576213822026,1.3545367137144588,1.361197205793104,1.2427815952029395,1.4659306792155178,1.1496045507646684,1.181193449981333,1.1836718007731015,1.0076665564544243,0.8398565657095313,0.6812683276558119,0.290708893901289,0.034745266330593924,-0.07765679956337806
7.35,0.04846224567084167,0.03549216274052392,0.4855444814615478,0.42611186782986543,0.8563860006934879,0.8800270838330874,1.018629945429562,1.0273611715035518,1.2215459819179308,1.288607484876631,1.355559589255179,1.4559421831662533,1.434937939629898,1.493475899311336,1.4795315938997882,1.448248530621461,1.497312699736399,1.4343498196711884,1.4686774360151271,1.41028488805344,1.4176955235350894,1.2677832872129382,1.4193113629497616,1.199711538492438,1.2466335552152812,1.202292183641094,1.0434584324748348,0.916964115785595,0.6427418564741948,0.3206450519145121,-0.004657011872691104,-0.12265878068978758
7.359999999999999,0.08116857096828847,0.08414854186730436,0.5464155526117672,0.476053176799727,0.8411836697964755,0.8377294169847237,1.1244063512565352,1.0304939921161878,1.2639023970458787,1.2552721723923597,1.3747047287839376,1.3706187438086646,1.419243299382088,1.5036720400182326,1.4492237342897267,1.5441048488614306,1.4571967532842367,1.4824780837453813,1.4125613620503816,1.4379991681834294,1.4598056868578269,1.2109633700773785,1.3967778622141884,1.1260430407019673,1.2194868445571831,1.1909963474826353,1.037035642556287,0.8956689027791482,0.5978592868039778,0.27390331906781007,-0.028596822359092534,-0.07216742672221566
7.370000000000001,0.07540443653898986,0.013029417098375504,0.5271813035694333,0.4785339971691139,0.8297284015464131,0.8167343157246815,1.0902660726218256,1.0134338638911415,1.2164645911083731,1.3336121995598706,1.3490472317114595,1.4186719275214845,1.40847250709384,1.495227696615999,1.481953315172939,1.4580344091409825,1.4943418547798268,1.437938388180682,1.4714076504293054,1.4850931041047153,1.4635005213986134,1.2839409697553916,1.3176582813750823,1.1752360358917429,1.226408237674899,1.240080397615054,1.075163568673629,0.851569403807031,0.5288049368986225,0.27372905495363775,0.03669527390945974,-0.05806686487094709
7.380000000000001,0.012987646119473457,0.08719275746422356,0.6164763493679312,0.4496890353555534,0.8982696127270209,0.7772198650011073,1.0572728636615252,0.9792085392069022,1.2685590414067147,1.3101884811244886,1.3902216661148685,1.4179568472942496,1.469660842576285,1.5223477364470746,1.4442635398302883,1.4514969222871206,1.4755687713350665,1.4548901505358949,1.4007914046270076,1.4372534505394654,1.4624294083098024,1.2873552365172922,1.3345812777929646,1.245374466045366,1.252614354180892,1.166962382655156,1.0614285354632909,0.9394672196472462,0.583189910555905,0.28654034275936646,-0.040236782194641066,-0.10462196192271765
7.390000000000001,0.030430845902409003,0.06658186626493354,0.5887818646375589,0.564110367588242,0.8679287676365786,0.8330736816558385,1.1054830549449401,1.0364524785774465,1.2789838868440682,1.315479322313549,1.4070406839121599,1.4014433337560976,1.5119540204959923,1.4792713460781368,1.5126952036809163,1.4428415281821054,1.44960378597992,1.4493805790154533,1.4484314257862803,1.4067213284734086,1.439109073704308,1.2453777283144605,1.3698770666934803,1.227303050923606,1.2848800670086922,1.1422728871055603,1.0725562276208516,0.9024649011002864,0.4740786095505886,0.22993023329695028,-0.002781399181965926,-0.08004142170973652
7.4,0.04495386122096447,0.07384638022403925,0.631657003633148,0.574649552185371,0.8367125111286136,0.803212852537407,1.0146311874675669,1.0977111457938156,1.2514034649041166,1.2947060963492327,1.3689069734245616,1.4201648194163246,1.4726664113886752,1.475177091842234,1.3938675439359038,1.4553773782700572,1.4711058493008506,1.4838449297311296,1.5150789098854776,1.5235649438947165,1.507609707458888,1.2784287135148062,1.3703195612136505,1.1964232878376528,1.2799475654099979,1.1950217620573533,1.1180647796438354,0.940069565490908,0.42901353963109823,0.23322317069079593,0.010258301887484746,-0.10752457383658255
7.41,0.0477900285917455,0.08307378683068892,0.6581959857102868,0.65170295893629,0.9004263307748361,0.8442844928829948,1.1481755174686932,1.140585570605462,1.2424717128430613,1.2924620278182002,1.3413668443180249,1.4039874535079755,1.403784342868076,1.445381323957295,1.4930002215331513,1.4827922708163646,1.5496957778449718,1.4832793878561583,1.5011492893854146,1.4681679469864326,1.427572483424201,1.3226568931946538,1.3286417875495429,1.127189961176434,1.231692213131725,1.038364377544401,1.0497785673293385,0.9260439186754448,0.4232054661874136,0.2413586987059158,-0.04622129114195295,-0.12144860050703973
7.42,0.06103740250095766,0.15049350732621541,0.6596671694983154,0.580897854536998,0.9436786314185002,0.885539835549588,1.0262276145531697,1.0505386593061852,1.1981915392886804,1.3114239021919987,1.3520436159740736,1.438802875755251,1.4106788259614267,1.4351595794133745,1.45250670026441,1.5156377785539865,1.5105347228708774,1.4651529014502633,1.5204496566398649,1.5148567775333759,1.471614535016875,1.2847132826346166,1.2903090725073816,1.1327696298950913,1.2805737233965295,1.0478394616794777,1.0958627884945678,0.9920774780808128,0.43346215630164475,0.2895930860814583,-0.025453125499702807,-0.06044512925668844
7.43,0.10429621867917326,0.1477614063902491,0.6548762244858344,0.6707925894749487,0.8839186466656641,0.8569678346229691,1.0808116191645996,1.1416371437925945,1.2677728567026423,1.3596521604762688,1.295554626732763,1.4290391966354041,1.4698522105966831,1.4770102973659596,1.4469827922608731,1.5088098656087516,1.6126241957726544,1.4807037970081776,1.5035563673938166,1.4281175687426497,1.5126377892298335,1.379682089336736,1.323538272843994,1.1570162934103132,1.2801085873039293,0.9912360105389141,1.0810688293869708,0.9360510817272716,0.40372078138698436,0.2740014716473651,0.047927817627730844,-0.02935957903437341
7.4399999999999995,-0.01433474617528756,0.22513167004305246,0.6485443070872035,0.7886223450802438,0.907987531474007,0.8290781589803852,1.059730175241673,1.1000651989004686,1.2750931216601615,1.2532423798179848,1.3100662779577479,1.440047874071103,1.4230898009084483,1.4913159924544803,1.5147086752943655,1.4999044112452442,1.4754966656644812,1.4633382097067,1.5111671734735674,1.534131661554642,1.4416767339388323,1.3766364871746384,1.304431403021727,1.2486594384655219,1.2843110551080117,0.9943910427535647,1.0592860507922228,0.8958822983648586,0.3885604201556068,0.2568815681404251,-0.007259104533147001,-0.042359413827047276
7.450000000000001,0.0026310625866769605,0.2386704317381568,0.6346776156828388,0.7517488401091134,0.9206612547757682,0.8312932894300235,1.0503331960665512,1.1467242709655288,1.1983316185784625,1.3260951086463437,1.3584349973859686,1.4328607803603328,1.4625911648373362,1.491045557446679,1.4827220465534192,1.5459173857349913,1.4941982581437279,1.5140538880194492,1.5896787280519744,1.5312622050470364,1.509637140516892,1.3470592510973782,1.2896110616434369,1.263177234126606,1.3568715605625323,1.02164328546903,0.9753296899315759,0.9268186319562288,0.3495486508402439,0.3722648997031121,0.06573221360765351,-0.0064328406389823544
7.460000000000001,0.03959519920343444,0.2337870970633996,0.5986171882750854,0.8160864422128938,0.8827405558048218,0.7977938649329501,1.099932965872307,1.165313494428927,1.2459511003884762,1.2823898239910798,1.324473450530826,1.3948101079385387,1.4680111767850683,1.4929923010604373,1.4783974241639173,1.5119740809647388,1.5352393362829508,1.4539362315830042,1.5355725572219048,1.508467540575225,1.5121526018532248,1.4325013354677634,1.217725063104874,1.3255006791229689,1.2673475126164384,0.9086801370879052,1.0185773738507125,0.9347177043614637,0.3677438701604855,0.3623350331085818,0.1067809938880639,-0.011466037754869391
7.470000000000001,0.00926813939021544,0.25381950865102887,0.5718527258298821,0.7637925588420942,0.8269377529405832,0.8320066480534124,1.0100458510242447,1.1551617631071396,1.2198522675701036,1.2828571328365015,1.302089852879872,1.4101682090414605,1.4447616530609073,1.4606186627942803,1.4464005861184226,1.4930113015820843,1.5038548169181445,1.3935298962665856,1.499011263484911,1.4467546982049762,1.505822508155851,1.3823080870892468,1.2330410550844795,1.2081486191350639,1.25376457678322,0.8903549521093971,0.9868215607822947,0.8609971405321413,0.3692728053861121,0.3435931859504695,0.1221179601570181,0.006364789080561257
7.48,0.009886114198264271,0.3165462142059164,0.6455119370393826,0.7536937993778001,0.8334354652025274,0.8323336740101998,1.0089410099680707,1.1460085869478214,1.1664492224965062,1.2566829971071474,1.35038086402511,1.410029578157176,1.4722841930553558,1.4914902886077404,1.4856296882274913,1.5648041660340426,1.5811327842757954,1.5201993411094692,1.5583246018332055,1.553819898481653,1.50094888159593,1.3561999705628396,1.1969852906499774,1.319240898795786,1.271660066304607,0.8652076254984143,0.9305278829197127,0.8958901521216623,0.3479482334038602,0.3763222625902672,0.08614488336221121,-0.032370596611259926
7.49,0.07678210419658901,0.3998271834359388,0.5850097089762022,0.7785225387352175,0.8677959037924655,0.8505426102400366,1.0679042521161908,1.1277867064969136,1.24613178921665,1.2617749986919926,1.2547459517138235,1.3774999679028714,1.4263409679163503,1.4242116801695213,1.4631739358758156,1.5529138094751664,1.486432898233967,1.4898081429962033,1.5655309096373484,1.4925621052331484,1.5052735709203569,1.4325723834774313,1.3296715653949993,1.328083505116221,1.2088190083662322,0.8690783738106382,0.8994012763697711,0.8583896288367915,0.2905346036056636,0.42097586322030733,0.1692658607423911,-0.00769867090624936
7.5,0.0015705822242251845,0.4102493227932618,0.5364511729768351,0.761484681992831,0.7942889869050975,0.8269095372727475,1.0364428604406712,1.1535988491800477,1.2119738572258139,1.2909675630663149,1.3718804289995579,1.4255804401941257,1.4220555029278303,1.527146317806772,1.4940788829351395,1.5120337720275852,1.497980354985437,1.4858948135554335,1.5974411765620844,1.524835689730678,1.5372976033621581,1.4194313583832692,1.2014837518625205,1.296551716331807,1.2031567760902029,0.8387734388409905,0.913303929128932,0.7704510517636712,0.354072881923676,0.4276963735669031,0.11103272180947826,-0.05278870407808311
7.51,0.04997281859723106,0.37008463153459564,0.5934883615465609,0.7516262397882211,0.7787650269365062,0.7638289279453617,1.0255205271130585,1.1582862250425126,1.2057628653350783,1.2702174248726612,1.3117805437131824,1.3726802657656352,1.374620210488543,1.4923301783554472,1.499204054465017,1.5410143865756873,1.5223699501351715,1.504618100418833,1.5364049217243407,1.5804584631254959,1.544983841385335,1.420521937679606,1.1788488987616228,1.3330616173817305,1.258003356603727,0.8157336891434439,0.8755638776986598,0.7995622300565948,0.3878601484889983,0.4879144710311908,0.12229558905804915,-0.01046208341408994
7.52,-0.024506940816889942,0.41826558381718565,0.49280503530371733,0.7924554173897393,0.7391087715367964,0.7985368266827532,1.0062133038857863,1.1666959548185956,1.223147030559348,1.2294549688785095,1.311540233179691,1.4222926704533532,1.4794555942941807,1.4757614274710473,1.4605127617077829,1.5049803315413204,1.4986878969132045,1.4863319752562483,1.4552558920916598,1.555718298712183,1.5409089126811144,1.4730843457788858,1.2170025106541922,1.346516657320885,1.2348498941901476,0.7793735374144656,0.7472587221461616,0.7246103278775115,0.37785246519891724,0.472499206829992,0.11486646651985764,-0.01607925648172074
7.530000000000001,-0.022102659581768453,0.41708372955689604,0.51149431374441,0.7480658905255928,0.7789250846782032,0.7207158407475075,0.9815865764360738,1.090827851211893,1.22394388342526,1.2715790906516498,1.3559745208580436,1.356358156651492,1.4415097504729988,1.4930836530279323,1.4671871004874588,1.5098281513887826,1.548455630652772,1.4648909634774778,1.5518849913863568,1.5202936394149023,1.503212495031746,1.4509084737083184,1.1748572872772398,1.3171469952347217,1.1301686483319415,0.7813921729745633,0.7569240939964975,0.6426371583902527,0.35645805604421116,0.5274046306138461,0.1466980747914726,-0.020444810211322387
7.540000000000001,-0.045012023951105484,0.43378614649321157,0.554144992170354,0.7198535173762355,0.7603355016703731,0.8085655726749635,1.0421451725905162,1.127474636570869,1.179686253995128,1.2288676479440315,1.3262473567060047,1.3522157408064395,1.4448348202752659,1.4684099308974419,1.5146568536926184,1.5401834560237875,1.5589691722910515,1.555633870814761,1.5167606175140362,1.505761319714208,1.484096494798414,1.4322792552489416,1.1780187556355188,1.3578822047501042,1.1811191694630758,0.7724682496379845,0.7112905123503744,0.6726980537435501,0.3680378466364214,0.6184004862513391,0.1863493041054854,-0.06557646671550876
7.550000000000001,-0.015416448050942604,0.44943082730809497,0.5289044398182425,0.7613934535384613,0.722335258337358,0.799987025980843,1.0500401668491384,1.1630437363475132,1.1714885896393035,1.1914806643702454,1.328908081138468,1.3639423556679768,1.4577556765357977,1.4466337951516075,1.5143778799460068,1.5441158665899444,1.5332111350602937,1.5370395956728435,1.526221628312872,1.4591488987481005,1.443414426947213,1.4472114153914701,1.1415432806086074,1.2996496980739904,1.1397824082716483,0.7244503137220626,0.7590483189218862,0.6682780210583369,0.36847489023613145,0.5675835679047124,0.12268933739643918,-0.05043712379976791
7.5600000000000005,0.05375471033813642,0.5065485404047682,0.4217098484252173,0.6377127980465694,0.7251795256712432,0.8023442374292673,1.1194164035557697,1.168221347316941,1.1844308299388981,1.2603818303155596,1.3225659469675894,1.3827489519480742,1.4418379930649956,1.491467535061323,1.5567507951744504,1.5754865844731856,1.5662030257406714,1.5636288031164753,1.5653334267370056,1.502291338732063,1.4760509614410149,1.393141835376571,1.1784227019749358,1.32593440408754,1.1259447217953835,0.688694344049571,0.5962002356126276,0.5585018620391041,0.4163043819221803,0.6145439073633068,0.10757257973016336,-0.06744114734088026
7.57,-0.006897282325697963,0.4389401965973716,0.49007294742889757,0.6612040580451279,0.747020252358914,0.826678362350706,1.057450046796605,1.1296366576086525,1.2388816356970311,1.2550994610092518,1.3527316225092987,1.3729864169882835,1.3952017093505624,1.4508885288553544,1.5246436668105627,1.564204978089751,1.592696336084608,1.5178476538268402,1.4592601918800632,1.4506027738755447,1.4096534079584682,1.4899675851254714,1.0920902268099333,1.3395690819239083,1.082176174264841,0.6852531650571613,0.6080720733162032,0.5854481188624232,0.4131549565003226,0.5849813242197415,0.05886080463796035,-0.10734209530954557
7.58,0.0062327395189110575,0.4912506007061331,0.47463511753701,0.5967518947279756,0.6892686474229385,0.8765884936890799,1.0888107864561287,1.1310361834161238,1.1918936723150244,1.2901832179876371,1.3196217358862394,1.3958336905676298,1.3541505331443997,1.4937273970142861,1.4972003985379156,1.546952235550687,1.5742747171946385,1.54449250527966,1.5229360733349764,1.4056680181577779,1.4355910405696655,1.3827334247787424,1.1045618348415815,1.279939719590566,0.9798424124082542,0.7819600723825775,0.6518420433678386,0.5009890770795422,0.44395968745848835,0.5820540681314348,0.08551924765100871,-0.11608738503746718
7.59,0.03332113199563595,0.440436815276833,0.4967639263287146,0.6655067182766785,0.7139852433312978,0.8357660228398369,1.0798281909809104,1.1551322280799017,1.2356893609412203,1.280036429018851,1.3477494295857706,1.3537315333983744,1.4395142449636937,1.4909192780878886,1.4931747694734598,1.5662874924380716,1.5945078315682983,1.5507214631630148,1.4740157239399865,1.3884493209195543,1.368104521883433,1.384522542817862,1.09493684102849,1.2226597654851519,0.9831635117949267,0.7342278448028338,0.621259658127888,0.4795167064441295,0.395300691145846,0.5360908314959045,0.07695200640191978,-0.17681194711278506
7.6,0.06878976409612184,0.4232334975221524,0.4040823974271531,0.583446679406448,0.7539987640133049,0.8163104011433739,1.1104927241112215,1.1541012314763177,1.2724729816825862,1.2821100859361847,1.367854348361001,1.3653522097199726,1.4568051063720437,1.5323222615556724,1.511738381792558,1.562947171587819,1.5725476212186873,1.543052248572363,1.4575999158062742,1.3701801817905996,1.3366621153782867,1.3634163396484598,1.0340655943014423,1.1953218212276207,0.9214427580419322,0.7207757785589542,0.49850365395501567,0.4129660379493703,0.48629034479200517,0.598269247488661,0.11679108928844673,-0.09753764431357331
7.610000000000001,0.08807710296249083,0.383362929149215,0.47299555416385436,0.6177760570365751,0.7564766401899381,0.8181674536824358,1.0999915890699514,1.163808652986077,1.2019570202806977,1.197523310005531,1.333808748094525,1.3601229800268115,1.428250136234715,1.4765391672608374,1.536768865047292,1.4833425462527985,1.5731576899162278,1.5718908549288817,1.483838515768071,1.4052681522540837,1.3530245633566709,1.3899378060361145,1.0983005385862945,1.1984008048792463,0.8856669321625235,0.7259491952488681,0.5272903235859795,0.412841646050383,0.49096136355078324,0.6200302073848771,0.11724297168402685,-0.14402423015051286
7.620000000000001,0.023092998808251317,0.4144991422981121,0.38986859250041145,0.5392778138387458,0.7187315930075855,0.9008785253635161,1.0796671145285022,1.1498283022990288,1.1966893830802297,1.2477484582380332,1.3054497130892868,1.382481440092852,1.4013931679760347,1.5597538486576625,1.5888745241446791,1.5610515885591172,1.573948421799366,1.5824109311484653,1.3591115423404592,1.3423738455769127,1.2854789865303349,1.3605397307873877,1.1410771286370025,1.1464451223273833,0.8831198634026932,0.7620545217664252,0.5144027087300613,0.43230778572953477,0.46165830763629834,0.49083093761624147,0.15516237167856822,-0.16096713095842632
7.630000000000001,0.09727701645809368,0.39007602091621696,0.4734735432511773,0.5750155830753227,0.7303547673388837,0.8838980696662875,1.106069287192439,1.145036596160532,1.1484075561738665,1.2264714907281373,1.3373353782181832,1.376221126463356,1.400578365108738,1.5025311527399987,1.5133447437835763,1.5149505698556271,1.557669811303311,1.556115741768918,1.3957107636411088,1.3271617097566881,1.2706191480413733,1.295031252604615,1.1234246380704196,1.2593666592172688,0.9239086453844176,0.7957242422171383,0.5271094366502955,0.4459736499380419,0.49642749748103365,0.5315370666410919,0.12455162424683358,-0.11556938576847497
7.640000000000001,0.09466098902040812,0.41870980158944804,0.49715780018541644,0.4932540106832903,0.7590096481820297,0.9135943994934294,1.1253431916749614,1.171921157853961,1.210231029387326,1.285857981999159,1.3569563981931816,1.337483021301244,1.387840017287201,1.4611112102850896,1.4560470831152725,1.5139833196022248,1.566879086078354,1.5728799458728793,1.3691460556126602,1.2999569124523664,1.3016902229300962,1.3094074806045557,1.1334225703520335,1.195599414393533,0.783340403257908,0.7958806192420022,0.5947316424519508,0.4348382319425501,0.4871897067309543,0.5908395584643619,0.06397927138561166,-0.15802558184870594
7.65,0.21745962726050588,0.3867674095830877,0.4475162593990664,0.4984346832112657,0.8054589860461975,0.9411258691160775,1.0922356753482458,1.1024026308184172,1.2213937356804005,1.2842733690895514,1.3414757854041466,1.3323613250877868,1.4243408676787508,1.4758190951103056,1.4984636472827515,1.5539871901662068,1.5434773544363207,1.53635753010209,1.3649259041030588,1.382785513968531,1.273424882845564,1.220175064589273,1.1355997761660805,1.1782546251481831,0.850645122476896,0.85022759672214,0.5512768538741087,0.42221986730599037,0.5669323579231731,0.5424585094551099,0.13282960519242573,-0.16950324801078634
7.66,0.2204165860202486,0.4095092858501135,0.41438342090663943,0.4919349516654215,0.7126280912311642,0.9333591987700809,1.0963121358960604,1.130544534004642,1.211930751758401,1.2295953776344266,1.3000942221581788,1.3697209790037819,1.4145411359823592,1.4865116927905837,1.5017355778520702,1.525678405337115,1.5489210803678608,1.5535044063587644,1.384009843892074,1.3050143928992983,1.258755145666645,1.2314664797376922,1.1376731617036528,1.1404487097329463,0.8211971226743072,0.9615086248489237,0.6177622197079464,0.5079599206783139,0.5350329880228083,0.5575211780829049,0.1368314343629543,-0.1258086835418807
7.67,0.18551228901481592,0.25515380493525125,0.4897334130810782,0.4583578571793912,0.6988797910038732,0.8851185345675159,1.1189604035844731,1.1130860087803671,1.1410298925877478,1.2683805287288736,1.3362297958068134,1.4045991327279375,1.3899431285930144,1.4083117260936988,1.5282336616736607,1.51794309709214,1.5474801614229434,1.534549965900042,1.387409363167974,1.2652624342911443,1.226684647957796,1.1996179945897278,1.1318440121095088,1.1470779779182834,0.8314336777232676,0.9964236359681812,0.6617997639234615,0.5224608866029952,0.5967247317573465,0.5581041041743373,0.09366119689116194,-0.16439691103614065
7.68,0.23996939579388676,0.26225085315625246,0.46500279804886857,0.4741790703430936,0.7475530552352841,0.9521313302905725,1.0602707550476456,1.0611194817884315,1.154864322028988,1.2411109737268005,1.3903844655531559,1.3254662159815953,1.3986734903653013,1.4290700070428335,1.4533108854535628,1.5099854033621112,1.5390199591374347,1.5184432027940356,1.3640199233501389,1.2979980760642411,1.2561863673126026,1.2322495028742344,1.1650607108964053,1.1493128920591256,0.8404575515058135,0.9850513609421858,0.695446274875029,0.49800653381405136,0.560991866254174,0.578246248697052,0.1742140339301705,-0.11387393751386649
7.6899999999999995,0.2665128762085447,0.3091635313838128,0.4379093741084529,0.4563635064324806,0.6961312073302899,0.8819593363872291,1.0738795920818176,1.128917174182375,1.174535939829049,1.2606869130030407,1.3808381317041643,1.4124484731471325,1.363359746834002,1.4936021774516288,1.4977861907735284,1.6144522234948337,1.5456823709318712,1.5477130670094776,1.3417841387475227,1.306317747831567,1.205653819598338,1.238523140664427,1.197304125390124,1.1076838064665246,0.812594841626184,1.0990853463909656,0.8114591443255577,0.5495133963026099,0.5852618456146914,0.5673010942470019,0.10627896832166839,-0.10715862269862804
7.700000000000001,0.2120988753703639,0.23988462364127922,0.37134251358399,0.422711693104642,0.69871441366456,0.9165921453695983,1.0462456560013385,1.132207548873462,1.2489458554739803,1.2548450220718124,1.3659266368961984,1.3610150346206746,1.4497918455722179,1.4102631485273225,1.507753383321572,1.5427423138515521,1.5610007054311472,1.542484949543206,1.4337742991129134,1.3884517949408908,1.224825298650514,1.2894768191113137,1.2342457324725187,1.1406716046202443,0.8249048384729964,1.1072853655463089,0.7771877104278374,0.6369994137274443,0.6124421686893334,0.46204998293232835,0.12470123558872717,-0.13263510180791505
7.710000000000001,0.2851989362012169,0.158735047189511,0.3982316419404232,0.37948250281677265,0.6358350786561154,0.9180958770665658,1.0022777791255537,1.0697798581373654,1.108542453700306,1.1878100162768017,1.235766811717843,1.3473016176240753,1.4521210061540204,1.4874367323766804,1.5183943691973347,1.4692237716822696,1.5829353438552534,1.5459834636617849,1.4604638588327425,1.3690794385246998,1.2871332460339742,1.2461160847960033,1.3260163478706717,1.1753556399792007,0.8978797546140562,1.1370031657520896,0.854226627241727,0.6664555722811476,0.6141400574089887,0.5177322237748756,0.10630818230326261,-0.0751375727666973
7.720000000000001,0.3053107635042584,0.1934996296527452,0.346271259581167,0.43251936024094034,0.6878072681118019,0.9713070475598503,1.061531628879562,1.1429871641686415,1.1927278310025735,1.2220962791101977,1.3406674800640073,1.367525646396058,1.3850251141941288,1.4514462558674623,1.5499027838013189,1.550293773139266,1.5165834138509813,1.557200048059516,1.4153215253298783,1.361397181022446,1.236004744079909,1.19420158715149,1.2400070098876124,1.1052554128116552,0.9245353518792605,1.1914286447786007,0.8769369731084792,0.6899408162031863,0.6730819379313068,0.46326621979028065,0.15128668208202448,-0.07100934096519022
7.73,0.2937761649913858,0.16024699025310843,0.34330555701024934,0.35606738723077413,0.6410505914283989,0.9522229397658037,1.0533691801748986,1.0812687503768807,1.1898667807947965,1.2642259110871308,1.3729547329596492,1.3546325230073302,1.443954707372623,1.462268563573397,1.522168124245813,1.5059704155922358,1.5401272467259395,1.461978965922663,1.3988387994025775,1.339596137017309,1.2629444193465458,1.2359861359083493,1.3539229388174443,1.0529648555847704,0.9294285603710483,1.2273786604155847,0.9663980829344169,0.7445114530542014,0.6419446503635472,0.4315203174543046,0.15226204058907328,-0.10369599118764677
7.74,0.2935029989460924,0.14945632269388112,0.3228977925431532,0.39750331891621987,0.6544785655535665,0.9611990512894205,1.1041097893523268,1.0748156220250564,1.1738238767286022,1.2573616179752687,1.3216526917566904,1.380470730248567,1.3770572162250223,1.4166678935663075,1.4853540664962974,1.5129779444195524,1.526090014550027,1.5483062341547302,1.455734180355503,1.389311320902003,1.2944661763690963,1.2588216528631366,1.351434615863042,1.0243516272595548,0.9954452553682803,1.2682517115744536,0.9771447140649433,0.7518006657975749,0.6642750382617626,0.5130450025827981,0.19960548592058072,-0.13708131523167646
7.75,0.27222548712089994,0.12600347027074288,0.34119580754604883,0.46100446662962424,0.6517494843266323,0.9959559137768855,1.0408693634951838,1.1109737832484443,1.1721792895341525,1.2988783496660083,1.3234976754139243,1.4127960862256572,1.4709400974607445,1.4600650876151124,1.528078374852241,1.5377858601483456,1.513698609964213,1.4887019688014713,1.3745055029043964,1.3974033904519236,1.2840561095316585,1.2502974575484436,1.3859744028516925,1.0778098607138722,1.0220446463432569,1.2282741503847587,1.0160164885654852,0.8125376210988455,0.5876770453401864,0.3806517959198933,0.11788111574150929,-0.08753964155990594
7.76,0.26088631353788017,0.08096321604598596,0.3231613282166407,0.5090632628297806,0.6115275551013147,0.9720964541104038,1.0397655881256986,1.0768299001175046,1.1638700896152563,1.221217868182871,1.275115590593724,1.3164718637969515,1.4353958680640997,1.4603049314947352,1.4529316912336112,1.4829949995170675,1.4999161331281834,1.49784047802435,1.3837541153335249,1.3892640295030831,1.3203114585649491,1.2537212247864726,1.3803834742916228,1.0999921562757398,1.0522402325784475,1.3139208126482123,1.0201498173876165,0.9003892724287949,0.6504385786101562,0.33971623493295017,0.15599833039565053,-0.02616971228663243
7.77,0.25979057888487134,0.12702386495767742,0.3093810945997168,0.4406343978526885,0.6702243152161784,0.9536363495685456,0.9908192062401651,1.0987399073355912,1.170613419621063,1.2142250560145456,1.2876038176746185,1.3390091887406594,1.4231863058366385,1.445569375271582,1.4844901936706059,1.502098185043644,1.5446177346246694,1.5060996698394833,1.4379473787300638,1.4022860316479915,1.3530098758206779,1.2544540683475331,1.4305515343908588,1.034296348445293,1.1471509306849945,1.2599123269242045,1.0442733991792854,0.939516987968764,0.6392609572763728,0.3059127506778389,0.11850398062768491,-0.1497354813377837
7.780000000000001,0.3729701845000474,0.09766823982932654,0.28626491823423045,0.49718762701536556,0.5744775132298605,0.9626149911623516,0.981796920584247,1.0447034610360764,1.141783734667081,1.2152663068387923,1.3015625722894255,1.3894009806515266,1.4099555561728339,1.478779837110416,1.5202895207840914,1.5539409368535761,1.5697043656968825,1.541984097723956,1.4538661029893345,1.4076308587031705,1.3245423331995334,1.2607312841453482,1.4261205047236294,1.015485962827332,1.1319089630931132,1.1914275668160088,1.0825803778487375,0.8758306533845394,0.5957864984597129,0.31554368264309457,0.19262619206887666,-0.015228536075770818
7.790000000000001,0.30390227438133754,0.09070066665031423,0.22849765304767106,0.4550055856638631,0.6339119838225293,0.9508161074649825,1.0040202239869462,1.0527276089189608,1.12393167877559,1.2495398655557743,1.3071630589968544,1.3209118788539134,1.4520216453254056,1.5080463954753087,1.4567025796846993,1.4772943178901075,1.5805549950876006,1.5337044224732583,1.4864286029809828,1.4635589082982854,1.3372972716625464,1.2560054937786325,1.440911267782979,1.0196333626321397,1.1318561030188257,1.200561181839657,1.0955819200779364,0.8825212977018396,0.6524878352675881,0.2585237174886031,0.17817139683345948,0.011046325576809044
7.800000000000001,0.2772928517517355,0.10224377018731431,0.2489028030089233,0.4870038039059952,0.6135836550886421,0.948037824272569,1.0561292968381804,1.074205651891342,1.1136367629814141,1.2636900052857232,1.3057674129766883,1.3439907668176219,1.3793022891873463,1.4320255361642755,1.5238376730799703,1.5453195002682685,1.5544477604557938,1.5625984220817717,1.489161318224973,1.4436219500280654,1.3717160208510852,1.2505363486653396,1.3976466322134038,0.9731142147883713,1.2106713319301767,1.142068292849295,1.0413767448383608,0.923847209308396,0.6127325422155668,0.22682061091140024,0.23590057257022914,-0.06313612917024908
7.8100000000000005,0.2455337530817901,0.12166975725843675,0.31739289828489753,0.540669576022084,0.6046618926923485,0.9258261723424676,1.0133656723806508,1.0161670477450822,1.1552469175725704,1.2344642346570165,1.3106058764256758,1.35628774197343,1.4396563496352979,1.5176196392050278,1.539585060350054,1.534473352764085,1.550676767994624,1.5107238749199319,1.4961394792088332,1.4161215653697041,1.372229951437681,1.2824513470129593,1.431655174396051,1.0370915155271765,1.2234581539286637,1.1491576882799093,1.0924834203005587,0.9282285021122093,0.6190777366519911,0.21070667855287045,0.22256645907111067,-0.014580936389971984
7.82,0.27432180824330743,0.10271763587398444,0.31149755137868274,0.5763465914552032,0.5755675222247102,0.915282063501092,0.9726337525924011,1.0321868318314,1.1539762051334164,1.2982951153855187,1.3012804821753046,1.3942893014128372,1.4035453134952454,1.449855972945978,1.5206243611448522,1.5262325936681684,1.4825238640315792,1.5251815287430475,1.5179985490706358,1.378637134575491,1.4145783252307673,1.2864458510182921,1.4180809210774152,1.0142538039945206,1.2576310026085848,1.1347802457558083,0.9779624465404038,0.8859559075727833,0.637112652075114,0.18860597659658496,0.23937630106561797,-0.006937994529677537
7.83,0.240702634067117,0.11991134937007238,0.20711493124927316,0.5806674261363217,0.6383315121619543,0.8821442534712608,1.0294898070727607,1.0251049286541423,1.116246329368044,1.2502071034808475,1.3028228302395213,1.3230418520504914,1.385060226111347,1.439653008664023,1.5090623966607364,1.5372631549250884,1.517340914919648,1.4885977736598843,1.4776756424460575,1.3973633994845682,1.4117143905886669,1.265544705407779,1.422440356497841,1.018307333902753,1.1845764924599074,1.0932821629034957,1.020676150835693,0.9174401589946347,0.6361483875728817,0.19980652878694005,0.28949246573686227,0.0028897649703066228
7.84,0.1868686382613356,0.20155185472536116,0.3214380666166983,0.5757180556872139,0.6064944356175259,0.9087365590884154,1.0035203701974984,1.0035036857076405,1.1345912582439863,1.2445561471947195,1.291053417136512,1.3780400566313453,1.396678163757117,1.4460592019451295,1.490518943239208,1.5373418508902434,1.5189398077629597,1.5083989550051111,1.4917552282352626,1.4543119280515098,1.3804120904084853,1.232778915261422,1.3687771705511766,0.9745190500665107,1.2548422811154716,1.005193916926144,0.9398870302436646,0.8984468018848929,0.6467796208352616,0.16290499858120025,0.3068932082119396,0.08684173426653964
7.85,0.24036456205167916,0.1871585495182014,0.2558052156101094,0.6776668892028417,0.6299549577166453,0.9076379651956069,0.995989272741519,1.062012866224752,1.124369601797978,1.231503381624935,1.2604072292853847,1.3521899102271249,1.4680877442269091,1.4668269557008742,1.5127161744772335,1.499701953732182,1.528417718519294,1.5614124820769741,1.4969276748256564,1.405612263538726,1.3604539914890397,1.2683067751531028,1.3470609368566828,0.985618694329229,1.2491400147571343,1.007244618036664,0.9671600315125654,0.81718446835272,0.6240794436318561,0.13965025125557726,0.27412027413220097,0.09254570604957409
7.860000000000001,0.2118823618530413,0.16899013065297827,0.24096129037031727,0.6553588401187618,0.5739828672517456,0.8020534582854191,0.9410174746524578,1.0217757612437828,1.0735171601510065,1.2518615778781181,1.3300970640170349,1.3589436087126017,1.4345511089061074,1.4747182600441138,1.5351923087405905,1.4911031170016495,1.5556331502943352,1.5854565278208337,1.4977639138420473,1.483175168605621,1.4238119710160606,1.2248280788642838,1.3090567555127826,0.9862293544398263,1.2308089271245728,0.8652343301973391,1.005792021507378,0.8135253607288798,0.6364531883110722,0.12470274393496486,0.26769320363736904,0.10285644324735733
7.870000000000001,0.19675582715516018,0.21972068208969808,0.30483445658121816,0.6941072786046368,0.5941698209999123,0.9082798029064676,1.0122277526602887,1.0042108311883413,1.1213025481449432,1.1844853519788736,1.226188993567772,1.302063425354547,1.3893829464777,1.4790342182194258,1.4935791769312048,1.4811316253820077,1.4875927761063368,1.4756566449366377,1.4887290433117433,1.4157785560581642,1.4206764968221626,1.2370167857047036,1.243311390254411,1.0418837727773749,1.2118559341401676,0.8808124890175238,0.9970792398656809,0.844584673612793,0.7505168057852413,0.13796404123220413,0.3666970910823783,0.08917400566337985
7.880000000000001,0.16099567548126165,0.29600030583840536,0.26002669356196423,0.6404938717168703,0.5458257443321339,0.8483398875120263,0.9776975064495329,1.0428666091857792,1.1361611920812928,1.2220477298509205,1.3336951847977152,1.3212125084367083,1.310190160638575,1.4618281326551106,1.49040336701876,1.4860147790142997,1.429601617966778,1.5040569335629912,1.4865872114909666,1.4409113504077913,1.471878474202836,1.323489098230947,1.273222591717425,1.0856584511781269,1.2276499126506777,0.9280141418672998,0.8571742185894276,0.7907617862927356,0.7529113025119564,0.21771079095925427,0.42643615667940743,0.06477956735501961
7.890000000000001,0.10468813601506648,0.21646800300825933,0.26951745439392805,0.7490638511779841,0.5849873106931816,0.820427391101863,1.0193616882729666,1.0426173672022179,1.1007752450433452,1.1743079649130792,1.2662266714494799,1.293633402937577,1.40068068180089,1.428555590093852,1.4796154228615979,1.392124125608165,1.5194526984229593,1.5481800018316183,1.4693503333430247,1.4373157386943922,1.41870846442325,1.2761049807308305,1.3040629963865984,1.1056540586411931,1.2032108006997375,0.8445325084919735,0.8870179604385828,0.799814578735612,0.7654246403503562,0.22005283201393774,0.43318469366558815,0.12804829514925384
7.9,0.08802741897840383,0.2723032930366616,0.26505123975707484,0.7048157916457,0.5830214310253917,0.8375018522053055,1.0451386905810438,1.0624207168085977,1.1105368525481991,1.2414940915706434,1.2968973973183862,1.392695328289683,1.3877214918967904,1.4115336780160002,1.4758941158786856,1.4814881855685196,1.5565032753182897,1.5426559962608157,1.4992616335293538,1.485989511838956,1.4833962257535036,1.3309913888055391,1.2446853394017754,1.1507489335919692,1.187208457746336,0.806039534941272,0.905489279359204,0.9155583776204124,0.7661373714990823,0.28999391351410964,0.41145929208647725,0.15900132148294951
7.91,0.008149483122372202,0.305169141986085,0.2191522203094713,0.7050546912377691,0.5941127071842581,0.7819220284214031,0.9885048950398356,0.9778860752482678,1.1629256842632731,1.2260455749758292,1.298631004494089,1.3052038880580872,1.3963064527169273,1.40509741707151,1.5088748295878402,1.4995201664147075,1.479048729691204,1.4969053346796877,1.5046414199181208,1.5022351632062585,1.4606990431795268,1.2998279864509668,1.17925216881703,1.1831284546101282,1.1843306052750944,0.878013611432066,0.9143472532948855,0.7803546324275733,0.7824761827148082,0.2795341709185468,0.46146293089232854,0.07413978904212881
7.92,0.08765525995317294,0.294154028228141,0.2242150196016631,0.720606561738139,0.5369947018263876,0.7856285836033264,0.9655433755234142,0.9831307496490965,1.1101394112265515,1.1728575156215797,1.34623509091407,1.329386431008401,1.3522003604767476,1.42462785974232,1.4555611272480147,1.4995871513543453,1.5657248462591713,1.5206057033584937,1.5052598115477636,1.4697322802598307,1.4328362809519342,1.3096772361366495,1.150083023939323,1.1833820183540447,1.2361108113245318,0.8122705493811195,0.9032726432916643,0.8169138117418555,0.7563884178816004,0.352186683635928,0.457949983808531,0.09687991988514892
7.93,0.0407781680183942,0.2239883425754301,0.23194186501878397,0.7126919704489929,0.5499201126451062,0.7536590319733968,1.0176482233135935,0.9782920103705437,1.0905941656145384,1.2461497201806504,1.32406223007703,1.3766268102264694,1.4264471936458483,1.4690631275312944,1.4540304770472943,1.479923306139877,1.468056860803707,1.5051386311227721,1.505223103716268,1.5026987183369005,1.4903641783079262,1.4026766997663829,1.1531324408052643,1.2302049316588644,1.1385890955344464,0.7762339450112082,0.8818198106544348,0.7937393750729308,0.8254609696366888,0.46085127543775845,0.4288979815481729,0.18012240855574918
7.9399999999999995,0.002114896515267698,0.33054708565649255,0.20970189274606113,0.6590220084870784,0.587206787896413,0.8064622182047402,0.9967611141056248,0.9451370713848131,1.093972928822975,1.2246168290266382,1.3609699339097998,1.3252004139826588,1.366385169784385,1.4173424216359038,1.5389309941072813,1.532232023308169,1.4801104250691182,1.534387354271759,1.5314347733513551,1.4683525904081727,1.4716433652796825,1.3206123222569919,1.1480931237543266,1.1824410999235024,1.095365950379276,0.7969460443285341,0.8450403212258248,0.7832446350589478,0.8555890157167381,0.4577651646766101,0.4527851107963883,0.17407942523077188
7.950000000000001,-0.10225082796405832,0.3400954795094656,0.2468856998579741,0.7250522594441704,0.538660622781551,0.6951211151981984,0.9486232284247796,0.9555767238196351,1.0937732479048379,1.2170521084099573,1.2648748034838788,1.3482625098714145,1.387419788988527,1.5040006951405354,1.4788763492827441,1.4680467005347124,1.4906701110351126,1.5355767563018607,1.5014500154807917,1.49517344689598,1.4518994006273673,1.3588112360773454,1.1339773601917926,1.2961833786640222,1.1098265026539178,0.7831139618769911,0.7939641212013856,0.7279254059392188,0.9341155526269354,0.4794456466550605,0.3925250610999671,0.09934352648029363
7.960000000000001,-0.15429716068524185,0.3070163591518065,0.23069319642104355,0.6866634980689112,0.5896251775258422,0.7201808139529993,0.951212136958566,0.9541149875661171,1.1493561606665497,1.2010319112018002,1.281764204396132,1.3541314767101211,1.4133397341342229,1.4016267166479273,1.4551555064933157,1.5275719755456185,1.5444204266885793,1.5298668832252673,1.567165846441134,1.518651309533227,1.4376976943001079,1.3896890463052232,1.1817848783774547,1.370101739430777,1.242895501089899,0.8240548629651963,0.8002842749962616,0.8263913086741483,0.812729356728536,0.5133707042107896,0.400425486380162,0.07296345732031509
7.970000000000001,-0.12151749615569948,0.27438071144188125,0.24139538453269577,0.664821426204046,0.5588310096437268,0.6856615621227188,0.9231805127897869,0.9953168730743399,1.1251869491414792,1.2064780535416935,1.2378372018281771,1.3091559257455185,1.4036160386400378,1.4120030019342484,1.4359927418672982,1.481671952513597,1.44844446160346,1.5175595838127123,1.4671280728512204,1.4829414339836668,1.536592844977192,1.459147371746092,1.1638395476882886,1.2589901622891047,1.0990750383224752,0.8422064596230181,0.8317461770186132,0.7343184377347352,0.8100065482788545,0.5871073013445276,0.38772407292707295,0.0016075864238993057
7.98,-0.1396994587228167,0.3382652497805202,0.30366167056929516,0.6487944732574303,0.6111911372725687,0.6673746278022642,0.9210915628835337,0.9781895499230023,1.0440926099752303,1.2538928021022924,1.2865238837159063,1.3905603507328794,1.390274465568479,1.4397536502966068,1.4334641942327961,1.5443044416116816,1.530032637039654,1.4964082231840101,1.5665513890753298,1.5457636014742986,1.5011986705841773,1.4282752925569528,1.1106196474659393,1.3827213448162463,1.1168476545985286,0.8049687939915732,0.7785962763834305,0.7067575694029183,0.8635305591501669,0.5232699232676431,0.41028530586455036,0.08085002751957401
7.99,-0.19153065609105133,0.3583990848380028,0.2993363885024697,0.6649403215654708,0.5871378608585905,0.6791448811682181,0.9431450186947118,1.0136842157615351,1.113792804600983,1.2404660746698426,1.2544250323423536,1.3110589125488072,1.406777595183826,1.517142444812637,1.5210756940136378,1.5170962054197359,1.5408496756980359,1.4911167254885653,1.5299270135795482,1.4541287255396107,1.4668622437317964,1.466182307676104,1.114538990121552,1.3463007374992173,1.1233814372339206,0.8470954441936089,0.7825286160986835,0.6864299022604046,0.7828940611483398,0.626383523254606,0.3873754509137044,0.02997452204152625
8.0,-0.1001286247317529,0.34112489288826864,0.3618662996906233,0.6437683633139181,0.6504560756398496,0.672974477707892,0.975179743788371,0.993943734389093,1.1257631688104537,1.2605583512178593,1.3053568574125614,1.3747695945438707,1.329655568801193,1.4318223008299484,1.532903596762633,1.484506184283716,1.4929284126009656,1.4911124004750214,1.5099244076042395,1.562736020775075,1.5246274483477937,1.4640591006379973,1.0856195837905616,1.39502628286239,1.1249981878730126,0.8676806520286923,0.7372933105608425,0.6140802792985272,0.712779042436583,0.6495963079846911,0.36618942838407553,0.00895507960474873
8.010000000000002,-0.15321794696672064,0.302474525120893,0.3127009766614043,0.6166884883678393,0.639390584372353,0.6987152649181084,0.9708659736792927,1.0233451235928588,1.1482118745504972,1.2165503813573704,1.2480108925614755,1.3219702512489566,1.4051073968110883,1.4857399866108347,1.4306771180988416,1.4973643009893594,1.5410542507972425,1.5184240384562693,1.5192218540579492,1.4935415478433787,1.4802985918028346,1.4279096916179375,1.1566181532510464,1.3840874755828314,1.0424403856190565,0.8645163999656839,0.7399056721956543,0.6611722976646088,0.7803551918381892,0.6882115520167007,0.3859493804129891,0.06911558363333109
8.02,-0.14385666329508395,0.2993731126899368,0.3224692060841782,0.5588904366600688,0.6086781713306986,0.7210357197623719,0.9383226619612655,1.0074641143993088,1.1565624232159784,1.2319143203200567,1.326625871734994,1.4246602784440383,1.3891718836009648,1.4710910688808887,1.5043405255299844,1.468436295990235,1.5046816215941763,1.4432081108543588,1.5133387911197496,1.4916703756669603,1.447120958379422,1.4250334169683043,1.0809019622109686,1.3571842599076314,1.0832443180684366,0.822345699489578,0.7432501974271309,0.6433924557815556,0.647882579523009,0.6680088959773616,0.2946730316339771,-0.0029636795338487103
8.030000000000001,-0.1017410016140361,0.3679856141967595,0.4007321755180012,0.5832863675097182,0.7141556305026231,0.7333001273090396,0.9869860406526553,1.0676758858272806,1.1450894559753302,1.2293469710990363,1.3250400156700668,1.4315590842642352,1.4252505641678495,1.4341843461261512,1.4437863494190686,1.5023484853527431,1.500677834397396,1.5088089490001806,1.5290285639223486,1.4640948158887332,1.4970631262415737,1.4348215485809728,1.112768890742248,1.3617253764220745,1.0740941214777506,0.854001553360606,0.6833197292381262,0.5822611378508854,0.7042599336422295,0.6408054498633711,0.3264913681336327,0.07274353259550234
8.04,-0.10216775413586188,0.3312212809001225,0.4118531889182738,0.5759088029919195,0.7258997842117194,0.7189548015947325,0.939283403669528,0.9829738554062969,1.1595936652874446,1.1956001786967299,1.3221328500263088,1.328150577720123,1.4515253605260403,1.3955908381704318,1.4253645545265727,1.466921924903831,1.548568779068902,1.5118175615485203,1.4922421873648724,1.4454454171216098,1.4026983196889904,1.4665613994096016,1.1397379244674457,1.3960079079595513,1.0313547050722616,0.8512923639076372,0.7495450115495291,0.5870837311128567,0.6484907694446141,0.6909578649784114,0.35569625909151437,0.09752816475243521
8.05,-0.08146679269059624,0.34455475679310277,0.4756379619729116,0.6445369701396425,0.6433082436581512,0.7730959374047006,0.9325949171767172,1.0665517286758885,1.1932724477799028,1.1888019787390882,1.3044433622997347,1.3642911928577417,1.4271259475270168,1.4482693877298995,1.4626342363743954,1.47375052223282,1.5248561332087784,1.5268821199573297,1.4613968860109081,1.4305252613248942,1.4069819336757357,1.4344065487809072,1.0783593134958958,1.3320098202287527,1.0257887589655545,0.9102009861027895,0.7497531896709391,0.606199777957434,0.6016691635318154,0.6694326571243696,0.3189357427328026,0.09029491329937943
8.059999999999999,-0.019567890310836226,0.3485776659542712,0.475506646960006,0.5989768451579652,0.6849005136911481,0.7489220518708029,0.9711431915164316,1.1047792446746465,1.1778703757759414,1.3145640215630447,1.3308649533790504,1.4113674686949773,1.428840673044556,1.4531841371965466,1.4361116169771848,1.4610652354854008,1.4602305067773984,1.4561585561196961,1.4560920771060193,1.4036037995944874,1.3617305084218791,1.382106808864445,1.1543919021065665,1.3272105815573338,0.9690691129099762,0.8337805176834836,0.6406176758989381,0.5695394713216508,0.546231740025892,0.6737167239251047,0.3638799339995835,0.07635756856640082
8.07,-0.00015423035002008756,0.4113981032967719,0.425100956568256,0.5991478703616833,0.7106327492705031,0.786116572722584,0.9173439803792702,1.0331142318720818,1.1772435012021598,1.203353365651416,1.3136596735277377,1.341840477933341,1.4219430645900821,1.4405355472863768,1.485042355740839,1.560645340434467,1.4852955679669428,1.4526792585222317,1.492378160292286,1.432405320095607,1.383898757486493,1.4310967334327285,1.1874646285536052,1.3134735384879217,0.9458175718866848,0.8698881256239424,0.669623739568994,0.5495768325966849,0.515503055623701,0.6969159541123344,0.39137525754799773,0.1181160372233886
8.080000000000002,0.021864076919778458,0.4385747775703468,0.46248121295532213,0.5864679957212315,0.7541575783350221,0.7671898722909207,0.8464106779734122,1.1266400155980165,1.1242046413293356,1.212054114147275,1.3248493767735658,1.4095576408318182,1.4123418172167286,1.4357390749844658,1.4732945148814416,1.5106538291877876,1.4169013146332923,1.42498197090408,1.3810426896998387,1.3827310032025075,1.3520413433346694,1.3512924819813579,1.189013614556498,1.2827860502374193,0.9421175181235936,0.9157352279711556,0.684588266409756,0.5460225938984888,0.54098840989342,0.682306204097265,0.4418745841900501,0.16455346313683783
8.09,0.06173407804626102,0.4394179169416869,0.5155372601975432,0.5459514614400909,0.6792181216618993,0.829255899779703,0.847854146132949,1.1003829527887525,1.2087482936358889,1.2370564330916094,1.2984158870742462,1.3488982559786595,1.35667382750296,1.41575991932399,1.4517153001025394,1.5250881348994145,1.4641200590444083,1.4392929416279818,1.4749137138975608,1.3937993405379596,1.3359416808306823,1.324848675330237,1.215505829493812,1.2581559371946773,0.9809411034924677,0.9169577342718053,0.7515483359843483,0.5272102165190373,0.4983433339447202,0.6867419315433583,0.4647704924162555,0.22748762337108858
8.100000000000001,0.05050404753820936,0.4107282753660402,0.49823035253637565,0.6074998219698386,0.715096814436193,0.8116550130666637,0.9396033298319233,1.205748004986305,1.1606741237603742,1.2049993547732454,1.2733600264021514,1.4105121951236315,1.3977991274145323,1.5091912924668456,1.4302721267908858,1.4747431271581768,1.4560243141086902,1.4313933637385237,1.3928604696793214,1.3574884691601488,1.3095321293119477,1.2754260539564621,1.2594058394935006,1.2818447685358978,0.9102019339441925,0.9667511730274326,0.6520426201794086,0.5943073057164506,0.4660604456362169,0.6088240414918527,0.452175488225927,0.2545845708293187
8.11,0.10786960749215228,0.3978699729738704,0.5364412878627729,0.6030066800652266,0.667231729380355,0.8021060125935073,0.8954502656495729,1.037927784290231,1.0563393787805617,1.1979795834880997,1.2808216780427537,1.3938728520094728,1.394012278826987,1.4595962202004782,1.4806720697704012,1.4958355859204566,1.487863735319597,1.4205654974138815,1.3855405278513033,1.345221242197321,1.3659506614937114,1.348146539753781,1.2148969641862988,1.2299025535126964,0.8964774119455707,0.9379500857933244,0.7675404257718117,0.5844911369133584,0.46842834638905706,0.6248174217634525,0.4601964824697494,0.28569391284527657
8.120000000000001,0.10112925790166943,0.4167229391960809,0.46540914365623526,0.5386632373846464,0.7104813365350184,0.8588530454996661,0.8978307673988021,1.0973666707238974,1.1311050481979863,1.2336030985226283,1.3004616825386737,1.379250999761238,1.4223666762776956,1.4239316039866867,1.5267583606219712,1.5336598445184175,1.479275026660796,1.4197392608647055,1.4370494272136696,1.3138596485712835,1.3131024444032184,1.2986537546012697,1.272719848450862,1.2965778959783743,0.9386835322892944,0.9882372763988091,0.75326381972784,0.5520404883194483,0.4397727183953361,0.5881828369942492,0.5614434432555114,0.2649655061519048
8.129999999999999,0.08402485233182513,0.3974898375515874,0.44501664613956565,0.5809985669595739,0.7191758987542187,0.8506778124634372,0.8811092475019252,1.0796492866882932,1.1398704521365033,1.2530020054007887,1.4020103953981184,1.415711966298468,1.416127275205044,1.4459035320660434,1.4951533477382337,1.5435864774050192,1.4244873291574638,1.4144720212354687,1.390127487760154,1.3931689041681443,1.3331210741372213,1.2688645042824263,1.2933387001187602,1.216388838696863,0.9892640866512571,0.9780163468140166,0.7278585350185509,0.5931260607616349,0.5109111963090945,0.5557477901161875,0.5177007770262063,0.336194877657483
8.14,0.1199413389832773,0.35623600764551566,0.5072088731815668,0.5795755687385642,0.6382650971522916,0.7587458239117444,0.8724776282622755,1.0891066401158753,1.1164964182193349,1.201723171866127,1.3079298919297293,1.3938083632793594,1.4729766550031558,1.433969808182329,1.459692770190515,1.549519875413454,1.44317562087397,1.417844759375038,1.4071619750392554,1.3515377698540438,1.3305190172181054,1.3023763113542726,1.3322618118105458,1.2547097004318413,0.9339232724740636,1.0203152493973886,0.7626583669034755,0.5690953006653773,0.44860482464412366,0.5666429764674847,0.539990399376674,0.3297614835226891
8.149999999999999,0.1629411282521455,0.3250825385381647,0.45982625837942886,0.5219510933181757,0.6284455560769977,0.9131645673061384,0.8644984880190004,1.081672594254356,1.1096381922111294,1.2041221976730039,1.3499456180720737,1.368372965230585,1.4464786231248061,1.4620320667654312,1.478046523119124,1.4633162519981813,1.4111392077449758,1.4076901170138332,1.3827049216859066,1.3690121197967928,1.309787535969043,1.2653453950740001,1.3143083276014451,1.2183240159858022,0.9917336383906654,1.0798031428696306,0.7770547972384655,0.6115751140219438,0.44670562111842493,0.5215116101014586,0.5614254682973003,0.3669485292990254
8.16,0.20048586394326656,0.3471663278843002,0.4612351063289035,0.4977369668406721,0.6566419859678234,0.8382910553732954,0.8884719986445057,1.110069083730371,1.1262777709622218,1.1903986361787793,1.253243319517518,1.4210988690747053,1.3977014231461349,1.4159313530264612,1.4940532038811112,1.4948588644335035,1.4419734950662975,1.3961827060701326,1.3479272927500912,1.3184376795046675,1.307371138967064,1.1807608158148,1.375172935684946,1.1909971838604099,0.9835135657743435,1.004078278783923,0.7968612613509052,0.6293638094695376,0.41400945776938924,0.5401972805872612,0.5155737121965573,0.3038966613409506
8.170000000000002,0.23144174979518675,0.3000366603347031,0.4115981874036777,0.5326595255520785,0.6895111668630168,0.8986998972659284,0.8426567153511875,1.0921686520182279,1.1315952778159135,1.1870627962935691,1.2770305066842715,1.3883846691159452,1.449947818681747,1.4440001521643682,1.4646665284215405,1.498486466741988,1.4543749033302327,1.470814016532836,1.443035069711054,1.3712817272867661,1.2897228245124508,1.195717397238541,1.3941531015795146,1.2143338213412969,0.9582607114705548,1.110882847810921,0.80479538971542,0.668356880701265,0.4452457862763956,0.5048861329241167,0.5329085688227703,0.37913736485596794
8.18,0.17661098520233826,0.2817249144121933,0.43705710456136804,0.5143706962113441,0.6545386899854043,0.8912913793201122,0.8232224537024926,1.0697593952016806,1.1396497766863485,1.1668649885957543,1.2885250245251858,1.4063365886208967,1.4132699937486135,1.4369091013453434,1.4847555784684097,1.5632176704728653,1.432806990227449,1.38174093481627,1.3911143630105551,1.4249685376672048,1.2909385474623594,1.2096895378735424,1.3999184360675618,1.1612704263428077,1.0048464468895175,1.1598691231132854,0.8854448043701608,0.6773751640293485,0.46387409322691653,0.5550260900274866,0.5776786243316493,0.35162960394315834
8.190000000000001,0.12001773527715612,0.25209897292289674,0.454411242099221,0.49860527336798904,0.6720900984174328,0.8684854317274923,0.8852542242824365,1.1407759625193734,1.097250028805453,1.18449905310162,1.2654957498096835,1.3681486144647939,1.357477644803314,1.4629339516994087,1.5109255032748476,1.5568478021107992,1.4946930611682814,1.472189353641078,1.3422722165727425,1.3251145026611881,1.3267153750996141,1.2275416513704787,1.3714097289205753,1.187167526350178,1.0035266895191743,1.160909621278891,0.9313193789515833,0.7221223576660958,0.4686416390690947,0.49868655996293343,0.5046361905987352,0.32567151757972906
8.2,0.14276202387577872,0.21985805064177244,0.3946155163047885,0.4798655517051372,0.621345068935002,0.9161977739896394,0.8834338510944548,1.0798475903234437,1.0900684165038268,1.2111511410161362,1.237397546712081,1.4366530062433884,1.3918712434003735,1.4585811307782535,1.5120139161386354,1.5386176196813313,1.4530107247485948,1.4485114092314755,1.4373186893749872,1.4077874761766758,1.2359488036670059,1.174972944658535,1.4172135716715326,1.2097431076374003,1.0567022697544362,1.1555410385671616,0.9254571203179185,0.7132418155553237,0.453554820982682,0.4570087492165732,0.545640957365721,0.3274955968833284
8.21,0.14244752289642199,0.27507541735252494,0.451417932828584,0.4675199084104233,0.6350934098340395,0.8352910912064022,0.8925858526970445,1.0830278292257882,1.1650903932216339,1.2416708654070086,1.3272870461634754,1.3977989922847878,1.3915641171930497,1.46771344052738,1.4859390231029073,1.5545195184870584,1.4681823151620743,1.4198699474178698,1.3930172310990248,1.3566132527005603,1.2898731065313183,1.221663193494068,1.4130304519299366,1.1347585039578405,1.1226606354417865,1.0525190078226212,0.9001408320057377,0.769214277100124,0.4637051663331083,0.470274846250635,0.5195384197202884,0.3230733434066238
8.219999999999999,0.18572635659025277,0.19913163941153947,0.43034923335429875,0.5234520138775535,0.6343481207556523,0.8646978212565803,0.8645205806376655,1.1126860127554747,1.1131909714628525,1.2149387843839219,1.317131288342258,1.395815239670265,1.4049803457609944,1.3667012410502717,1.5165378680045076,1.5295923997719176,1.43177512859205,1.427547181801404,1.430810816860242,1.3177894605326972,1.2686108024811877,1.1859117588425683,1.3219515010672676,1.128595079761101,1.1224577979853505,1.1335643057229854,0.92363425628499,0.8051442711078778,0.44965696559002916,0.3987729741074949,0.534717520562356,0.3117910383534224
8.23,0.1460525755834837,0.1692217750797876,0.4279386248937539,0.471869381292986,0.6757172683832424,0.8945851020036917,0.8602683169445494,1.1006380229803256,1.1447094619312306,1.2115532771923556,1.3167359382023087,1.3585149553413398,1.4390282821882854,1.5054676370224775,1.4810060932952658,1.5953843364297104,1.4931538822015906,1.4043006786094223,1.4420325237206701,1.3609583107367202,1.3201757446292675,1.1570358129002998,1.3809928378768241,1.109949593848522,1.1298325515119,1.131757380941842,0.9732306916106577,0.8047959045012619,0.5080184986094031,0.4372371340893079,0.49884554506081696,0.32283421750853053
8.240000000000002,0.18173927573229082,0.19640681644290278,0.4583560310546628,0.4657741729828752,0.7053304919574147,0.8623518056894796,0.8993877600701677,1.0977468897170262,1.1237635333749454,1.297684944346503,1.32311569660752,1.3566126181346474,1.3977088953257972,1.4849196706023804,1.5567820269535382,1.519514379010234,1.4630109203463844,1.3990779759900653,1.4402413563053449,1.3575938521830178,1.2981858122521897,1.1913736029876953,1.3752502271156375,1.128915962456915,1.1205352989788437,1.133910806102859,0.9886672172565552,0.7699949623289076,0.45496922677878615,0.3687492473300181,0.45862301904380415,0.2775478201662188
8.25,0.165217260521747,0.11121652374850363,0.4723790489623685,0.47280931699384443,0.6893332586124291,0.880393938681939,0.8692173095402544,1.1064606643199602,1.1219160662906689,1.1773731943906416,1.316692875486907,1.3511542488445216,1.4008935532244648,1.4260992321953045,1.4702869065277622,1.522225201465013,1.4704219085290413,1.4333036372930326,1.3979511687581168,1.3469376114774143,1.275942235695234,1.207739358593986,1.408919228301702,1.0593223425080325,1.1462731321857544,1.127165479885116,1.0079844069781632,0.7748927512084544,0.447089202772693,0.38910063139058104,0.43597820305108226,0.230019519018886
8.260000000000002,0.07210410158367761,0.16887805713407342,0.5110404867544317,0.4938517762634186,0.7312769194535366,0.916926552565109,0.9066176984851322,1.049848604424733,1.088530376866471,1.2136345168376281,1.3295011575855402,1.3677255884345803,1.4235446919217092,1.4809115769466819,1.4625247812563484,1.5019771484130278,1.4997793202265404,1.44593791542979,1.4569450880917147,1.3799576677281573,1.3093651014133998,1.219872630155137,1.3131061937700237,1.0283300183526354,1.1154864122946662,1.1013863298604316,0.9749291338856132,0.8680937391160483,0.4003993171181889,0.3242484140652359,0.46178857241982535,0.1946437321830001
8.27,0.18579087087873997,0.17247083066672192,0.5108995198527494,0.5291828064603977,0.7409414461179563,0.911150744749179,0.9013090007806075,1.114400874079967,1.161664970458454,1.2552044759963676,1.2810378771458646,1.3967154462162212,1.3996522791001165,1.433922844967862,1.5214878865928678,1.473417572092341,1.4839855328651952,1.4742415423614645,1.4776653186659086,1.4155623790916072,1.3470739007325785,1.142334310765681,1.2426806557961525,1.0518210778742714,1.1063441689091507,1.1324469427181698,1.0385428332741913,0.8962114922178914,0.4219365213269792,0.3284415693725397,0.44011551993157383,0.26692563116897644
8.280000000000001,0.2063524164177779,0.16149926621244745,0.5257872858865984,0.5158779989821289,0.8319795373122455,0.9276940221153435,0.9482108512797626,1.0768516894178406,1.119673180333038,1.2408521768347522,1.325488066976602,1.3467330540754694,1.3871438498678226,1.3994349237751744,1.5018625914516375,1.522659092488091,1.4664250348116512,1.4034528202916636,1.4671804237841843,1.4240440906109724,1.3223207081811954,1.211263369383453,1.3079967963230736,1.033535358470236,1.0909548587143498,1.0515692420754668,0.9864140743352604,0.8127000850854659,0.40082721141226324,0.3011370835973853,0.48382908280437326,0.24234217778934344
8.29,0.23489801277683647,0.11700299299360636,0.5480347147325209,0.48851046024914896,0.7432728696869103,0.9480957156889418,0.9723962802415973,1.1471037109964193,1.1227387752457694,1.175820630113412,1.3331434156958712,1.3794390077723158,1.463241794510881,1.4582208049244656,1.466714899084964,1.4322166036420247,1.5025569161913166,1.4708974204102698,1.4958410261597808,1.437254153102847,1.3570239612854544,1.198315618775825,1.3110363902764417,1.0652087711509524,1.1162473289298396,1.0632928321441124,1.0094090293140534,0.8759883624837251,0.41555412753523124,0.3157734143268433,0.387710520261336,0.19670500560157486
8.3,0.23614493823044233,0.13742545177522728,0.5941012071201819,0.5087602751396663,0.8322768256142423,0.9581132847600691,0.9003857207083736,1.129552143589427,1.1325106887919199,1.292516367270927,1.2839150955201895,1.3961075137293748,1.4625408085698433,1.4375817928814394,1.479647811354261,1.4928757316647963,1.5050401708949392,1.4580840544135187,1.4113473700911283,1.399164848903637,1.332340983147483,1.2621888287915182,1.2367443173463462,1.0478562973862322,1.133182900657044,1.0651016546370349,1.0502560318568592,0.8991519491125048,0.4151710647500821,0.2804697952783622,0.3318845489671865,0.22547366431139598
8.309999999999999,0.23913608830261673,0.11421724712378584,0.5677025771073755,0.5729491159969511,0.8237939084636957,0.9564960587912971,0.9671518342454191,1.1640844708981064,1.238385803940878,1.2843337657538247,1.3039234336374739,1.4332971987170584,1.4063206549022989,1.423993034204791,1.5220835743807726,1.5086081483784293,1.4793809914939886,1.4885489485186048,1.4719885057576167,1.4133768517758898,1.386742703003243,1.287298675826624,1.2885786551174812,1.0535357366865659,1.0935145243231994,1.0508079749421642,1.0299665359940904,0.8718571056060358,0.3535112960551975,0.28558673244817306,0.37471845664679665,0.3145474313380875
8.32,0.22764777939953243,0.09190696177900949,0.6306337852833533,0.6244007197422213,0.8450539289572083,1.0120813839334684,0.9096331477317933,1.1256900104020229,1.2134026979579808,1.3350230244828023,1.3531841254292918,1.3981928487847224,1.4041461672182467,1.4995026509569211,1.4615793939880082,1.4221327024753752,1.4376036433202355,1.4445804968417322,1.4814424835378728,1.4123498178983869,1.3353593546082838,1.2594577148728718,1.2253300277907335,1.0396854507178677,1.134427172689834,1.1145688403829086,1.1088576607839775,0.8583344002541001,0.3857443273161123,0.2973676851383659,0.38880003797559376,0.2068688263127519
8.330000000000002,0.2481071160396646,0.13338786793389099,0.594844832116701,0.6268281076551302,0.8256974957690376,0.9254697559822175,0.9323428614532006,1.1096212776070238,1.1502908106423981,1.2704704653162966,1.3668392686834556,1.3967033303725247,1.4028509202455635,1.4601400533319353,1.5084709339857398,1.435055862826042,1.4393365295528602,1.442874888158494,1.528738914053525,1.511211162547405,1.3925488038490852,1.355112652742648,1.2554601631056979,1.041733238782152,1.1259010330768313,1.0776742524501173,1.0436652410571057,0.9041301895060964,0.4062467089473255,0.28071924783659724,0.34705526901793693,0.2442544238471557
8.34,0.2790285842084508,0.1847619080557768,0.5743734912371212,0.661253495024827,0.8064243474638814,0.9787363028451754,0.9198200516681627,1.1676110801762825,1.2575190731876194,1.2707947789621257,1.3594385156674729,1.429651213914195,1.480807539842247,1.4774945555782835,1.5228271325467955,1.4125835780390037,1.489147065206298,1.419149736332137,1.5104862892677924,1.5688367370851113,1.407356220537779,1.3024999842536387,1.1578134029804847,1.012092661696632,1.151953484659242,1.1011212829370127,1.022772440204742,0.9472503154895417,0.40184235321977735,0.24909374255109284,0.33892148948437,0.257279201304791
8.350000000000001,0.29674960879971524,0.23979162132121645,0.6143386491803153,0.6024662875717661,0.8533682114989182,0.8876794386422716,0.9716125290405465,1.1916586924835963,1.1874737778213729,1.2418189717375292,1.4026179991673906,1.4300212689089447,1.45866479436093,1.4831826134700061,1.5495250962200884,1.4792985030184098,1.4431044215084268,1.4275925861473273,1.5583598214052654,1.5899753377998254,1.395614974531252,1.3719254866536101,1.1994834189990518,1.0352130918646942,1.1420315678246897,1.1034715599905818,1.0494941015534458,0.9060601261604148,0.41599678473871216,0.32960431877952634,0.32510208359137943,0.20550360057126335
8.36,0.2675991687123108,0.20468001508192302,0.6521029874453127,0.6983091149904801,0.8669260118425184,0.9442005504777622,0.9234038889169849,1.123739019361807,1.1583180682232,1.21809356219765,1.3533615702299153,1.4137744175016231,1.452625590971381,1.4130211452650838,1.4975475785884382,1.4242173363098787,1.4450876768899679,1.419133185658726,1.5434163663999902,1.5205267125654052,1.4688686039403949,1.3792166946426623,1.173101449913916,1.0291910993081566,1.1467625707380378,1.072444264141848,1.0827815106010796,0.9419431054079874,0.344106052910169,0.2424883708344991,0.2757882879018086,0.23753255407133783
8.370000000000001,0.25155730423505945,0.20216774686763675,0.6229116811053308,0.6466402726175607,0.8295077445426465,1.0204398823826786,0.9287621027476318,1.1860717242107897,1.15397125275698,1.2677637650442046,1.3537253190992764,1.423988663178364,1.42663539638176,1.4470896517210317,1.5001868702796055,1.4197692971804974,1.4094555889826135,1.4641684455231845,1.5734916068549711,1.6047746792785471,1.4327990763787308,1.4551148464985233,1.0828301210977784,1.0023952324849719,1.1805658785812276,1.1047582528715147,1.1203350020876282,0.9048041579997745,0.37760467280132104,0.32110218560686593,0.3357791865539018,0.20196844804915856
8.379999999999999,0.2608958809329714,0.3039496906536994,0.6446448275001665,0.6598562567889361,0.8882363450339676,0.9442483814373159,0.9146017075914527,1.1525861189408058,1.1877843926643654,1.26134704818922,1.3230573363479943,1.4134363834107715,1.4436561760825701,1.4770521863616501,1.499060978591898,1.4695887030415136,1.4999813038294487,1.5064967942720786,1.5870968796328244,1.5449394874768854,1.4559057440711418,1.4303832908102725,1.1823176420910975,1.0817610096454422,1.1761760304415438,1.0110333784156056,1.0963005412255253,0.9695628444950704,0.391434279263358,0.25801782528075595,0.32865266840973606,0.1839524840177003
8.39,0.27314739635687535,0.3149168372480987,0.642493273448194,0.6702550153578074,0.8137850511116793,0.9319408131933629,0.885379243271778,1.07158505527704,1.1487402201368027,1.2568913314452823,1.3639115571220235,1.4134701574648116,1.4210027115560164,1.5076082923991125,1.5800242370441129,1.3935371381285673,1.4612591836898299,1.3799786379011763,1.6157828973021542,1.5675930568280942,1.4532654837334362,1.4250812205110426,1.1435167812904212,1.0358428311912602,1.173146910928039,1.053728610260591,1.017981537232159,0.9455403276339462,0.4031477858024792,0.2802798197676226,0.26080273958705635,0.17791967942528264
8.399999999999999,0.23294154990507826,0.2854074402738392,0.6308621286132489,0.6965413237391717,0.8407328170627415,0.9136311612744399,0.9064323076431224,1.1288897656042656,1.1534501240728832,1.2050475924064938,1.3584357920226642,1.4095101344542516,1.4443310827808074,1.4853214863075443,1.502666583993259,1.4575416104148287,1.4624109403791785,1.478541258803825,1.6339236070759902,1.6280538384598198,1.5168059657482997,1.4886163955774645,1.1540480655281788,1.0147389692465691,1.1686469074939694,1.0381300744712714,1.0134609399957684,0.8912542520756966,0.4094083703198404,0.25015909377731127,0.26874587323326865,0.2048233192056178
8.41,0.2553492863610427,0.31510125667337263,0.6285630580551833,0.7354367790217445,0.8387219857607018,0.9610919956903788,0.9391504015739321,1.1416987334518616,1.187783908610608,1.2469779268319514,1.398408085675303,1.394408542560029,1.4199641557386458,1.5018448714962254,1.5122049092879808,1.4532513303994974,1.4690490045088793,1.445787462550417,1.5118094359874235,1.6070173169575446,1.5018155212251456,1.4763679324719432,1.1316984565427188,1.0552462931426496,1.214947319407492,0.9952519840266666,1.0281231804830249,0.8734740266578899,0.3839057719684056,0.2869517820809179,0.2615790001026537,0.17777653603347393
8.420000000000002,0.25234354785408064,0.26779905259048753,0.6065255333161453,0.6998751985445235,0.9187581546376156,0.9400888271123542,0.9408278369911711,1.1491022336242502,1.184793256067472,1.2854634760607757,1.3317730289815792,1.3536736880749893,1.4994886334180901,1.4876538961540133,1.489729559942185,1.4325055884231563,1.4287961594858607,1.4422790964824834,1.5818534890624472,1.574542949725041,1.5243207344445817,1.4914417712176622,1.0753066254525334,1.081099933482364,1.216667078844405,0.9528553141988441,1.0044064901682186,0.8954236956049025,0.39467097821364655,0.26901824986367057,0.26475875279972155,0.12284706298710185
8.43,0.2266736808985248,0.3074329951227571,0.6811369006319161,0.7342324603263425,0.840278386786371,0.90639589533174,0.9160228100280303,1.0990849575239978,1.1796416248044583,1.207474343263135,1.3420952478848402,1.4051637374678987,1.4880516498271508,1.4642455717774947,1.482064163390568,1.4693417375224243,1.4435206783641796,1.4263048409060295,1.592346178815998,1.5711952403212919,1.4745181329265988,1.5021922259756766,1.1577403556625654,0.9792042031315378,1.1526722490137695,0.9570197626128245,0.984950298524541,0.8902811533585072,0.3396100019930932,0.2288721932602663,0.2748143437330046,0.21037245289291912
8.440000000000001,0.24127116940243198,0.3093823247950659,0.6162827723124104,0.7499769618438455,0.8833805603279415,0.9621639104960638,0.9320038990039652,1.0823500224036855,1.1551830400547487,1.2368390997840655,1.3525216841301728,1.438089549068437,1.4057040600176844,1.4492289700831475,1.5196598460097648,1.5266890986287471,1.47166774229867,1.5266664189424826,1.5263386804394672,1.5597933579337784,1.540559739872435,1.4760359053033225,1.150750856712073,1.0177746669489476,1.164177096631528,0.8870346867518312,0.9067875149196951,0.7619435538290863,0.2960047192013548,0.25404289276311076,0.25564351421557485,0.1311677562279926
8.45,0.24629618974696738,0.4448626007357539,0.5652490940638774,0.765019274018473,0.8526284985352495,0.9499158576468054,0.910368207457984,1.1203283114246383,1.189808487291218,1.2457154797855463,1.3504548752958732,1.3106446580174236,1.4431985163507077,1.4585096039205079,1.513788993335421,1.4656039394190363,1.4999304168667833,1.5341290120809914,1.6218006863682555,1.5525050874027488,1.5016051812483233,1.5218808483153325,1.2000063173602233,1.0206639313228454,1.0977922857179445,0.8850085330215698,0.862855311690967,0.7565382447853922,0.3261121687542948,0.23105288240087496,0.24168086355003235,0.21137159047232212
8.46,0.25773308377144993,0.39004280185684215,0.6449260628305363,0.8137062736829912,0.8432812200585299,0.942179225539069,0.8746254975821111,1.142649536062494,1.1855110672452414,1.245429176515373,1.3670415614339777,1.4224697156450632,1.440606876038636,1.4240360570334347,1.5122743636356517,1.463012320420455,1.5663445141496477,1.5386835271547448,1.478454302759042,1.5379428723429867,1.5300719085298307,1.4766397668346927,1.1339514356899751,0.9779560633194991,1.0992400272630047,0.848374707422019,0.8388737022873992,0.7130701927686934,0.3193882278188876,0.24052628458206893,0.24132984663019075,0.12666560104325808
8.469999999999999,0.23428793618797694,0.40172834081353664,0.6484665720438277,0.7832139340623552,0.8891169601424106,0.9884658013726821,0.9222406870944334,1.1568175552454945,1.1643521597479618,1.321042817418361,1.3777399850753616,1.4641297817377135,1.4621570131317665,1.5135145389908469,1.473109443843632,1.4677131994422419,1.4373706581461698,1.4800040477708438,1.5148569781095573,1.5099870371694932,1.519458046140327,1.5649165895528026,1.1588795535236305,1.019858237895197,1.111816392918874,0.806093085587785,0.7792363159714023,0.6212877785668885,0.2521722782212869,0.1818005503651784,0.2153960677687295,0.1090775562212237
8.48,0.30226141703117587,0.436928802090132,0.5996956068179404,0.7433480287681815,0.8677791183206561,0.942886452647896,0.9336912797362774,1.1341246959961664,1.1823896816605513,1.3080680107181395,1.3922555522341626,1.394936934729633,1.4474223320912825,1.4879124036558804,1.5135786960327022,1.4841289905171469,1.5109965873686482,1.515513844647838,1.5359420780334647,1.5644425666173996,1.477049029558365,1.4774307425204964,1.1806119297508566,1.0164928014411776,1.0315551722900227,0.750924458671415,0.6504330460107112,0.5791643954533714,0.25383330630902523,0.16650365981908027,0.25546398360307626,0.18085538004671953
8.490000000000002,0.27000102048254204,0.4416695406373797,0.5875509024941847,0.7401690716154369,0.9045601366854068,0.9867086125770136,0.9477275712642469,1.1028574388462156,1.1771525472220576,1.278149912019239,1.3537556014733843,1.4106302086419935,1.400413417338266,1.418077609795854,1.4584862362028894,1.5216420573028964,1.491297271894159,1.5506111269015108,1.5303794233748782,1.4634750540058663,1.4157368134890211,1.4361523632127742,1.177787907182736,0.965092636241108,0.9506551173606349,0.7953964554937588,0.6965066567488836,0.5795645188801616,0.2584465036229646,0.18427834554385328,0.25748452747635403,0.16966923749702442
8.5,0.25766467733043524,0.5256758221691022,0.650262630739461,0.773134302220881,0.8758165071440163,0.9683537736320402,0.9620079199084963,1.099287729812957,1.2265533343868,1.2911858600115949,1.3405315185202922,1.3876547932792624,1.44031067065307,1.4597578898412156,1.5077110601263388,1.5130458183686126,1.4682886858983832,1.5105708572792182,1.4600848884275217,1.3970362736947772,1.3943064543261265,1.4447706833608929,1.1733456534277187,0.9759241812696631,0.9583064419268497,0.7521434069095072,0.6463897474333578,0.5529735171952218,0.28744435242557365,0.12813985920546397,0.25224706525939444,0.17481815800162254
8.510000000000002,0.21102120913032812,0.5199509367549489,0.638453086081449,0.7575184011717595,0.8369115365776345,0.8931813195112928,0.8989325622465905,1.1086421628152436,1.2034236287561861,1.2431020620728541,1.383305424382679,1.3339377202202867,1.4910209577132227,1.4621412076611016,1.5326466157340108,1.5056681299924228,1.4600045849372743,1.5069322927398723,1.4340706281462086,1.397570565716273,1.3761367459208937,1.3626335737561073,1.132717902506983,0.9391159810535624,0.9551972503968991,0.6649039056037893,0.5379341576879356,0.4643143361535892,0.32032336090442,0.16804752035743942,0.2465908016368734,0.15846060136091675
8.52,0.2072829461546263,0.5051558815406046,0.6323462217410035,0.8249335253985738,0.8679253836824616,0.9202435854637292,0.9877790815065433,1.1628548691434208,1.2114133208746576,1.2773366073125156,1.3311715465379008,1.3827397144660083,1.4179950977568565,1.502913385955764,1.473609452608847,1.4975013655894456,1.4951545427005126,1.5614580599545764,1.4981628452128206,1.3988585846860464,1.3864041917258096,1.3977777577250285,1.1735218140286818,1.0264598728229808,0.9220640325714957,0.6762178858504893,0.5486885525314613,0.4645019315554153,0.3640196150100693,0.19329623524505216,0.22554341526986235,0.10234001506418983
8.530000000000001,0.17883681704933116,0.5553419176541121,0.5812603277921153,0.7592426082124342,0.816711998490165,0.9147388602088405,0.9951423178235401,1.0996185275588193,1.204721667337237,1.2680729717695711,1.3408400931389317,1.4301835250903658,1.4869163458131074,1.495108475625769,1.4723978245962088,1.4711196422469863,1.482010336244392,1.5532865350485945,1.3941646316975898,1.3454766493442918,1.2739530362039668,1.3135971562442617,1.1442335786338464,0.9863426911169203,0.8449268955699958,0.6638273719972211,0.547703715327772,0.44481471843043063,0.4342390834875063,0.1617217802824436,0.2858086557125185,0.13534342906867647
8.54,0.24148811139275606,0.5510095993563843,0.5803399842849899,0.7781425884499001,0.8747478371247622,0.9238703392171793,0.9959880043743685,1.104527133685793,1.201507705583072,1.2301287791203286,1.339940888456094,1.439516633459406,1.4931709167906144,1.4301070054395366,1.4792221267086036,1.491921633271772,1.4705526077384192,1.580348423519591,1.3569142472005935,1.3230169398598102,1.307634243199345,1.2227989728973516,1.1540375357522945,1.0000254455727626,0.869604923157579,0.6512674562728942,0.5402018327945531,0.42586045990427873,0.3209109864328334,0.2697996447386503,0.326695693657372,0.11557724657859833
8.55,0.1782408283129164,0.5921686546306555,0.5744251164072629,0.7981540020202429,0.8681402274806204,0.8189948684628642,0.9999204950123622,1.0854030258611356,1.1529512263855193,1.2651054679671445,1.3583496576074638,1.419574485552466,1.388602602328891,1.4577226991239716,1.4778617071909061,1.6125565711967695,1.5497080335658533,1.5533414753375698,1.3754820832735182,1.2951847780205799,1.3174657333679836,1.3159465166755648,1.1894585594557896,1.0290095707794298,0.8221574943755249,0.7247153765017589,0.5356605622669163,0.41988963278752583,0.4123067583019286,0.2712099157869674,0.2424292619915604,0.07565522629005055
8.559999999999999,0.09319760814282028,0.5206112166270092,0.581153266630348,0.7148313114582372,0.8538814776990452,0.8452430855112337,0.9821308556325333,1.0878549089409868,1.1678703845538199,1.262535049997727,1.3058887241496644,1.4238765336814625,1.443107468749,1.4685134662275048,1.4802160300496705,1.5151610627518817,1.5861300221827115,1.5502925045467357,1.4176379639828247,1.3198717909067548,1.3012132109240786,1.2072379759353666,1.2421404317639224,1.104980673972239,0.7933264557431847,0.6555095552049809,0.4618085015087413,0.39357505179522073,0.4158275142375393,0.28773698716542284,0.2713189148205191,0.08083249338201488
8.57,0.1359211631567027,0.4982825717072852,0.5001884439672788,0.6555054530553353,0.798957452456269,0.8495843648296774,0.9658737081240671,1.045913518404995,1.1495379419558958,1.3254237369813104,1.3375625405321674,1.4671539352144354,1.4326520219215215,1.4796098740397547,1.4857863774380797,1.5083391226881182,1.5340805452817783,1.5571477020867983,1.3724060083803618,1.367589100394296,1.2346656844370039,1.2067763722276965,1.2027606122278278,1.1775380581039614,0.8802536470428689,0.6995994492171301,0.5525641048259429,0.3883626328637502,0.5350032746518664,0.3216411136685863,0.25815535769506964,0.037038019811774014
8.580000000000002,0.04347357210297005,0.4422056697013704,0.5788589188391897,0.6474484667440971,0.7999863432862676,0.8348511173508049,1.0092342270280685,1.072588489121122,1.1737674706679178,1.289091787523792,1.3355780622358662,1.4353249932904004,1.4314196512663733,1.4249470856459,1.47123389298044,1.509794071923821,1.5079427802201562,1.5160319827363173,1.3526564348320145,1.3062905193290293,1.2519861638229786,1.1519064592102284,1.1888983856299182,1.1947069939131094,0.8294307998632582,0.7082944087644983,0.5533082200663885,0.46639925813314487,0.46474908633480994,0.3492375909812307,0.21704390356726466,0.021772542370625814
8.59,0.01652249861704299,0.49047718482522523,0.5110951751227335,0.6862159263369599,0.8439060962841315,0.8044540901239134,0.9825787278071353,1.0731335473510535,1.1913616010328112,1.3067865442126474,1.364176764595538,1.3873280253710265,1.4394890304443675,1.479476749063592,1.4565038488173965,1.5139044144311513,1.519385855527862,1.5541435391810536,1.4130915529729862,1.2820038564648581,1.20260492547385,1.2440198954398094,1.3049236256922931,1.1645538593851776,0.8541345438113107,0.7382832983189969,0.6112456720615359,0.4938051046652884,0.5289443484568338,0.41404904243350266,0.20241469355115577,-0.055554144566066034
8.600000000000001,-0.013304884155577037,0.40876148110816146,0.5718396953146904,0.6919958568629818,0.8407459998882529,0.7477925296055107,0.8978673599075759,1.032118098905578,1.2232364183035673,1.32181497156127,1.3330414352432907,1.4074304509059328,1.4449450061872526,1.4640334262245243,1.4766064270763568,1.5416255760930706,1.4876585160206046,1.5020934066660816,1.4458740442038336,1.328573505398131,1.192237519896995,1.1569192481872084,1.2290895075575783,1.2073330410821985,0.8522392363566638,0.8319459950000768,0.6176562888538222,0.4684767049331834,0.5844141415801404,0.4291886375511293,0.20700788694342528,0.027802080090379617
8.61,0.00637507252194177,0.3893153079523215,0.5196668751903124,0.5633105009324648,0.7815661596619994,0.7353833179553293,0.9800371383006099,1.0319317950805817,1.155639439172196,1.2792401405140528,1.4143772803943642,1.4313674251189143,1.4560025275081436,1.4415100693434422,1.5002224416575753,1.588503384677432,1.5808702396481953,1.4936011041233748,1.3757747894303527,1.3128392986270567,1.2323484442446215,1.2140553015944973,1.2783747014899003,1.2826109871519482,0.9172300259415049,0.8558491951012662,0.6333237867876943,0.5005219120812175,0.6379887332229206,0.4910233011157746,0.19321520738663045,-0.08863773054470055
8.620000000000001,-0.050038740126594886,0.39209471976540805,0.49879386848079754,0.6049649641063682,0.8768915622587684,0.7352582804238899,1.0636865578804369,1.0116815375291472,1.219664935943418,1.232067336512278,1.3441048086514773,1.4043453646419115,1.4703311472855392,1.4972513483095924,1.4590201118331025,1.5355822701809982,1.5225428474574505,1.5238259565462555,1.377747746589449,1.3253210055890785,1.2370698722472888,1.2106064273866204,1.3157380881799907,1.2781349588750281,0.9017473770037734,0.917088687794935,0.7108047771380482,0.49874281212001714,0.6275989715584023,0.5194453738448988,0.16295803051044383,-0.0840839259648342
8.629999999999999,-0.1332976730210364,0.3235606175709879,0.47518927690932805,0.5072693142847812,0.8540563426853319,0.7600186754632988,1.0047874291061383,1.021446361170683,1.1822160154767611,1.3325020327557275,1.4029186197740438,1.4764302798520825,1.4522807145316543,1.4910746340919714,1.4160388064307594,1.5544322049290669,1.543765537521498,1.5389350881528034,1.3904281461999566,1.3582994418912766,1.2611909895282862,1.2157770597109527,1.3551948234253615,1.2825965962757648,0.9022886788106181,0.8819999309815629,0.6913676450653713,0.5802185634235423,0.5802264058519476,0.560033634083271,0.05765489805138446,-0.18310701184833755
8.64,-0.11420771475176911,0.24482569799579196,0.5081401162585396,0.605946113589242,0.8774552627478497,0.7846200408106414,1.031762435912776,1.0202299225199944,1.2064973152297538,1.2695880934658972,1.3246519185509624,1.4104877793162296,1.4750815426421398,1.4494082618845365,1.4703330575623017,1.5016905920422932,1.5642184263996484,1.5378129515467045,1.422962217665831,1.3684109750241418,1.2303804060547434,1.2133115818550655,1.3288589431366364,1.2452489279813106,1.003788412052164,0.9001245039595922,0.7315405109495805,0.5954660518972084,0.6278826430108327,0.585278650075864,0.06927316079751276,-0.1656971587546126
8.649999999999999,-0.19038665156555304,0.2540644417406951,0.44044141642001156,0.4963183711470052,0.8357194773466261,0.7378140777767117,1.08171054435008,1.0169046979160616,1.2458276283249436,1.308788957454528,1.3446918103728713,1.420975652078081,1.3717857769791477,1.4520151905712353,1.4574854501092989,1.5066615723224395,1.5990559581422938,1.589759391514404,1.3993443362302052,1.3467382579659293,1.2940257667723425,1.2064740615402474,1.3434303465321848,1.3285509456746463,0.9342204562395015,0.925337894120946,0.7861072897388732,0.6052689752313997,0.597775112325262,0.643986643101903,0.03406677622822014,-0.20997243510245486
8.66,-0.17276423519360407,0.20239120461046706,0.4535097641803477,0.5085019155693574,0.8144190792613799,0.7491348583575158,1.0701905636515971,1.088104060915289,1.2375867422697862,1.2578660496220557,1.338389403324884,1.400901336375948,1.4508182260175384,1.5205609833693283,1.468941365616265,1.5028505026263184,1.5372731712105805,1.4520489390734637,1.3821177357352015,1.3757557762602,1.2712244817260459,1.1899654382425362,1.345213210800876,1.3508712303255637,1.0309399923963658,1.0130998677873229,0.843147696634838,0.6517458733781796,0.6597146818149427,0.5856730280605239,-0.04622671248698138,-0.2422215567755925
8.670000000000002,-0.16659419202294934,0.23143463466474362,0.5375896266117911,0.47002275265143445,0.8873456955894773,0.7357658748905298,1.0608454950729655,1.0367240888717608,1.243315342969338,1.2644208727986912,1.3412556581033883,1.3738015196030628,1.495264114891563,1.5312947093178924,1.501398747900185,1.4994307281965216,1.54831902798334,1.5462471191616574,1.4193764050316784,1.336625010476681,1.2733949879151039,1.2350973825732028,1.4237638387223248,1.3243847005455567,1.0714055651173449,1.077292455075389,0.7930899922764487,0.7156292467506814,0.7112646551282472,0.571694001491329,0.019195664782852485,-0.2410870514083359
8.68,-0.13084521587548212,0.1733516688324536,0.5370275341691605,0.4817353038348157,0.8392141041276606,0.7091326217617159,1.1286595415824934,1.0510630886689725,1.2794232915359731,1.334916684619413,1.3733916462785467,1.3731471214723983,1.504298286020029,1.4700996140829807,1.4139302627656674,1.4800171567882807,1.5324381511554566,1.484600904424833,1.440639785913007,1.3866045948417824,1.3489711266707098,1.2308967501731696,1.3716915518213655,1.3882612655155016,1.0954330760198536,1.0530183077477702,0.8725509734245082,0.7025135858923329,0.6391946271892496,0.6190805022937993,-0.05608590591528008,-0.22543218146328153
8.690000000000001,-0.14016225731833146,0.18360080626134634,0.4717576132818,0.46382415580096964,0.8464513665043585,0.7280842909125563,1.0887939285326718,1.0667715565355154,1.230700430531737,1.3065219129259154,1.378665827499656,1.4173265280191054,1.4358138439313657,1.4332343474491054,1.4704080205566321,1.4795405070280583,1.5356172449103733,1.5085487753687001,1.3554568477878013,1.3316066745608068,1.3553416390680486,1.2589064167782675,1.3763674300273883,1.37902078718884,1.1249902746262688,1.083207225221646,0.8948305675782273,0.8000443492477364,0.6682613612037158,0.6347998187664647,-0.03916475474452909,-0.21977513513275113
8.7,-0.08922844585874407,0.09866116107892389,0.5489773278259392,0.4739632143823445,0.9132569761135296,0.7548146879847242,1.0290686592582785,1.0426122892210812,1.2651439448069752,1.3394019037403906,1.4068330486310763,1.4372171830822789,1.4491896299340155,1.4927291167761065,1.4977269663149704,1.471275172058813,1.5667043902942805,1.5493083593224188,1.44446192074314,1.4418891655944088,1.3370814546184493,1.2523791706832852,1.4203211743922983,1.3541814231225948,1.207532835296469,1.1003487624898352,0.8678473546791753,0.7550088652873792,0.6187785057068388,0.612411755023872,-0.025721963666784732,-0.20534939370801017
8.71,-0.12252879913853137,0.15165236025369716,0.5844143336188956,0.47955716177686963,0.8649275784310086,0.7849734069245068,1.1061925977406917,1.0510187041127985,1.22150051939023,1.3207716793718243,1.357258813432371,1.4355899163937573,1.4559011782104812,1.4965382107695133,1.4648230349416278,1.5272967987067936,1.5877382886292217,1.5357915939798965,1.427560748209472,1.4171151955321668,1.3774238486303951,1.2460210651233323,1.3563582679915198,1.3251323990194295,1.143579409570341,1.1541248495187166,0.9761242032391788,0.7858262061743616,0.5232012489172658,0.5992588768275156,-0.056427677992818115,-0.16929462377011895
8.719999999999999,-0.12794277274098417,0.13715737735125258,0.5914245704422089,0.4426722734760706,0.8239643247761332,0.810388092424658,1.0643829611829692,1.048411658384534,1.2646783340799983,1.2930571326708504,1.413130244221305,1.3899011367206222,1.4510805000031533,1.4878017009261555,1.47054026366936,1.522030426783396,1.5632226603077894,1.4993222751975757,1.4448324547852602,1.4221150037691421,1.3652542102354133,1.2890822717398809,1.3056542714365276,1.308277478929066,1.2290345815731425,1.1669214259733767,0.9344555573414188,0.813866602296398,0.6264361707948619,0.6515828842291147,-0.03642265172552233,-0.20392053907410468
8.73,-0.06170670735571017,0.18461804283329097,0.5449855558788906,0.4755055865954952,0.9069812920815966,0.8152405130369329,1.0739889022793565,1.0430309107583087,1.2353491243051824,1.2954709090583443,1.3880687346809406,1.4391625363578422,1.4645249703420782,1.5011344898339105,1.4651697463151043,1.475197621429877,1.5149381858405724,1.458735076099879,1.4972560204987553,1.449338933131867,1.4056472916192435,1.298696020164979,1.3346657077100237,1.3905149578125717,1.2078818549238162,1.0839582285258786,0.9950303865075467,0.769880349310679,0.559322413428182,0.6187119021772666,-0.08515060536781538,-0.19029203557192156
8.740000000000002,-0.08478094514232239,0.1896463934753117,0.5982285808708996,0.5075394975492759,0.8453688774741318,0.7998088263959917,1.085793666881176,1.0488293199748941,1.2372971969750894,1.2934114305516624,1.3501915033423257,1.4165110068636577,1.4599667581834879,1.5599372669237168,1.4811460221249881,1.498065593196908,1.559497151185736,1.5165681450597017,1.423187792991957,1.4135331282140404,1.4222709634364976,1.3397899541003293,1.3915833789081717,1.3764161184451866,1.2634748080862879,1.1544834535915627,0.966412451926832,0.7907770698031202,0.5509438254849093,0.6327395138950623,-0.03876063674378209,-0.09891385012055978
8.75,-0.06854478613002775,0.12354880060024004,0.5004487037271772,0.4412696677462357,0.8806584150442847,0.7816324421276571,1.0557649012711126,1.031652588232037,1.2100648198988988,1.3394224348981498,1.4118973948135742,1.4050399172202794,1.4095662297697513,1.5081473931329008,1.5120883008428994,1.454639605912487,1.505346645755147,1.4688658959381589,1.4719144795959307,1.4195390991524586,1.4146601503319611,1.2900554021953459,1.261320781850904,1.3156377193611897,1.2409845573561935,1.134243224870921,0.9693891248227294,0.8462782693685916,0.5719688520038956,0.5832249042355175,0.028834091812955785,-0.15348282088592732
8.760000000000002,-0.09239343195726084,0.18351124462846058,0.5712113721399852,0.4345838329344347,0.8520782036829591,0.7990312676513874,1.0513202957804273,1.0226616118989178,1.209678589020352,1.3208349210311332,1.3965301826740915,1.384602587405803,1.4691061300734538,1.505675767988206,1.4637145998429055,1.4006356924018444,1.4801890044175177,1.4598202290560696,1.4567926174092216,1.4339892010666369,1.4216641817059792,1.3162940806118804,1.3271228293800008,1.3226542301637976,1.2897216252955515,1.1570307881141833,1.0281086243853081,0.8567200070192761,0.6234382801158139,0.6065404089719267,0.044208871623400404,-0.1386217865458237
8.77,0.025066569431062828,0.2170759500904956,0.5730548078753342,0.48449132535388395,0.9009067236371338,0.8462013802023358,1.0349115565889293,1.0288577035448478,1.2253037724684335,1.3005101637826704,1.3671262480408097,1.3937721440922182,1.4209545654707598,1.4956802850497173,1.4904463494394966,1.458228876420017,1.5185691344392294,1.411707504751287,1.4487210950898897,1.4505463490964736,1.4434222738246634,1.3069794132313926,1.2401822914629028,1.2852811868319787,1.2441684052517694,1.1746807466939475,1.0228954524257536,0.8727412069421293,0.5781066298805747,0.534845528516152,0.05420291035451517,-0.033133860603349156
8.780000000000001,0.00490933861217913,0.1921015821336211,0.5189516187889522,0.5165294357453382,0.7987775484548268,0.7726786446073822,1.0036828978511205,1.0399458610329289,1.1699099802788215,1.366557551600561,1.3478590975685685,1.4407179874804847,1.4443658418956524,1.4256318489142723,1.472385939330267,1.4304037209012814,1.4954742814048696,1.473129493804051,1.5111356851390558,1.482878938909488,1.512859184868362,1.3528381617981973,1.291853026800603,1.3697540996479687,1.248081604317245,1.1835363710960876,1.0879993022262127,0.90115196773058,0.6313615092121937,0.5600476668936454,0.09660080815268791,-0.032285451318991694
8.79,0.025672840783810224,0.21474702812123136,0.502327529173126,0.5005374443161843,0.822277474752912,0.7842203474857096,1.0010818461285895,1.1152609827709605,1.244751398597031,1.287484220539044,1.2987059275524642,1.3636786692656304,1.4775206534521261,1.4869108692778712,1.4670018219841146,1.4453103742162994,1.4742419298372047,1.4604742059196096,1.4492585565078469,1.4224205915629966,1.4366947455485328,1.3648204994017892,1.232451467636104,1.3487078379485122,1.2706725225543571,1.2135837778132919,1.0550492227345292,0.8852926039262858,0.6270479977182059,0.6078760739144248,0.11648978815511365,-0.005327337635592455
8.8,0.016204759771551912,0.2156019354219249,0.4958744933966534,0.4753632108490463,0.7536021869420997,0.8626327306604862,0.9436782415679406,0.9894060062353045,1.191768217268438,1.2683267362353725,1.3965709023131958,1.3809595608655956,1.4015836386408618,1.4902279650073802,1.4924154475924891,1.4703881076969825,1.4576122951328099,1.3653418808051847,1.4346779329598196,1.4875971235338639,1.4882007320150428,1.4060620463684184,1.341850663243283,1.300488350589859,1.2923661216848192,1.1970011124041082,1.0585642232706336,0.9433302197359659,0.6755288151719894,0.5622437608389683,0.14828722406635828,0.023161971620705546
8.809999999999999,-0.0636568741066611,0.13852170409899828,0.42696888394365834,0.45792449222847564,0.7478799770898836,0.77482171502581,1.0722386436667575,1.041756041924054,1.1837107821397639,1.2811808003641665,1.381630374770209,1.4388243839385444,1.408303808614429,1.4669824689513036,1.4839490078363116,1.3972446577843483,1.4876100425436456,1.4406028795265728,1.529146494427869,1.5373101416686774,1.5749243495663523,1.3767582560403795,1.216309399796747,1.2265342532506522,1.256605667000315,1.1936613596220755,1.0674027363063894,0.9666340732614933,0.7238204111975992,0.5819914585057571,0.06489080139628234,0.002038932566401994
8.82,-0.01368118017412509,0.13541813624369375,0.3934440753531013,0.43834198007572717,0.7461046558837956,0.7605008119877602,0.9849404823329907,1.0275734069386397,1.1814691549025365,1.2792075312610625,1.351936114246199,1.4123987798614592,1.4162956978566532,1.4842564054852683,1.499454123874888,1.470533340907279,1.4635604657440777,1.4627758832160278,1.54192915617131,1.5587035877488034,1.496709645286529,1.359039911259645,1.253370722314751,1.3002889604304315,1.3086338037406942,1.1531229291022602,1.0749134850649593,0.9210763857721607,0.7018814312065147,0.6117247656434459,0.16758088872907148,0.01931810719324862
8.830000000000002,-0.045796392468829814,0.1309005149969245,0.3953579677431846,0.47219932134911996,0.7007375966355721,0.7607334151409777,0.9911430622572159,1.0125740006046866,1.1895816581950958,1.2872344996358946,1.2980980893548504,1.3797962666356645,1.4278100683256587,1.486377866116483,1.5501308206257562,1.4861804486214807,1.4933909710062871,1.4195703971516005,1.5627980051360524,1.447966094747579,1.482307737057642,1.3903327183250886,1.2701734748352693,1.3012387297808523,1.2239667791709998,1.1364523041057684,1.1063537077709482,0.9549432340641442,0.722863266358653,0.5494153597583197,0.14467350296139436,-0.0005007031595072142
8.84,-0.04014827221691393,0.14470259259896281,0.3730915164884767,0.5139147449907822,0.7469793270842485,0.8019675602486838,0.9809721546078093,1.0515716008853537,1.1820459882543255,1.2885560012684947,1.3527849514701376,1.361566607999751,1.3939371408441852,1.4533078579758352,1.499535062977808,1.4592854318308424,1.5083776608126813,1.4004588657200938,1.5290906679612404,1.5658881166136982,1.5085165133382326,1.398004370779834,1.1879953997873496,1.2632545228862555,1.2039239115706923,1.1519324156864854,1.0743251612525302,0.9177141890208418,0.761903140201574,0.5273627889697152,0.14452570158084355,0.06920386837174074
8.850000000000001,-0.06859551007655018,0.07207279357198963,0.2893982610605989,0.4820760156617629,0.7574210388109802,0.784443178431388,0.990253335691191,1.0125666352670075,1.1822053566805568,1.2911689144180454,1.3460783659700128,1.3626070968916704,1.4149563171943378,1.4967313681133392,1.494362975465958,1.526994473739165,1.5005764879495695,1.4041999395673816,1.5106389064045893,1.500408529259485,1.4548731349973794,1.3863711526181264,1.1716240942740903,1.2499124033167703,1.1989687349689377,1.173032483942936,1.047057092014298,0.9934002309285918,0.7791146563099814,0.5538146693678642,0.19355543334057676,0.061854174161736886
8.86,-0.08598585407134444,0.09400553773942409,0.316197365225918,0.4712167436857217,0.6810123345075744,0.7915255001533281,1.0186941627808503,0.9987464455020035,1.192207544108773,1.2145907437115155,1.3560594589772443,1.3637845902324863,1.4275924021648927,1.4342876042720567,1.4995425194774812,1.46140330522944,1.5436921405207147,1.4425746340394372,1.562022449122089,1.5535958828938603,1.5534276296772311,1.3975295488176402,1.1728773026716666,1.2991122237747117,1.1859236673426838,1.1359098299587547,1.0795306195373087,0.9345966354115506,0.7903533581305104,0.5591708452963576,0.12349820752659571,-0.007156350115698687
8.870000000000001,-0.07861734438699172,0.11430550047642504,0.31628781001150647,0.4789290231680141,0.6725993373598431,0.7288876184849498,0.9568199153216073,1.0038677563186535,1.1652230609753005,1.3139441450222837,1.3703332292493595,1.4622498788212164,1.4695145806605243,1.4626598500789398,1.5362068695305249,1.4836791539672551,1.4722665443793193,1.4693994838405564,1.5202049959311108,1.505584859296101,1.56340984459996,1.418500709577653,1.19600477341303,1.2798482124971857,1.156638342274091,1.1344799660389906,1.013210760428473,0.9236119148396094,0.8048823681416696,0.5383061852492931,0.18333062657551186,0.02083808701551082
8.879999999999999,-0.06367376758552605,0.10515248908180846,0.282092404484746,0.43160969268830657,0.6878951246859571,0.7395408018137895,0.9590512783659574,0.9655616164712889,1.1600300074729688,1.256164909078969,1.3211749065159428,1.388418907012973,1.3508109945300264,1.4633417532473103,1.546235027232772,1.5072378139629705,1.4299287435078334,1.4301014179348968,1.5343274570439864,1.5152576163023619,1.5233205627193482,1.4260984915325703,1.1391260903005878,1.2253644039075267,1.1486475064907213,1.1058218082706859,1.0501315730392269,0.9221564720552735,0.7696515126332979,0.49757373139909805,0.17323477268677948,0.05167908216221244
8.89,-0.016106212219867837,0.10298116803948967,0.3018058336665844,0.4638034018850672,0.6967038879667862,0.7579182177731297,1.0577425905439306,0.9797760480748445,1.1690417596866798,1.276934481005953,1.3294593643491681,1.4043816040388741,1.422513463277383,1.4120747900459434,1.5092687878115734,1.4938177138620783,1.5408588977798159,1.4948026742318146,1.4822917672193099,1.476182472838,1.4694366657012656,1.438697847671018,1.186965680346277,1.2909893605707317,1.1723396899073568,1.0690820241696866,0.965274215494283,0.9056267389035049,0.7237244940657942,0.5225054384774477,0.22207940018703404,0.09257096191459374
8.899999999999999,-0.11659545255453821,0.08099934581601341,0.2779416576506758,0.48296427272125886,0.666579401010869,0.7366765542717548,1.0027843216858383,0.9418718519154582,1.2073628705929789,1.3465681019217766,1.3409796219014014,1.3904053958688225,1.4473844160309774,1.4430521089764061,1.5314133857132084,1.522453090148733,1.4740829592968336,1.4465025572010641,1.5488613356082448,1.5265289234680655,1.4515848734152774,1.4225532585850584,1.1630943890000218,1.2598050596671966,1.0570530392746906,1.044866588981274,0.9922012809110937,0.9299994284454675,0.7623203283953168,0.5260994283197319,0.11922769188491356,0.0026293478410003186
8.91,-0.11804589821415591,0.07664019504945699,0.30780352286991713,0.44400515280849867,0.7480895175977609,0.7463018237838346,0.9704453296540976,0.9900028648633159,1.221472955759493,1.2738985316191713,1.3187382667899084,1.3880195659964227,1.3811534831814176,1.4783230673857553,1.5214374704743936,1.525432447406289,1.4644203251465087,1.4504153767790107,1.5219907924198202,1.476953072066184,1.4447315537502685,1.3838191713143408,1.144299100763177,1.2263353382194926,1.0649930986818696,1.0501697635094966,0.9606427374348807,0.8526260503403695,0.7999889297345206,0.5045886538921944,0.15245644543417436,0.05700401055085575
8.920000000000002,-0.11765033821431509,0.16663939041424297,0.2899047152672113,0.4487039218846948,0.701613920427134,0.7366605336087197,0.9811111435338778,0.9133281414899471,1.2153759361655063,1.2766497400482961,1.320773153547246,1.3635118629977363,1.4022819886160807,1.4974026837647292,1.5603469134856083,1.4881498307382939,1.5274530974691118,1.480130337639599,1.5198540289460916,1.5594013163249492,1.3891761638621778,1.4160594686654495,1.1479411429362831,1.2525027464713239,0.9957524369441239,0.998519582993835,0.9808742265505966,0.8288759014748012,0.7809072154288207,0.4600112082369492,0.10888012698118185,0.11608434280129236
8.93,-0.07760086002923187,0.18721813215898328,0.38578374575920354,0.5018548396315862,0.7223055153561785,0.7846555580795616,1.028954504672913,0.9549984584569822,1.1698112426329275,1.2769743477053306,1.3848966375885192,1.3461226202014078,1.396365705499598,1.5203955474666608,1.4909651106723714,1.4862067108811199,1.4534750738133422,1.4537739412603978,1.505045731170253,1.5095822218795707,1.3600123264931028,1.3800354421782657,1.1656465003425232,1.3029703887165298,0.9338360464291389,0.9925323159501109,0.9211344736487496,0.7938153149738356,0.7536877403209461,0.46898266340470335,0.18640828817376742,0.09914588793636193
8.940000000000001,-0.1054571376352292,0.09192101897477659,0.36728208084423764,0.5250609897936417,0.7654368879316014,0.7691005060025179,1.042046773486448,1.017534157353996,1.256985591199576,1.3235492947993317,1.3344491336187891,1.3761893938297594,1.4620608340830576,1.4956846783893496,1.5069253818025992,1.5318909863115135,1.4844512796420455,1.4319833214219704,1.5107724528208135,1.5196314876100732,1.3170654482483646,1.3711405360702833,1.046899302474733,1.2222751027094272,0.9256078657379425,1.0002389404510286,0.935957621003576,0.8139868775121722,0.7885035756665156,0.4739186965429374,0.19198640712273377,0.09579830308029415
8.95,-0.0006280774330105349,0.17516781348263222,0.35535564970237254,0.539363785673389,0.7448203669313372,0.7745629305527753,1.0319733323117628,1.0231820619315566,1.1966884417553423,1.25375226042206,1.3216663936453403,1.411197863681089,1.4166359926548462,1.4397595549616404,1.5571704669475235,1.5310230879367877,1.4627673607195804,1.4861590912069758,1.4699919671188408,1.4428941386777574,1.3587883316907814,1.4324633057985225,1.106679703461654,1.2140261579792608,0.9731113843380967,0.9585604202920929,0.9442036532233838,0.8011037647902237,0.7911720845859537,0.4609285628225615,0.15072076844393734,0.10035973461395552
8.96,-0.024148633176517866,0.16013265061867385,0.42622541725563506,0.4945590744164248,0.7152852300336371,0.7731601670933845,0.9823295507076971,0.9605094393885916,1.2355015685263724,1.333219647409234,1.3435868882029145,1.4342786431083636,1.4403524958071972,1.4435402922455738,1.4793713124783598,1.5119063965334312,1.4612278960841434,1.5026174812346167,1.5694845330227796,1.4968812053555767,1.314203881262768,1.3777586494527798,1.113713362216095,1.2224353844653473,0.8023779969509178,0.9879539755728091,0.9055592966260344,0.8643223931151343,0.839682003462049,0.46858558342716716,0.16500634934262268,0.09680377229661392
8.969999999999999,-0.07814748890833789,0.16660811929273758,0.3777547166795149,0.5282249980743028,0.7523193859926395,0.7699829106346631,0.9950098716296366,0.959065279588569,1.1747527437652148,1.2350580643309255,1.309645053482912,1.3638469896537821,1.4411964730159506,1.4679029958569787,1.4513815264464567,1.5411829968371222,1.4715920127431463,1.4288669982887428,1.4732978698744432,1.4643857888313547,1.352273378396983,1.4169335351126293,1.1448545074716097,1.20760581990543,0.7958472021926524,0.9718937969503033,0.8979572582847332,0.7916599682518731,0.8272741211192294,0.4773359665654954,0.2184476397709138,0.07774031936869694
8.98,-0.010495974665152204,0.20444396341169813,0.4348599531562232,0.5313642602649903,0.7105111137740677,0.7898250865371185,1.0221672856940924,1.0151202679434954,1.1752812917241255,1.2608287148523216,1.3468063753905355,1.4016967826179088,1.4816677393926816,1.5056662253613173,1.4537985069184671,1.4624413815262098,1.4757228211954714,1.4486735878338892,1.494260455645995,1.471300744201064,1.3697747170466719,1.367230454972864,1.1905443014521022,1.1955407777222045,0.8333222401819929,0.9342772309504255,0.8484483707065854,0.7727130862567663,0.83836779367195,0.5177130660468706,0.234706118611563,0.15505635558271955
8.990000000000002,-0.025566357216329376,0.23853592936449913,0.4031285973310516,0.6006406642686949,0.7614549400839813,0.728913579482659,0.9205282796770341,1.0523004568839789,1.227217446711565,1.227523263668498,1.3003944645780672,1.3872010665988006,1.4574456875791721,1.4679303398619536,1.484401520516631,1.5254532627240738,1.415372886265472,1.4139374770237367,1.4856667958219565,1.539788293745001,1.2192057899632014,1.3822662415670455,1.2087997335422247,1.2086995474025082,0.8124937532527193,0.9974247349939778,0.91333012424205,0.7496176113514473,0.7924990408306545,0.4712218955701023,0.24025053887652822,0.12300733732604696
9.0,0.0336951123864033,0.2240967676789748,0.39307256063095974,0.5292360051612182,0.7427609055731204,0.7758073297513673,0.8927879140137543,1.010103591388857,1.1495241158510927,1.298527230615737,1.3456536431518065,1.2813797676236232,1.4062849400029065,1.4699307176262015,1.5140709526117955,1.4963238258236682,1.412407088283433,1.4823419847199821,1.4996887434862483,1.4554933045766876,1.253186916835734,1.463909231452476,1.1557494706619187,1.1794726535252946,0.825824531079754,0.9816292265353522,0.9367786833317592,0.8299827161767128,0.8165270519610339,0.4965923453122899,0.21330916990361853,0.1897474949262733
9.010000000000002,0.03499300590293356,0.1974475094531841,0.3887902592385447,0.5987740290925948,0.7551173914491288,0.781350755231268,0.9119558373260962,0.9807436901512085,1.1535027964338103,1.2148395698783996,1.3663765948042164,1.391355076642782,1.4765403869139673,1.4570875298022206,1.4681737417958591,1.5432047694155984,1.405124485015554,1.5115066456686834,1.508852251052411,1.4965484347684175,1.2049018123432962,1.4065613820021192,1.2078191652084305,1.2193216519964947,0.8121948849332498,0.9559524441863387,0.8817454508428365,0.7781755309586948,0.8447589056614532,0.5293604536184942,0.20326511769157027,0.18704477837761765
9.02,0.016475288593187157,0.17210837638089632,0.3867685052304211,0.5297202563966762,0.7112277293113316,0.8460037624865987,0.9500105720240756,0.9755399405382601,1.166677159951398,1.3252363926323798,1.3722071567554885,1.3769861661070197,1.469300648227123,1.4769353777010021,1.46355539066786,1.4796485073594514,1.481131799258595,1.4629586378963422,1.5018016713630238,1.4381446410241794,1.2447948951692231,1.3589722699181022,1.2405720865611378,1.2166664890074255,0.833604788851763,0.9414067926777964,0.8885522526120454,0.7381012693611833,0.9118549813803882,0.49510907247613106,0.241937332138764,0.1787455917426547
9.030000000000001,0.07399309111254958,0.22638197031873894,0.3805204497894491,0.6256818300822995,0.7071160638897512,0.8107907648865622,0.9181970250276863,1.0271828898287574,1.1722307644292498,1.2332263720098529,1.2918237977795477,1.309467453115738,1.393197076691488,1.409952260507177,1.4324064565597656,1.4951281706796593,1.43901661657586,1.5320004904087632,1.5127274766602916,1.4363625243878126,1.2025079378739087,1.4192431286724096,1.3364011644822023,1.2872503917782443,0.919211253046201,0.9866258207920989,0.9226081430402696,0.8094712219309564,0.822540126592523,0.4952176304878012,0.23803318489521808,0.19546255446124508
9.04,0.138556648204461,0.23236825867929664,0.3755315505026822,0.558022269792862,0.7079022336684732,0.8538732665486397,0.8698360139044922,0.9813632819589341,1.1586795857170062,1.2595442392550762,1.3628195301895139,1.3849487498849646,1.4430194113464376,1.4693811439506739,1.4919704903818392,1.5563580954739056,1.497043833354718,1.5057263775998566,1.4765619109669563,1.5263901292062334,1.2219616286232953,1.3707453363891218,1.3692441171898089,1.2297488421344884,0.9371385659765296,1.004541875982246,0.8590911781543376,0.7510413816925969,0.8074504957142243,0.4707920084405911,0.2900984487649443,0.23866817373976418
9.05,0.10257741190038552,0.3103822661372617,0.36010979149305855,0.589222108674098,0.6634093318462612,0.8188856474111269,0.9012729838352035,1.004528339685595,1.1290702020268502,1.2254602137849075,1.328750746499447,1.4575046528730309,1.4268265139999066,1.446672945791953,1.4426715936008623,1.4737197519152834,1.4318940879261777,1.484156752411804,1.4953078989047859,1.4719047492002952,1.3024989720624918,1.4706095892472606,1.3341764304086505,1.246080506580617,0.9906489110075476,1.0247919350588377,0.9435127957942986,0.8137521205973861,0.8015008387493974,0.4679868076342469,0.294958828700422,0.2505603298490404
9.059999999999999,0.11339492480373518,0.26266874446495436,0.29067153826286846,0.6483114326453315,0.7260145284107613,0.8495483572335649,0.8792025115011052,0.9996075317498088,1.1624972480540248,1.2378188381722044,1.3269973117668106,1.3789899907327285,1.395623341915565,1.400582984980295,1.5264775978196072,1.5330060834088477,1.4028578601332435,1.5469916785324647,1.4858448065433967,1.4558058487727512,1.2996671822037336,1.393765363815132,1.3978580538502383,1.2120418169210931,0.9646454297938348,0.9692064019533497,0.9211411744707471,0.8072309755857533,0.8278218787047059,0.47771507487812026,0.2910785645248693,0.28206170325186297
9.07,0.16625796718935532,0.2853034998474207,0.319274776975784,0.6224448281019621,0.6331871358200256,0.8454227556813866,0.8824467766215794,0.9937918289434082,1.073098243645844,1.2540659150413276,1.3696585432236712,1.3673081128978617,1.435427689141436,1.4438001513747094,1.4363496580829376,1.532458495010318,1.492821016413835,1.5466985124344228,1.4535218204198566,1.476736583423182,1.2565722757592261,1.4209201511524612,1.4015009019613724,1.2219256321748915,1.0533592812293715,0.9340699715821186,0.8519203035635678,0.7728525741958334,0.7937926049637045,0.45745707791499113,0.3618096913581847,0.3085187892574219
9.080000000000002,0.1222029452136732,0.264569405588533,0.3659624340934545,0.6403522942323088,0.702279481335959,0.8757996016772327,0.8924503648024938,1.0869697521352142,1.1676367084154915,1.2825608020875772,1.3926046613941274,1.292919936753784,1.4000862651096537,1.4309073010576467,1.4864007211065868,1.4439912188280415,1.4833897222905472,1.4674884391441254,1.5432019018287317,1.5400200576639935,1.337473882208654,1.3924999417252286,1.4610461086106714,1.2114130960971576,1.1039973038610371,0.986398163761916,0.8531420976257179,0.7253522684873038,0.76419848889495,0.4373776734083083,0.316476009145487,0.2744801586464431
9.09,0.12431338668207637,0.2897058939605525,0.2956858012755759,0.6648454416405822,0.6902873087785238,0.8727094915425644,0.9143455778152476,1.0471159578761988,1.1326465124120146,1.2361116289575933,1.3709674049874165,1.4056613122312034,1.4097683492313053,1.4132399235798034,1.3786806611001095,1.4477243363862227,1.4399631311610988,1.4880360667893737,1.4748261163555847,1.4096152449855681,1.385197875649273,1.3807759264115365,1.47007015698591,1.1468714669726756,1.1263720318523183,0.9406001900885612,0.7878967630960184,0.741669518587831,0.7765951710376888,0.3841484223066358,0.34944834709438694,0.20907536568094634
9.100000000000001,0.15820144583613685,0.29325606806850574,0.3375327611937493,0.6389571129490419,0.6967300436440697,0.9102089489184249,0.8580895732454528,1.0819322240337759,1.117216355189734,1.2466854015029274,1.372469417535493,1.3630825791300463,1.3981923095000517,1.3808708063840027,1.3898315593409085,1.4963341139896538,1.4122740180440194,1.5295321386939813,1.4794249552303855,1.3635568273179612,1.377133272183245,1.3392569726744639,1.4443775439768882,1.1500479726381783,1.1249129803690088,0.9130541025043903,0.7972950842448382,0.6736396266047421,0.6910221020809784,0.3470546317007108,0.36079656869223786,0.28257145340681916
9.11,0.17035807260543043,0.3515281892305423,0.35722286841328305,0.6426826880361853,0.6382883436918805,0.7658749379428352,0.9098114200104466,1.0725981830453544,1.1343531851014659,1.1813888076963068,1.2420096503061075,1.3404649856430195,1.414724265239661,1.4718476453999683,1.4656578989642575,1.5197725741403507,1.4940327458846812,1.5315172081116786,1.4386679743196316,1.4324894731851059,1.398339345215692,1.3801335676584146,1.5116107546647866,1.1642746371620125,1.139171362476984,0.8035414562393343,0.7859497611443214,0.6603011443314495,0.6730928123268607,0.35387951944067464,0.4057436465362062,0.25207725263545844
9.120000000000001,0.18125027493732088,0.3720204328611811,0.3382461493832349,0.6494518594633515,0.6633131492014227,0.913965780637349,0.8949019863003679,1.060057066162304,1.1398576790017687,1.280481389757206,1.3110904288905394,1.41959441889292,1.4031257887355926,1.4654854994156483,1.437753141533207,1.4744077960623607,1.3938197027522614,1.5253955358199913,1.4805806805340507,1.4266162981863761,1.3849903806464328,1.356225042417576,1.533086341813564,1.1210654840267806,1.1533843110711688,0.8531587154406011,0.6999347605011236,0.633703003100036,0.6816196669638541,0.3459663727112771,0.3532933229336439,0.22717168530028597
9.129999999999999,0.2974205543344948,0.3332415660011689,0.31533439745113984,0.7056186620654624,0.6577332710642867,0.8715635708399618,0.8475040247202442,1.053482888573845,1.1368361491620538,1.1773224041533736,1.2680593904752364,1.3734295875495772,1.3884687186110696,1.4243462942540548,1.458485698973968,1.4722826253453698,1.5029196418124886,1.5052899766915393,1.4107528792597839,1.3846057501475482,1.4020694352826815,1.3124174456626285,1.4479351653329358,1.013793155204936,1.2333960200031975,0.8712900635667128,0.7221791314176363,0.556746537894104,0.6792131654190251,0.3217503785538362,0.3512531378203044,0.2660733195354088
9.14,0.24152370018101704,0.39944476756506553,0.3294726192711256,0.6534980455780334,0.6696823948263477,0.9108928075988829,0.8708446591847345,1.0873655458210327,1.0881679102237773,1.2467589342927214,1.2912349086831076,1.3573541520600374,1.4736245473218728,1.4534206333543578,1.499015548491745,1.4525814927019542,1.5433072349903285,1.5389049942545614,1.3917194296416175,1.4233561253485305,1.3829526143446642,1.3145621676849777,1.432153433032992,1.0728763763404263,1.243308895468125,0.8043610282305382,0.6798747200375707,0.5455307970376508,0.6472255651569971,0.2525365679051031,0.3763173491952089,0.22698180497603468
9.150000000000002,0.26243333733133173,0.43080512092638457,0.2918021674328444,0.6812504124921045,0.6409376838015701,0.9141596604922902,0.8506814751396041,1.0445400061111816,1.1236571178956063,1.2396436787417888,1.246643796713638,1.4184991506878672,1.3980421369127245,1.4580315422489556,1.4686865386587018,1.4934338867057007,1.513074547673681,1.6255582447095438,1.4264970819990463,1.412402661204095,1.4297321318924434,1.309224018532433,1.4513883015983842,1.0478247025458627,1.2924424962708625,0.7582846134221366,0.6207308943439329,0.5294472809360397,0.6584736106613703,0.23992832745008538,0.4386709389196653,0.2680346764703157
9.16,0.2856574447142744,0.41481733760546585,0.2559158541169903,0.7112010796286423,0.6253519590354015,0.8830450931647418,0.8729189634420914,1.0500376422304465,1.0990679159067356,1.2164926299674652,1.3438180111668916,1.363433108484988,1.403836995681053,1.4071224677481726,1.52778863277703,1.497141519427119,1.5097127427475705,1.4953873691735302,1.4211883517832515,1.280212592828527,1.4755767822665389,1.2352095367346771,1.3931360905913048,1.0409971951152217,1.2327116072770599,0.740295744886361,0.6035326719042875,0.49440072487759656,0.6405438206566694,0.1628106666606754,0.5276539040363213,0.2663732473571928
9.170000000000002,0.3126992005277551,0.5036655581719495,0.38042032456879704,0.7099739177108785,0.656693007948944,0.953208322962782,0.886515059470882,1.0221190560546225,1.0479711620316414,1.1583806435936161,1.2970086389736555,1.3769821464907566,1.411409158562526,1.3972129254293202,1.4961501526294534,1.491498679654968,1.4581738065047802,1.5348966631329757,1.3613762028284266,1.3376379972001635,1.39519033620623,1.1491801956558596,1.38162868997323,1.053459501051431,1.1795213913264004,0.7263629768474873,0.567379181769198,0.49486587266698273,0.6588722243142141,0.1995239003777128,0.49921178432672564,0.25319443602894737
9.18,0.29868442891866825,0.516059787572154,0.3142061839216413,0.7449158704602346,0.6577891387762015,0.9398594342277805,0.8913433748988127,1.0741093424260693,1.132594502238263,1.1978277538726823,1.3023640832661438,1.3806633171297262,1.4128017352629731,1.442337672557409,1.4935706314290167,1.4921647393407025,1.508776954917788,1.5532112078480718,1.345352841751988,1.3271353698335087,1.3987455596022018,1.2089172276711748,1.3833199180067717,0.9776649507952887,1.2570778633141722,0.6184152905562641,0.48406402182127056,0.4165101111520034,0.6887204204619851,0.17879962952293835,0.5285844370111038,0.3437795919942917
9.190000000000001,0.3064878369963108,0.5188916659535621,0.2816559696303618,0.7909878048949052,0.6003822953739812,0.8480927978160733,0.9190567493240209,1.0369489066841873,1.101046346308001,1.1902172393614947,1.2673075338827768,1.3268226739623108,1.4410169078828854,1.4569718166110992,1.4731298351889577,1.4896738969285466,1.5218427262283787,1.4725954832528834,1.3233984724650167,1.2667988229299867,1.3920075432469392,1.1940960012468436,1.3091285017462209,1.013474583083375,1.222361294816549,0.6942332317241388,0.5138165598499287,0.45286677882813225,0.6788833613613076,0.16132121077913683,0.46102076166412814,0.2613486854756721
9.2,0.3612758253842375,0.5471317479472769,0.26588098305331265,0.6830602455386338,0.6286012898694151,0.9103095869199567,0.9176494503281772,1.0501359796071768,1.093921686406148,1.2086283108605926,1.2575748419288155,1.3788321633150873,1.4784847222484192,1.4394011510457418,1.4964456191524838,1.4935963469941846,1.5561264540726985,1.5119745534848714,1.3258914061406295,1.2863597652190941,1.4701279582208433,1.1574602737682973,1.3098242922285492,1.022887751819883,1.1633645522203935,0.6708816138352046,0.5201285040114882,0.3824376742365697,0.6916326883240944,0.14520836802864345,0.45641416702092175,0.21738414151530563
9.21,0.2450276990584563,0.436580932942126,0.28365437569790874,0.6982568950762422,0.6440272925318165,0.9877688727556619,0.9682789725975031,1.0354981640288285,1.0953361182307033,1.2287294383169507,1.2761597625139123,1.3863568407942164,1.429629069690468,1.388460270754451,1.5048057567128112,1.4720153525652626,1.5358049955454676,1.531094724992031,1.3905162709027967,1.3099204405509737,1.419694211585597,1.1520141549913154,1.282365037261767,1.0455141152334193,1.2285343645263977,0.6388526712073045,0.4467993506979248,0.4081265701669403,0.6896545725190505,0.1230159661471233,0.4378916171029009,0.2188208446803909
9.219999999999999,0.2717737068379715,0.5006488633219304,0.28992791673608354,0.7205971279287539,0.539276184000235,0.8661385115131007,0.8863643943372271,1.0460991128258634,1.1214030038904985,1.1403309377223092,1.2861209231738417,1.3526523015083098,1.4106233275028488,1.4503959186721043,1.5223244350918095,1.4362625210297857,1.546798918887026,1.5081574576772703,1.3099578859580325,1.2950743574710568,1.46915376754177,1.0971588375066987,1.2188007012125612,1.0404977888974813,1.1680950539541342,0.6323300592963002,0.5000584094838808,0.4105555438127569,0.6904783752407903,0.21270102326225085,0.48433173050151834,0.15686669228358832
9.23,0.2601849011469065,0.5530440326321714,0.25712212350275504,0.7293977273787041,0.5423467820098523,0.897790730207921,0.9299092935578082,1.0378845890159225,1.1643615554984073,1.2748647201221512,1.3077252903180012,1.2808511653390582,1.3712753236070439,1.403452739113662,1.4459724544769539,1.4346860141149143,1.538732270143417,1.499521753996132,1.3416721928588582,1.2227952434106935,1.3932980120412297,1.0774535695824061,1.2229786269267398,1.0561754983939722,1.1499717318912792,0.6468260208901178,0.5665478398028174,0.4352945666942053,0.7326114925179387,0.21782512530414455,0.5769148079928644,0.2087412115451356
9.240000000000002,0.2705788903313697,0.49335142779561736,0.22948630037799383,0.7001328308238048,0.6354769527685831,0.8668559057198134,0.9381949067427837,1.063789881618151,1.1355608966334758,1.2435059033887919,1.3003444266558446,1.3459608314821574,1.4230219397728958,1.440967300534077,1.4793663538321604,1.4838205113465335,1.51379383149129,1.5066823940179432,1.3235156714381606,1.290677300023367,1.4687739215555276,1.1797314186478465,1.2115910007882076,1.0261032625375148,1.1814076216932625,0.6221003022692353,0.5085497259916024,0.48518012549677186,0.7710135218851134,0.20565414591310677,0.4860632211211355,0.07840132510588788
9.25,0.24567393911635727,0.522481817525058,0.2601475122403053,0.6549245777039407,0.5572344831965124,0.8618842051267559,0.9296259035761116,1.0063638479144459,1.137332441482016,1.211403854625125,1.2440575940485514,1.3609787240660274,1.4035301046674977,1.464824766313102,1.5043337794363971,1.4741657492662232,1.5536701120375354,1.433343001711852,1.3421469184810226,1.306871021128366,1.4656123594886403,1.144712662074657,1.207689234768024,1.0365123535522018,1.2186620112815894,0.7360805690205824,0.5180469448126759,0.4133549592565017,0.8019560110413536,0.22092210937113335,0.4679294577972452,0.12899934477299405
9.260000000000002,0.21009679713471474,0.4013473622122741,0.26199375499655114,0.6694439572223562,0.5636817349308666,0.9279285866702991,1.0146082366833977,1.035537318854329,1.1058270324623178,1.1582533431844568,1.2803179416492114,1.3172116483231444,1.3381007864417285,1.4391647966327084,1.556797524676895,1.5115268770384627,1.5418520538424012,1.4650686315227022,1.3314925810929703,1.289512791090788,1.4037151121307205,1.113493362807231,1.1132980563676254,1.03137971582654,1.1471481766486156,0.6782086775218165,0.5357025976932013,0.39986730912417295,0.7211193086605676,0.27143036046468094,0.4363040678521017,0.053366346676525664
9.27,0.18525814139076083,0.42297115246104683,0.2780937038183102,0.7090401929525254,0.5382215338801835,0.8970286894489755,1.0277321745824504,1.0578720344008743,1.124001392023136,1.1675630317198,1.1988315841341772,1.302028342408117,1.345639980593409,1.4227414780045753,1.5089039940409597,1.5030236282213163,1.5348568295000486,1.502014925941424,1.3227850123284937,1.332685562209887,1.44535065586804,1.2003073542050342,1.1483329050804902,1.0780646423216056,1.1921177174827877,0.7339670388249518,0.584689505899769,0.49078265850029273,0.7426252451331511,0.2624401485441371,0.4088835211990522,-0.03715237082079412
9.280000000000001,0.19134108194442562,0.4087989426769841,0.24305319598685515,0.6073351262746356,0.5903026635250822,0.8299417533171114,0.9713061091928021,1.049410356877529,1.1779877408221135,1.2423751806399348,1.3200181727259845,1.3561456154218374,1.3336725026792882,1.408801983531776,1.5096384508129257,1.4763828384810067,1.579395848231066,1.4152856266265919,1.3829533879114346,1.2871820103036797,1.4319121304289348,1.189723190562313,1.1039316947054625,1.0771735552989765,1.1865908665905203,0.7965564136264234,0.6118002856799847,0.46058121024495047,0.787659348965769,0.2363272125217677,0.34577845301211,-0.08841860460963669
9.29,0.1691378125217979,0.37534835513973264,0.28790182582696955,0.6500133305957059,0.5796587032103198,0.8761963387389263,1.009210134514745,1.0624217019258901,1.1375452948533542,1.223199550601081,1.3261978662272322,1.4003076706208453,1.4415571641101306,1.4525051369646322,1.4318072237886577,1.443861475760247,1.5607906103772649,1.4379908034923203,1.3559667953506265,1.3291655985026223,1.4999610606314357,1.1445731881917234,1.1190718317938098,1.06587420277233,1.1975268533961603,0.7486692492522731,0.6407285935010406,0.506394025066258,0.835430505084851,0.26739507420124314,0.35056616533420837,-0.07371213485768166
9.3,0.24797201260996307,0.3108462590635972,0.17826687322866652,0.6551781201999204,0.5462892344702552,0.8703580293323957,1.0040993336686037,0.9934172800535712,1.0521556442560067,1.2112263233043343,1.3268602489453514,1.358806529291356,1.4254098575450318,1.4320062253905503,1.4861108477528593,1.491304514680819,1.5598395883354623,1.4847980752425296,1.384215829138979,1.306833111969483,1.4694760100081898,1.21895459249839,1.1629635239317573,1.0472595678050984,1.0794658524501195,0.7623475641441364,0.5854121986014229,0.4639951371529153,0.7569507177158279,0.3074175071936244,0.2557021787317655,-0.08540545231053831
9.309999999999999,0.1920288939498947,0.28574525097713543,0.3300988139571515,0.6251898106550073,0.5718018131693702,0.8698472589273076,1.0175215282278294,1.0525848713904276,1.1027087353998282,1.184803756738411,1.2581366670920415,1.286117234793465,1.3712751452101613,1.430526170120757,1.5069979632311683,1.4713670263707683,1.536589986170894,1.4905208886779822,1.3410660828598442,1.3571975082338272,1.4712348015704544,1.233714394576828,1.19254505791093,1.1302118006266149,1.108056892804214,0.7907324056037596,0.7212333576835392,0.547780774367466,0.7192129957204451,0.30420957139984056,0.29686138027467385,-0.13832234072017746
9.32,0.21449812137533403,0.3011422411506109,0.31002050302563344,0.6254436373432687,0.6034219682518109,0.9051548442170789,1.0091483170827065,1.077613469425373,1.1407557231131664,1.172633525847637,1.3115166214494678,1.3983268773966393,1.3733393892600914,1.4452555201462889,1.4810736031338294,1.5203671872893518,1.583791153475305,1.4724393914469363,1.4092676335260272,1.3694144196483429,1.4158586982482957,1.1935597883176419,1.101145442666751,1.0682916352038416,1.1082969869532473,0.8803948374504044,0.6642455369765906,0.6417156530467532,0.7559994737199999,0.28534567040091674,0.22664654266735612,-0.10439774305552361
9.330000000000002,0.1549704720571537,0.3182445387872891,0.3469622367845374,0.578611732830223,0.6500467927714437,0.9007446015727778,1.0451231597764075,1.0566018952582203,1.1688846033169074,1.2509804362037906,1.2598309106265186,1.3357994982633077,1.3662548413874502,1.4233666596523642,1.542649029182304,1.5255775394545346,1.5738904223190666,1.42336439889209,1.4037556160419993,1.3447677957631414,1.4294367863806607,1.1740166579101732,1.149518961855651,1.0619646700297611,1.1114077886388034,0.8589052671798257,0.6782317841433863,0.5751732346542171,0.7282469492643596,0.3199554260448539,0.19534821764103957,-0.17338452695096998
9.34,0.2216670760103633,0.28000490662275124,0.42319213817818296,0.6910714112544536,0.6481190140652857,0.911899211253199,1.0490732977772719,1.0446619274510573,1.1513742221370875,1.2284487284283023,1.3596504146315944,1.3845810564651355,1.4312324385716662,1.473102752795298,1.48255210319235,1.5069809433320152,1.5834156416011327,1.438621243701709,1.373123711038421,1.3875557022410492,1.4526075595395376,1.2348021923489245,1.1337242773032143,1.018953119114609,1.0980417348075961,0.8816682152659149,0.6420275353381728,0.5805319454838238,0.6553849235389407,0.26031233549537847,0.11420806852281289,-0.2030952592969701
9.350000000000001,0.23750461070311252,0.2572096421905477,0.35756838653439466,0.6612239483425385,0.6671838380229914,0.8686448447991746,1.1076471786119457,1.12434805518413,1.1519543875310438,1.1804514796952525,1.2918852046505436,1.3288935707482663,1.4448417791176,1.534630920396408,1.5156628215089156,1.5137590864059796,1.5641386420352161,1.4115405047608587,1.4193468529872697,1.398861313821616,1.3970315054638758,1.2104393869770322,1.0999693217574429,1.0725694204698208,1.0290035978426466,0.8579537517598318,0.712972477709049,0.6175740407480715,0.5910071719854836,0.2792144616535783,0.11381654277909994,-0.20072724177517212
9.36,0.2134666258089753,0.30319230966116917,0.3912620757831896,0.62794686248721,0.6446077486353496,0.9486326715114457,1.0604464450257558,1.1463445077984666,1.1536603298149157,1.2749866168104858,1.3129909397002448,1.378956497044941,1.4223987241159874,1.4766247606304457,1.4862128657569793,1.540481283692405,1.5208075023213112,1.4193869750265549,1.4079548392629786,1.3935363683960669,1.4124509394406546,1.203001654628585,1.1469339605938187,1.042840701170189,1.019360455033686,0.832578575480899,0.6954043121275635,0.5895976745916444,0.5846893350925261,0.3332864463101514,0.13073943487760203,-0.1821054652842552
9.370000000000001,0.2582059570354358,0.2820891154283178,0.36964014911815546,0.6253866332327652,0.6978914924196318,0.9335411339011916,1.063813994715009,1.1524755870566938,1.2199809092595084,1.2495706034924183,1.3032201039811147,1.3781035557676198,1.4337455765902105,1.4511802133732772,1.5184450585614067,1.4860457391450184,1.605060242325493,1.356515720555956,1.3884727688329437,1.322032036356998,1.400600052685358,1.2507879528706922,1.1260926177709796,1.0622845493766309,1.0179982024610608,0.888718098062304,0.7521446500773475,0.6118439965575817,0.5359354895524981,0.22695297197655978,0.08503910461388431,-0.20657106493116212
9.379999999999999,0.2756164475632556,0.26803080892497677,0.3821422136727529,0.6499981189933227,0.6932349475814846,0.9800650905551297,1.0951606837965588,1.1155049966478934,1.1577846781900385,1.287574706081266,1.3214089065607757,1.3627432361431395,1.4016408688470674,1.4426318523268222,1.5220169032951087,1.5666943628159358,1.5594848411630537,1.4341689669034796,1.3899939625730362,1.4132897208762962,1.4126048554275599,1.2485251761728287,1.1402744142315004,1.0188938929805536,0.991187324843313,0.867802386607482,0.7304032111170775,0.62477979732923,0.5773317250932377,0.2099264844929756,0.021975527185434062,-0.11878748160185243
9.39,0.2999207949065883,0.3413241831073397,0.5004193709032443,0.6361960223092451,0.7353037967030341,0.9388869181471134,1.069660418031878,1.1229612445221155,1.1744748710410513,1.2270841915199704,1.2498379292141677,1.3725906327775896,1.4571469535069077,1.4759939284605346,1.5093745583080522,1.509572391393556,1.4518453155183715,1.4079100759088325,1.4163312970187685,1.4376914752864993,1.3614102793524623,1.2739154957086984,1.1251839904809235,1.0104243223578737,0.9498809800878469,0.8569519858533999,0.7531393756856006,0.6618658965280771,0.5172779946599214,0.23512061760941153,0.08660553166433058,-0.09966822075973952
9.400000000000002,0.3333709809937539,0.35062246494877375,0.46252789591882226,0.6466503953644821,0.6936438821140934,1.0104886990604427,1.1162124070615773,1.1266825927001656,1.1620150834196379,1.2213711237209854,1.3018410546310129,1.3571404198215875,1.4212158908354535,1.4885822955912191,1.4317880620664218,1.5295079223018873,1.4691478751808604,1.384696253052507,1.434334313502837,1.3975601695014925,1.37789593517296,1.2986547843140692,1.0273950061697172,0.9210983570061458,0.9514040006716417,0.880839509051224,0.7683406450777206,0.6714291091911849,0.5557098213794144,0.2153095450629339,0.07596620245328559,-0.09293060477074178
9.41,0.3993200924477868,0.34323224698176963,0.42831256973898013,0.720329392709922,0.720962554210647,1.0569942416451796,1.1022869449240245,1.1796492217314936,1.2142981935599007,1.2828115527417605,1.2877130084982946,1.3801303603968096,1.4083317111235119,1.4955865420289656,1.482610232419262,1.5040550562344988,1.5331969600028097,1.4205978434893927,1.4178092856065152,1.4336935304507166,1.324519533636769,1.2815157492069478,1.1736169455412784,0.9899374301715701,0.9579098038100767,0.8853296270385735,0.8156159959000271,0.6778015866218143,0.51409862047413,0.2567143881106183,0.06088623215697348,-0.020588236740659994
9.420000000000002,0.43320563846826615,0.3350202060706683,0.5111068030317757,0.6814529387803441,0.6605052533360413,0.9872095191669094,1.0681833605190447,1.1198241283920425,1.1264383376479539,1.2528786469852038,1.3196157054639175,1.3661669626897384,1.3640252450642054,1.4242866555452465,1.460476428749345,1.5262400206224709,1.4883228754295785,1.387673891947696,1.451180706760429,1.416742448628024,1.3399297230975724,1.2913890327213342,1.0948876446710334,1.0098301368748321,0.9873321912305946,0.8945844936183138,0.770408217863684,0.6075358587001762,0.5478899564232915,0.2347963018916546,0.08219358544295051,-0.0685270814370986
9.43,0.4166750722984582,0.3584170402834538,0.3968806713625349,0.6915773798016179,0.7862738406039805,1.013857916016732,1.0413050368348908,1.1601746299896671,1.1949393759328297,1.2890801690253126,1.3439303791019444,1.3251567527823245,1.4548009948099168,1.4580044544582877,1.4539617916109433,1.5447448826830459,1.4951531704049768,1.4654269256134542,1.4604402762048196,1.4170016560956669,1.3180088180037954,1.2839334506399052,1.1280535506403218,0.923592892270008,0.9047326073711386,0.8617716946805147,0.8276819298591541,0.6657769108700842,0.47327853171201906,0.14835631885511977,0.051159101841282695,0.011962808009083505
9.440000000000001,0.3783266455699314,0.317571007037949,0.42551839254006485,0.6917581329821294,0.7184473445923834,1.039849376026961,1.0732497203432336,1.1628771083025196,1.2640271961579694,1.2846048102090286,1.3118766594000177,1.3343546188541608,1.4231736857650021,1.5021353194703222,1.4407728167449592,1.4503584761838362,1.4379422025753248,1.4386945177016068,1.4397418731237235,1.444625237261799,1.3238213910230094,1.3081624779252623,1.136889935599931,0.9168045679884305,0.929491845693403,0.8792322950155288,0.8237345378719643,0.6731781811762759,0.5074753113802871,0.22493763328520355,0.05679779231780851,0.023528438991561373
9.45,0.41054261942758546,0.362828082886281,0.409106056912189,0.6600226460068075,0.7122269179020065,0.9860022636128492,1.0477055214373225,1.1112230356596549,1.1618980268899113,1.236994957315177,1.3535934473302562,1.3463752035856476,1.4701583871379416,1.486041781301958,1.3915786148249079,1.500748748597928,1.4528320874947354,1.4571590707475812,1.3948206759850479,1.4122927088860882,1.3203490466876493,1.2294683638144108,1.1759556528558386,0.9731402328676694,0.9527027531842515,0.9180629703537314,0.8589745112501297,0.6729467735659499,0.4475588941006371,0.1804364541520176,0.09723783121908233,0.06896870869540894
9.46,0.33801418850857295,0.32256905303098615,0.37602284332358443,0.6560423186882761,0.644207678228528,0.9490303941815762,1.0454410772745082,1.105480574506318,1.1531143157351196,1.2451249033154104,1.3327325534123136,1.4355141237437947,1.4763830137262541,1.492465258576171,1.4608221975714382,1.546772246713897,1.504114572569052,1.4646951767995862,1.4489850581380181,1.4077625418542332,1.3986700086673756,1.3552216638010492,1.1304060684593678,0.9788405026092472,0.8708000292099658,0.8962900181243472,0.8416848669480665,0.7353757969098953,0.5280360896978373,0.2569321096716375,0.10820708591359825,0.1466130236825784
9.469999999999999,0.3424841300298272,0.3713560748514882,0.4207583101080206,0.6635744805007449,0.6959639053095827,0.9910472809476868,1.046007215023956,1.1969928518123305,1.20422825476382,1.2583233983257824,1.3142956402946158,1.3295228380113606,1.450990808111959,1.4475790162850657,1.4980306711430196,1.4841742255445323,1.4731021807041025,1.4558765290913025,1.4636827536208123,1.4287108668768893,1.3435456680765183,1.2974377451999919,1.1366000275375463,1.0372570627059494,0.9411586603116213,0.9003460757386582,0.8503946145992584,0.755742754630688,0.5809037289336391,0.25983234390146276,0.10285571368777974,0.17016575599680964
9.48,0.3698346875515043,0.3523365778125202,0.4083291712305087,0.6844199773244828,0.7720551482005942,1.0249318749206173,1.0459482622392162,1.1594872609442934,1.1749653885890061,1.2612586886989423,1.333455097435521,1.414381511367962,1.4191868866874477,1.4343606973505436,1.4505629759367298,1.5306901668633834,1.4048501320201208,1.4207944204493739,1.4670890563129466,1.4451886705004557,1.3039208304701975,1.2905116020902507,1.1650205403541907,0.9655383010365122,0.9516678779964285,0.88545730266263,0.880488312155304,0.8058707230793094,0.48973229878402386,0.24391372975064862,0.12274614162464063,0.2004749448296575
9.490000000000002,0.37818065521925476,0.3407023726542591,0.41582708626447645,0.6676883612355331,0.6603599725876917,1.0191427411886158,1.0335874949932093,1.110933305736782,1.1509178602062629,1.2453783561591838,1.338255792157688,1.3832929236311151,1.4557273275563443,1.4453684539551848,1.482489608082819,1.5256226400617607,1.5245809919515847,1.4918686532290049,1.5090447242208422,1.4705971783288798,1.3377828814120458,1.326492210159256,1.253853794973359,0.991991912406301,0.9809799192985788,1.0156811065730684,0.8868435688829356,0.7221349770445566,0.47477046293558556,0.22862385388486114,0.13071408506386323,0.2772609438180389
9.5,0.3303584135162523,0.29965202150609266,0.36665823608798637,0.6588615782484907,0.730896764057264,0.9890391988374132,0.9985428921712625,1.1321499414443295,1.1704873831750202,1.223386170881079,1.2592688677829114,1.3869465276459365,1.3688331251208445,1.4479231058557023,1.4066559773434708,1.5231660453387443,1.4582499598223466,1.4910980470529724,1.4351611310734267,1.441455784626967,1.3799081221036256,1.3176865086861251,1.219356440110195,1.0078885200446943,1.0068448712543854,0.9461732428144767,0.9137266749137213,0.77866903169784,0.5011841145353462,0.21935960075988828,0.1463531886237358,0.24762193030950522
9.510000000000002,0.34056314790992975,0.3409671509044414,0.4008512357873192,0.6564178958374185,0.7240272970126193,0.9742310362117612,0.9763123669986676,1.1331244626562855,1.1482264516658889,1.2626593537501307,1.319369882189565,1.3862491065279539,1.374392616216676,1.4785335583355035,1.4600128996086843,1.4983723567469422,1.4304692130651115,1.4960917509200837,1.4535459365401546,1.4354287508223675,1.3138027724739152,1.3581379884647502,1.2221167583056072,0.9720223655108062,1.0646352998177635,0.9879283526207631,0.8521610964196987,0.6904393961466192,0.4853682656916321,0.26885131992208733,0.14740273246318802,0.28711768035541607
9.52,0.2826023260587036,0.24078541994720448,0.3712496676749302,0.6727186980297767,0.6886160518011919,1.0008565405265726,1.0324660775133814,1.1476667135038274,1.2210069128157919,1.3236832698850411,1.3298024911960042,1.3554701226863533,1.4540801500745393,1.4323316781041167,1.4224498080714691,1.4765416474624866,1.449199766808192,1.478177816606137,1.4273673235464377,1.4345395813985613,1.3404217475328828,1.341755386611916,1.2439114195438639,1.035592335549994,0.988008081668836,0.9281959680296856,0.8411370199343162,0.7476978454157053,0.49143327914910284,0.2128772935783567,0.1508067842408335,0.2329559569034638
9.530000000000001,0.3151292917961958,0.320063259816579,0.4250180124863935,0.581898317893377,0.7022908111826172,0.9737957490965408,0.9653297195979044,1.1162162712849435,1.2068879125182368,1.2516441792635205,1.2985447999908801,1.3470046536894422,1.4100270444033132,1.3988843796382047,1.4846652953230757,1.503101641586884,1.4754929462601427,1.532710213332358,1.483785975280608,1.4818813334806877,1.2982161113243056,1.444967065463307,1.198346602524792,1.0108770156509177,0.9998211068849046,0.9404326994392986,0.89586236347137,0.7624262571196423,0.48374676530690575,0.2460106126881159,0.13633440528741317,0.30235846100892544
9.54,0.30296875051973116,0.22607562018090144,0.38884636059874295,0.5834947747648694,0.6849483313249898,0.8862283549952849,1.0208079580901641,1.1285967822988594,1.2443187125631765,1.2572620837325874,1.331347546049115,1.3689331675801124,1.3960500297378924,1.4502352833866012,1.4698394176577447,1.5316677722929386,1.47414365947443,1.5471126988482198,1.465167001008555,1.4784645863028139,1.3289086793518112,1.3457679012235244,1.3040177262610664,1.0313038294019767,0.9726644706602893,0.963385210035018,0.8441672258758379,0.8130743705484779,0.5154563167241568,0.29797208751084536,0.126683712022993,0.30124131367109896
9.55,0.2629951727332949,0.26044116580526394,0.41177350735192053,0.5637190613889409,0.7204474600702987,0.8968700735651134,0.9755241910482642,1.0881827318831876,1.196296483422405,1.241367040102637,1.3504554064289302,1.3611416986403404,1.4145627277823318,1.4937898954517492,1.490482106572008,1.4961068526951802,1.4515107929267046,1.6028751705063926,1.5130227896281727,1.4645138508583369,1.3428430029374085,1.3399166107747469,1.2382540698537698,0.9774235393259851,1.0056169081911597,0.9523491617475727,0.9224820700730642,0.7772427045699918,0.492871051961981,0.24002173065428514,0.19227805948351914,0.2942554783261904
9.559999999999999,0.29378342179079997,0.19399140932409892,0.42046198846044247,0.5332230748725489,0.8019792898624934,0.9643458722861528,0.9952970855748576,1.122674899816692,1.2626122456434425,1.3197547453534357,1.3116865100879573,1.3405754040427298,1.446208481136514,1.457517004071165,1.4570668407181913,1.4561508542456267,1.4347688393871396,1.598680994489553,1.5034843644724432,1.4717191836383816,1.324377908755217,1.37559579207363,1.2364146511978436,1.0039123585782,1.0202639624978138,0.9741115107551831,0.8929349712112219,0.7464124720233308,0.5015439315533796,0.21984310226850895,0.08505895587085158,0.26019060151581813
9.57,0.22603558605233198,0.17146786204252662,0.41952703120831447,0.5698372848345565,0.7459040852637109,0.9685042381111545,0.9979211249097475,1.1203784543492807,1.209747130377584,1.2836887628566056,1.2911852327384334,1.3682417178102733,1.4400471703838467,1.4870104665248394,1.5458931200560222,1.5050480893968472,1.4709589093502895,1.5390573521865314,1.5168995471523106,1.447249631797967,1.308027283540092,1.3612885367673704,1.2395753828727705,0.9597392532307074,0.9671900020787089,0.9479739505263302,0.8985711651633097,0.7727999413347929,0.49710969732220317,0.2916147719409514,0.145311044231038,0.2922873476727163
9.580000000000002,0.23189876627788356,0.16341409436011323,0.5221302095206721,0.5494070073427108,0.8186022554413567,0.9027219685928722,0.9696458881153226,1.20255808760428,1.2646690251304897,1.334431198613962,1.3228731472040165,1.4180952964437563,1.4842034803738162,1.5127943248538376,1.5370048723661243,1.521006596972252,1.4385812492510859,1.5566682731775119,1.4347811568049393,1.5026974954318666,1.3064977499306825,1.3640389930121015,1.2633477991567563,1.0441505655722296,0.9782672077663466,1.0141005533798382,0.8622213568029155,0.8063935729873734,0.4899388861280296,0.2986568308086435,0.15463250625384548,0.24449778102575032
9.59,0.26407234521660605,0.1972875409397423,0.47885048473056774,0.5456251619687468,0.7987156970909113,0.9534858359194649,0.9475692980745413,1.1575150335115647,1.2034020322256767,1.3679891840979381,1.3747065363865496,1.3498470453008673,1.4399836933074288,1.4756525004777477,1.5176753840586428,1.5430536669695962,1.5006735498417958,1.6384952537905613,1.4731016307990006,1.479185595704724,1.3429357875131978,1.377993923578755,1.2970167089837217,1.0561862125175145,1.0082317948566915,0.9918358292607204,0.9286606003733272,0.7953095035192227,0.5105293851517159,0.308184355259702,0.15371861617263158,0.2909090020824614
9.600000000000001,0.17126363177575935,0.14116413634914665,0.49080798877761656,0.5443217123844747,0.8797851144287828,0.9399240804269631,0.9934950541163675,1.146770381099043,1.2463357598720635,1.349053544518063,1.3956056148621276,1.3971673246975276,1.4520637420907436,1.4850169864049287,1.5022605721770423,1.4617530426139485,1.4929324228584357,1.525700666677367,1.5222577194114681,1.4660181091152327,1.2868324795719834,1.3027179089224652,1.2807730089472111,1.078727619826241,1.0390752741098617,1.0352687454286622,0.9251656971454612,0.7879105844074492,0.48557316393884686,0.2844617402077061,0.21358270161482598,0.29158792081148194
9.61,0.2312984517768349,0.1608049506631219,0.5091627612224054,0.5210272781643299,0.8249081941657757,0.8888300171826963,0.9457176264650153,1.1315150957723703,1.2679745226043588,1.3420896116675785,1.3844712004785062,1.4070400504446863,1.4277798676025475,1.4508571147760874,1.5396749092996662,1.4544858088595638,1.512292746312017,1.583613984297512,1.4601647935374844,1.4628735090415925,1.3420559936789,1.3539142138148947,1.2446877740308193,1.0352054646993794,1.0578591941591649,1.0311845086440186,0.8919419056005242,0.7681007025896014,0.45133053241169413,0.34770487925854415,0.21038965497680606,0.2235279567657359
9.620000000000001,0.24801714619166387,0.17733339095902367,0.5414002292570375,0.5425799281267331,0.8667747873338726,0.9233716522707828,0.9081692969194429,1.1445096245345814,1.2558761053885195,1.3019863505307485,1.3943726034535284,1.4313482834441713,1.4656615735104959,1.5024516380150947,1.4956080106092626,1.5218617138958979,1.4647351601729959,1.5254292868831025,1.4725142247345953,1.4368586770890188,1.2960604058567735,1.349283498752172,1.2568710862101402,1.063019221745585,1.007300024284664,1.0155023580564577,0.9300507009287843,0.7974483782470538,0.4441229192165094,0.37629023192294625,0.2107043021048605,0.25633560814259987
9.629999999999999,0.23823155186322384,0.12298154956282567,0.5596034968622796,0.5480443093532269,0.8824114555799994,0.9590015730719303,0.9105689049837038,1.1260336338959656,1.2603619463254339,1.3037012875354397,1.3436224477402463,1.3468932585516284,1.519684923490855,1.4693924525345834,1.5063452832984117,1.5160282864894616,1.5601559261526146,1.523404703922289,1.4923144195733737,1.4332213443018438,1.3294574691068413,1.35795369241317,1.2966500900445168,1.1070907580835643,1.0863859208473183,0.9941857688664204,0.9778601497290133,0.824372821941733,0.45218823900464017,0.3863179741763035,0.23354127276536085,0.2063341565715265
9.64,0.21386839344874894,0.15548772373241265,0.6209395281150822,0.519862431665384,0.8382636865171472,0.9051054285512239,0.9174982398889131,1.0989926918954436,1.2667090307242046,1.3734393819836246,1.3606424325810464,1.4099525454520982,1.4085847813795815,1.4320267828620368,1.453680419960852,1.4671520196998695,1.5554550652682577,1.536405739830401,1.4262810643938182,1.5205178088663716,1.2905278222674221,1.3357046543477136,1.276793534455725,1.1274926314918567,0.9919983818075755,1.0858683334457877,1.0084304049588482,0.8209576497189632,0.4025896984827665,0.3977137364953688,0.22834898431567774,0.1914388164494644
9.650000000000002,0.24955409644812152,0.05390008303195842,0.5938162897464804,0.4998947566046289,0.851256531676102,0.9132473411827742,0.9401382694835458,1.1002507120403577,1.22875898565344,1.3095800135893765,1.3377889475042166,1.3790890029563514,1.4782419013109742,1.5143285257932628,1.4841554868823799,1.4219248243378941,1.4951751571991405,1.5089879013807042,1.5219376898794168,1.5523690919565238,1.3798224550859275,1.4641088589324749,1.3063006491803404,1.108985252171333,1.042977935788046,1.0811982361921337,1.0270299965133283,0.8807876549455309,0.4893607541492496,0.40280242966007457,0.2676443388198455,0.2519504145973672
9.66,0.233138912202159,0.13055414010629227,0.5467799204177134,0.471621445412537,0.8947022126059647,1.001586434050177,0.9078125604583636,1.164836114654889,1.3167320134601983,1.2825076503958097,1.3406156104611908,1.3758092716292916,1.4970989485723991,1.4888153641707502,1.5222400553422282,1.5132257810221958,1.5072092393300225,1.515362101813258,1.5104941128497296,1.4472985066683761,1.3637334052645582,1.3586908982787211,1.3049493565040815,1.174665059282649,1.10424393600055,1.1260625615221125,1.0211748522309005,0.8754983867185612,0.4161177641003346,0.3950493756452452,0.3377968769336008,0.2773493075684246
9.670000000000002,0.20227745377616696,0.1681207879781506,0.589272224113795,0.47529200721495013,0.8503545002372797,0.9509743808249974,0.9035861075451905,1.114830606798902,1.2144525864362785,1.32383532196412,1.417607508319471,1.43167023587697,1.464105854850525,1.4824689342462745,1.5020921985146556,1.4802852138541314,1.471652229864498,1.4531931095719177,1.543844662992765,1.5325520317782284,1.3993387212199342,1.4257837652051886,1.3415349890512684,1.154931254800689,1.0718772400051932,1.1180447443716774,1.0486789275826247,0.9229860069549003,0.3791975385905988,0.4022418112198909,0.4104146297708318,0.25627791495278485
9.68,0.24629118336801625,0.12956403928839097,0.6028597587360187,0.547178220556795,0.9034714917578431,0.8875421513542332,0.9001840453103132,1.1127215752207835,1.1894404448858014,1.3342688732839239,1.3811743692121947,1.4066934945913852,1.4899756169707017,1.47232621906439,1.5160987226382805,1.4400039428425107,1.5673454028276326,1.4616778549576024,1.5568230214726408,1.5368183056775162,1.4435560820061222,1.4721113212645491,1.3719538266058033,1.1475699156669212,1.1281418194656687,1.1411217530713718,1.0728573718971872,0.8882612565193589,0.4317058348830565,0.4718325909767915,0.331520915500775,0.2432796784885029
9.690000000000001,0.23584822991131243,0.1496251026335222,0.6258308103096526,0.5178487814215637,0.9196858156931361,0.8979028165926716,0.9302608465440726,1.1179486574068778,1.2238851708978977,1.2730455733412362,1.3261793515470603,1.4089100631699107,1.4622828569907356,1.5284809186603125,1.576015023392257,1.494164963412177,1.551779400416037,1.4120509711466995,1.5847522860023813,1.5825950028366633,1.4486795218390704,1.4428588481887599,1.4070558041994654,1.213623612761314,1.2009948735945317,1.1380226061836742,1.0889667886676546,0.9026959301174283,0.38478772745325485,0.4942456468836448,0.43435191568575404,0.16928856815260585
9.7,0.18353970690107768,0.124802811388529,0.5785727349896482,0.5291956165589083,0.9027345505013491,0.9524045676076511,0.9323018366823793,1.1727566556666018,1.2343011924704712,1.2898155850051873,1.3508468950237291,1.4249541675796449,1.49295121869395,1.4370079970174638,1.5523529291454605,1.5006513509116048,1.496937119083577,1.397145322786539,1.5203777964244671,1.5256555707294182,1.471390863661349,1.510049770348279,1.4024743448353922,1.2197378819687932,1.1672425917870468,1.2273922880128054,1.1639284395997223,0.9944884024737647,0.44035027399210847,0.4940168884328055,0.3879906773021462,0.12327199158275974
9.71,0.22230936266962154,0.07274378947497245,0.5962556269841744,0.48883501119793504,0.8619703466742825,0.9128409549594562,0.9639211097086545,1.164477547899489,1.2344193132408923,1.276029161530564,1.3430921267258584,1.4053852795922253,1.4370347229410418,1.4385098410238057,1.5341575911125513,1.4785411374590598,1.5077813159493592,1.473185159089887,1.554870572224429,1.5522029783415894,1.5012200700114873,1.476882499732487,1.4024436155902715,1.2323341429524395,1.2158250550658236,1.2312532978836848,1.1669919238027469,1.0212182738376867,0.39854721052198816,0.5138660105986266,0.3708957477896764,0.11411616154895776
9.719999999999999,0.15367253771842654,0.057870436347037035,0.5893966645185564,0.5209632870378829,0.9672492240051865,0.9725779757019856,0.8964629177538918,1.1806371703614862,1.1762532542243813,1.2534410806197902,1.3542474819449468,1.4100920806301194,1.4338234913939933,1.4726301855275135,1.5196533389027318,1.4099676036983442,1.5716747880890742,1.428568565149024,1.5671122884380708,1.5289623141217794,1.5155932395898748,1.521865424771975,1.3800741742302507,1.229226869799264,1.226737654563889,1.237678563663395,1.1531748323531124,1.056590174097595,0.36887802271736864,0.47773816783071676,0.3858183833019527,0.05779035289116168
9.73,0.1809212626007852,0.10439873427688848,0.5684921697997756,0.540155410180406,0.8796793273459981,0.9683485190910214,0.9125217741397861,1.1108224785712766,1.2266922856016547,1.2757242041808046,1.3463110821143758,1.4435468425712599,1.4857370930742018,1.474006019268799,1.4573069315280198,1.4646065369909842,1.5069999469568116,1.4464971479068582,1.590172319585187,1.5425877390400002,1.5680815511645299,1.511620184631461,1.4662383896441165,1.233977097442509,1.320351389505412,1.279546795032065,1.246318904963602,0.9961482680899244,0.3623006155438239,0.5293368467609808,0.46114603413495703,0.06004624142489645
9.740000000000002,0.23203701021456902,0.0915120433770802,0.5282379097372656,0.47953571229463116,0.8536656167271228,0.9693533073343455,0.9071981304977835,1.2041334899530236,1.1509095058856198,1.3019816260233668,1.3443501862320861,1.3854236809950229,1.409588964148745,1.4776754562676158,1.5076185211108504,1.4869647770062744,1.5050747944660863,1.418924088577846,1.5835083772692127,1.5903414179247561,1.594711362579419,1.5235884197807557,1.4661697196315728,1.1952842241184192,1.300769794122366,1.2260560672431284,1.19907364497706,1.0832453050745647,0.35695485981428543,0.46931499948174743,0.40921114966900585,0.00022137030619079345
9.75,0.22811595255467504,0.1289306495470794,0.6693049758887228,0.4977937883685759,0.8725136164412303,0.9398615449633586,0.9030923403950272,1.1325693655578664,1.1239486835445422,1.2573331613187606,1.3813143709957705,1.4728341683488098,1.4212434163356136,1.4531243984882296,1.5205013703488925,1.502401221583162,1.508614931992044,1.4395543229883587,1.5002971626548127,1.5589047010408823,1.533635652519891,1.495256815774523,1.4699104504449794,1.207679400174214,1.3224603670373793,1.2566086730870258,1.1563429619770493,1.016718441701776,0.40934138856136715,0.5190358037068904,0.42337113354923617,0.01770840749478635
9.760000000000002,0.24686317672432584,0.09173954741710655,0.555289770435054,0.5068697098845193,0.8669975980837634,0.966250328915887,0.9320228933104457,1.1814686843136584,1.1769550173857029,1.2210727572802689,1.336174327028351,1.3944654092629092,1.452868108881555,1.4305480641872692,1.4749348580763062,1.4817649800298753,1.5241256450669554,1.4200030698881962,1.557042093159873,1.6514071769432,1.5859563625997735,1.5046330456224686,1.472620616547176,1.2282900625273485,1.3660676698246705,1.2543285087736704,1.1827336196678147,1.0364692476946908,0.3473799993852072,0.48175384511183345,0.4423315163665161,0.042888799033584814
9.77,0.17646318919612308,0.07319676366098393,0.544064258098168,0.48271853435575207,0.8121197985958588,0.8888720848041257,0.9343467504665781,1.165396516648591,1.1521980946059773,1.2475611512088658,1.3264910968351782,1.4241301065516632,1.449658251512448,1.4705070789068238,1.461365397776917,1.4945681584853128,1.5459801624347285,1.4608754866565778,1.5468755035773398,1.6106346498164472,1.579969173312045,1.5760075359206198,1.4617583995184384,1.1667173457240285,1.3293198380602114,1.2696096063828815,1.15393964116151,1.0028872651326992,0.2833924551886233,0.5082417475793719,0.40854191103514054,-0.04437198747302332
9.780000000000001,0.1772198306703597,0.10892885187803393,0.5576364014191554,0.48852815568347474,0.7783155717347001,0.9507079960191477,0.9677565451568745,1.2226473681776968,1.1631334214289049,1.2973189814193142,1.3112983437993142,1.385703785550696,1.3878229802259048,1.4355014532231634,1.5227999025859553,1.507877073746428,1.5792341978750322,1.3873805705783309,1.5707180955776976,1.5606323017855188,1.5482871480333764,1.4873230809513454,1.456928755341685,1.169667888247063,1.3509142264054725,1.2053467822165107,1.2094952826215237,0.9399261462284723,0.23326620181791075,0.4368657968365871,0.3867626105370555,-0.04408817955270104
9.79,0.19632269198935662,0.10924817036355128,0.5626528188337337,0.5326037040733242,0.7910024838613781,0.9186004587897445,0.9561469252588614,1.1649007815863581,1.1775091226983454,1.2125406608526264,1.354988119888411,1.3923762176596008,1.423082741129603,1.4338595115626596,1.48483700430993,1.4867635355810223,1.4999371846167227,1.3911562334115675,1.5659692348749843,1.495715361260274,1.561447232199835,1.469722121239986,1.4173247148630934,1.1687511173971217,1.358211768816627,1.2156022495500944,1.1701585243296506,0.90510944962095,0.24020591713638897,0.5021521192319807,0.4096854378083753,-0.08148326216214152
9.8,0.25163373796718175,0.15596068440135763,0.5280124629241092,0.5278543457360664,0.7723971902987059,0.8941107358873093,0.9772784185186935,1.1581865094758146,1.1611873468420981,1.209460178273972,1.271201463273338,1.4018027238044808,1.4832398733129302,1.4984407558148471,1.4988175514233595,1.4897164486243426,1.5212799197396043,1.449023312266011,1.5654200981746338,1.5746646676186566,1.5356018477243911,1.4493776571198524,1.3807517575266384,1.174979677422181,1.378643491880482,1.2000083611919048,1.0827526255569275,0.8822105021274071,0.2848933442606619,0.41120955340821397,0.44614979353076134,-0.01337144948244736
9.809999999999999,0.18784111141902807,0.1424245145840637,0.6021337271634725,0.5455284951265271,0.8319903832238884,1.0119344551711311,1.034217480461903,1.133713995195377,1.1767873522470975,1.2607017693538636,1.3090669792726046,1.3661405506834583,1.455818167842082,1.4588993622091828,1.4716324584786435,1.5642031081813161,1.4991653576222044,1.481086592430924,1.5301471481907993,1.5006105589363863,1.5164381310141675,1.3810320273838697,1.3873389135756657,1.113453959387279,1.3123250339023498,1.1578584746753233,1.0182220755087044,0.8769401573857591,0.29572641256993254,0.43862216983028773,0.3889312004759358,-0.08082061408182008
9.82,0.27646647478903064,0.194337986203449,0.5500140893594485,0.5006747484367282,0.7496509191099323,0.9023512405060498,0.9933447116880071,1.125998338448749,1.171761959787357,1.22974426398157,1.3419085395869654,1.4039039064321945,1.4304534194172576,1.3861555852635534,1.4880411910136364,1.5375014038336503,1.499434737184632,1.479937503931192,1.5124557660033369,1.518432524721552,1.5366004758737997,1.4591418523067752,1.437080641798074,1.0619013796488657,1.302567867114267,1.19552544990798,1.041341423558816,0.8690004177039045,0.27979852616187245,0.40599387380937585,0.43314436827765246,-0.030018103652698053
9.830000000000002,0.22124059115860703,0.20565246269053875,0.531235167963196,0.5034633671005131,0.7461730177960838,0.918663261217043,1.0316379840405485,1.1428638950964793,1.1226948045704592,1.1977375774586818,1.3134362778325994,1.3615055167544017,1.440657635126335,1.4438470177675349,1.5350903549512254,1.5983426994033103,1.5404854356572169,1.483447641992242,1.5207818950350402,1.4952697056374502,1.4777934574503249,1.3890664678500302,1.3174746992305812,1.0883449257651003,1.2325640265613846,1.146873592592427,0.991243225890462,0.8610450994971649,0.2865000333298166,0.37597934008051265,0.4475184078104265,-0.048173627152354265
9.84,0.18134958792987607,0.2180924166349139,0.5542691444090717,0.5178590759874604,0.6733771739382158,0.9288352371232562,1.0600161239475012,1.1741197010866538,1.16328021264176,1.2376863580380801,1.3428702154090126,1.3711302133745855,1.4380419289683348,1.4689355161043245,1.5107682185576712,1.5014937993287065,1.4590213831490297,1.508177426804039,1.445165547910908,1.5003642563457655,1.4910575246375803,1.4062588152254316,1.32699052721012,1.109245145552814,1.2561165204996672,1.0660324938386032,0.9835249197163818,0.8894982999371731,0.37633921587703056,0.3594557749319836,0.38273524534520537,-0.01169330337730626
9.850000000000001,0.13989214078578283,0.21781062356897143,0.544407150573519,0.5524331290037926,0.7727779101605731,0.9408544065225585,1.0374154051155469,1.1434300170725704,1.1099105156339264,1.2273280874136732,1.3122214218163415,1.4001172829598894,1.4469122611014325,1.5034587021164632,1.522416131595888,1.5182691371796402,1.436020402187239,1.4459621548848711,1.4995840965701617,1.4704968882296727,1.5047741172797036,1.3849659682130373,1.2832035780412463,1.126962705199944,1.239052509925494,1.0405833132658093,0.9332144175712083,0.7800558539679102,0.39713614862134977,0.4118299184279507,0.3870626248431047,-0.05619152424042975
9.86,0.14748977288909518,0.21440663271866855,0.4742034418327513,0.5609244676321046,0.754810805151456,0.9024951824142078,1.00819997850484,1.1772679574844356,1.094804772265187,1.1990626941596036,1.2967302953166249,1.3338461667953898,1.4003044918671745,1.4079496191212058,1.4642913442594587,1.5024162480363157,1.4866542930068587,1.497646124974759,1.4880717289491352,1.4303175365762044,1.4751564263858408,1.3447983047641823,1.3045545122731204,1.1621741564619388,1.2258735168237218,1.1437655020547646,0.9142517207758367,0.7796902982957253,0.3595962803756963,0.4143835351830716,0.35302770669012773,-0.018160692075647883
9.870000000000001,0.1757574755581335,0.20443362064405762,0.4688554336837917,0.5349633460699563,0.6820770655639844,0.8504761222519324,1.0765664612561952,1.074330133637246,1.1175029476435143,1.2244112143118606,1.2494475161464325,1.410937556114558,1.423087166526611,1.4118889781793766,1.457093836993149,1.5929597156820337,1.5469552586677477,1.461905657560848,1.467653056970175,1.4982797765548659,1.5031126811222628,1.300756384697379,1.2284591460339416,1.1978150082567198,1.1725143957485074,1.097731632974672,0.9866855553713263,0.7981213212828185,0.4089435206863259,0.4689423365165938,0.36538862914178727,0.01340404702994205
9.879999999999999,0.14631098448624125,0.1221403534209933,0.4552959852912272,0.5129575573711666,0.6805173400531538,0.9217526476592386,1.0346010021649192,1.0903300515747796,1.086260459443763,1.1998067165087922,1.2504444250066493,1.3159844470673905,1.4498746685040866,1.4159608467556064,1.5054131856151112,1.5239591593068602,1.4319873311850264,1.4788062898254586,1.4115353601215015,1.4225036571189615,1.443094328787672,1.3377522779995614,1.2700344864451343,1.1281016551071836,1.1274089770288813,1.1236803715492065,0.9274785995296253,0.8124925280305598,0.3840051017553175,0.4474712606745608,0.39109593723547137,-0.025184495149644666
9.89,0.05646510985556605,0.18745248491317124,0.37401527239878135,0.4435190475716333,0.6682351082592545,0.884014956270205,1.109461881475781,1.098234980964635,1.099583060871476,1.2304344776046918,1.2195178315088968,1.3960255793784586,1.4299239866940803,1.4990514089971287,1.5014374498535275,1.5225236647385285,1.468925734692749,1.5091666622726472,1.4608139202227055,1.4063076453548125,1.3973623982485224,1.3233709907611202,1.2246061031529492,1.1559735879841144,1.0655456515457449,1.0489335447588837,0.9246332488574281,0.8155187094273021,0.497090065777862,0.4585620196993001,0.2840089330918774,0.03159990434743893
9.900000000000002,0.055631509103302196,0.21935378345273487,0.456393558617994,0.4572779963152222,0.6541638878809751,0.8532266427285841,1.0656354993078738,1.043003073611235,1.1138837470931133,1.1796320089229901,1.3203678977354039,1.4171300408444125,1.4623457435101608,1.4321925259787758,1.4782963206540103,1.5745579557514473,1.4680547067100265,1.4675708271211925,1.4728831393032238,1.4167842565289746,1.4273955212008544,1.3056133836675916,1.242628495718059,1.1847705907051045,1.1466966052170524,1.1275513171520597,0.9609950842236616,0.8621868645966769,0.4903891605532114,0.5160166894151094,0.2896298662890882,-0.035689805062760704
9.91,0.0513627140025257,0.14404728108068765,0.3601720639313148,0.4593124822924672,0.6542065424901524,0.7940800085956623,1.0534621846787808,1.0898098053009244,1.1011337011051219,1.2098859835398474,1.2832669709708537,1.3845312292624903,1.4010356487992484,1.4868616359569613,1.462909742270819,1.5353674099455812,1.4486342520199353,1.5168002149122044,1.4318562440827085,1.462867318563314,1.393177217920105,1.2843048276970628,1.210552549251073,1.2377197836304263,1.0846516940421946,1.061021671007794,0.956579414165406,0.8552522979255931,0.5424068133990616,0.5179692819149675,0.2904823387794058,0.05027164189007769
9.920000000000002,0.02990858505093935,0.09526971187348614,0.39979930782922424,0.4647304313652717,0.6084483259031079,0.8240991380904116,1.1072055110002754,1.141222792293916,1.110660076333579,1.1819607695224177,1.3056096351941389,1.3585808649558362,1.4514653833528663,1.4534136906385111,1.4796265465407104,1.5395086750894158,1.4935413845427281,1.5222968715384306,1.4320273322138644,1.4684178380113568,1.3638009600310748,1.2555666424172052,1.1637117868018105,1.2512111846723655,1.092274823869836,1.1416373090801792,0.9801509646270166,0.797708084165771,0.5451110382466617,0.6145760371972021,0.3195943363315777,0.046119154874207424
9.93,0.0030022621203772727,0.12733187217081965,0.3824653403848843,0.44521629905297777,0.57310412380437,0.7694721374629618,1.0519853732182878,1.0513810606564769,1.0916095496287812,1.2032511302951676,1.3194790986527107,1.393559571588304,1.4174244723990035,1.4840871998937044,1.5013974711083815,1.5408093119762223,1.4765328526932673,1.5401000225150965,1.4853860584354133,1.443706242822702,1.4166425839865864,1.3616212858580004,1.182277668242567,1.3073043102224275,1.0843173721920507,1.1591375278828024,1.014137187272867,0.8047740566593056,0.6230854777734385,0.6101311614024457,0.1934398231457677,-0.0004007974647795026
9.940000000000001,-0.0397873898735612,0.1491456790236479,0.34045469494723757,0.49763109172553177,0.6714290454664723,0.8197639267471626,1.0865273130143538,1.0262873213183712,1.1142956223037963,1.171181927711002,1.2617916371574507,1.4052629192079271,1.3868134726604957,1.4632272460304931,1.4492948249345519,1.4782964374623928,1.3847424891478162,1.4750658878022158,1.422256588700879,1.4038265582157405,1.4003131069393935,1.3046647629758779,1.139190549601147,1.3134744104762608,1.0487257041003808,1.1609622726441735,1.0127932010111045,0.8389927943386843,0.6088862692244057,0.562123430493222,0.08816251660831845,0.03687497782803404
9.95,-0.10045391706660388,0.052233596045454425,0.3853128077949502,0.4628765613752148,0.6187634197679643,0.7917575055402251,1.0802702012765681,1.0450386398773708,1.1219902843205867,1.2181869768737887,1.3315078509623572,1.4124941514670253,1.413345767680766,1.4207669818441238,1.4374459360817236,1.544138713230107,1.4755590776444873,1.5569383239674317,1.4752830519989506,1.4597713016268807,1.3038809863674323,1.3274039078769633,1.1995621954366174,1.2608787458310216,1.0312247162785424,1.155612841147307,1.0346863728432072,0.880237088304831,0.6421945546671338,0.6455225473539418,0.09189879125563527,0.03618060105852991
9.96,-0.015078052901776606,0.13774582501940352,0.39036019747653483,0.396270431657628,0.6036834718081205,0.7845251100694264,1.0478462427205313,1.059676153699397,1.1291187381351755,1.2385218146815924,1.3191738971678653,1.379567256870485,1.4121618974295358,1.47543950247883,1.4723755305420596,1.488166257382085,1.452011533424808,1.546346460706662,1.5171414760901727,1.4303345964602183,1.3505396059828703,1.289975428928068,1.1365459491621501,1.3156549096713455,1.033036476421162,1.196131714197787,1.000410300091454,0.8669022704760246,0.6383526087164593,0.6413293317698532,0.031053857714623267,0.03463389876789224
9.969999999999999,-0.07278002560382885,0.049640301090797506,0.36810777112180626,0.40075116793348026,0.6444059455755982,0.7952004500579346,1.0178641142773635,1.1073734183979376,1.1542423574978489,1.2607484795238324,1.2981320441691329,1.3430314646994745,1.4410420664131975,1.4727251779897952,1.513317458171451,1.4890619629995585,1.416077899950192,1.546812443576741,1.4783612774998212,1.4960068648389948,1.3740979522358359,1.3071935016740783,1.1643870005778343,1.2581195077542215,0.9898780459973153,1.1816500589450922,1.0804911895395404,0.9121550200441492,0.6427852112658196,0.6806590171596821,0.013671476749647046,0.08802341787644656
9.98,-0.06447286140044932,0.04365044183498905,0.40682112330826686,0.4002612276960521,0.6909717645425273,0.7717358619355973,1.0320812787449953,1.0589679809508656,1.1258289115752047,1.2723778042199148,1.3093741879404641,1.4197043424807954,1.421454984877324,1.4290822716200893,1.4386182496059152,1.552773455024372,1.465086875348308,1.5836692104855863,1.4307726056470187,1.4367006817654098,1.2707478827730458,1.298198198232839,1.164470889341284,1.2795840091964084,1.0034961057624998,1.179923849101511,1.0807998692014327,0.927333076658803,0.6631494612649528,0.7390713176613095,0.0021351094190864926,0.06034504983667118
9.990000000000002,-0.0969010732668329,0.01990162771468905,0.38175420293971607,0.40452684359527324,0.562507419318745,0.8060643743473899,1.024482852108634,1.0514542705791066,1.153691903178602,1.342324276691202,1.293673316479206,1.3902870980741757,1.4181006947248334,1.5287324101747488,1.546546951633718,1.5303186742521977,1.4547209356371238,1.578795168063809,1.528983533309814,1.4549439689007384,1.3114854968458434,1.2904022898594047,1.1862507794281172,1.3346023700708867,1.0395387911293426,1.2293791436056118,1.0236874264834925,0.9324774935157307,0.711475577932748,0.7285064974445508,-0.014253388904425148,0.09667259693057417
10.0,-0.058960020373595344,0.018054873581451372,0.3829037909794856,0.46223599702822205,0.6807500694905264,0.7964008101499626,1.0229462828058982,1.0458711696625227,1.1432266078504125,1.197188396555767,1.2873223889509458,1.3366437644001115,1.433622780550567,1.4822278600337877,1.4837383695975612,1.530546367268102,1.5245441023659767,1.5864816402126105,1.5007838737422985,1.4426054507560444,1.3383129377056773,1.3154133095529452,1.1750171018982396,1.3866874709766042,1.0335849732847366,1.208752703716869,1.0824978892760797,0.905179594893815,0.6350444122777141,0.7389657044281659,0.020967770142901087,0.10337950765299664
10.010000000000002,-0.10933337337088939,0.023670128447183022,0.3206305880821321,0.3270939997862131,0.6179769775419077,0.774477258535255,0.9927590422092589,1.0711565774847789,1.1800670036066232,1.2263000813564628,1.331231737841998,1.373859985110959,1.438379807686473,1.5226317473247468,1.4043443061480994,1.5190584748177691,1.5147426320611872,1.560065059603515,1.5092049360657824,1.4643450929352375,1.3626962654754056,1.3258509378625587,1.1475300514879647,1.3181662139815442,1.0079674711231923,1.214117830385043,1.0590155988440662,0.8619868537057976,0.6230957924870935,0.658036577524402,-0.0016858523354367806,0.11571272739372233
10.02,-0.07597427643463514,0.04369466240236873,0.392190790819645,0.4495854798457245,0.6559026937470992,0.8014911595397671,0.990478312999066,1.0690561305136772,1.1878603537199417,1.2772240010252371,1.315673787799213,1.3852987077860428,1.4279484904047783,1.4702459454252326,1.4867190799114323,1.5236964180234622,1.4435822282781232,1.5680694751259658,1.4483479622939204,1.4863936874351518,1.290290098267822,1.3014572486382858,1.1741014251113904,1.2467573940062722,0.9772169991258606,1.2014727467311492,0.9816116078059288,0.8752155041645463,0.6403800217544635,0.6182704847455465,-0.04610143013403119,0.1342094601781274
10.030000000000001,-0.03632052796229109,0.11304173229188952,0.3601268720043284,0.4391372400762072,0.6490586157693472,0.7629454502861572,1.0011040415872323,1.0627852340259623,1.2414967384188558,1.2808057614055341,1.2734647361500673,1.3306261373275883,1.4301473740846946,1.4260853779606593,1.4651010890150902,1.5125754487224707,1.5126347331939853,1.5065661939482446,1.4703134821992345,1.4800199759672426,1.3015889351848644,1.2734004600500302,1.1393264660224374,1.2573273850920208,0.9367495685073284,1.1183212513716347,0.9723797179937894,0.9139412980287518,0.6569062387244748,0.6300478177174941,-0.011039511271904319,0.17445457719950605
10.04,-0.06161800053371638,0.13339770424693914,0.3428565997735133,0.45123219694333566,0.663728424054374,0.7647527734546442,1.0250396475301968,1.1007153956792548,1.2342782229837415,1.2825260556929514,1.3272807291889432,1.3489646122171748,1.3849236586158016,1.4628084647584767,1.5199283626721034,1.5021365218766596,1.4679772829681847,1.5315590288026395,1.460699587783468,1.5060896174382141,1.3151450975328771,1.277381203663814,1.1300350293679746,1.2932636434958924,0.9424899497683876,1.1910488722092323,1.022571531787978,0.8386459387828497,0.6216371969013805,0.6077131993679882,0.014803543703661206,0.19892822169685118
10.05,0.06157648811299749,0.16474826992410785,0.3293180794207852,0.4562497286737386,0.6325928692856945,0.8316956038306031,0.9341904794664035,1.0575650957055807,1.2083102430669543,1.2820206020032956,1.2931975673700322,1.390870228572661,1.501077230682391,1.550501409721428,1.5529894953570142,1.528807014290395,1.459900231769794,1.5303978655002446,1.4862684854953923,1.4494058410728583,1.2898018976414405,1.2789310534774194,1.0942060850320527,1.2815713908725743,0.9530587259473899,1.1332848114240988,0.9898146493532791,0.8498694342406501,0.5767269160062792,0.6141821633848433,0.03785763172400146,0.23647329219714658
10.059999999999999,0.0742729428756356,0.15835486357172499,0.3850367387468392,0.5052417442221948,0.6787627109494053,0.7948674011940561,0.9300613506195852,1.0467266295859525,1.1826285768683054,1.256365552323586,1.3388298205246405,1.3916179507259512,1.4118041914778665,1.4484572657038803,1.5016225552398046,1.4608013588300155,1.4946653195693753,1.4565072552868823,1.4748767391030038,1.448075043051474,1.2437965004514426,1.2471685919194757,1.1320893279003443,1.284730610986684,0.9435843085902131,1.1332393842981736,0.9858812930195714,0.82114772752459,0.6465635025363875,0.6214053194035171,0.10655767412808746,0.22683499422316042
10.07,0.028604118773520714,0.18494684200980638,0.3860948073226359,0.5011615707001463,0.6379142139236773,0.7993055586470327,0.9197882149705844,1.068431335495826,1.2549290775128477,1.3039157165704105,1.3293283395102322,1.337647485930689,1.4203286357962193,1.4982448177135057,1.4961943281973609,1.48828340207304,1.4744541226068868,1.5006943177856353,1.5281132404850606,1.412430730893917,1.3031823620179375,1.2579941461172526,1.0957442840930367,1.268394130387521,0.9233887135471505,1.0954709223862567,1.0075523022359734,0.8669716628888449,0.6255742990981842,0.6809930390004145,0.10015035740665468,0.25027697295990153
10.080000000000002,0.021403559608356375,0.17375997987410186,0.2671163252777098,0.49764818660735666,0.7072055118803977,0.8027220910555577,0.8600233380471256,1.023425847625567,1.2272547241849667,1.3048839589942398,1.353154670810136,1.3459832850421996,1.470378965534485,1.475435061182205,1.4606035408601221,1.4876663540147168,1.5377318602019652,1.5328531283185858,1.4878447410719198,1.4533673987450726,1.2969622756492543,1.259597372045893,1.1008804719991412,1.2462740151167502,0.9301672248438078,1.1306419846757154,0.9355993847802677,0.8367814789802632,0.6559773148419087,0.6834907617013277,0.180910716407086,0.20846055821007142
10.09,0.03452389162996873,0.24306822959050486,0.38317087382032355,0.4957980724285555,0.6648096797308423,0.7848077243614686,0.8661287088597093,1.0262469245036345,1.2359484547415083,1.293602168251896,1.3798181042124147,1.3793099946528875,1.4326917456806931,1.5199627146721575,1.5541573808160294,1.5548202466875798,1.5011937850347665,1.439676968916531,1.454930762946304,1.4253402681742158,1.3129737221311046,1.2683327108664033,1.1533345772788495,1.3313773462112872,0.9057973770695922,1.0772323312495653,0.9650378863461797,0.7888969551744948,0.6169520611837568,0.5898246723404733,0.19655752113316205,0.29133470881869356
10.100000000000001,-0.0075321342665210095,0.18096467315813877,0.2852955090558342,0.4777574874773258,0.6960254244162349,0.8883112039147179,0.8785388275461278,1.0245346626597316,1.2212686471964318,1.3175010648532968,1.3635085160636147,1.3879566038868836,1.467886061826134,1.5122432823240066,1.5167751690022921,1.4723620067642265,1.4582260535934752,1.4790651681223674,1.4171842706989604,1.4470658822877627,1.3939913536144233,1.327372850189202,1.144667187657922,1.2859135830288315,0.9226783818780154,1.0989903125265352,0.974539148190134,0.7854727027125644,0.658811152339927,0.6432334724928271,0.29989609634724596,0.2287972473979428
10.11,0.05197119731641658,0.27991175770104915,0.2640409016880565,0.5883883364347838,0.692507416423347,0.7906460200046624,0.8294309982213721,1.037758398158911,1.2012343575485336,1.287194203319594,1.350523858758798,1.3471395903112224,1.3819124197357384,1.44924163069596,1.5115433590016287,1.4834608459623346,1.5067454726754745,1.4302873834983438,1.4523390373604166,1.4223900597582957,1.2726224355379103,1.2974114203301201,1.1656721934681793,1.2710962945061106,0.9393978398662655,1.0834285035184015,0.9448541182084251,0.7830421231524816,0.6383236309521223,0.617885107769348,0.3124635001208242,0.26415837500047396
10.120000000000001,-0.007531444824043665,0.2820406018283508,0.27840833173195856,0.5488826086484095,0.6562022294569838,0.7802822598455862,0.826464153458407,1.0495390033442724,1.1386188074376435,1.338237617394983,1.3517866176341697,1.356995624278829,1.4460446454285354,1.4684492723372198,1.5351671212651126,1.4520008401886138,1.5009283396446467,1.4507240836978883,1.4339319321721178,1.4133505614644222,1.2646569385427462,1.2260551617530149,1.1220320571958575,1.2688987956239643,0.9419728004535269,1.0866163090213337,0.8857600445346268,0.7808085062549872,0.6847367038138689,0.5583287669634756,0.3323731927321322,0.21505612536362034
10.129999999999999,-0.012072137828895213,0.25262618152519495,0.27694177422624044,0.5471942381019925,0.6722014978937962,0.7910860330076843,0.8485497281724825,1.0690348565435517,1.1985817349236887,1.3032654682075813,1.3358305087354303,1.3665586297873598,1.4172937428707213,1.4730763308528703,1.5673676370573644,1.4682815388419188,1.4416120826292294,1.4717860351702223,1.487609810073957,1.438857455829811,1.2875892416125883,1.2126027270986552,1.1122925179510734,1.2386100640119386,0.9404298211744966,1.0437665747577338,0.9162396821271414,0.7300756725255293,0.7130738049596423,0.5811913847058439,0.3681074014900704,0.2053017566177367
10.14,-0.02307472632765971,0.3053132995542561,0.29218376965524606,0.5391631919103071,0.6912718884848549,0.6847670627446864,0.7955583703637369,0.9974960340906504,1.218846110095894,1.3001640654623545,1.313136490260198,1.3393867294933424,1.4400944298751293,1.498596001609599,1.4915079571262075,1.48940804000998,1.455820743329679,1.41492528172122,1.476791865666685,1.4131817580415709,1.3124017148462788,1.2730067716230895,1.1009891593945806,1.2427680120041298,0.9783824114001505,1.1189898105394445,0.902350556280662,0.7342505372965278,0.7145469444795858,0.6341995970103629,0.45764356465949285,0.17542164084220208
10.150000000000002,-0.09078029317417849,0.25694874477172297,0.25431163207550733,0.5188005918360266,0.6236478262083949,0.7653174606037806,0.8388890200248013,1.0376923413148273,1.2373529253378905,1.2618365356891965,1.3214236505598491,1.3737666755729168,1.3979939012390488,1.4602909334964882,1.554995091917532,1.4794944940513226,1.5124661482111876,1.3788962868176413,1.364322397000645,1.3841326536057779,1.3115909183490742,1.2220387655971234,1.1242707990468008,1.3092177926122743,0.9858143493824878,1.0583772447689739,0.8919670325303165,0.82321795974863,0.773897328573635,0.6046623045774504,0.5065843027656126,0.18991398963442252
10.16,0.01652664286739709,0.29624780027292036,0.2686699847172659,0.5425239213268191,0.6536734708929715,0.7639303551367528,0.8224315191931935,1.0061664852428158,1.1933965091688932,1.2965988396931492,1.3345514888473395,1.3575315351049917,1.4348355954505128,1.453588840552479,1.5432464499240697,1.486286599777989,1.4738635410066458,1.42855478185167,1.4641749795442554,1.3988264798260013,1.269103877689705,1.2744767783044062,1.1582234550217343,1.3006305793491222,0.9414562224999659,1.0356973981267676,0.8736805535107572,0.7655801769365975,0.8001436721831717,0.6924141909420699,0.5116823561285704,0.14663954874268967
10.170000000000002,-0.08597274059394866,0.3027491942577392,0.2292756972225848,0.5119036468883759,0.6989293220829006,0.7542968710156001,0.8597696627091225,0.9994847400595881,1.2060319699747646,1.2971692762451545,1.3396224995789414,1.3454442388231387,1.3941659648308429,1.4873497261424486,1.542110469429912,1.5041307073915613,1.4876240789735307,1.3792664593114756,1.425547100807186,1.4015584905740677,1.2641487892388379,1.2443377690097124,1.1402258793240454,1.3273156834139574,0.9112256254495896,1.0211716581474442,0.8208039976131979,0.7286008999934135,0.7776914564957358,0.616940014663522,0.5342018415798717,0.1288428110583111
10.18,-0.13536072250451736,0.269865474044637,0.23778797457692344,0.4689696909396195,0.6831361957650639,0.7049668902611752,0.8961944819262484,0.9522276779996083,1.162358091629811,1.2731413750380771,1.3002578415683037,1.3634471402392427,1.4563682910346414,1.4085036639641886,1.550670490760888,1.4568208563605825,1.5557217226170343,1.4810392940339145,1.413709301329862,1.3397144669392416,1.2850496880051265,1.2309599606905863,1.1657635244134146,1.3028135776653198,0.9619925552835987,0.9548327010621432,0.8309530449895697,0.6903140371597764,0.767827542991641,0.5633655932275641,0.4980608375785665,0.03535506574626887
10.190000000000001,-0.017531874185813368,0.2501526686143352,0.21215343513110263,0.5304616159466208,0.7076028667246543,0.7492410703541036,0.931191842390921,0.9700382928627728,1.215998600023108,1.300046814697879,1.337469692062427,1.4167765340895042,1.4711969642322327,1.504510724748921,1.5196938179413557,1.4703535254647446,1.4929968143689898,1.4328395774324092,1.3767060728207088,1.3232318178073526,1.3198079077636056,1.2315796549071008,1.1023977521487673,1.2895360211273932,0.9475280301421377,0.9941467674854884,0.8255631562019792,0.7236599754309826,0.8358656685849218,0.6448430591303357,0.5449120190928708,0.03611944127053869
10.2,-0.052243009971803776,0.2208882066824946,0.26389570071299057,0.517667852056495,0.6818761240183839,0.7607392437218826,0.9213470867840654,0.9673350453581212,1.2106493386991308,1.253815299178718,1.3621492604402239,1.389126540134227,1.4636802864416902,1.4974381003254902,1.5147941169721384,1.4957611044875345,1.5122937869282804,1.4449344549775265,1.3850969948756744,1.3650459914591675,1.3179273131298368,1.1800575242290448,1.1259167420980085,1.2754521106246308,0.940944662709154,1.0013944161426465,0.7919784658009724,0.7058416361439105,0.8035353759645834,0.6232204545631793,0.4985366951256818,0.04562873719742348
10.21,-0.177895430364534,0.32220674884009154,0.28214546448151145,0.5037210496690543,0.7876727553608635,0.7098266619064254,0.912486683762697,0.9320882135880239,1.1841350410252287,1.3422340802892512,1.371893694004358,1.3926213223782993,1.5046553002872005,1.492962204169588,1.4692741070058084,1.510046421112621,1.5370510270977866,1.4733778239917856,1.3982820286962312,1.3258723724524217,1.2439360373560244,1.185973292521431,1.1520123234532114,1.352283513333327,0.9627168437868474,0.9362174378317004,0.8254064166061373,0.6693942952280201,0.7928995012194018,0.589746828067053,0.4744887103962556,-0.06752944616605035
10.219999999999999,-0.12903405573339188,0.23570411207513595,0.30966762113723684,0.4974925852782153,0.7226854298853286,0.6372930748391145,0.9487490279342926,0.9765624130124428,1.1800904927610996,1.18775555159894,1.32956434481218,1.3569663578890816,1.4002066208301565,1.4761426087125122,1.5267122508516853,1.4913103602958557,1.5801350372431582,1.4558821229065417,1.4068641978169907,1.3204069151197118,1.3234247749399697,1.185747567438523,1.0561122964738696,1.2385498503087413,0.9506476673500014,0.9369079355493075,0.7753335625724905,0.6532286146730657,0.7531611017265182,0.5396565013319344,0.464138872093574,-0.11782116953117529
10.23,-0.14010431523478276,0.2394100237684399,0.3390752122756759,0.5221507085778686,0.7564973990833344,0.7346912556281644,0.9589684676610581,0.9897592051214819,1.1664276067890174,1.3082048415690672,1.3747302701695219,1.3901143870912525,1.4744751990212424,1.4799460124241481,1.4994345236889928,1.4895647684040134,1.5302112340425005,1.4559905119098981,1.3794987027066863,1.3642423124501795,1.2553724609198618,1.137205491413006,1.0424082104219357,1.2877041300140797,0.9174389275257548,0.9904961316561737,0.7616049000076682,0.6868097086137578,0.7265889098701075,0.5863250149888132,0.4360009025277791,-0.12200621507780786
10.240000000000002,-0.12098161629728539,0.25939556731388885,0.32878596097681434,0.5688377048188078,0.8154423352409306,0.7317537907422464,1.0106101190542298,1.0027188230047233,1.1908494918083963,1.171983093115141,1.337762761171205,1.3385550511440951,1.4062320109338688,1.498044976629544,1.5110311342423315,1.4964771214652062,1.51332182473008,1.4902029785512407,1.3770238044236591,1.318576335503955,1.2838844512826457,1.1603451289993365,1.0732759496070619,1.2850420708481285,0.9710630804552188,0.9734565257292259,0.7843161923030854,0.6414376493303441,0.7737740097509357,0.6480995440096105,0.4507221701570867,-0.09473685607484643
10.25,-0.23707584575134674,0.2415230887856769,0.3641606072693738,0.5455215317963396,0.8236219864638844,0.7078502738351271,1.0257108226423053,1.0301780591181142,1.207246308256702,1.3383216217654001,1.3522562598679089,1.4055702908750456,1.4097051764494821,1.4470620168764297,1.5330330666621554,1.5066502240848432,1.5362767922081124,1.4946657392976646,1.4116629129941303,1.3096884910778344,1.2545273568582291,1.1518351260379056,1.1153041244180102,1.278215039540652,0.9032757918175492,0.903919272989527,0.7312040743179028,0.5478738864565845,0.7655235364053096,0.5077060976613968,0.3941169619547677,-0.19579526274607947
10.260000000000002,-0.12349615981272384,0.2756105969117769,0.39215854577100034,0.5672442557125935,0.8741552406851869,0.7775113821784135,1.0927372612138493,1.0386440849460783,1.1431590500499917,1.3315392360323777,1.3847049692388225,1.4359004653721343,1.5019160118883712,1.4526567579091811,1.5148568545655559,1.4542490234967311,1.4658427035081423,1.5219352531029453,1.3841843867374344,1.3480492468499086,1.2776515338012722,1.1643221291347647,1.0644809485059654,1.2636654361983928,0.8937067513017298,0.9163183720608226,0.7141856063873928,0.5109424383309581,0.7363821292650129,0.6191076430516207,0.33148287940857346,-0.13853415878388337
10.27,-0.1680728337667913,0.27428083516862695,0.445505969596931,0.5720316478524599,0.8624478474849098,0.736485764613502,1.0577876668214454,1.0209659139734746,1.1748125080103569,1.2095425008976914,1.3998663425883908,1.4171575713249829,1.4670679379191336,1.4718151308653704,1.487030356236322,1.477735139024578,1.567512859110308,1.4706698120640778,1.3189969115831923,1.2702235979682224,1.2324560502166269,1.119926084826365,1.100671728344579,1.324247988805153,0.9487734192614915,0.9161444028860308,0.7103201555721985,0.6229705362226996,0.7471716265907273,0.557316292619091,0.36359100507331166,-0.1322443456212
10.280000000000001,-0.14261809841138684,0.3371680204989648,0.41620952213549367,0.5651192534106304,0.8625974731913416,0.7192409546790097,1.0809364275864317,0.9993857766793787,1.1949872467003764,1.2040016903801811,1.3378608986898304,1.3731248337250612,1.4266701287493506,1.467990909932096,1.556378517285747,1.4615739534757224,1.595872168577054,1.5130517864847177,1.3783991870802348,1.3241266188152814,1.2826227949432973,1.1561113291566687,1.029335484367535,1.249323653413727,0.9269005095708078,0.9559472679555495,0.7356354368911716,0.5918256765922056,0.8018856692786468,0.626245855658181,0.37283968189248934,-0.14945282880798386
10.29,-0.11269522295685219,0.3436325895369146,0.4887336980026904,0.5644330009518143,0.8811151076393663,0.749008258487623,1.028486106713021,0.9762093226317706,1.1579025721303629,1.2018189973247282,1.3388610474386289,1.3632064985774488,1.4355803745032154,1.4663290138383873,1.4466139719183622,1.492549604327706,1.486606813023942,1.5503083084170248,1.3866736502518107,1.3575792947346328,1.293873148860815,1.1675871647436,1.0510173457739334,1.2790110662245575,0.8880586105614156,0.9522501750997416,0.7159238789268486,0.5564019117820904,0.7089307260366776,0.5826556288950736,0.3088757029525507,-0.1415627413648459
10.3,-0.08508413412949342,0.35519423634966424,0.4856392764702999,0.5977167822432901,0.8710627118799712,0.735918423705893,1.0524627287356212,1.041107062743317,1.1753652724884682,1.221822219359064,1.3666089433999613,1.4313613935809784,1.4526782130922062,1.4310984215376432,1.5095494442413742,1.4847362097371368,1.5373318196094332,1.5221871243415939,1.3480707739061024,1.309670932941833,1.2292355390104077,1.1510705081298682,1.0772083556665755,1.2759188790464575,0.8880283216796756,0.9233343750664844,0.7172368375944473,0.5743663583951905,0.6931542564627823,0.6415918569409297,0.29090334017331715,-0.12420279408238136
10.309999999999999,-0.07905070482203107,0.3318904169724427,0.4870936689709268,0.5651131630691555,0.8827273884223755,0.707617724022764,1.0893691192578048,0.9578315843669029,1.1823883712789398,1.2228045971517083,1.3262391319986357,1.3772981605279309,1.4687818336662835,1.4423832836740016,1.4609643701929425,1.4867466073804865,1.4363063647059067,1.4859615390934366,1.4284689494034297,1.3165951491143777,1.2940328714893499,1.171963098950917,1.0698258321189864,1.3141151015027328,0.9379154658413968,0.914575745039848,0.7567206247631648,0.6383443497072531,0.7264705497113216,0.5430862603658405,0.2357001409717213,-0.05538602204866412
10.32,-0.0932889474212362,0.33006672237930273,0.533596650515793,0.6392611772429124,0.912837415414659,0.8231713966434955,1.0763525617823446,1.0288566064179676,1.1676244425148923,1.254941973304685,1.3088080971791427,1.4119844064686977,1.5139425328355247,1.4209050902752052,1.4753961683933967,1.459655675147145,1.534234692414233,1.4911725779651894,1.3141763802383086,1.3241471794990192,1.2664864258458233,1.1583224222698036,1.0902821702520227,1.3257294765076202,0.8967962746093606,0.8855647083831646,0.7316532833030358,0.5878137747514528,0.7021671790513735,0.6005981662259378,0.2826193591950756,-0.040916056779702864
10.330000000000002,-0.046389404042487564,0.3127849506318889,0.5334747517984093,0.5096418812696554,0.8402701664505191,0.8159131776222188,1.0972422190441307,1.039963196120645,1.0967950543147182,1.2401660655588642,1.3136225645666186,1.4585126121851588,1.49543530922061,1.493024068147064,1.4428915962628392,1.478520538501256,1.4025885086736334,1.481238035519935,1.4187553550468464,1.3608562668362918,1.2861013757610462,1.1923968899810107,1.1168692044164854,1.2818851256912904,0.9100567358017579,0.9481077558589331,0.7755311309271131,0.6398064865768577,0.6698568905938748,0.5614299574181579,0.22514310285164607,-0.08970082256573486
10.34,-0.04757234942273477,0.31445194125122067,0.6197304248754596,0.5918698794354549,0.8750700330796314,0.7609764664673804,1.0428299465583415,1.0612643530360961,1.1544584679044894,1.2458549871118765,1.3242246876134534,1.446708655956336,1.4235003695810526,1.4442352835093708,1.4442288963573384,1.4320853782442664,1.4345622631278425,1.5415763199447685,1.4344532856479215,1.3025946825182193,1.2908159168547972,1.1855323838659058,1.12803318836819,1.3039185038272885,0.9018618268469023,0.9232301652323246,0.7707682264280575,0.6240034106240493,0.6125586048331094,0.5704583912074864,0.14992437107251774,-0.05606227686544249
10.350000000000001,-0.07675252863816465,0.3434500075812371,0.6243206377329412,0.6275831206021819,0.8795959221249146,0.7816714644209115,1.0578119279249556,1.0608126475488233,1.1470516852979622,1.2176823565083592,1.3184947476518671,1.4639218074366804,1.4486586355606175,1.4443984973855017,1.4751718017354742,1.4448031453091432,1.4452382080911756,1.4646887134393736,1.4294928981044142,1.3285442697388943,1.2647343358348935,1.2056110080049285,1.1679213899427194,1.298814335848737,0.9771865315545984,0.9574045498796361,0.7443835740149052,0.6412809703891524,0.5934031137548228,0.5963010527568217,0.17857447649781502,0.03626698790792712
10.36,-0.05140687268607265,0.3109196006117304,0.6319653121781577,0.6073179806361859,0.8342345900555868,0.7965457375514231,1.0262455928343466,1.0099142666685237,1.1185385858499477,1.2359305405174035,1.3026102158344663,1.457640555320044,1.450472965778254,1.4737291738826854,1.4447954349047967,1.4364051975382137,1.4624640588988442,1.5043149059035903,1.4028481558836021,1.4117173678502601,1.3558984967317071,1.1494829648008074,1.2060631237910326,1.3115751178124215,1.0387343154309303,1.0009483689965455,0.835596544541704,0.6708571825828317,0.5881128260974793,0.6253241524243693,0.10581430815031742,0.04839044112659421
10.370000000000001,-0.029644381432826956,0.3928514787049206,0.6065164710123084,0.5706738715049905,0.8267563844110016,0.8025579989551374,0.992331844173357,1.063520424105622,1.0878996116532915,1.268945225352223,1.334320386901257,1.4380053596532412,1.4376716266143836,1.423568622000458,1.4752834133311177,1.5029911602187194,1.4095135147950903,1.5195331940127326,1.4145726377641976,1.377421159937735,1.3879168029228424,1.2268066980108228,1.1804695508633716,1.3409920963821018,1.0403846512120971,1.0014859997916872,0.7609291494048582,0.7029083687373597,0.5883150200137289,0.618459840609039,0.11713511378813785,0.07975875732413637
10.379999999999999,-0.012605768329502245,0.38274821795492875,0.6502062697145117,0.5962522282536508,0.8517657430140895,0.7919394609375531,1.0145167242386628,1.0489185213038945,1.128063218245624,1.266298335060358,1.330879839409589,1.3638922337982626,1.448429237397844,1.4273306796928675,1.4503935454131935,1.4650735196044253,1.4507985478635639,1.5763453467338606,1.460642307001337,1.3765645553826753,1.3767707656502446,1.2920810524493154,1.238656175270089,1.2910741589712988,1.0887924635856092,1.029697867738906,0.7997070646789795,0.6242477025782662,0.5002599477606504,0.568638081186179,0.06500186967075652,0.07838612879065344
10.39,0.022152923446006948,0.3233349820634445,0.6370042908085118,0.6248368885567805,0.8141579285168931,0.8125487593798829,1.0281550625509823,1.0687825067896513,1.115670369952223,1.2457098459314262,1.2755579261254588,1.396763076978383,1.4523106717529968,1.4867151986498137,1.4321341116244726,1.5110327942465627,1.433931238493087,1.5056762769021823,1.4260776535806894,1.431286218707544,1.3705514937204055,1.2782242939092452,1.2544833382493703,1.3089819885772311,1.1516605071350168,0.9871683475504713,0.7556448385281462,0.6980032019559841,0.5136506099209586,0.5860828748452773,0.05853032522313517,0.11349177126817901
10.400000000000002,0.04154984312806919,0.41155239247422765,0.6194554330954593,0.6028016321553288,0.7976358355595892,0.8039820992891322,1.0237770517151306,1.1138228396590715,1.1454060954689578,1.2060090437123026,1.368074120527299,1.3765372812717016,1.4321818859276731,1.5209544395529462,1.4900374558519167,1.4961578552399861,1.478731445161019,1.5691001179791717,1.4749748554542557,1.4194844093870824,1.4149701188819812,1.2926215183466865,1.2810081536471403,1.3139852121785525,1.1199010879855302,0.9772381842926637,0.7972737359921337,0.6582906436155733,0.47253804294588814,0.5463638009284874,0.03871025343493546,0.1728855002138904
10.41,0.04026810611617761,0.4435961362128531,0.6686158303660636,0.6444201643960393,0.8056827831580683,0.85411697086428,0.9493957824228254,1.0305756808038853,1.1022053933215696,1.2260885972859148,1.3549857030783927,1.3799896210197962,1.3645863460718188,1.3983365977440345,1.4796819584508787,1.476444457479558,1.4453043914715316,1.5085665937672745,1.46275451211331,1.416221418393805,1.4533590515258363,1.272843712562907,1.3456796965123705,1.2458669707577303,1.1347029359515395,0.9711554451009182,0.7884906686610993,0.6412601570761007,0.4247168871441669,0.5012774368015256,0.010889977290612808,0.19819236767034606
10.420000000000002,0.057795498596933045,0.3330093515174812,0.6026037382297922,0.6459666189545151,0.7301969955319738,0.8787553840146503,0.9958708607484156,1.1356029100794047,1.1692032163484078,1.177062208959509,1.2777880172642126,1.396258022745955,1.433662102691075,1.4654619241507691,1.495170324144623,1.5064692408975016,1.4621212312699239,1.537408477603118,1.4626098865848052,1.3872290906413354,1.4790964068668262,1.3167677648354115,1.3168884432146815,1.2839826247750872,1.19476250447155,0.9480808049142478,0.7914261396645892,0.6388653794408844,0.3715921494415129,0.5083177593900147,0.07746361201218331,0.26172896574496524
10.43,0.07332615002503559,0.3637271243631294,0.5916364343356504,0.6125916985872591,0.7479598231077585,0.8262953315364591,0.889508194524343,1.1058675150128734,1.1070298758228907,1.1904956442965806,1.301186864333569,1.3799835860495921,1.3631602524676425,1.4189213760165387,1.4550841846878997,1.4980174252266505,1.4186913756295538,1.5614743068177503,1.4580725377121675,1.3696344816812778,1.4905273657904428,1.2672895374868804,1.3025722984242734,1.2147548505598613,1.1953090943710256,0.8982440548894598,0.7569357406011434,0.6156937416185141,0.3095143890602687,0.3987517562402737,0.01894658958030058,0.24114271547308888
10.440000000000001,0.06373782723817334,0.3765178917581433,0.5952136400522566,0.6765017803834522,0.7490658059927947,0.8531887515184949,0.9658502495396694,1.0962155069639399,1.1637728518378645,1.247073341887248,1.3551747806060035,1.4096188255449311,1.4366215251854877,1.4656130186194665,1.5243876519122708,1.5418171210220026,1.5241699844470558,1.5228812982233024,1.4226446581451775,1.3237911811776812,1.466355663915598,1.282167202888108,1.3299332537288437,1.230963497907606,1.210780747116368,0.9259328891457673,0.7345159009757491,0.5659736844999214,0.3074214004564716,0.41191628584396506,0.03690816009766516,0.2678745610962349
10.45,0.1500235681369315,0.458600910742788,0.6646792144143698,0.6640827933079166,0.7161775532683686,0.8517718240876495,0.9421150346564948,1.113227847825783,1.1745895027758295,1.1952543315882056,1.2467568116430312,1.3792730496741703,1.4814506858243472,1.4821221471326005,1.4707956050670945,1.5212075938703453,1.5325236872952426,1.5604906576303281,1.4212849943179584,1.3473612278650415,1.465456584804938,1.2902379124450616,1.27793657358818,1.0766815702605805,1.1796042347052995,0.824387777269829,0.7053901469517553,0.5806923541284806,0.32630901488415764,0.29644286700343314,0.05675064332370952,0.22424119925604002
10.46,0.1938380816621506,0.439395283725486,0.5899224675541438,0.6284248192285963,0.6362924490307155,0.8570542094422018,0.9469921191175927,1.1909583777690917,1.1154942856522703,1.2559213221220082,1.3028881205816616,1.36967842200348,1.37097312548568,1.4926335519853338,1.468197048120036,1.5027385872773855,1.4345248943502584,1.5219344775040589,1.4630258408003265,1.3428506500444772,1.4896031572137538,1.2622039887728538,1.3574931664665502,1.1140407744699128,1.1983963487430727,0.8430579575272934,0.6544435752062595,0.5809435946912335,0.29185762569887286,0.32167689257105153,0.07279400246868742,0.24796328471102472
10.469999999999999,0.2561329044529548,0.48571681394745436,0.5904501173491886,0.7101857622005083,0.671301421715968,0.882139084964551,0.9388940478580292,1.133931189327046,1.2202425726507566,1.2586659402620968,1.318631647815469,1.3205989147768882,1.482065131454244,1.511466789265038,1.4631235266239657,1.4936970503067077,1.5465982421561428,1.5191313869323766,1.3638162324572984,1.2930285764251916,1.41548355911644,1.2523159790734892,1.2952634664506903,1.1041762725392363,1.1670558570908725,0.8335138433009914,0.6524340677359458,0.5029632340773628,0.2484482616339565,0.28244755438276425,0.06772590803396271,0.24422967338554213
10.48,0.18573353406857088,0.4475628142367985,0.6373942748394953,0.6684499483751173,0.6986265997838105,0.8771802071729152,0.8853790903411258,1.1102872008835862,1.225711943835684,1.2637191069490696,1.2772516061097547,1.3289795502494266,1.381148680677751,1.5137078084760924,1.4831552337165599,1.5246372196718547,1.4868146789561776,1.498437322353533,1.3356976342669264,1.4023227220947956,1.497481951540609,1.2398404990224419,1.3379027689645486,1.1342196805164442,1.229484504843662,0.7831943544532071,0.6001904762791791,0.427621577694605,0.22987287438076032,0.23912753421308847,0.09451778485415624,0.2958543960166225
10.490000000000002,0.1841438380363201,0.5382839250112796,0.6227842580771094,0.7565442762780233,0.6645480729387198,0.8545799108350891,0.918734996391722,1.1186113929517696,1.18490882368072,1.2068289816199327,1.3548382834225698,1.3732712769560538,1.4139671260103237,1.5434000997060595,1.4802445227498275,1.5046167775418071,1.5198358468285131,1.4913577556214905,1.4041611254447637,1.3249785555167077,1.464424547623075,1.2615207688104442,1.2772645191743333,1.0717414213592773,1.1431090851627062,0.7991339434021943,0.6211115859207302,0.45058534779765924,0.30561972788502334,0.2650626021206207,0.12052870177147737,0.30403412281928555
10.5,0.23267392511204332,0.5080572188031816,0.6129206141762997,0.7050755385607475,0.6756596844850253,0.8721287512353594,0.9169058097755622,1.1174948083826401,1.1270112874515752,1.2530534015217865,1.2845922163474075,1.37213237220188,1.442749019191857,1.4493609385593014,1.502549451821337,1.5596490476670783,1.5370407587681283,1.503376518755976,1.4047889186765048,1.2995345307595532,1.4680713025976104,1.1894410044655006,1.2938756944650067,1.0437977196428394,1.1868872259685292,0.7793147957727379,0.5687178502423509,0.40838905048524693,0.2702462498585561,0.2967854038077593,0.22854391723867387,0.29574727482492796
10.510000000000002,0.2449944512082655,0.5009082715773319,0.5681802658068513,0.7262216393617376,0.6290784395969247,0.8944519406913929,0.9418626784357346,1.1779638761942197,1.2064036955486166,1.2545513197029081,1.308320793166843,1.3568513245703597,1.3755902793377661,1.5210751867343366,1.5114838211792172,1.5568426092874053,1.532923356036755,1.4972689726202604,1.376019572662095,1.3202903611485801,1.4660087497400096,1.2018227297382655,1.241588320484423,1.001943953992352,1.155989997445299,0.7137159487014254,0.5998856731791458,0.45597778824868845,0.33289560132338797,0.2384937040098791,0.21212400758936817,0.27431502363991483
10.52,0.2599543634619871,0.5018034613503589,0.5446512434978877,0.805037145358983,0.5652882456121251,0.8968008542395252,0.8867535617979213,1.1374464409340024,1.2204721788416242,1.2621775257438144,1.270142751404084,1.3699824431209002,1.418832989908735,1.5213776866186985,1.4703435845460084,1.557631482499118,1.5222687138663051,1.4983480086308052,1.367752736430114,1.321102395199599,1.4483305324774283,1.1329189502454764,1.24107404115779,1.0544439710239597,1.1125816476312889,0.7129090076865834,0.5705457742620841,0.43468935813285664,0.32564480209934554,0.16812642621359503,0.2186685068897195,0.2473507466588587
10.530000000000001,0.230365318908104,0.5449167272862913,0.4331083248076166,0.7454197227483096,0.6418735810522159,0.9349789188991744,0.892029851919759,1.1408705435063637,1.166699522574371,1.2520625059405113,1.3125728049013097,1.3807469422459608,1.4222625467483085,1.4954138466179114,1.4619134675061896,1.5609146382980355,1.527641253298437,1.4297477608307927,1.3593150349600873,1.2862179147894426,1.449008780921171,1.1873827333311584,1.2882064136429545,1.028337855471078,1.1418848242829192,0.7058754074065072,0.47657172772249196,0.365327286597835,0.3070396793785809,0.21705406726541238,0.2998145977156542,0.20335583684627295
10.54,0.2502525898669928,0.570502607848384,0.4909104452322957,0.7510233078349253,0.6236384722635593,0.8986508884344098,0.8736958466345377,1.0805482276230909,1.192707951845034,1.278151637588801,1.2887280711176254,1.364716195054228,1.4483263045034271,1.508023742420065,1.535822352729548,1.522589170879052,1.5088157833234954,1.47074833401035,1.3416677542458997,1.3336174764615571,1.4473287278364846,1.1693761718367004,1.208336683114047,1.0481069471054276,1.1866284170675339,0.6756963980126158,0.4850283558478869,0.39143122867160407,0.4044939252040039,0.24147122923328726,0.3559612682505659,0.2771364739692241
10.55,0.2170189339963567,0.5176075250281693,0.42062645331533477,0.7510310634189163,0.6413173655267493,0.9067659236487492,0.9008958599340959,1.1340478360227,1.2215714589822029,1.337804229980506,1.2678498209724895,1.357875688386414,1.4345152578129423,1.473406275131805,1.4814630314244637,1.5307536122077987,1.532263786300032,1.4570552198500097,1.340046127804169,1.2700776796288478,1.4449311717992994,1.189191144605112,1.2332663644064987,1.0398081142349127,1.1501533521927407,0.6721142540101274,0.5302513377768895,0.38797067460077034,0.377130405776512,0.22226320484632528,0.38773208733227243,0.15760770005864969
10.559999999999999,0.2247521988715563,0.5052302275586966,0.3946414358610925,0.6961417675140968,0.6402191334549543,0.9206577244095104,0.9860718124583144,1.12780323862737,1.1586809189995104,1.2970128317859562,1.3080049870928678,1.3748673675657097,1.4073722215966793,1.4235285979033714,1.4836955197975255,1.5578160936609937,1.5720116956609647,1.4569518059410937,1.3143227201832108,1.3591335744382038,1.4001748957973266,1.1405911179717159,1.2616163489751253,1.0461294681615996,1.1520761310275618,0.7454199274017448,0.5894684339769963,0.4299748925172212,0.45347727505451535,0.24036103197068787,0.4383393024405649,0.1549343549279227
10.57,0.2317721667836137,0.5138770332443267,0.378261062412664,0.730662625313182,0.5740790819007169,0.8693305346506542,0.9363712195022138,1.124889524785242,1.2018344263985912,1.3359106196581068,1.308937847907227,1.3484964818411387,1.4620348861655135,1.4597022445867565,1.49196824156655,1.525740929080679,1.5114018027290914,1.4430240868973134,1.3456977738019436,1.2771873072505977,1.3748170428332638,1.1822437069296374,1.2703480297181258,1.0868130321160463,1.1453032272024788,0.6686377746550214,0.5278432404645046,0.469215878934848,0.4254569327923866,0.26599592190804816,0.3884758884165879,0.06993121995792376
10.580000000000002,0.1728771010024794,0.476118870405812,0.3810206812319405,0.6937788399847624,0.6487610277600234,0.9141653625307803,0.9182635200665613,1.1433910030363983,1.2653618251341088,1.331545281379646,1.4095303568507305,1.3411580595087587,1.4223988875618296,1.474128565040007,1.5071709601719088,1.5252644684707657,1.5238807702851804,1.4201330989037992,1.369477072828721,1.3373983614448521,1.4406987348441453,1.270333332342715,1.2631232512038086,1.0460621414026876,1.1583516872799908,0.7154587885269789,0.46185071286762447,0.4482416158741971,0.4879506905555108,0.279982009602984,0.4716683115420209,0.12506092584523873
10.59,0.13994210086642367,0.44681724702072595,0.3478836502631216,0.6881967126289352,0.6366939373934394,0.8403979598348587,0.9630229076562339,1.096165981902728,1.2299284502981038,1.2643708941755003,1.3575980583485336,1.3916290698654687,1.464089043292537,1.5084804179767888,1.521362065866182,1.5250133624355375,1.5761116215963678,1.4602362072759907,1.383195447708744,1.3045537167260628,1.4134938847409892,1.2353581735298105,1.2678459309049428,1.0730640564368064,1.1339589090936042,0.7507497198739668,0.5549067525782525,0.4825981021581453,0.5510879348935435,0.27494409745352394,0.4483934377107502,-0.017802716116109486
10.600000000000001,0.1750445394549095,0.4805457352729529,0.32776149338639643,0.6781495393614815,0.662232338935386,0.851787701431349,0.9154355441594357,1.1499055361932402,1.2691619107626846,1.314551861402648,1.4134992223831535,1.3786339600870414,1.3819436447641915,1.4756906901607894,1.4864901513586726,1.561817253941624,1.5077597737436035,1.4502979774701734,1.3820312757483213,1.4103730738992137,1.5009778021880367,1.2382582207109976,1.2211347980962315,1.0446654665347386,1.0709916892907285,0.8073113426750559,0.6173158335061526,0.4968589934333251,0.6198485606650987,0.3197944293661282,0.39877632998706586,-0.088952251730517
10.61,0.07489814706340789,0.41437506029527116,0.33928582168705085,0.6489087452083994,0.6330353706180112,0.8346875369284299,0.9704489956897088,1.1285692518331414,1.2189518793399026,1.2859364583828532,1.3450906831827425,1.328248659732028,1.4311948202390907,1.4911208338265638,1.5246608687899057,1.5314089279983965,1.5609174763160918,1.4321150141442365,1.403048408458645,1.3382009269215696,1.4709672782132515,1.259745068631805,1.2699615040956929,1.139492999352171,1.1932197930619917,0.8119051770243443,0.7054441131270062,0.5034013527034893,0.5619411893497263,0.3322103591609618,0.374955054433086,-0.08045917673473973
10.620000000000001,0.14037975038780998,0.41598178568725763,0.337484609488833,0.6801985080508144,0.7026893323862715,0.8810549183122953,0.9721398865826019,1.0959008311120384,1.1906006353030674,1.3227971678044124,1.3642861064275005,1.315160355658393,1.4003184813544367,1.4707481858357152,1.5555709761676544,1.5424585327921414,1.562835027744693,1.4560435999476768,1.4181095513242028,1.3428483131241966,1.3978760788958544,1.213209097860773,1.3017100435602675,1.0662593822920552,1.2002427839629188,0.788426281144272,0.6268717598436291,0.5094224514735927,0.5651955591067669,0.33513924454839544,0.4041778670238666,-0.09040410400660615
10.629999999999999,0.20953249548186267,0.40631540932707433,0.343391072551162,0.6924755390842271,0.6856875264076394,0.8185243643009621,1.0186782971095005,1.1236052107510266,1.206867540516739,1.2892380202721723,1.3592155143232776,1.3591267935653923,1.3935832216917183,1.4538048173950364,1.4625603944032037,1.5200427009444548,1.5530833935614086,1.3937027016399492,1.4084655379967628,1.3795910895290104,1.449699018740398,1.2668673292055537,1.319470988296653,1.105166062922603,1.145177253354383,0.8128371885894976,0.6368367357104479,0.505310287469728,0.6172148715626339,0.2827756598160972,0.36769627952587736,-0.1283113038157617
10.64,0.13582195970560554,0.38765243990663434,0.25727501309651035,0.643382703042112,0.7731816946944982,0.9412657866396865,0.9943854120458995,1.1607971917650606,1.241758914267468,1.2822173195256408,1.2882084133648104,1.315080876519458,1.471086831615892,1.5176114744690732,1.5548056183705885,1.513871594458565,1.5520016411190494,1.4399193449934609,1.4175507105326615,1.34040366736006,1.4415735056064454,1.2582967752098182,1.2887397197953498,1.0552590435129428,1.1792647734037984,0.78952494406335,0.6659750723161338,0.5480269250654759,0.6252558753949368,0.3072262135562033,0.33130176431259667,-0.1802199227944295
10.650000000000002,0.17142146530808905,0.36684397619136494,0.26777707111235427,0.6330983131696142,0.7940751552243569,0.9422191325148095,1.062840574988044,1.1003072034305963,1.2016015842982382,1.343935982283017,1.3567104271581973,1.3762517720898924,1.4698713195552382,1.5416083863135663,1.533100347065041,1.520718513235948,1.5741034689960174,1.4621153781591787,1.4093398588909007,1.3523245434406128,1.4840852589603342,1.2649963770112786,1.3219576312992456,1.0880618219720415,1.1751029135894473,0.8685429759788419,0.6713272750376731,0.5614444189606353,0.632456554275308,0.2924590739392495,0.3695417806356325,-0.1956189913514974
10.66,0.2099126836828466,0.3436502050963142,0.3288741256324081,0.6320368529183003,0.8223068138240852,0.9556816716700389,1.028174906667198,1.1552058227692572,1.1924526342464576,1.2944379644431994,1.3471225268193865,1.4005300810799002,1.483578574591624,1.5245700811538927,1.455948733035945,1.4780384469592807,1.5409746043498986,1.4321882364502778,1.4397882462316192,1.3561645413612007,1.4168379819098211,1.2740450178126155,1.3657499022927286,1.039485949187853,1.1575440467752416,0.7631906137884628,0.6360387186612296,0.5970968456271967,0.6542296078668497,0.31068668688839113,0.2801888527949255,-0.18204737883798602
10.670000000000002,0.13364897913455293,0.37358202362788556,0.3504838837348535,0.65078096616894,0.8078022808242213,0.933860063315921,1.134372681643854,1.161963903942804,1.1821260394180468,1.2982090659441103,1.4016172431255525,1.4262354077528152,1.5065877822496279,1.474528346888805,1.5077743902686764,1.4987888900190693,1.4842174536337915,1.4274823974847786,1.4500513332841112,1.3773521739951957,1.4755039662090657,1.298330002512797,1.3657708011428529,1.0031703782976509,1.2271471965594396,0.7907169237137881,0.6819168550194802,0.5706026592298385,0.6420426758787023,0.28045408889412937,0.29999428273964546,-0.1917772036296402
10.68,0.23513696667734,0.3395270935518587,0.368016955574625,0.625422985836656,0.8431713502382377,0.9756578585704507,1.1215240353317053,1.1306648337576095,1.1890617795210696,1.2669681292410548,1.3623337044910127,1.3470691698377235,1.4346358362433091,1.432301213681559,1.499700083098451,1.519451076716947,1.4854010824292996,1.4529878118346626,1.3778294785731395,1.3702061770337872,1.4528593667080665,1.271820116276973,1.3329568176239925,1.0275571821491196,1.2231351091518814,0.7779468132631926,0.7019435362081434,0.5806278620961223,0.655906124654254,0.24820065770892874,0.27955404461452715,-0.17262083546966236
10.690000000000001,0.2131762852377889,0.3614430756910541,0.40363701307001854,0.7087563391477041,0.9208697352167379,0.9611889417124765,1.130281101840045,1.1262549748489659,1.2186256845936132,1.3091609533412623,1.3405746467108675,1.384063656304448,1.4626727053334465,1.495022414745358,1.4695133141233523,1.4699925610766396,1.5523556864906645,1.4138563113224714,1.4229056480086766,1.3931086039359977,1.4792660185870707,1.2467812515575474,1.3773992847907452,1.0450352136721412,1.2307818154578436,0.848901464676999,0.7206251807994757,0.5615708711184286,0.579459765229936,0.2445327032479868,0.220525933629904,-0.2200352085090818
10.7,0.22725017692786748,0.33800206466486415,0.3727469481656771,0.7253836104296438,0.8405839500656789,0.9629595546984241,1.082303999392449,1.1123415605952522,1.2305631040167275,1.2222794454991766,1.3313244392204993,1.3424434856122416,1.4539467476861365,1.4848540729009252,1.5413953085383612,1.5147485029135086,1.494637675223963,1.475297755659335,1.461631441426655,1.405284130420099,1.4994848244373895,1.3429028797203468,1.39515373510153,1.004760022834148,1.178728875294199,0.8243958133116942,0.6472800390453544,0.5544339335931938,0.6559854167368132,0.18041478497326996,0.15934256219571002,-0.1607201663444408
10.71,0.28305281864642434,0.4445654601614075,0.39320363135498027,0.7128483352668508,0.9104600664393664,0.99821375995871,1.1181024116854725,1.1437560369602728,1.1871150378372395,1.2616452615955092,1.350643288156299,1.3274296521947158,1.4286613597251239,1.4276303509083366,1.498219898375096,1.4741602828407323,1.4849807046539847,1.4298251810646128,1.44121156702301,1.379424021263072,1.469896392389979,1.2958715075837801,1.3544642837287268,0.9748558492389814,1.234266685279988,0.8410154448989222,0.6772268625368862,0.5536199243516468,0.643115900408018,0.18509932855064237,0.18874913449823746,-0.08352322997323836
10.719999999999999,0.3853846801596098,0.4474064164191981,0.40066593331513184,0.679881375135778,0.9304889923983091,0.959298218605058,1.0960384592892447,1.1426449294530217,1.1420276282615334,1.2347890486036075,1.3432377163490619,1.4736841971921204,1.437684466702298,1.4835948277309623,1.5136612477610425,1.4957085298413733,1.4884347055042282,1.4709110408651203,1.4426734410345308,1.390032243804094,1.4286237238723747,1.3200771155876154,1.325496195561136,0.9901689126795085,1.1674317233315987,0.7752161245135365,0.6664297107250027,0.5429559981281676,0.6773171180387535,0.17749112273101106,0.1492362597534377,-0.027173412131769038
10.73,0.2995874940473404,0.4402122569849644,0.4704386700069341,0.7339377774450233,0.8796524985018792,0.9864964996597725,1.0756469952361871,1.1289429456120614,1.1041324405649906,1.2690158283202222,1.344323192070949,1.401974008317313,1.4862155069111045,1.4124932003589012,1.5654823697383446,1.4962428454068082,1.4411252470222042,1.472731171731155,1.5060307754112792,1.4134872158918548,1.498237265273827,1.30404937019237,1.3220852891699504,0.9622941335798786,1.1419816879940512,0.7993773497094022,0.6758598275934847,0.582185828092765,0.6996517746008957,0.1828448257987337,0.15674950049447423,-0.04085764308854921
10.740000000000002,0.3461855798489158,0.4369723990803603,0.41621063199083,0.7739161435214866,0.8758612919344344,1.00841741305977,1.0678084009551743,1.165908074247397,1.129482181645702,1.1958400417257573,1.2975686476562702,1.4063064002818708,1.4538965878010175,1.4386885743631241,1.475039247168113,1.530746408086971,1.4286199719221657,1.4051694733989966,1.340896289889879,1.4139563194721838,1.4836072536378033,1.3262938511493703,1.3587572479959849,1.0116838798986827,1.1805372064883872,0.7530739879896196,0.6629188832384308,0.5667696695285862,0.6588721244276722,0.17374774819412853,0.16800899863793803,0.03271219074660796
10.75,0.3230066347827007,0.42487067164158476,0.4184953737032795,0.7712468812079094,0.8892889311550207,1.037590007340468,1.0489242263822316,1.0875577568637882,1.131287009509214,1.2073664621724616,1.3187667157765293,1.387234482240835,1.4208835977658791,1.4767226122584205,1.555108088835667,1.5178183881120917,1.396657176927635,1.4706045857622436,1.448339914108376,1.3751138074161309,1.5194431186835342,1.3275176348615372,1.3437743857649056,0.9849275635020879,1.3009293949190979,0.8006806463211957,0.737642763133068,0.5729239141382338,0.7216196374347518,0.18832421003841213,0.14779671556465165,0.08608531739283999
10.760000000000002,0.35136719708287045,0.434338858983752,0.3877573001843625,0.807822516536014,0.9215196518517667,1.0120643633114559,1.0817721425112428,1.04896937404199,1.1245994215840336,1.174532218325079,1.3518426302140414,1.395310526436234,1.4295866409294837,1.4143950704099226,1.5177899502695356,1.480400711056228,1.4214299481669794,1.50007369532657,1.4481862733451756,1.3338760178888713,1.4864634970826427,1.354015449554314,1.393565169747921,0.931949644119614,1.2733553934616115,0.747663977079608,0.6296995536179779,0.5973862776545094,0.7166839268997308,0.14930332321483353,0.08179912694217079,0.07388295797769803
10.77,0.37075245162834874,0.4459443984865811,0.4702453312035559,0.7500549732728391,0.8949295446477328,0.9960153008314301,1.051374389042049,1.1502494861802193,1.1493666359041352,1.2162347735524208,1.283554213134028,1.4288909948857023,1.414421340035241,1.479031658277911,1.5026709305239365,1.5041366952997042,1.4499869270141723,1.4947354404957538,1.4212652648413464,1.3283221552190432,1.4822484494178858,1.3676578329090696,1.4538929084890593,1.025275118162779,1.2790906919198122,0.772486237014913,0.6873064995539295,0.5958431536575999,0.7236511205641042,0.20993240815431174,0.17252150044022344,0.1376402907615617
10.780000000000001,0.3519980341877216,0.4654706264457906,0.44967428966022177,0.7353020123992615,0.8586833538711621,0.9742587476111103,0.9652138052661042,1.0713179228606,1.1123140795835318,1.1943001940365574,1.286877908601816,1.4486852159418127,1.4581974842460226,1.492780637803274,1.5002137484928277,1.453366698141031,1.4721432930122804,1.450734769423963,1.4509519516799758,1.4023866059960726,1.504135723177913,1.4277978650881042,1.443843860369739,0.9866140987037001,1.245774928329406,0.7758634687522405,0.6754919433341473,0.5899314708665009,0.6600690674345802,0.13029553334677635,0.12466203386087403,0.1974261316825848
10.79,0.3769306355993899,0.46654140137649824,0.4449770141833582,0.7240259975599801,0.8395927978210292,0.9480683921717148,1.0046009704544525,1.0107511586827145,1.0505163691159223,1.161761401406125,1.3341002245694953,1.3816758047997861,1.371659089308957,1.439168410395958,1.4929137254547509,1.503322212878717,1.3716232480193187,1.4971275298246822,1.4548874606117825,1.3536941056685354,1.4599380870042167,1.313951508495794,1.4048140649726122,1.037316607198026,1.221551218737152,0.817832249873962,0.6196686865843942,0.5788743291023025,0.7321827503954451,0.17891465368628467,0.13004404819008686,0.3010302524670939
10.8,0.33922302989882486,0.4828025610184023,0.45769054417970617,0.7771284137771336,0.8434113175934179,0.9351958361393232,0.9835322258756831,1.0961320091813722,1.1078338791184097,1.1873982225729307,1.2459159106978017,1.3897041225474855,1.4224010779088856,1.444563631314329,1.476249996246227,1.501026515569045,1.40371486512064,1.470768276394282,1.4609375216347877,1.4121555698401096,1.4776212097998878,1.4033681840941106,1.4577498601400543,1.0481059371032084,1.323594119236283,0.7843634318324101,0.6694208514354776,0.5553587129116768,0.7057150063682855,0.1407888442368238,0.11975142764879484,0.22204929247097638
10.809999999999999,0.3120377744998841,0.49478905213302865,0.49252867327359195,0.7750701452548694,0.7723505392307999,0.8861895306391365,0.9315600049564796,1.052723591128028,1.08018475656892,1.2086373933032415,1.2800303395307036,1.3662276264182007,1.4097492856269849,1.4471966628597985,1.4895224989432656,1.5297387445196158,1.4327799696356125,1.4913456308487154,1.4422898962613933,1.4255130897683135,1.5233455056610241,1.338606673030184,1.4221595240412672,1.0721889485601204,1.2487012304139582,0.7646744221046486,0.7020281152856306,0.5573113640507155,0.714982527969602,0.25161545924438267,0.12308297264239494,0.32066173031493045
10.82,0.2494133143284332,0.5187010559026661,0.477075799786018,0.7715419647127649,0.771106544675603,0.8977777305578764,0.957007075059916,1.0511988771833016,1.088883038437462,1.2115561568317186,1.3011149123700494,1.3701597743444014,1.468371838227424,1.4513262357013383,1.4297891950636676,1.5038108335787352,1.4575898977704664,1.533002994989003,1.4596939992215945,1.3615806084293403,1.467219790290496,1.3275743836869471,1.4428001856355717,1.0174183315971945,1.2645567183043673,0.7944251200415219,0.6580673449679139,0.601296561359079,0.6909435856588759,0.17740834403753966,0.15128627512784038,0.3132749355976599
10.830000000000002,0.293644115894186,0.4429954385025875,0.5406468772902623,0.74146874148494,0.7675724437223577,0.9423427676946678,0.9905255058502049,1.0621585069212232,1.04571773814447,1.2243363640943508,1.3056407512849397,1.375454485467662,1.4065951337070273,1.440899322265791,1.4975991981474523,1.5239451040397234,1.4118920296370057,1.505604793447797,1.4638383745652879,1.4201005921077061,1.4841074535301644,1.354672607284752,1.3767052178207368,1.0602521867120966,1.292364891358124,0.7860709587827064,0.760361065216706,0.6258950288177498,0.6878091199108525,0.22236436070735197,0.052654559438234584,0.3064542271467994
10.84,0.24551474357401998,0.38963998955301316,0.5298622642445144,0.7221224096384538,0.6834517941925363,0.8309809094486603,0.9121397781426612,1.0929066319311325,1.0686350161342015,1.1806582626588542,1.2982679243760173,1.3181321919094717,1.369138671349044,1.435256977372888,1.5198686576935936,1.5088987809373138,1.4769312819443068,1.5311115464042286,1.4441726508485588,1.4091778715504022,1.4921312556977535,1.3503348686634533,1.4339116876777025,1.0558740654184873,1.1988455265145272,0.8386224420414786,0.6932645520086862,0.5883444254868155,0.7089685203188691,0.3029411010174442,0.06398034757862692,0.33562375609235157
10.850000000000001,0.1439300293120732,0.34448337823165054,0.523109074953479,0.67911733735486,0.681955022293465,0.8732083739249864,0.9278667981787742,0.9757636030304289,1.1346162913892304,1.2438392527722935,1.2833009997808253,1.3854679214110663,1.3970182291452724,1.432405116983603,1.4945448320631032,1.447361431267526,1.4597423762051198,1.5440504876944185,1.4175987587158725,1.4006044037060632,1.4631930897694487,1.3741591496068633,1.4272943335739463,1.0338436911459392,1.2638790789458227,0.7760012192216923,0.664891809110751,0.5908743777379755,0.6787279744549748,0.280705895304816,0.0755564111860534,0.26429720413592794
10.86,0.1500684665592127,0.4023164547421437,0.5332977846298982,0.6603623056132423,0.6637450853825034,0.8247315302928098,0.8532246535890565,0.9575563681489312,1.153356192372422,1.2590331789470393,1.2839029154758448,1.394018735759004,1.4390995253798082,1.4581977113860245,1.485906378839039,1.4785362324717843,1.4625167271086557,1.5277063312697479,1.468300211264247,1.4050823898437317,1.4639492897181345,1.3463131839310698,1.3885074144519862,1.1066559834998737,1.229877388117326,0.7733581052599188,0.7268305947979984,0.6254560285272158,0.6990036495911217,0.2706452617490309,0.11394366214249937,0.30092689249697685
10.870000000000001,0.11573742908586634,0.3181554869041511,0.4791454756073651,0.5957229195819252,0.693571870684062,0.8196017997914327,0.9016461174395132,0.9670286207598439,1.123710007691474,1.1781086385296358,1.2696329071548986,1.4020165559732438,1.354028642999735,1.4333484991706975,1.5201680992926518,1.5053337751993177,1.4817485485200566,1.614063639193977,1.5205446193197198,1.4203986012422825,1.5049055549041843,1.3822458775658246,1.3804525191017345,1.100840005697282,1.2841602270430723,0.8436552519278746,0.6610374559526958,0.6194519322823504,0.6692876668159178,0.2884732601702335,0.11229699770349073,0.26009564462782064
10.879999999999999,0.06393313330389278,0.328905038170824,0.584812410213796,0.6002516806553898,0.692615753160201,0.7677843958315934,0.9076948492288126,0.9568543410647046,1.162466680457813,1.264162301495944,1.3829672660550496,1.4511067755375657,1.4082117288648168,1.4794527003336588,1.498648175103788,1.5247348342036235,1.483783255341205,1.524754074855984,1.4259961337942282,1.4216976995944168,1.5266003673923352,1.326106308407544,1.3747244468222972,1.158219319442099,1.2597369506908518,0.8641242909327832,0.7342747105277361,0.6023260281829551,0.645280893744677,0.2860538109064803,0.14996624624962207,0.31679354794933595
10.89,0.0018064694398644554,0.3271542224249028,0.5021177554089037,0.6292410717599484,0.6307670655269475,0.7926738279334113,0.9404821140181834,0.9596629273993019,1.1549754320886798,1.2356425145285759,1.3117228416790911,1.411005614309398,1.415548840873445,1.4274575078116878,1.4818370870283701,1.4552510201916757,1.5046328376502875,1.5895844963864127,1.4578034688345292,1.477241371895976,1.472837152681844,1.3233060910241785,1.382019725530746,1.0927739073303802,1.1876423755140697,0.8369696951156931,0.7097991545396786,0.6238367660527004,0.5996574951794648,0.33460073307154664,0.19421427376114048,0.2805348479583271
10.900000000000002,0.05847510606422879,0.2885616382719841,0.553850585971268,0.6158622533392526,0.6360170837878094,0.8193841761052535,0.8880019678580304,0.9708717681335987,1.1846967480987913,1.2954529363060912,1.2875163529715903,1.3719331909622894,1.4030917685088433,1.4706167595049051,1.5070049864035084,1.4741000220183031,1.5210402500764002,1.5722030757567782,1.4377462244858876,1.4164827973007974,1.4908891873591166,1.3685369316989726,1.3976702994914176,1.206019535821611,1.2050661842290524,0.8272834226848642,0.7231108158348195,0.6031877493926082,0.5428393315546081,0.31363272726005587,0.17519710031427446,0.21403265360576865
10.91,-0.010002862421172123,0.2884216151095967,0.6207044333660106,0.6167808659952676,0.6774309716035612,0.8421355456648787,0.941357884131559,0.9641047033601422,1.2319213209439532,1.2586105788196131,1.287468823001349,1.4038171793239962,1.3504555433674361,1.4720092291873283,1.478741135339685,1.5577618507292532,1.5183908315713133,1.4966399534098833,1.4776691906537776,1.4672328562591894,1.4471484974527455,1.291287565078454,1.37414371278385,1.2056006582898893,1.2478737527375319,0.8530804944412903,0.6914653117861941,0.5696014220057353,0.5577683205609143,0.2969967512749534,0.14519591669950593,0.1467240759920226
10.920000000000002,0.06403508392232603,0.2690044862867673,0.5588266882355062,0.5720806354873412,0.6449892920305311,0.7750004287719258,0.9378848774761201,1.0266627106720891,1.2103333946309243,1.2198484625719057,1.2667902441462708,1.3417928056378112,1.4199269734703062,1.4703996655355693,1.5106372212551407,1.5160250242859372,1.4978150240045776,1.54630135218633,1.4358736838641228,1.4174965940070063,1.4148721588097604,1.329261791850579,1.3607540972586374,1.1262702757483911,1.195404972623794,0.8919991759929962,0.7441581645046866,0.6321198362186404,0.5634642876541074,0.35907306625808244,0.2236370486718643,0.14116365954300766
10.93,0.052852095101534526,0.3048052824376862,0.6183096376846626,0.6295907097332109,0.6048646763543162,0.7625288068942326,0.9338534933833444,1.0005766836848582,1.2562216455278308,1.2669535838685775,1.3149645446838742,1.400189594239604,1.394498007239449,1.4744205169987603,1.5246821124976493,1.5504544058147547,1.58272813836094,1.5642074981682135,1.450224489628261,1.426498552914966,1.421844891239688,1.3127318408019542,1.318964430089655,1.1502164343780406,1.1463272672773221,0.792276555298781,0.7026413646323661,0.5722951085823637,0.5664670134313751,0.38504765454278855,0.2517602792223345,0.1910125550083776
10.940000000000001,0.00288122067963739,0.26740495975663336,0.5543909988155084,0.5632023988355445,0.5971347294046958,0.7371117513278829,0.9257745232923715,1.0214440673808152,1.1946725759660046,1.3190776924664627,1.3041508919628446,1.3507343934743077,1.434438974844026,1.451688356474159,1.4636061030949268,1.5292852685067622,1.531707283046296,1.5667704137100837,1.4823499934284121,1.3951434393866975,1.4029304923677566,1.3060745360348578,1.2879326634736885,1.2365779450394885,1.173267800839708,0.8912606132948359,0.7848223717652515,0.5484999339337686,0.4778126216444011,0.35781742050126053,0.25356247307572205,0.13134455707492393
10.95,-0.022465872079632625,0.25012167421194687,0.5594001734128189,0.5094046785654786,0.643120855034087,0.7130763033822227,0.952344646119401,1.0526119437025017,1.2158752362209195,1.3221862235847288,1.3339773691597727,1.3470429076816435,1.3199581571404915,1.446873916746747,1.4682226425613625,1.4635905467954782,1.5806153591864958,1.6045311213260933,1.465270688481894,1.4466616242684691,1.3898843198105908,1.3247505594722915,1.3129896015723581,1.1869441843383157,1.059425528226926,0.9268133377470635,0.7387801814971295,0.6362890304043888,0.5001620004554085,0.4727206293606143,0.27595237402643036,0.10788485701797441
10.96,-0.028691771309773868,0.2272218740914599,0.5470947275866606,0.6221299910141167,0.6411578535790224,0.8141041707610359,0.9763102654265018,1.0222486284945076,1.2587077171068397,1.3187230173133095,1.3431652882422853,1.3550870315814887,1.474098544137508,1.414599844343841,1.472724247496671,1.4661079366957763,1.5528136172833906,1.5387628701743992,1.474143676908144,1.5105243435653963,1.3428524168414528,1.3649288603686571,1.3459987451050524,1.2445697698494889,1.0528575962819562,0.9110725237355605,0.7337684596333568,0.6342624729595014,0.4324352010244286,0.47903385761932016,0.28485002095439477,0.10482155060277187
10.969999999999999,-0.06962622113882615,0.2321043143243157,0.5285746765326526,0.5342401883092606,0.6281141602192057,0.7759013681580704,0.9539863082211785,1.083218406104023,1.2741266948021346,1.265098233329215,1.2965631047980413,1.3334638630765343,1.4530530058859108,1.4306869593157792,1.4706211624819536,1.446448979694927,1.5123062137881131,1.493989639469576,1.4514043258003781,1.400327298331919,1.3600334237082436,1.4209617184931975,1.3734387149657419,1.3557114742412604,1.1270354866038852,0.9641249067568299,0.7487571741505006,0.7322483515707413,0.5245425869389714,0.4821914769767553,0.2990564134645081,0.14054775529392374
10.98,-0.06426993054239155,0.22168577243361115,0.5671013751095008,0.5157353896791269,0.7075803215922669,0.7382361372217674,0.9059273249682372,1.0710357712400034,1.2457430563844683,1.3732621766852275,1.3553626100441927,1.3779498744894176,1.4356485610346692,1.476424429618577,1.508541667314138,1.4050709559613819,1.5773913177799344,1.553176046309324,1.558431791001622,1.4521685825345088,1.3656072110255093,1.381645632919475,1.3604487029968344,1.357149028585641,1.1362817853830849,1.046591604255791,0.8806949524056212,0.7021442652323195,0.4615688787589395,0.5304747484520386,0.38802636591289363,0.07590260577673065
10.990000000000002,-0.1168825464581511,0.17008852165053534,0.5305388731625305,0.5042043454856409,0.6417503258142944,0.7337922003317784,0.932561881466967,1.1127077119351683,1.2196325681703497,1.3048322785666104,1.311500065963375,1.386418407171476,1.43562163348675,1.45427527266408,1.4466971117069949,1.4752420817831584,1.537481191510582,1.522645104135427,1.4870900767444062,1.4627398640369056,1.347489229390923,1.409923525002672,1.3314406543372415,1.3053844219115398,1.0999650428513892,0.9643029299599939,0.8920287161864728,0.7768938751002409,0.4117450192927242,0.5642200058249158,0.35400925398277056,0.06894788452310321
11.0,-0.10565530691135451,0.18927950980499825,0.5206939081105993,0.5344212703738146,0.6289029096654883,0.7761681301062966,0.9511075462641464,1.0859123829098316,1.2213668362082715,1.3540410872219268,1.3619101879803999,1.3588243056969787,1.4830938398305555,1.5181392240124567,1.4119696628882505,1.3995325141418582,1.4640096236981615,1.4701771622030801,1.4930251724317307,1.4668652312704886,1.318261659180765,1.3774920169188734,1.3488681724108014,1.3391906445842723,1.039023914785982,1.044761430026082,0.951149902013705,0.8250124280523041,0.46650676675405356,0.6284353110058744,0.3579454429354374,-0.0755410015905241
11.010000000000002,-0.1577902552600544,0.1406056969090828,0.47539873661613863,0.576647295299867,0.7018966348508822,0.6977044693469491,0.9141966278773435,1.0884578178727602,1.2521782789441123,1.3060936967121146,1.3555119685605281,1.3677261527607025,1.4610567429623698,1.4830151440576864,1.4104671971173641,1.4461153945448117,1.5664828335437642,1.4820297004765761,1.5015965291380027,1.4817439627333127,1.3224822551915683,1.4070328520661954,1.3991243214752618,1.3486999078034803,1.099641540538874,1.0797446750304731,0.92061503556174,0.8017416007959942,0.4919227157707414,0.6166020460502731,0.3916849057449669,0.04068873285194711
11.02,-0.07741487380649845,0.1552782525185094,0.4916414163837518,0.4620236481591303,0.625274897855777,0.7407960117427349,0.9900033692767813,1.1370875104389921,1.259643411300646,1.2909155139253605,1.3878873163951364,1.3821135718831268,1.3924536861384604,1.4988576655667372,1.4977518573886663,1.4115591702633443,1.5359177223564175,1.4643033269460182,1.541153839175164,1.5412930298645655,1.3245150187164736,1.44931328955484,1.3763245877982424,1.362119072157937,1.0800038485858807,1.1065361192420808,1.0232706929945528,0.82677990165682,0.39482189391092476,0.6676306141259393,0.4307131041130809,-0.01320551967533578
11.030000000000001,-0.1159035599245883,0.13751308760892983,0.4420320526917106,0.5439041924498615,0.6677122749386689,0.7755565969931935,0.979881786743946,1.130499171544607,1.230519925624478,1.299915293926968,1.3584916954718413,1.3279292102853222,1.472719241882596,1.4877945199919356,1.4551563725988519,1.4417964135734502,1.5462339128907308,1.503241229869008,1.52999537322626,1.5293225732268483,1.3356990697317503,1.3969848490036085,1.3776028124664446,1.31751259311506,1.1422753495890174,1.206496901757376,0.9920038637014317,0.8986507702839138,0.4384319434087651,0.6089794695708592,0.37106413533691945,-0.06835349781630644
11.04,-0.08192162142755337,0.1585031925160347,0.4382801901742245,0.528365208600257,0.7173441842164919,0.7833902006215361,0.9770191059032964,1.1568385331436877,1.2329115118381333,1.2627493234738625,1.4047724176224061,1.3334085746282593,1.4153339326811927,1.460717652348504,1.458320223619024,1.4700154196506,1.540490569861595,1.406500954675175,1.5504199846529227,1.5450807205504697,1.3918793522424662,1.4622306333799684,1.4670387062973824,1.4180813279984805,1.133737858575493,1.0811166137228931,1.048638387816259,0.9144206369230242,0.4406578524212768,0.6386593697659088,0.43408101469784477,-0.047357803904392655
11.05,-0.06545856982850999,0.12517625852970748,0.33110559363854386,0.4543143125133637,0.6569494992166861,0.6834184829555852,0.9598085011237422,1.116692507227219,1.2144299115834096,1.2635703708052302,1.3983191158832546,1.3736285802855557,1.4162880593603802,1.4744572534515168,1.403494139374607,1.500039740151953,1.5765207233553657,1.4293551366162012,1.54041791128288,1.5280065573397537,1.4247971230640577,1.5398316157574308,1.4580570171056988,1.402076254423389,1.1951961083417666,1.162499950148,1.0345039864762906,0.9122225953069512,0.44164597738998235,0.72105736631847,0.4631149357434325,-0.07543859480139271
11.059999999999999,-0.07678656985072765,0.08905672899051195,0.3621041968822321,0.4732885906118406,0.7711694427542957,0.7756179558610782,0.9510957108448389,1.143001601921017,1.2250181196937533,1.2741473193990218,1.2954017503949407,1.3870513426171613,1.4826938178787377,1.4835731660834126,1.4244231005094454,1.5303109134250779,1.6079132235666906,1.4004152982361828,1.5399013051882438,1.5346532468831393,1.456556758029545,1.5314925024421566,1.506907342441557,1.3266921664918017,1.2185305225841336,1.1464441670361916,1.0726201856731408,0.9600989474450267,0.43976906559342305,0.6418307728770134,0.4253684754831969,-0.08976160429256004
11.07,-0.09970455333885878,0.09080022917662936,0.3848628428690377,0.46018128845035605,0.7292115045657241,0.7335006742055794,1.0269285735853662,1.1458966783541042,1.1973733750610103,1.2363617767806625,1.346987729884535,1.4398928474948338,1.4356662045661095,1.476832724890645,1.4481977292590957,1.508400591053317,1.528437410624197,1.4933217320851457,1.5900387042888675,1.589897950430944,1.4286130712489356,1.5774582064186478,1.5111940099376617,1.3994483350100895,1.204168017717477,1.1979597511090425,1.1359860984582055,0.9279261039087107,0.4913680031565549,0.6858920217500513,0.43007856769018027,-0.10504288634253375
11.080000000000002,-0.07504821523075839,0.12431072124379677,0.29385744517654755,0.4197678504066899,0.6890728991560778,0.8353356671528307,1.0495678638230777,1.160153030532618,1.1925208772522977,1.2421745972808116,1.3444306070441807,1.3373172925398598,1.4477808031283925,1.4296289721458553,1.4251408757882609,1.465528687127045,1.559907492916553,1.4546044944936143,1.543094692336441,1.5495778091785912,1.456379823070518,1.5646427433979264,1.4324113208060043,1.3536353017806344,1.2272033673565943,1.15739754923482,1.111984041296284,0.9472811249776936,0.4670181419077475,0.6974902182176458,0.4118968113194745,-0.07491159795114762
11.09,-0.0442634373299678,0.02881498648393868,0.2999501593836091,0.4558997209990573,0.7881009317979956,0.7775094176454808,1.0197377622720882,1.1843754129650057,1.1909271694411876,1.2665487282855574,1.3700681382201796,1.3679657250144002,1.458078531651531,1.4431350065206185,1.4636142479025112,1.4257624370822388,1.5354940565066806,1.4128329248118323,1.585835161657416,1.5547008908012931,1.4161339201251004,1.469333796302179,1.4669323032945023,1.3383769513866737,1.2615064013587474,1.170685209984836,1.0955618213889904,0.9769105015426804,0.44034824207442874,0.5752362679639006,0.37312289412622773,-0.03471587841109746
11.100000000000001,-0.027630021628683304,0.13022794274988558,0.2950404886172602,0.43857537826907667,0.7774455147157125,0.8364713925254482,1.0399289086785302,1.1731725270622682,1.2108930990737305,1.2760927454128728,1.3976014422880572,1.4173921765886193,1.4298859019774341,1.4617894608237527,1.4927787507291694,1.5406449712658088,1.5314453815221494,1.4437088176304567,1.5341600754614297,1.5697047122460632,1.4783601561164152,1.496869326683904,1.462674930689853,1.3783157319740051,1.2253078168738871,1.2006552238982922,1.0536896670810838,0.9241676865626477,0.5012017554101729,0.6434961887374259,0.3436724545813691,-0.08656631337117572
11.11,-0.02430621163828783,0.12203482567253271,0.3248876343686498,0.4362953573112801,0.7568732844260665,0.8259146714127443,1.0216522975278859,1.1559001090972862,1.1551590099197402,1.2440369990352331,1.2789002050249125,1.3951935667342827,1.4132076543945504,1.4135387926524081,1.4645361057855082,1.5014583182224173,1.5082362511202791,1.4294834548483097,1.5621509612246351,1.531997445704804,1.4286439015286994,1.5267722255779752,1.4043690795828436,1.369743569631034,1.2431679780201277,1.1746778931547348,1.0491851418277682,0.9577352648782382,0.49147099086795565,0.5521159730778092,0.2840771852106598,-0.03434868868380735
11.120000000000001,0.010143724043604132,0.12841715830026457,0.304259447446345,0.4790628947036052,0.7974443838857974,0.8422374070966464,1.063471411883073,1.1463877302597183,1.1823058371535509,1.1790160555196225,1.3518041801077445,1.4548737816545174,1.4345146179097852,1.4205970555169136,1.4698063884864583,1.480192418670267,1.4597072348282205,1.4671981156066143,1.5514347699233375,1.504185729146447,1.4102500662264348,1.5103789155408034,1.4634961222048057,1.2447371709027193,1.226426092257256,1.0815269966090557,1.0187841331140153,0.8922085686352851,0.4841887683641526,0.5726161242763073,0.3281416543838954,-0.06429453501255142
11.129999999999999,0.05245205597634191,0.12709190541546828,0.3073026723795703,0.49439913045503187,0.8221312370642962,0.8521106747701084,1.06092619962375,1.118927082343194,1.1284566401216078,1.1728816099567605,1.364445277469798,1.3753466238048087,1.470421943777049,1.479585852673798,1.4757550486317292,1.4798828859136437,1.4775943760644072,1.427361693073959,1.53333454644998,1.5243103198129677,1.448170198985001,1.446610088667863,1.3865852169564987,1.2853693515466733,1.2099404406177001,1.0973004891273381,1.0862370723564105,0.9132596085862583,0.5263575473199333,0.5375715894058024,0.2680718000275305,-0.038078506981255596
11.14,0.051977268568817826,0.18251627955969302,0.26742663740960737,0.4581153799431531,0.8038551776305048,0.865643088805598,1.0519794691626416,1.1368632577083135,1.1695691734212579,1.187495114665406,1.3243203313207514,1.3547180830672467,1.42308746382638,1.4234185207120589,1.5102149731781032,1.494342864362583,1.4919358763858528,1.4406713817146894,1.5213142320059472,1.5189371410234893,1.3987949643948987,1.4520661743700358,1.381033824398061,1.2017985841980257,1.1276952469218897,1.095978677899855,1.0195920503441007,0.8590097081208354,0.5804471446849381,0.5249441098576568,0.22672184259623746,-0.06565687805483914
11.150000000000002,0.08315656424228353,0.15155524920803845,0.3073687388375054,0.5069223269551336,0.8656534884137531,0.8757403928000024,1.0554016653114027,1.147381171224786,1.0727176466418138,1.2098354978166546,1.317522676041247,1.410933748110147,1.4551657814008798,1.4540041715455443,1.451411717795944,1.4879794143533187,1.46439190639105,1.4674940778040575,1.5063178993080701,1.517887034366977,1.4233733826349004,1.5145819599710544,1.374279567525326,1.2012605152629945,1.1486531678827765,1.0986206147508795,0.9971655284972605,0.8468671215921802,0.6295980339371716,0.5085792115869112,0.26486911668376856,0.06383514205517438
11.16,0.1329045722677583,0.17473340382168573,0.2834584145311616,0.5125095783750112,0.8184144052606456,0.8971745704773976,1.0622483663350777,1.1561548213303559,1.0497538102467092,1.1893500444216594,1.3177954667125438,1.3303029017937291,1.4297272351147743,1.3570832834594428,1.494984141660576,1.438415413362773,1.4409322992541762,1.4100439418858637,1.5238771707856336,1.5064459761090403,1.364590866832612,1.381327938064994,1.3798403800703656,1.1750703060713288,1.0709384450838757,1.0166801380277042,0.9353050157143743,0.8029015489501027,0.6171834067137583,0.4526183569081991,0.25992838883609765,0.03849936853251578
11.170000000000002,0.12934701068829113,0.19761127822059044,0.3159296395250349,0.5412392299583633,0.8361329275856365,0.9433483372965401,1.0588553670938627,1.1679278593517932,1.110998088447784,1.1918593574431822,1.2888854649380017,1.4034752757717615,1.4819967447577365,1.4169466082201274,1.385572774950123,1.4049109686903154,1.5060997324803274,1.441461860835209,1.50054078618231,1.5063059398918537,1.3080834980864968,1.4027449716987117,1.359000386154202,1.2039981319270894,1.1017842015592327,1.0191194571088946,0.9214485863062329,0.7613944863747467,0.6515163267220184,0.49463272840750955,0.2528745220311944,0.07393082787542075
11.18,0.17827599721062387,0.17947192960760197,0.26086483455461024,0.5203007313675166,0.8677104952513517,0.9318628604500938,1.0960112142855916,1.1144265233028938,1.0841943669848069,1.1910832031051837,1.2707530080860656,1.439714822369305,1.412526344131213,1.4258151171918245,1.4789851300922288,1.485369782013672,1.4760146573397535,1.4262473712490493,1.5172999698068406,1.474609534507694,1.3431409464736959,1.4022751672408036,1.312862123845488,1.1692417017011587,1.0867001779161658,1.0598272916881175,0.9417064065412026,0.8104472885015284,0.7726404641822849,0.49493010791165454,0.24987494927974616,0.10865193013648207
11.190000000000001,0.15475701567233174,0.14854632406930096,0.2505716597193478,0.5247878967800201,0.8322088778689903,0.9603333000940745,1.0168463255918274,1.1251274124134816,1.1233127072739189,1.1953203661039178,1.2722972561750252,1.3971709481284087,1.4410265491187695,1.4227450516520106,1.439995213233919,1.447516835215898,1.4639843825817573,1.4635864458676748,1.5012100187144672,1.4692973917313756,1.4335879991074678,1.4480062295346363,1.3045072505286923,1.1240311401305887,1.0396298747492654,1.0366376924640521,0.956262416274936,0.8425706510712153,0.7431789393052974,0.4965971236202919,0.2738421427633815,0.1270838632559372
11.2,0.21568199221066445,0.1976755169810643,0.3353905053837568,0.4292888331811829,0.8113320595549056,0.9045576926330885,1.0477408257322676,1.142632278725029,1.0636994807761844,1.1747165780717805,1.3020439577139076,1.3971154730580586,1.359461959222976,1.3843368951031787,1.500824163578087,1.4804720083120975,1.4686996149310694,1.4529683561594515,1.5095398717695634,1.468959936969211,1.341893095917211,1.3989309701233559,1.3192046620861477,1.124699853655439,0.9883748463780438,1.0196174188397653,0.9441926358897302,0.8063059559682598,0.7820174112975143,0.5290675712731938,0.26228814360480024,0.1922506472827582
11.21,0.17141707530625028,0.1966797725803479,0.36884336948651336,0.5093726976784055,0.785575810694195,0.9357295568776034,1.0859671946848082,1.1330792303694075,1.0634815282545502,1.1874267061310582,1.3006206529378448,1.3892326521594454,1.418087944818813,1.4165323509776673,1.455531168584575,1.442326656477848,1.5084504967744683,1.5208363988860822,1.4930262432780608,1.440860358117081,1.3397265237558804,1.3220380093436637,1.2953549100015036,1.1530290469813338,1.0200045568042138,1.0813708599707998,0.9357498895408592,0.7925726575075736,0.7805738663327302,0.49213296067876416,0.2114837035291805,0.2766943935360247
11.219999999999999,0.13884894362454664,0.15632668301398123,0.3401842268255914,0.4925015181591134,0.8021412726546897,0.9519124982689209,1.0526126481352105,1.1121729057665932,1.135621079338001,1.1842487313165095,1.2606481685281388,1.3781724223815666,1.4339156279866667,1.4387711090200268,1.4655130528073281,1.5075444675075749,1.4508534270918312,1.4220669305477678,1.494274614511067,1.4922959186096694,1.3439304394224647,1.3625910377115857,1.2784735542684307,1.0995213541561388,1.0084753661984491,1.0876163840153958,0.96451705851391,0.8220278681739384,0.8673827871200609,0.5442965685922159,0.17321391407067216,0.20752822408802463
11.23,0.10019935691301939,0.13854245076031546,0.3353363295549911,0.4747298562507522,0.7458973543434901,0.9745780205208385,1.03332332322623,1.132610867457919,1.1070282701274246,1.1751157632462597,1.3192355439822983,1.4486001284837131,1.493497339495238,1.4508486156218234,1.5091551143092619,1.492743071869613,1.4865496526519317,1.4997536095679052,1.5322706099362688,1.420987724769096,1.3354696219215867,1.3503158849055334,1.2006185263121465,1.1342243797991862,1.0090174322725167,1.0582222401063293,0.9834991336551806,0.9309369476764434,0.8639725480781517,0.5249329287153759,0.13233369249398053,0.21128884784789917
11.240000000000002,0.1992284099488931,0.17302064859438435,0.39462553244612647,0.46962115331003557,0.7229376115215682,0.9245839968965922,0.9815208535697276,1.0793646285520786,1.1143197281541732,1.2362081497252888,1.298642666441608,1.401090698493529,1.4359021694870517,1.4575794635272075,1.4734336192149948,1.4680247512610536,1.4777951131688212,1.4581548800760369,1.4668399837908874,1.4827933153731339,1.2509200985919513,1.3496960082300011,1.2811036338290671,1.1432745759249203,0.9875969496673787,1.0894002657786817,0.996491650070659,0.8685236161224381,0.9386320954999469,0.4778993419535002,0.12231997387631635,0.18893354622349923
11.25,0.18794314700992265,0.13616721719322109,0.4836036032926134,0.43273028791100787,0.7098479898648251,0.9013352158481253,1.0022033476945817,1.0166130435145648,1.1078088889076154,1.197824089972971,1.281187638929183,1.4122680352162205,1.409291534350013,1.4411840926786634,1.465400966187389,1.4696888103451544,1.407328583062211,1.475406493681692,1.484339263738158,1.4729293163021535,1.3185465839248722,1.3734951272619187,1.2359563371431832,1.1737161797112148,1.0076730446779243,1.112004362596731,1.0217428441089136,0.8362220691515853,0.8317697573023453,0.4758395811375635,0.1675151080893112,0.1608990647717413
11.260000000000002,0.19582906101627115,0.07777730010175185,0.43051313784665196,0.4216407818975621,0.7555491220014884,0.9102117008455677,1.0346559803335216,1.0682712038504498,1.1560666126828663,1.1874151660839545,1.318721153118156,1.340868452810138,1.3507519018943135,1.4651143260227613,1.490758052142484,1.4786911607742876,1.4832731235887398,1.478476090643471,1.4762634799641299,1.539841790216486,1.2959665824682673,1.3576965801584855,1.1934946512103342,1.172453350528428,0.9310764918465336,1.062804625757398,1.0123999109242803,0.884453877042788,0.875400133141169,0.5349349783484881,0.07575060829984781,0.25662637101099134
11.27,0.24920679224030562,0.1123458246405157,0.4697161502667947,0.4415290285000695,0.6945540398488929,0.9305519196211172,0.988985232401085,1.0755268052040803,1.136025319175444,1.241807480280622,1.2906793011074433,1.3321151745375173,1.4033296472108048,1.4094689010842099,1.4423562169612485,1.4341631415689744,1.450711292267483,1.4831201872580042,1.4661201597369629,1.4679723886634855,1.2925315116760805,1.4172561532952,1.2597229480592709,1.0958686990129027,0.9717246842792142,1.1117642010583004,1.0284260400928564,0.9487463768966624,0.8582574452954425,0.5091380308714641,0.0654671887707527,0.22830683184010359
11.280000000000001,0.210975685021151,0.08709946036483626,0.505774665904233,0.4514186736989606,0.668654675325288,0.8839232180876072,0.9791698103553266,1.046683823886551,1.1543922670020925,1.2572133855332668,1.2911337285892455,1.416089907106086,1.4103166109709087,1.550082877035903,1.4961716625005976,1.4896954205058068,1.4263937274901985,1.4680766089734238,1.5137973817208243,1.4612747510567874,1.3017098273778938,1.4309324888094408,1.344169409224344,1.1382593150768592,0.9478302973269349,1.1390059211039678,1.0300518096321953,0.9266827968854289,0.7710929031964634,0.47806127826477046,0.1028626868262782,0.22660032495810215
11.29,0.23684609064735526,0.06362196101118212,0.4797676595046179,0.4424742310191804,0.6376971531410391,0.9940105319352343,0.9942696870708206,1.0110216036891728,1.1617652141934525,1.2517592017625503,1.3504660408737432,1.4398090221567628,1.3875671381581975,1.4282126443968859,1.5018382367522722,1.4998370068697031,1.5006088921220464,1.4902213721674313,1.5050695399958323,1.4830101792037027,1.2923156500375406,1.4071282209193134,1.2718570534878324,1.091500338541958,0.9961189867758817,1.1149770798245182,0.9613316620962058,0.9242455531277851,0.8221639853314098,0.47149731124636174,0.06729130075983991,0.11409574139712492
11.3,0.2513828699641753,0.0479616828045432,0.6679706178810383,0.5187151824640857,0.6702342491029315,0.9822245092176316,0.9728441923485723,0.9972409608073589,1.1780473996679284,1.2144846853180926,1.3012070666827051,1.400159651493889,1.4076136847728065,1.489816723678578,1.4643471971369393,1.4118216251955484,1.4683158043125726,1.4870732127835442,1.5642628493025093,1.557336858718315,1.2603480069146387,1.420470806689917,1.2366203798298974,1.0858048842649224,0.9880294367680496,1.1384740040219776,1.1097842175746815,0.915599251116211,0.6904695784130604,0.38876984215032284,0.07038672376646145,0.21544729017100445
11.309999999999999,0.20412207680866185,0.06699564582047723,0.5578956807595212,0.47465903965556705,0.6298358269782433,0.8969634041084399,0.9766209279291977,1.020097398469342,1.2029371063166114,1.2508597224365152,1.3394279548699246,1.4181894705982712,1.419790323315226,1.4537810403749862,1.5095123857276027,1.4205614726759825,1.4197897324497746,1.4602174222160038,1.5207078941754955,1.4914276931673558,1.3181003654907373,1.3999310146332207,1.2151719563422265,1.0809058461997774,0.9359085369008178,1.1206097133134116,1.0563493668721535,0.9406678512731632,0.6871351862763078,0.4095616223074702,0.025440986033790452,0.12563520873026812
11.32,0.22416125250490893,0.08046471880576503,0.6193672603631766,0.4506649080540954,0.6518969062411716,0.9914812027245915,1.0077949932993322,1.0039572566965516,1.1947610455195847,1.3145026723134983,1.3632823066763815,1.3549996054310867,1.4114892844503535,1.491449205309197,1.4909301173877962,1.4914590328755473,1.4590237863762914,1.5030291813126655,1.6068166610560153,1.5105713959225668,1.270447689364087,1.407376125099952,1.238621898534639,1.0982592793846297,0.9181447921920136,1.1110512514367559,1.0500841251379813,0.9423806217535989,0.6465043113687845,0.39604699517950515,-0.006239700232546769,0.17941357751576772
11.330000000000002,0.18949532439376301,0.08426535541492203,0.5945744855848851,0.506175772300972,0.6159782172732599,0.9382885171287507,0.8703158356545344,1.00083312957269,1.197585102831321,1.3309508302238169,1.2859550274140625,1.3859579824713442,1.396248497957358,1.5101310204407261,1.4742842563958494,1.460732273461622,1.5651566761895725,1.562584529380741,1.4938809617115811,1.5096722180503879,1.3164320537181537,1.4845878577639595,1.2038513897353922,1.0123272832770993,0.9508524478316688,1.0587819672240948,1.02478649833717,0.8892416051412444,0.5903670275243417,0.3251748479893698,0.04273000213945868,0.19789122014612512
11.34,0.3010164260724937,0.17877013074232884,0.6086845405383029,0.5304651420193484,0.6558197008654665,0.9362689389558307,0.964026288455029,1.0101891571221944,1.2053795347147211,1.3303399708283556,1.3226090724771105,1.3596536173222915,1.4225612149807616,1.5113630496733332,1.4982617429242282,1.4588581024983032,1.4456035719721843,1.546362002250048,1.5518895610286128,1.5208925023523727,1.260209244398011,1.383924912389684,1.2565367971257764,1.0197362901804063,0.9460971673164982,1.149932532221672,0.9641458562492021,0.8726613692633527,0.4796982784449618,0.2457856795838478,0.08907726852959343,0.2335281132075914
11.350000000000001,0.2716578080147544,0.19278460488373422,0.6899514071380393,0.5515941064600438,0.6975127083388619,0.9534749915829714,0.8977530505204933,0.9981353767126302,1.239466348391659,1.32661247035064,1.435744537342657,1.421893065080297,1.4421596265923082,1.4593694398656718,1.5063264806900674,1.4532936898813564,1.4983094698967898,1.4959436843604306,1.4464383543475907,1.4284375598962242,1.2280225070146085,1.3928670574758273,1.2588430152640153,1.0236854694042958,0.9373382742339457,1.056200990373973,0.9615868224231993,0.8482311866270833,0.4438792889986383,0.29040609143057755,0.17975450877696994,0.2071890650124422
11.36,0.3376868472258626,0.13418316564268845,0.6294865780480755,0.5482434041352368,0.6654131592883755,0.9271692064725031,0.9072259568101138,1.0107693330328276,1.241496324160683,1.3293371802804168,1.307274385024924,1.354995239249877,1.414651309308376,1.5146453573051815,1.55398138889565,1.4798005397799932,1.4665380807208583,1.4713236096132807,1.527885919173428,1.4997955022939033,1.337326861396968,1.4644283091355759,1.2257032111701152,0.9779483062906635,0.9675385832286683,1.0400630242574287,1.0016828705283567,0.8444511691289945,0.4944821991033018,0.28309476957836505,0.15737854358474826,0.18040746138567917
11.370000000000001,0.31553028050688114,0.19794934226602184,0.5877967846356318,0.5410812495592846,0.6769102662272904,0.9696409334125462,0.934182525825032,1.0142709027312675,1.2366007097599425,1.3375432327094248,1.3042467489360416,1.3644973569914525,1.4658281870217207,1.5102503568783912,1.497920751265836,1.4465048396237343,1.4778261130208126,1.5064323610238812,1.5187684382672513,1.4016933403600285,1.237392283762713,1.3851307418201442,1.2074663835967012,1.0306973428605377,0.9512477735525517,0.9645805996637208,0.9814205547610368,0.8506681786771961,0.29667950840421353,0.26024703306629,0.2244740367857668,0.18198526400899334
11.379999999999999,0.3109006165956077,0.21593230157955617,0.5931129719722515,0.5899671166842244,0.7025103768043309,0.9221716116568498,0.9186620801137011,1.0701697479197287,1.2630258543983084,1.2074349675878155,1.3455697820230847,1.3926424986436707,1.4411272865476916,1.521335154650965,1.5086171518754872,1.4569104615080273,1.4866075434024089,1.512773105936198,1.4965716426573452,1.4823764984831844,1.3148526375045817,1.379981459504926,1.2467547710055047,0.9523136854249532,0.9434691031550364,0.9221936144183409,0.9467871715669418,0.7916607394807572,0.3346981733151834,0.26012386905092316,0.24250692505747587,0.24406278200774129
11.39,0.3452706135208753,0.24328496970249386,0.5905658310352228,0.6028289659173415,0.6303388944033753,0.9117511449811808,0.8589559482327978,1.0813302058734644,1.2713277694259673,1.3687812054296635,1.4162155560616063,1.3685133660090203,1.4063445297824093,1.4559219643177879,1.4756995220183682,1.4734932174697049,1.441778389158869,1.4634365752749399,1.539365555813139,1.5262160248835361,1.3304289900823574,1.3427243760699732,1.2429605235951378,1.0045856397379647,0.9429270790532519,0.9936784751115437,0.9151398150609511,0.7393137158975809,0.33603758813217255,0.25144023013937716,0.26016350993597115,0.19542224410703174
11.400000000000002,0.369826808979092,0.3250402143430007,0.5559925900798822,0.655006306992274,0.7317911018490602,0.9344234003272739,0.8878073502154662,1.0729681296141675,1.2335147573926857,1.3216197425797607,1.363487988947448,1.3916409680980808,1.4398052243821597,1.5104053592947073,1.452766842577804,1.455176084672123,1.481644644363363,1.5378922786946934,1.441527524091043,1.479454975968616,1.3251962079192023,1.403146871657964,1.1761120235346967,0.9592088416772471,0.9511122686571207,0.9666217476842206,0.8935261484832594,0.6724542784420979,0.2677432077558607,0.1938966171124042,0.33335155858231874,0.2776578587634193
11.41,0.33244690431415924,0.28599417716342707,0.49797703193414067,0.6861560318140141,0.7103111045255006,0.8881854224836028,0.8653623851676125,1.0338431789915181,1.1845735784722489,1.3060488304459785,1.3486079716552606,1.3784028846406984,1.4658748665219625,1.4820619546275926,1.5172084827508552,1.4760706027259922,1.4885826354860245,1.4954137843100843,1.47979737501873,1.4805005450815658,1.2210068934438887,1.3471688706797775,1.1726469776878135,1.0006493768711848,0.941017400962628,0.9504616641869963,0.8498809961414364,0.7084884327060226,0.2749432498296821,0.20278085707796278,0.39762554551755175,0.2505535824612573
11.420000000000002,0.2574421390997377,0.32807669474532514,0.5270429920870641,0.6961672471759784,0.7332721131450602,0.929660602807615,0.9440769846689985,1.0828316494127994,1.1995513349034779,1.3081165439709799,1.359565807329575,1.3151650881321884,1.4255793754886255,1.5012323400350756,1.4612232952867008,1.4232933220872077,1.4243674822749919,1.4851600310488395,1.5166843117190065,1.435981836851827,1.2845724691922742,1.3461759336621815,1.2429094570241206,1.0167456191107824,0.9067446752768076,0.8935757867127064,0.8416473965159661,0.6889246645797796,0.27902275034914004,0.15111054754217412,0.35001375577271465,0.2568313916237649
11.43,0.2889703248173787,0.3118817023994913,0.46824480867118745,0.7320294267596213,0.7293221138761229,0.9131879068951074,0.8940831757259459,1.093791923662242,1.1829052511837805,1.29437145815615,1.3454731919132112,1.3995520198230653,1.4351433301141254,1.486540426417078,1.4781740515882273,1.4415443831087615,1.4446962804163748,1.4983400388495574,1.4508344710233745,1.4229038122527262,1.305539804665134,1.3497101080306217,1.2346993769846952,1.0961018724637013,0.9116014575474998,0.9007532405864168,0.8165823919215675,0.654145204007871,0.30472759982736536,0.2154144714589708,0.44686089269797175,0.25831106287986516
11.440000000000001,0.2822454442260356,0.40641031487958695,0.4447001736060562,0.7383871485206454,0.6803059730943164,0.8812414440107955,0.8891688896307695,1.0810592186712744,1.203037172966864,1.303750708846174,1.3559361698470345,1.3737214538377653,1.4721537380501448,1.4472688617952159,1.4996606650341728,1.505988753668706,1.4792157513154598,1.517432580273895,1.462265048178063,1.3980125250640747,1.2897198834575923,1.3071085689621385,1.1725487417782587,1.071151420934702,0.9289963459373959,0.84274377209778,0.8176404898422293,0.6742497308658896,0.27833337349074977,0.1384016866524741,0.40078738395030244,0.31926680601149565
11.45,0.21525841822218122,0.3920704884775877,0.4089959214686709,0.76838368333264,0.6980892532409095,0.8709948537037475,0.9247051533294877,1.093387678578474,1.2202365745455221,1.3026683225980455,1.3399872721381234,1.3668864734017434,1.4396626248718825,1.426130501694592,1.499583063349394,1.4688319239186791,1.5287033913068686,1.5533441003964,1.4961195689246585,1.4566346921201885,1.254804955113737,1.285536554535507,1.176029376271894,1.118843126892577,0.9594031347110252,0.884587976573748,0.7834231538414712,0.675239125157851,0.2975314801236668,0.26097284762535844,0.5628028440399014,0.2600923404376691
11.46,0.1965804352079572,0.4006093594861592,0.3702428902131212,0.738317370807888,0.6635611464678559,0.8966321270928244,0.9000442614778539,1.1411856726045941,1.1530606506420087,1.2195745035035555,1.3389078912628596,1.3247848909021895,1.430210173434349,1.4531757515946406,1.5302684534138051,1.4557139312133651,1.5188467438170796,1.5492957628241617,1.4499501183715204,1.414859867567099,1.3200467913097478,1.3484214736240894,1.226248850327433,1.0611619510322141,0.8957862644905558,0.8368426726315815,0.7518005920641437,0.5959588613527478,0.28988990284670424,0.1382299017525786,0.53355514154936,0.3272713437453892
11.469999999999999,0.12039045064235393,0.3984323411194219,0.30925528807313835,0.830609938716766,0.7423757751556176,0.8931646652774148,0.9092539297581147,1.0850582143716914,1.1639151214795294,1.2796312395857556,1.3491171588548108,1.352364075906942,1.4211034691284279,1.432533015425239,1.50628227489937,1.4627993495699003,1.4972064005555463,1.504097730292706,1.451428401156833,1.4046131155500905,1.296445689675439,1.3113869389523165,1.2191740948728766,1.1130376818064185,0.9399921077402132,0.8705092831347502,0.7701042127684454,0.7045447390190539,0.36403938991875284,0.25181186404040656,0.5501727192590111,0.21153546911495227
11.48,0.1006077742442558,0.42094976393276246,0.2733582234659421,0.689550530463704,0.6947744239428928,0.7649464983554265,0.9209081749594201,1.0898963711868308,1.175928196767792,1.2400165630128341,1.317111357748383,1.3852618353916402,1.4602049830912784,1.474997871152867,1.4630466972963105,1.4662251769571366,1.5001049951937333,1.5866442231349238,1.4260106014637628,1.3385784061547108,1.2944294179711897,1.2760709288214571,1.1850746877622158,1.1171866118662708,0.9041029248444612,0.7626902255520785,0.7272575463798132,0.6157483532621907,0.48929040045237604,0.2648958276639399,0.5532812179442145,0.1643336460605998
11.490000000000002,0.05482821740510461,0.4142395432601121,0.2737865601855844,0.7653305194204347,0.6876834084641906,0.7546147317475392,0.908354374594902,1.1012247142766396,1.1241111088759483,1.2319635725899916,1.350426295053461,1.3756254873976108,1.4045923613994202,1.4469597602660773,1.5741587175956955,1.512183741014611,1.505152693285166,1.470589441333718,1.4177975557278029,1.4297477028549779,1.3353948405486418,1.3180256211545065,1.1900652985403903,1.1838289651952307,0.891273496558239,0.7747018039853184,0.6876265753407477,0.5920516402452434,0.4461769571461655,0.24558229744268362,0.5765427706768768,0.14550648996392032
11.5,0.061368829549494394,0.4224092433525375,0.2243183533122583,0.7585417363110434,0.7392444855556135,0.7882148954975365,0.9570742035381887,1.1052336137726935,1.1014013302161088,1.2293446676353268,1.3332995601971775,1.3465376181793147,1.444315793974684,1.4667611872249808,1.562819342679064,1.4867849492131322,1.512919531929021,1.5051733747956662,1.4291638435201102,1.3076097708613377,1.3005745735662533,1.2702707523806716,1.1936396797673043,1.156446058226526,0.9630293432315477,0.7251261770820862,0.6387000422063367,0.5354614804779314,0.4084731330368233,0.30733742047174595,0.5699577520642275,0.160039602292743
11.510000000000002,-0.008522009992910723,0.3894756500062826,0.22853183386304377,0.6808951670490307,0.805344208473539,0.770809541070732,0.9445634157904848,1.0585376146330283,1.1644952724099973,1.2190405370509567,1.307032218377332,1.3520188429470963,1.4465973349541748,1.4288031749480974,1.448626367489071,1.5333908094643174,1.5379948390320173,1.5279599941848676,1.4315159321299664,1.3929794926627488,1.373311985039913,1.307578559783047,1.1652502276753454,1.1866706634873536,0.9431559636291378,0.7543092135395604,0.6861144500252885,0.5522998704120533,0.4618180942062434,0.31230623130283375,0.5164658949402714,0.0775557412465706
11.52,-0.08021426327268895,0.3989373204886683,0.24538553177851097,0.7417245742366171,0.7789461264818727,0.7674355974023208,1.0091003312647804,1.0899346392468523,1.1250506848280093,1.2416950481986908,1.3109802262462058,1.3834243732686775,1.4180566754549848,1.3957071188464119,1.5000486151923624,1.491805748797347,1.5913184733656995,1.4977228256983341,1.410617050112626,1.371753078493351,1.3398453108458737,1.2291353506480767,1.1326571188717636,1.2291846581432373,0.9524048380909323,0.6849931615374933,0.6283389035849882,0.5696928329303317,0.5536063431325414,0.3271825935555819,0.4914135979564322,0.03186076801454644
11.530000000000001,-0.07635791831978672,0.4741024973141268,0.2009887357487229,0.7379411845922438,0.7680912747974833,0.7734225259179885,0.9853910946120729,1.0862976082830356,1.1349414944395986,1.169835833728115,1.35161522631822,1.4158050737908436,1.4124610603309857,1.4745289803812254,1.4652510273546593,1.4664611471745002,1.5215869668697177,1.5477666124565208,1.4223809236909641,1.3715332861900857,1.3564222075556125,1.2197992001030007,1.1629103843665038,1.2473773652602669,0.9027304936660436,0.6880102118188622,0.663172585928587,0.49401286678987905,0.528358342907999,0.36259250095720186,0.4560349245385005,-0.03105028287782182
11.54,-0.09327670193146084,0.39517825401414725,0.21367421233407335,0.7544056908424264,0.7903861380839786,0.7584888675041547,0.9876165686702567,1.101199423693419,1.1997778710419327,1.2482365007127694,1.3445851276672096,1.4192289721976905,1.4886584944557326,1.4489325543999811,1.5264986015798552,1.5401492622521706,1.5223634072695904,1.476401128885246,1.4049481276530942,1.331122298608517,1.2775786782198157,1.2060978270746192,1.1592947399688533,1.2893343635627048,0.9358793212333394,0.6934818654287604,0.6159473869409083,0.5197075437335423,0.5966833784450022,0.40727470256118803,0.41669093633207455,-0.02853661106941134
11.55,-0.08320042233667208,0.41979504208248025,0.26812050845881175,0.7445396790336011,0.7863765613223035,0.7559819161051923,0.9723501330906374,1.1191206180806628,1.163006087394572,1.2374566455456384,1.2603161373259146,1.394035334635523,1.4369966819696909,1.4087255530498208,1.4690890517832313,1.5067908517208555,1.6012567752850944,1.5646485060951445,1.4216085523275839,1.2978438810862738,1.279914585438473,1.2228623257826206,1.1734276978073477,1.2605735857142826,0.9602545218607104,0.6876237466264917,0.5582417718166043,0.47209620334074015,0.6078634685457002,0.4823649590101387,0.3920004261976809,-0.06870581951536157
11.559999999999999,-0.0710655655512047,0.39295746636516166,0.24210779555306605,0.7092629650906614,0.8313043852702984,0.7120676251517717,1.0599990039605955,1.1386882044740512,1.1501914972187794,1.3121312617988459,1.3449639728926515,1.379516514968957,1.4520649546535553,1.4320300304405795,1.5336313882600858,1.5286645702110646,1.5967129226137,1.5554427774403585,1.3639737014982942,1.293502926509158,1.195732160823147,1.173345403745365,1.089857290754878,1.2104332016001842,0.8606216446124116,0.6955130352316721,0.5250999676421428,0.46604326576760186,0.6758373729675156,0.4197118033110133,0.35335869765670325,-0.04565811837421051
11.57,-0.1389702330668912,0.409224629597196,0.3418463452357716,0.72346477225002,0.8443780245202587,0.7887681313188944,1.021190640914129,1.121160285055595,1.141962985853131,1.2143268735502064,1.3100809241496247,1.3594471556602141,1.4436696585946183,1.4674348467281255,1.5230986483010887,1.477879420763191,1.5960092947910343,1.6413977349405169,1.4201586665594346,1.2943529273498655,1.259166912253013,1.1531750867275208,1.1155150270146161,1.2519878302411849,0.84406265360196,0.6223645263199574,0.5183619497750319,0.40820578820236353,0.6126047113980899,0.3861511944968645,0.31059293899328344,-0.0870979635346627
11.580000000000002,-0.16662528405945334,0.46095325847672675,0.32852768793515413,0.6493915475243024,0.826782854895216,0.7665011658099092,1.03322218019658,1.1208797113387075,1.1358760230959655,1.2593451986541002,1.3356999406529875,1.4126861278484468,1.4672146562915667,1.506811501139328,1.5248130784400475,1.4540409999964348,1.549873245110319,1.5450268311951165,1.3511323636908026,1.2958600529042097,1.2357409840974949,1.1393508510981705,1.0862768631376492,1.3147437465176353,0.797210793597457,0.6871931585895544,0.536353232242329,0.3974753826176852,0.7375721803547297,0.566483791383223,0.32130760849847423,-0.10879799440800632
11.59,-0.060893322581836426,0.3847953884478968,0.3862781782199733,0.6775640275791213,0.8146006523776782,0.748776262341926,1.1403482636705522,1.1076642684432274,1.1331557659073497,1.2257429618746996,1.336750374829869,1.4347795392920446,1.4194456594708877,1.5233524416922053,1.5681189742171782,1.5014041304628472,1.628930873799895,1.5623557932376242,1.3730207271372337,1.261724881721789,1.2450678793345153,1.1368455326964748,1.0506287556957628,1.320918467799477,0.7968772195573843,0.6768862460559005,0.5710531033010399,0.44238295189220506,0.7515056032321007,0.5189097990833278,0.27660858151246925,-0.18308894406425996
11.600000000000001,-0.13418227456249945,0.47707978983099136,0.4390919008970069,0.6722311029294245,0.8721010237968814,0.759996853075239,1.051281044861133,1.1114155034570907,1.089099248688964,1.2146073951749679,1.3263031692197702,1.373601124270055,1.3818908133892256,1.419363819009481,1.5146070465459722,1.5106722560752532,1.5659587983971328,1.5453370494321343,1.4107943761361794,1.2593365214308017,1.164714625399938,1.1457366005625238,1.0700554626488874,1.2899783519925225,0.8378727936601112,0.7187481254943034,0.5449952231950128,0.4491539679238165,0.7961040922123647,0.5308527058684017,0.25533210353332764,-0.08027589658353036
11.61,-0.057302276769350985,0.4091302094398661,0.405603950180499,0.6646744553599452,0.885523687257209,0.7848120922523314,1.1335232781704616,1.184723828354201,1.1562622378819336,1.180266619518813,1.3383708052757783,1.396185231137944,1.3855080617020825,1.462252250763604,1.522920847861467,1.500618341475695,1.5390418257957013,1.5915107081029116,1.3097403012203535,1.2400082990416763,1.247617354004744,1.1217334880394074,1.0382725986413908,1.2993903784322007,0.7909095826793411,0.7630058037863441,0.5017542899093184,0.385087168953046,0.737535780814221,0.6137700539955185,0.18934748865241485,-0.1938099694932513
11.620000000000001,-0.07406181707487235,0.38977121723831754,0.3896085646802744,0.6879169470229456,0.8360175188154126,0.8322682032917871,1.0969360615556445,1.069747778324408,1.0812804314846707,1.1947005700503255,1.2819561577562597,1.3914453144948946,1.4178190851040189,1.43797843625616,1.5233259088119737,1.4461223823989513,1.5916521979400051,1.5569595731393313,1.3613998639118081,1.3044475272259355,1.1969703457897622,1.1251495088045735,1.0689475838514844,1.3472114615401034,0.8744235818253907,0.7300904454315241,0.512240710278469,0.4365512684082118,0.855621975276697,0.6519531673520068,0.20476526016199328,-0.15779527868256824
11.629999999999999,-0.01326892648518761,0.40077844185351047,0.48678521712254175,0.567492240033108,0.7934654494708808,0.8474580843212525,1.0752217831120536,1.1631049189633766,1.1453613923945873,1.1945712494970706,1.2811816171074644,1.3921436756973744,1.3956456346594446,1.3839691678151582,1.507191624631734,1.4789008970512216,1.4904496208160978,1.5169345228843258,1.3418429461331192,1.2686737289850085,1.1851722483734395,1.129358707112286,1.0639486548409982,1.3242869329070817,0.8743803410244372,0.8171551732546036,0.6063045821436247,0.47779623726535086,0.8315807258085811,0.6681565239955924,0.14488325653124645,-0.17299662343604846
11.64,-0.031585933567650507,0.30570197590804266,0.5465198973212234,0.6578827722786353,0.7855407735917936,0.8861582749437893,1.0904434265012062,1.1113760096519212,1.1243712140732385,1.2552606580914536,1.347396890906859,1.4571664487261493,1.4206670173132872,1.3632656317445981,1.4071510107023677,1.4812032180321857,1.5543584086841586,1.5210611882456828,1.3739686502111215,1.3027501088504292,1.2396688143090968,1.1904895949517853,1.0722817273954124,1.3582366560989885,0.8504740735207994,0.7844777463974293,0.6758788874363443,0.5166105519795985,0.8451138086861391,0.6952828694611125,0.08817059945247688,-0.19384225649488643
11.650000000000002,-0.025742416163034056,0.38928540793718247,0.5658022695566214,0.6228748544537306,0.82626620236057,0.8573630312397643,1.08929931055359,1.1365357114504668,1.1100071778444511,1.168663433431453,1.2994798227214168,1.4082847232678892,1.4910408173241696,1.4885432206195865,1.5439684720158424,1.4819356496145057,1.5209003080947978,1.5297904010015646,1.3103418795719763,1.3430847621316226,1.2779412861431412,1.156005869031442,0.9805176663040986,1.2453839290859725,0.8821036919633634,0.8288050372492852,0.6200184218436339,0.4661387518950293,0.7857318143130115,0.6785787203516502,0.1592064021290207,-0.17432686674338788
11.66,0.0345852864109716,0.3880276527112235,0.569110681426763,0.5932980156033196,0.7769046401872648,0.8594052607549003,1.055698601357738,1.0571508558608693,1.1644030517188524,1.264540013851406,1.2838024163429496,1.4001586115844185,1.3956773630795025,1.476719170891426,1.510841455337081,1.492702284983763,1.5384393369618856,1.4865176052831406,1.3866125761248345,1.3222535292551576,1.2150618611416977,1.1654526565560406,1.0585984136779527,1.351238913735999,0.8314386362932704,0.8542518359906669,0.6457717202239199,0.5266947463955977,0.7646686051946968,0.7049325319211771,0.10491444928725432,-0.04614756085582107
11.670000000000002,0.0678762240119556,0.33143208424715054,0.5131032434398094,0.5575711332591488,0.7718484539224069,0.8535175246750817,1.1162965173008443,1.1297584983325115,1.1467109750292965,1.272165276149763,1.2650585842282194,1.4018650377502342,1.3605121920104635,1.4714380649556793,1.4332276679952372,1.4436606233663045,1.533358311526051,1.511719713716389,1.3648140189310678,1.3835012642303566,1.2680474674894626,1.1752510269720517,1.1095483314670296,1.271611849773296,0.8212546875298464,0.9698901471101214,0.7617510124258208,0.5915855519937012,0.7447757549464497,0.7057959883044019,0.10951496559579194,-0.13082645445688415
11.68,0.1311717138551377,0.382398130099136,0.5968440030781718,0.5975524079047441,0.7613594933945417,0.8939789909932812,1.0287049018746628,1.0789813481180117,1.1134124529122271,1.2401085425148546,1.3011378999624788,1.4678426236866589,1.389830026027426,1.4771917146414215,1.5399032786603108,1.5597643286650151,1.5153843957571704,1.4772865978228533,1.3933320601993144,1.307196957269484,1.2474751350983897,1.2430542519225234,1.0963067663995647,1.2861829489698764,0.8677822460042012,0.9907366144459401,0.7600922175294523,0.6180377305311265,0.7395385489326392,0.7765329043936348,0.11606031342747652,-0.035228863305823116
11.690000000000001,0.10956136685016138,0.289523439372636,0.5734322665789514,0.5115299697227903,0.7638743146963133,0.89690704045155,1.0404550029047943,1.0815249467294943,1.1826880375075297,1.3050461656807313,1.3518019306423386,1.3699366040929468,1.392254765591895,1.4727406021281384,1.5544744148906138,1.4887508305622876,1.540794679333174,1.5027841759669875,1.366456077607962,1.3119251036336355,1.3051249785756287,1.2148887478048598,1.0853712949715177,1.256676138816546,0.8959355941592164,0.9749564672256482,0.7757376224277927,0.616954362782165,0.6892569844216452,0.7061221913869117,0.030612624149201826,-0.09005629548204935
11.7,0.21953747160091683,0.26902642453406267,0.5375756345179447,0.5425652333340056,0.7003852534620939,0.9653920163311618,1.0100563698589207,1.042899571497944,1.1567072113727808,1.241421080523776,1.3447027297697032,1.3818136612571894,1.4033473588645322,1.5099849532434615,1.502828217706494,1.5154993551569562,1.4853224163812677,1.5147456710168437,1.431347490539682,1.3626554633944465,1.2422976391804927,1.1970565771478907,1.1401916491071638,1.268060860421099,0.9228928864626853,1.0239448627801917,0.8107819352771436,0.687846969060054,0.6906098390355002,0.7313475462049094,0.022706512069078803,-0.02553764477503956
11.71,0.1998819952379627,0.33015931080824434,0.6182933218307509,0.49558683170095724,0.6716695810300172,0.9587223983762583,1.067826996299571,1.0651879497589076,1.1679592817415378,1.2350045517086417,1.2600152229471202,1.343629072835447,1.4276123942720913,1.4406737195381913,1.5255169169681522,1.534833193886703,1.5156182353717942,1.4482756549974223,1.414191387985074,1.3735023726339717,1.346031469304313,1.288816523510135,1.1414228585972976,1.242871179755117,0.9429396519872659,1.0814313872554897,0.8398394746924922,0.692287251920278,0.6863169381791814,0.6811725187702901,0.0037188386376028537,-0.054527622386996696
11.719999999999999,0.24718635487097046,0.3230139615033416,0.6148259309151467,0.519137901180043,0.6298864870660967,0.9976237488114446,1.0757006937753848,1.014027993004387,1.2005688621978785,1.244722134551729,1.279521412625456,1.438054946048035,1.4665225053526099,1.470991994179538,1.5038463712148278,1.5096235858165976,1.426350361102732,1.5027849317771529,1.4504340978763002,1.4026763796592518,1.2940050900657107,1.2207990002043128,1.1412040061164064,1.2053592543780367,0.915205649532185,1.073343283287549,0.8640660949092169,0.7305126340821696,0.5925499178149952,0.6738469442274225,0.09179110313474413,-0.0087633789770823
11.73,0.2948689144415317,0.30204104534866605,0.6180462261729662,0.5125652677127462,0.6890504797088977,1.0421939803114608,1.0230469689190806,1.0227485249864727,1.158761249039736,1.2593915596008136,1.345713445900751,1.3801945487269054,1.438732461625183,1.510117405130118,1.5889126582172939,1.5203314806570571,1.453023332380932,1.4974891232965994,1.4245105394930633,1.4049933801731012,1.3318594374837192,1.2865207717748097,1.1589891070581122,1.163608792313761,0.97768051518341,1.0778013768074246,0.8702454087036383,0.7360022593457944,0.5830814924074809,0.6029429048822665,0.001982759392813439,0.00981088708684063
11.740000000000002,0.2826457147434515,0.28059438115776253,0.5713755982850262,0.4777751007716843,0.6358518306409734,0.9525252937386612,1.0071467559760083,1.0338919681830283,1.1323360617694613,1.2585997466472596,1.3064296109134566,1.3964617428226733,1.4081515325468903,1.458632042943075,1.4912173865214597,1.4852917088371809,1.4983210889878606,1.4709348741188641,1.4622975218667256,1.3524891383751896,1.344285630678776,1.2521136607100145,1.1100442970336268,1.1616075097962744,1.0192552305499105,1.1461392546620723,0.918515301857358,0.8023041244605787,0.5618605344651998,0.5487452620630553,0.006946440636169598,-0.02784740501117353
11.75,0.23448163418188925,0.25582961151858774,0.5667589088187729,0.4797955914688456,0.6298601952030098,1.0178626616448438,1.014766329962688,1.023457473848718,1.186223277977146,1.2936956707784368,1.274216303736377,1.3237827179708481,1.3616336609737913,1.5176189140928895,1.4939937297802435,1.5049472767981995,1.4750580435413634,1.4448726852274019,1.4211742919121526,1.4412882869895778,1.3758835248086374,1.2513825479851781,1.1358754543956235,1.0862932250350306,1.0545794611053103,1.0885123208629641,0.916027668120693,0.7935895019999152,0.40565035978094705,0.5254245976470937,0.009242406187895921,0.01646548955789529
11.760000000000002,0.27744377771738427,0.2127622027773189,0.5234565960478662,0.5172161865301876,0.6573071229447317,0.9480595561253904,0.9796727800822691,0.9954431642116123,1.201336765467381,1.2284467169495652,1.326314447500485,1.3989850656146827,1.427513243766219,1.4463022818055629,1.5057759173035166,1.4942748069804654,1.4385097974563137,1.4469674734496498,1.4359353620119792,1.3540610946381701,1.3390420599076636,1.2912586316414945,1.1860681173924128,1.088499024158165,1.0494977924795938,1.183440480697346,0.8885532421653863,0.7291459209437834,0.42505918483285043,0.5156562314832444,0.027644394445528297,0.0702534661405916
11.77,0.3183187799678046,0.2702771511574192,0.6064858297297943,0.5167376454077173,0.6160854293144614,0.9837092968069688,0.9349818853315499,1.0543649551958996,1.2465285413830178,1.299210364545744,1.324107736159117,1.344584474329018,1.4395119326064933,1.5151249031086524,1.4899283892515782,1.5363897081103288,1.4800596433101132,1.407713465408114,1.4612448024589766,1.4679653379632895,1.4162960199956054,1.2634629201601,1.163200218657495,1.026226293683154,1.055454137077033,1.09442206268328,0.9149677506888861,0.7840200303531013,0.3585493268153283,0.43211361955301153,0.09381085798131031,0.08233085554036963
11.780000000000001,0.3426869952076441,0.2801625713812212,0.5301650425075582,0.48210125474495846,0.6109406675645253,1.0256786554870712,1.0229988552862315,1.0465286831516492,1.2095918912865034,1.2848128401910013,1.3511140973215752,1.3213245068892465,1.3611498311890844,1.4994208084129284,1.5108383748586474,1.4691621897286107,1.5051448029244203,1.429186198180143,1.3910302926185136,1.3790530325021857,1.3504892592655608,1.2760003838209433,1.1925875875730954,1.0014530636569106,1.0084460685231655,1.1638225230287118,0.9175818650985564,0.773743738406516,0.3747692736113007,0.30252805155684287,0.05304430780203185,0.16778689580694228
11.79,0.3925846217836948,0.22860550608775984,0.49712562443072467,0.4842348580863351,0.6034591912221356,1.0112869401364795,0.9386239163322745,1.0253013139930276,1.2383225388185264,1.2770643202264937,1.351820053176066,1.3583985765631676,1.409974535045393,1.4519200329462534,1.517971838118135,1.5202021183489092,1.4516772840452212,1.4457151537891448,1.4150403067516955,1.3505907588375725,1.3468294702434447,1.2696860480498933,1.162885882391147,0.9235101295807167,1.0051407874769827,1.0862877425391202,0.9598197294511922,0.7857785119858793,0.3088083566769275,0.32091604716716116,0.1104091158432055,0.0924331027973322
11.8,0.3059803786648077,0.20643323239583405,0.4944456732627075,0.5534860149999925,0.6423838534543795,0.998141748748189,0.9816609334717841,0.984131255366866,1.1659850948418642,1.2889374340123025,1.3412834638083682,1.3787362302138373,1.4509888042406662,1.4604868078565147,1.5541413601318466,1.5854379686321178,1.4281906917648917,1.508067226009246,1.4182868631489625,1.397704696700131,1.3594485823219775,1.2043125116030808,1.1701532359029658,0.9446679890678514,1.0169525810025095,1.13116100213794,0.9353783966464801,0.7969562427470197,0.25168411019733905,0.29162193324074454,0.08595058051208428,0.22477333055061674
11.809999999999999,0.409764407435588,0.23594046693944581,0.45368226131584233,0.47926522249964515,0.5838137857467842,1.0021914710403121,0.9742496765841834,1.066280953298095,1.2458118051714298,1.267570013732187,1.3997886264231747,1.357863529933414,1.482035596227672,1.5082629838031312,1.4782893617873423,1.5111898509529331,1.5037290643096441,1.451744706160971,1.480835523198096,1.4789428415889205,1.4217617323024312,1.261759060700038,1.1175796193768281,0.9138966948038575,0.9775511594720612,1.0661735323114323,0.8580716637125976,0.7311989041866902,0.28171032092485254,0.19876065217460093,0.2289291165603352,0.2135788913752353
11.82,0.2674962843028847,0.19581316569555657,0.41607625306793833,0.48837639768049157,0.627900329518354,0.9863913340195226,1.0011257882491442,1.0381177565976885,1.2768804202967492,1.3215739252832588,1.3088155523535245,1.352195183787356,1.3462032594170865,1.4865951124170185,1.4569575177346261,1.5228910043575787,1.5263550162133717,1.4454542927701612,1.45128189321634,1.367608971086097,1.3491107488088838,1.272596140810149,1.1843559645576467,0.8812969528122436,0.9560606550443249,1.0878732591909877,0.9063727039542819,0.7142927674427807,0.27981407259812335,0.21366504227382735,0.2680396005129292,0.20629088304128834
11.830000000000002,0.3474615331635641,0.2240114652630918,0.4600633868693974,0.5650918201658404,0.6644886788106537,0.9384522998739198,0.9574522685354657,1.0785874681223284,1.2040231217050905,1.3199844982094946,1.3378547385229433,1.2836053645698775,1.4282064957094416,1.4514035646940708,1.470815195654977,1.508800881365388,1.48185762682327,1.4869356846133528,1.474575591257388,1.3829404454355068,1.343854065404142,1.243411050744224,1.1017238929074904,0.8982008547810846,0.9767056996886245,1.0883668990521689,0.8905403832540444,0.6620526435214321,0.25754534381287564,0.1529870191621296,0.21458847136646528,0.23068292631532486
11.84,0.2820763739854037,0.2046146077165898,0.34640854728389286,0.46214812667170824,0.6314104766298803,0.974121070197084,1.0335991047099826,1.0872084275084979,1.1876057418644737,1.29286585000003,1.2997080862162558,1.3738155312448432,1.4371161367435152,1.44357731532848,1.4461738537377666,1.5412260689055264,1.4686405032067065,1.4998671402653512,1.5025715355982985,1.406405572695592,1.3136715985721408,1.2367693970704237,1.1684732063746686,0.9550407023907262,1.0224872879408213,1.0883308101425941,0.9522295490931817,0.7764258106262972,0.26678791275473485,0.1312403128931613,0.25289101019629506,0.28572538877795306
11.850000000000001,0.3054450872081967,0.19276999593753394,0.31403133514725873,0.5133732413635032,0.7009771489181434,0.9768069084219679,0.9355553214544672,1.0349208072949536,1.1574108440341404,1.2793363645862303,1.324219225358789,1.3497844261861787,1.4383410574653048,1.4895305193815287,1.5286712060325862,1.5036432890487634,1.438050702133566,1.4400938948493989,1.4410457659908624,1.4190073313029634,1.3212968981115032,1.2412295037836747,1.0909987230883487,0.9078913362461728,0.9524493749609761,1.068817381037986,0.9606296540226943,0.7562393275545923,0.3592380075845085,0.1586459701471916,0.28094437547861784,0.3392948716337013
11.86,0.3095207159698596,0.22015556131328362,0.3314527544926239,0.5590650039443957,0.7069145605730549,0.9135554254882979,0.8975468144677996,1.0603776073458788,1.2253635921874315,1.317539566970995,1.3721653465927108,1.3710861487930863,1.4332194128075821,1.4676328679693564,1.5066994144180512,1.5486515543409487,1.5021167835117217,1.473865275118233,1.4455376639816864,1.438353425672945,1.3169654259460868,1.2561894760208074,1.0473198735758622,0.8993708789754351,0.9482265853688047,1.0341049507260114,0.9465099057389366,0.8026125348978274,0.3723517471985602,0.2213720074892047,0.36248361899485737,0.2645200391323332
11.870000000000001,0.1743288963435469,0.1925916153015877,0.22925630337726324,0.5457593760018382,0.7281524843166294,0.9056046232762215,0.9740187660803958,1.051965964025013,1.248140150453957,1.294641639190425,1.3648532279044858,1.3812724033972128,1.4828306671398608,1.5034998134816628,1.5240547593256786,1.56751944439446,1.4848228134880306,1.472915098403064,1.4349653460912193,1.3850728663361596,1.3274471478812595,1.2528765201435028,1.0754693097735135,0.9929803544004021,0.9768011676271886,1.0512184569160519,0.9862759345099785,0.8146065588198544,0.4501716353293538,0.14983276231486903,0.3366444282041904,0.3469689408033596
11.879999999999999,0.1947692697679689,0.2222068132873973,0.22931373646388542,0.5750990584924784,0.6946790302810224,0.8125789478896471,0.9339079785167321,1.0384786882800086,1.203298101196653,1.2823946128828563,1.350472758290311,1.3164176021421874,1.4404975858085094,1.4398806769821675,1.4307216329576122,1.512226552826401,1.4717438801979346,1.500811928354348,1.4587036722677098,1.3912825874297274,1.3498171213063095,1.2788374463247358,1.0365067012380262,0.9680130925862337,0.9706425603941153,1.0693279305132253,0.9770207610929826,0.8575525213566798,0.5119555891378247,0.15472212633292273,0.38343428241260635,0.33856262963953043
11.89,0.18356144962586418,0.22728894217507511,0.2672954818586033,0.6228599783770156,0.7192292072206926,0.7816385377312747,0.8809815814513507,1.0975557373165605,1.1483712923755127,1.3491284650964184,1.3458223465924533,1.3250308005444855,1.4294472659560133,1.472949966762302,1.556505198523511,1.5420167884342346,1.4535977058902871,1.4755582768883277,1.4483271766159105,1.4445063917487695,1.3359418235639313,1.2370334447864535,1.0938809928156663,1.0703251325856549,0.9139541991248568,1.014660569343927,0.9778212190152891,0.8823694281669535,0.521375870795105,0.15117876441475012,0.40446066441080275,0.34898984233535085
11.900000000000002,0.15495381169802064,0.149930968516855,0.2558947727134275,0.5231785313603634,0.751633882993846,0.7741577668284212,0.964707673512005,1.1109109130433144,1.193549647384595,1.3042694149381,1.327885674025437,1.327697651854439,1.4793946100517013,1.5750415504163504,1.5416417436745735,1.5159531519381055,1.519829476567309,1.442974340623337,1.449970594725608,1.4623947721708597,1.3440184792937648,1.2841990181275822,1.097782700173779,1.105960717654056,1.0151022888511423,1.1044647320317416,1.0238690135901825,0.875820642064346,0.5290518271187726,0.17633589239473021,0.4197072816882208,0.27961769515428886
11.91,0.01468443733181039,0.11319905846928201,0.1980221341954466,0.5512176761376217,0.7044422134844331,0.7350806095655656,0.8453158370189783,1.0819235630492832,1.202586125289654,1.2997936304731346,1.3454788920846903,1.3657220484774029,1.4386709468847736,1.4538714298822109,1.5352197875483335,1.4634141561103888,1.3800056505184766,1.4074940540703342,1.499200706578277,1.5092422269104084,1.3749869806201436,1.2768765690862114,1.0832481098865856,1.0873895404505338,1.002004239993089,1.0707051309163191,1.020552958210238,0.9042365148511861,0.613985916051921,0.23948590524201196,0.36768283927437334,0.26597019767204355
11.920000000000002,0.014974432617715222,0.06456014687725695,0.27330262276813044,0.5465877621762378,0.7872627205963959,0.7114509669062302,0.8964457098083172,1.0774488520000467,1.1918085446951139,1.2554099884550078,1.328305984756297,1.312567761791888,1.4818881514967666,1.466674207690246,1.5164891518348462,1.5292743659869898,1.4590368075342277,1.4674025471748933,1.5648666909735809,1.503414189378807,1.388549194289739,1.3171170013214417,1.1107282077198415,1.1335310140748025,0.9773648468878572,1.1036467555200882,1.0088654186276098,0.9338880734871516,0.6239657635015297,0.25127663065090794,0.4161734296327871,0.23327469619708643
11.93,-0.07686332450073652,0.13012704362454086,0.1921661290367067,0.6087587607989978,0.79235419139882,0.7339739358862668,0.9041511784231182,1.1424458504683712,1.2386169692738316,1.303190114675852,1.3848749904652888,1.3747823202562541,1.4912142396365322,1.475890771897017,1.4855934152069998,1.4794936986697576,1.4981935496224645,1.480949936246458,1.5659029764712178,1.4742813738979903,1.3452549912343037,1.3697560817316308,1.1775837643032785,1.2136158449828691,0.9929411757888643,1.1348001295893324,1.0995933549977788,0.9732845328862363,0.6705732741919584,0.3190612802605586,0.3742628894076792,0.20851008486342024
11.940000000000001,-0.09103249195254033,0.08117524048316759,0.24353545351444408,0.5523366261906397,0.8485440622335545,0.7004394716732243,0.9100670292154648,1.0954055232385411,1.2379005932086664,1.312499253708519,1.322347732196457,1.3533024162852136,1.4463871285900838,1.4824305584077562,1.5278305966026826,1.4825206792677599,1.4757529002712568,1.495846675133397,1.5595731658333898,1.5000560076706186,1.355893410220849,1.4074124199446707,1.1605759898823789,1.2403333079000458,1.0205626502914253,1.0804774656820453,1.0472837591910955,0.9308434417338003,0.6923990122103676,0.4060167621131426,0.38537523653059175,0.21795529807535027
11.95,-0.04504506012547885,0.035221620291098384,0.2198966565846714,0.6252637681231978,0.8285353777196394,0.7112247016807952,0.9172044417565234,1.1032746808865996,1.2338628943827645,1.2898312703082133,1.3574441382808247,1.388309813376517,1.404306027625581,1.4455587314856049,1.4899837352464973,1.5246008058438707,1.44748859469382,1.41072614907707,1.48513676527548,1.5126167004219797,1.4112797704560882,1.3742805144712353,1.2178911810735895,1.2985416754264467,1.0368302775680105,1.0804022104201496,1.0801449549010465,0.9742363635301121,0.7052865626248994,0.3640674370775612,0.3849426682131888,0.23328081364933595
11.96,-0.12622758969551323,0.044594689445936433,0.2966426008022969,0.5678145851298003,0.8793683437050402,0.7390638304249327,0.965902525299724,1.1314353046923433,1.2082569842539232,1.280769580653822,1.3595975074359417,1.3939878688234033,1.4240289107479913,1.4617095296805427,1.4382872158577298,1.5741177444131507,1.4566185461432748,1.4862746367496318,1.4866221046388763,1.5685496048298087,1.4411451283693861,1.3576682090764178,1.2094607789791187,1.351809703225795,1.0733580606125475,1.0493940880017978,1.073131851474937,0.9830132931646842,0.7521432339914076,0.4531015229889809,0.3232823209475291,0.1660595238074148
11.969999999999999,-0.14371280081903792,0.16504645654641042,0.32593915523952394,0.5844763121677383,0.8482732169981432,0.6633307764764624,0.904436195004495,1.112923690840171,1.191353697350348,1.2542704008878878,1.3683896236696176,1.391419630311546,1.4351549200190439,1.4748753699344883,1.4772205202766915,1.5175971091773057,1.4882638841197164,1.4404404916710842,1.5363924569748393,1.5780621365747949,1.3604659857766261,1.4568797071092945,1.2807559580558125,1.24674856034546,1.0036472098587206,0.99928198713575,1.0651373614443327,0.9176855997895573,0.6998847963168344,0.38067275274985835,0.3422549504258706,0.18635524089566252
11.98,-0.11227661467126478,0.12130191500573352,0.4143340020380316,0.616374324756976,0.8545154323599431,0.7583814666355393,0.9651391991437756,1.1562855207525617,1.1936895191389354,1.3027992850072176,1.3389922949502537,1.4346678278148333,1.4219300999439086,1.448112293862693,1.4202022360346267,1.488224723859345,1.4306401670527185,1.487591367653581,1.5583875369255007,1.5337635260170928,1.448540031161273,1.4718755206899108,1.2673943691931957,1.3211319516951177,1.1173184869001997,1.034507386331025,1.0740385873169276,1.0261518124566895,0.7187564364158948,0.47342497331593525,0.35471503895043166,0.1787249582950381
11.990000000000002,-0.14004185146399487,0.13064220289408285,0.4023897940653859,0.6853800843334874,0.9275952826022222,0.7846286724264142,0.9308984931076246,1.134110088913335,1.1768802581719662,1.2397676750995126,1.3554409928221394,1.4459590005627605,1.4768318546558368,1.4013266020310708,1.4748836215446028,1.5152681763981166,1.4600295303753321,1.4802371365615308,1.606929785090042,1.5618683658581856,1.380394338686264,1.5099747271767425,1.2612396025813604,1.3137125592611028,1.1028158804525061,0.9943853105372941,1.0812662471921337,0.9283694372026037,0.7620456841215856,0.42721988166668057,0.40025603703756163,0.22393938116353407
12.0,-0.06392205326742396,0.16433010954406135,0.4062630708375303,0.675402506913619,0.8787697169566986,0.7356278283298846,0.8772600083852982,1.1668318080941191,1.1778870074870058,1.294113375490003,1.3363995249355283,1.427513146168361,1.4596130765304407,1.5128194857447164,1.463793354014805,1.5383870788515444,1.5035074856765154,1.5219917642563514,1.5722266212647817,1.5478347532451335,1.430247001689095,1.4981143191781574,1.3496187596081148,1.3871983985366603,1.119034500902902,1.01240363864533,0.9443244991313736,0.8921725823152127,0.7230893003551709,0.47969564701168466,0.30144732985311173,0.17461444467966666
12.010000000000002,-0.09928068155580463,0.17924096579619245,0.41169515332361084,0.7495524242478656,0.9149997451207896,0.8015903039748944,0.8841675829096072,1.1255784522372985,1.2096764960521165,1.2728615047698064,1.354878385233334,1.3676173479941771,1.4151400482092156,1.4325856940178003,1.4578150206928453,1.4726803443368626,1.4823067116408764,1.4206757090495064,1.5281619448676087,1.5210529316355386,1.3863490334252204,1.4617554786279965,1.3677431352032468,1.3750639584391926,1.163610772234236,0.9069703749037976,0.9594712311899702,0.8745354673763169,0.7463856043231749,0.5381102490635099,0.3304363475968072,0.1953801615296341
12.02,-0.0583972420289599,0.26379034309540206,0.4805373212911958,0.7536538594678418,0.9453037635555787,0.7619535157728555,0.8871298340268704,1.1452849143032708,1.178054716365835,1.2574205312413673,1.365548886227561,1.4488455972148016,1.4655727899447253,1.4241228019336183,1.4857138195454742,1.5599973665971023,1.494246719930736,1.438651341053518,1.4768243755017771,1.50768849098063,1.4817539468403298,1.485473714728501,1.3120808719675776,1.3697351832504803,1.1053827015370794,0.9445852161655955,0.9366681251513121,0.8691302239543878,0.7557138749089787,0.5160216530609149,0.32836109109669726,0.13205722391898253
12.030000000000001,0.0064772843746145215,0.33467852552312827,0.5521364102322202,0.6971020634329472,0.8820720694204764,0.7254756554131573,0.895743621519204,1.145661387088798,1.2399997753562424,1.2354986735590516,1.3414097815029478,1.5227789999333698,1.441430727423406,1.4724196355530954,1.539368902996704,1.5105024030587382,1.4480188192180434,1.3413266980514973,1.5303988203285672,1.5638047846865273,1.4007979855473385,1.4695539854361357,1.355852580255016,1.4386706003250935,1.1344414864597376,0.8773134785774619,0.8824955189286132,0.844740844455159,0.7011780608864528,0.5606541496831344,0.4048804133427195,0.19727002706695268
12.04,0.07038107246830022,0.3065884282502408,0.5455215668007136,0.7679421749180826,0.8663360818835034,0.8453014063139002,0.9082664915040128,1.127412332850641,1.1637680227162608,1.2945060348041213,1.3605090606716717,1.440801403890962,1.4001679488359031,1.4456093892976076,1.4473620183020763,1.5519476468227014,1.3615861394640043,1.418107276595046,1.4973447439682352,1.509208492098037,1.4874582880827476,1.4741483756538187,1.3411449917709581,1.3346314613797163,1.1905043202598247,0.895366043948753,0.9622701189392913,0.8345837160218827,0.6837349997818518,0.5759020809841917,0.3946619536912065,0.16803351909177233
12.05,0.06970557682416265,0.3392185191538531,0.5332185559602483,0.7714996153018239,0.9066109327365303,0.9070394060773691,0.8338007637150573,1.1613460842591765,1.1600279943548597,1.2080916671236066,1.3662759680938898,1.4111589117701488,1.4424436027368943,1.436086728138541,1.491936935736418,1.5122497907884356,1.4747427218671423,1.4197914398283085,1.5931202051568814,1.5782656792971623,1.4223034999372066,1.506986184478605,1.2670286305946132,1.2882790470436574,1.1175406947751045,0.8361920543639656,0.8407198516014325,0.7004664484695476,0.7477681436492785,0.5391557788235259,0.37297272954200666,0.2568941489096474
12.059999999999999,0.0968358083759661,0.43700089695274785,0.6362641887627973,0.8378677560742251,0.8648234021930716,0.8908086302094982,0.8562413656951335,1.1592876629146462,1.186352917810331,1.2420591768028153,1.305890161244863,1.458310801391409,1.4472920964460059,1.4423212085336439,1.493034123325409,1.5345560093565587,1.4643637002104983,1.3772122254285168,1.5323970993894136,1.504913882273021,1.467154327630492,1.4747478285613007,1.374297175664088,1.3170490736641909,1.2275565317565522,0.840275098800468,0.7712417629332579,0.7106187934518918,0.6490547609491748,0.5955600102120161,0.428343391191669,0.20712179432903927
12.07,0.1487013184026947,0.501329033035827,0.6516807264668847,0.8136845935508372,0.9005034348614654,0.9175723479376006,0.9015947091161741,1.1132499083035912,1.0843089247795257,1.306133267463135,1.301967750677636,1.4004848763972007,1.46308795638809,1.4445479619860075,1.4935587555438716,1.5416105885950853,1.4619223442013853,1.3821219729407057,1.5197656902062866,1.4955760793188866,1.4632871228438395,1.459955515823048,1.3903911128368107,1.275262923454689,1.1549067368138108,0.848545451656905,0.8317919570062127,0.7277378233211399,0.6144337013367532,0.6237929447391347,0.4673744504553966,0.25187738710942353
12.080000000000002,0.1919093831133644,0.46811507561163074,0.6759644307185427,0.8202173589130023,0.7807043042989319,0.9133420300702825,0.9244314937118528,1.0717216170140549,1.137623910554393,1.1858607217064927,1.3538592606197142,1.4330702045515586,1.4585506087268563,1.4967425298522565,1.468880759224362,1.5093169808183118,1.4039596286114295,1.4327888771424968,1.467637040509538,1.4658501085869289,1.5098604480737414,1.4340236213383524,1.4093735427248428,1.2797022837341536,1.1987372579672504,0.8138512423441439,0.822396435303371,0.669477584525158,0.6109992542827399,0.6040812810174679,0.4909434992164892,0.3404675912576273
12.09,0.2923199127383547,0.5521216986263864,0.692976724074955,0.7665016303092471,0.8360606479780152,0.9084508041389344,0.8857616887548859,1.0442476518121369,1.1767346046968241,1.2681106462419216,1.2728950445418807,1.4039408717533284,1.4485997162195712,1.4128022712115964,1.520759579241927,1.501323625433658,1.460540433425782,1.3812065040870696,1.4860546157520034,1.4918772721302727,1.4381762826196198,1.4568752803970155,1.3761315854671343,1.2124730212260593,1.185645363644643,0.7914971605049296,0.707315161430332,0.6208779212524532,0.6207857148796074,0.6048550905815987,0.4718336199232591,0.2826178486869811
12.100000000000001,0.2297945569657202,0.5330514031465405,0.5838363979520549,0.759837753030914,0.7642789175161677,0.9401869928845594,0.8740308237580054,1.0332681471575333,1.1329792861295418,1.2443913765719916,1.3178811454096568,1.3799440692726994,1.4548793459980358,1.4563178360662101,1.5097783755521688,1.5486596704241136,1.4392585414767685,1.4303679557411593,1.4755491091942559,1.449966058123253,1.5021508298262745,1.4518822738312975,1.4011559141962666,1.2176725836912972,1.1580729709747664,0.8231507690882727,0.6979013337338831,0.6002477317406659,0.6033227994221652,0.6244681562458928,0.4743251287289937,0.287206526334873
12.11,0.3007183647506988,0.5603751851182692,0.6905012917437422,0.7731570159596644,0.7847637269141496,0.9280813806199248,0.8702017188200192,1.0256574558042901,1.1019980685577127,1.1723202961050838,1.271177620560484,1.4281414474652605,1.4331121988777595,1.4584355564217721,1.459823660433212,1.5830771672648773,1.4576879434570689,1.4665770138968992,1.4456739202959819,1.426304616960087,1.4511257529390529,1.4438549496853266,1.389309309252819,1.2489255363565388,1.263751906084942,0.8426304830518808,0.6586704886239407,0.5609929005059977,0.5163594179218384,0.6058313270756304,0.4621595420772793,0.3032095003069672
12.120000000000001,0.3076093059739411,0.5177947525046089,0.6187049228525067,0.7147143580570752,0.669108489893834,0.9789530364110494,0.9383188299223728,0.9927512510993545,1.05644243585243,1.1874788882692229,1.2795628648536697,1.3408618798188663,1.3157230302462632,1.4086610013000498,1.5034888579494756,1.5505565959340284,1.5095858933653532,1.4333430102941322,1.4492990348951689,1.4244200496747597,1.4813353090458168,1.4278759255981492,1.425371525050326,1.1514690833078827,1.2493901660832814,0.7662219591758865,0.7180860512165702,0.5778709667697255,0.5705665049837919,0.5530476680323322,0.4257588323351605,0.30437238735438416
12.129999999999999,0.3270379231034024,0.5463892484172896,0.6403670571806104,0.7246814108255121,0.676394722531149,0.9459336259560539,0.9252018070004423,0.989897785715172,1.0716106336206517,1.1773724778359576,1.2730440799940999,1.3973593113543912,1.4444410375195915,1.467320871209307,1.4864593641623454,1.5009401569431975,1.4351469408659878,1.46043519208901,1.444130053267685,1.3908031888070842,1.5161446501292317,1.4446318232236897,1.4473050583202718,1.1580049990459202,1.2815990890318973,0.8113054207643888,0.6810967552405178,0.5199896294856621,0.535867592527532,0.5712012508396485,0.4716085916151148,0.25358608503759517
12.14,0.3271782660635516,0.5529460602606977,0.623835674054837,0.6500324006561773,0.6948154507703547,0.9396387289533439,0.8953660685297636,1.0250629295801426,1.1145675869159408,1.1057503222899498,1.2305234894367618,1.3792036408656942,1.3735144096066558,1.4071829005349885,1.5176995625639755,1.5148218242991514,1.4444523435215306,1.4419908004113573,1.4658195252670154,1.4119733874365956,1.5351983701522425,1.3962298089524126,1.4211167282076786,1.1058948266041562,1.284036665247541,0.8079057662236243,0.6291748585164704,0.5843892428388202,0.5031825769933339,0.5666627744394249,0.4592880790310554,0.2587908177520204
12.150000000000002,0.2963261208023529,0.5335388884816032,0.6459802156906135,0.6461224326423949,0.6777763411511414,0.926723094787612,0.9339635056298817,0.9609703238883298,1.0298527035406546,1.224301478237975,1.2687825998705722,1.3946957499666799,1.4687470228864985,1.4794976438352037,1.4944479405018525,1.483229150637591,1.4800097056707417,1.4301488780942297,1.4336108592348014,1.4018665917185085,1.4826882398271635,1.3654111676950522,1.4399771891807174,1.120800743217265,1.2720288161795017,0.837385331882446,0.6255359659860664,0.4592905672697876,0.4686063922393564,0.5877353857038521,0.39537647891184585,0.2526933108571344
12.16,0.35615375820916967,0.471231836240913,0.5710741620443992,0.6069007887712856,0.6199022971540797,0.9405050205209258,0.9225608370194605,0.9477872749913582,1.114670432659739,1.2031504791049579,1.255264107201732,1.3561204155091195,1.3928517102581446,1.42240576498097,1.4890838302847909,1.5505958265501973,1.414813705084339,1.3906789520245455,1.4336066959460585,1.3585442643981775,1.4758886459932428,1.3006591119560904,1.407998718203469,1.0646740446009528,1.226931097944768,0.8235852389011092,0.6388069681965411,0.4697365391370256,0.4456594927010602,0.4589125349305288,0.41150187359088214,0.1982232809307511
12.170000000000002,0.3097005177589576,0.48516474546405153,0.5428498233926227,0.5497143952136063,0.579168137259604,0.944417296962318,0.9478210998382779,0.9825553892481501,1.084281727445857,1.1743531014670487,1.2614730099039848,1.3453680513958644,1.4790627265307754,1.4447921671825428,1.4719679151700393,1.5615232152736884,1.442384287315774,1.3983275757423976,1.4084517397457688,1.373472387042012,1.5209276099959883,1.3627688108368354,1.4209004753804113,1.0622105324898692,1.27495955725307,0.9022894022379233,0.6281470897913102,0.4575207909900399,0.4013998971883938,0.4607702469166021,0.3645187232099827,0.10067027782755464
12.18,0.3322289066832916,0.4705310579918187,0.49107705581840855,0.615295633860983,0.634490273011675,0.9008668233266541,0.9069234224929493,1.0160014615109323,1.0700605095699391,1.2057878782687463,1.2960156572161619,1.3189713454058518,1.4050830942065051,1.4871657617139094,1.4798349152464974,1.5316322377278961,1.383693300937872,1.4256126907284254,1.3497892205735436,1.3130165905566566,1.5266097423555953,1.3371043985655298,1.4363595099659194,1.0382538142171436,1.2969138255725376,0.8545209995674534,0.5606557926713001,0.45785159533786485,0.4462948433232444,0.45978784539654993,0.40722819820177875,0.1483244624151144
12.190000000000001,0.2708401221320752,0.47177355424136935,0.5072567615392986,0.5561755627210632,0.5842818466775973,0.9393657563915975,0.9701507163169432,0.9912990996030133,1.1226441258666253,1.174655880503945,1.2848432227367663,1.3124896891403224,1.386246283392813,1.4876134760272168,1.4654864473839022,1.5449622224538686,1.451836295730863,1.4613293101313545,1.3973952613517873,1.3735725819637377,1.481678241909277,1.3154153338918055,1.3740003496014612,1.0397106617759493,1.282753876160715,0.9579657534208402,0.6114296486801021,0.45843883692328463,0.3952295198332269,0.36916126252047243,0.29345253263721455,0.1326173813954667
12.2,0.26093668140515996,0.37641847379876325,0.46835693062730643,0.4496894600838057,0.6494168481862649,0.9077148202787471,0.9844362991254489,0.9751603971781725,1.086927975923539,1.1655211050046614,1.295457399920749,1.2841407470343449,1.4075614523260633,1.4750247802783163,1.5053293435279194,1.599582148663621,1.439119286276954,1.4758701353209485,1.4187196173514656,1.3175838252468082,1.5372723648224158,1.207032642478355,1.3539464481726666,1.0196430762401942,1.2542326349786062,0.9015104391964273,0.6127474153419636,0.4549543456171598,0.3628352245687988,0.3326853018624538,0.2994813008165723,0.10993855470064866
12.21,0.23355926247736744,0.39088835655529497,0.455819030752703,0.48586115417750914,0.5734525702607576,0.889186047546325,1.059695953050973,0.9686447229767358,1.1203371570388072,1.2241781760757624,1.3051409911053797,1.3722384853566143,1.374523770955069,1.476765047294479,1.5143003815355882,1.559322987056317,1.5048237000383622,1.4190370381152153,1.2987909714858352,1.307689789558987,1.4635518547199555,1.2628735423479993,1.3768950134077167,0.9881419229052765,1.2044175096266627,0.9360970567250682,0.6416275868406559,0.46441957206161055,0.3739105765284609,0.3515345009047884,0.23330523875315282,0.027525861712732684
12.219999999999999,0.2206611184956418,0.37600223193843835,0.44150689053077885,0.4760117141727275,0.6071010684440291,0.873918357390063,1.0405504641178887,0.9804693509838904,1.1198916520464661,1.2166596455618326,1.3141723956778435,1.32349894428446,1.408505189493626,1.4879641734451954,1.4516803829386542,1.52276996372209,1.4897727030854009,1.4684300736543094,1.3480884363959875,1.3069050479724778,1.4001029183058105,1.2300524164147224,1.316567739188767,1.008657728607518,1.2580230160803136,0.9742951855715395,0.6473531503584699,0.4631271190685982,0.3796977331836472,0.2867775282246193,0.2471623097751759,0.025584963106695106
12.23,0.21309515536346002,0.30717050141658464,0.45121665236159403,0.4358025033751731,0.5851820400105182,0.8913952413196976,1.0017708572003232,1.0073002539913012,1.124878877010723,1.2406382495020256,1.2976961462125312,1.3770372469928682,1.4086983488876976,1.479788810506712,1.4969323204296643,1.5636229593606052,1.4978839385741425,1.5322513293105307,1.3595141671360866,1.2917107181822332,1.4423868308794856,1.2104722377453483,1.28454289389064,0.9541954975060314,1.1920280916674009,0.9945604897182706,0.6298789354099993,0.4874591765644593,0.4008507284757,0.22184803201997252,0.16570463202705035,0.04342099889553574
12.240000000000002,0.13575348612464766,0.24512491292574878,0.4448454909553087,0.4560938298227824,0.5814820730683753,0.8795322615230018,0.9981788222755423,1.0085584646320573,1.1249188715786065,1.226883545012171,1.3109220585621282,1.3417232488364024,1.428338870149561,1.4912722939540128,1.5209004594597717,1.4887358343185935,1.5219591221948716,1.4623472499745,1.3174079330139201,1.3168696004172278,1.4021497614776575,1.1801894929671546,1.2627551577700566,0.9530620308448143,1.2260767923492595,0.9859065653128364,0.645442849736784,0.4969891011428057,0.38521300424094473,0.24167357038664355,0.15944722556789898,-0.01815387797836639
12.25,0.1621349513319575,0.2953944477114128,0.4358195495141143,0.40571495195718765,0.6018388807266,0.88098810023876,0.9902787854806631,1.0740674051008294,1.217501233486934,1.257692375105788,1.3438368850241909,1.3978324734707013,1.3906100914418817,1.5146900896891433,1.520566268674934,1.5040907223798292,1.4880549913766359,1.5019669356552356,1.3821538091951775,1.315603034278877,1.4124804726537477,1.1429487066571247,1.230165389997521,0.9948952263716089,1.1986309901070096,1.0252832376143415,0.7114262144677267,0.5004581927602507,0.3491273436550807,0.21667105571571627,0.11983068233637034,-0.04122375061107827
12.260000000000002,0.0535851356788076,0.25006214395195026,0.41585982369318353,0.46751872411111767,0.6068690615328444,0.8339682178561226,1.0431884820816544,1.1032662124101393,1.189581299337504,1.3198573868499783,1.3479027530799401,1.3957071058318127,1.498617323573465,1.4923590487619716,1.4692538210071162,1.5615119549577654,1.5651213464663751,1.4491800051385029,1.344479248175415,1.3065954997060785,1.4886821770735663,1.2074912037912342,1.243674583164843,0.9922857656791213,1.139310126013362,1.0678296705339383,0.7258857354571108,0.5494235957882282,0.35222583774012084,0.23198094538139322,0.12599774430271463,-0.030039440326561098
12.27,0.050511351227059215,0.19112721148480308,0.35949471640075015,0.4412220594453304,0.6136594603103717,0.844683037149894,1.0868111538048058,1.092611022967875,1.2204000064530358,1.267875166559854,1.289737947663971,1.3735168198636862,1.4505457279276976,1.4839956798353788,1.4628736888378324,1.5392493031791734,1.5531057276040985,1.4125332793456715,1.3425228566371572,1.2772035963461477,1.3794739943909642,1.1608303627535228,1.228170456394216,1.0528302687544229,1.1021192904397725,1.1010305554065338,0.7874604005416183,0.6115556342537244,0.4009232924763345,0.24860819932524195,0.12195127933168606,-0.058372691121324184
12.280000000000001,0.04283080935408479,0.1659067451157436,0.3602388794215961,0.4122647596874283,0.7274012409406121,0.8561272116066324,1.0349833642861108,1.1153605761413052,1.1650766783187487,1.2650944914961837,1.3345565896588896,1.320948906345639,1.4687084269685597,1.503914921905794,1.4662689067378856,1.436800518058297,1.5050300183736516,1.4472812108649418,1.299030522983476,1.3524440464063068,1.3590402639112662,1.1086216531923272,1.1853183219116814,1.0816536486075483,1.0707218802677312,1.136805015133661,0.8476716072764217,0.6494900272973205,0.42643831184735437,0.2117525936000193,0.08968438465200142,-0.10135665718542478
12.29,0.09732095388984664,0.1290483448854653,0.3912789111625982,0.4017476016581561,0.6691746422329388,0.8155980166900404,1.1038872509488937,1.1227020680335398,1.2399082776122659,1.2715556131681847,1.322748041673667,1.3678425790554511,1.4156154327420127,1.4668227222175854,1.4162067290382483,1.5414556300097004,1.562900092594823,1.4765029415882704,1.3641221027202515,1.3557388944567963,1.3635913721233983,1.166023883310522,1.2354187416790159,1.0972578183541946,1.0789666288066755,1.1183035945064599,0.8667834882665502,0.7088059615415981,0.4491025465239931,0.231140456552683,0.0918830283555011,-0.08233214363302642
12.3,0.004156727069047005,0.0911276657960057,0.3832069248533158,0.44707865582297096,0.674306156404304,0.7367825759642592,1.0801167550097217,1.0988941678632758,1.2301991705152338,1.2996458486983984,1.3345918504644012,1.3661870717345623,1.4126279349945956,1.4881648019064664,1.462525898057822,1.514509341789595,1.4906136702927342,1.4225237179824644,1.348754429529919,1.3315477596489074,1.3800972944221026,1.186515484615638,1.2483535731524456,1.1061008733002111,1.1308121023004325,1.151158571539776,0.8659574623508434,0.6987288516223785,0.5016958806592766,0.23371761387241974,0.025511685165396553,-0.10448504795636002
12.309999999999999,-0.04741143974979737,0.12109625180069189,0.3346704035854828,0.46352554431753207,0.7250922070299367,0.7609997790821763,1.053550017173676,1.2074610519020852,1.2564839638456973,1.341536054739938,1.34776206412438,1.3461662517621409,1.3818831996232455,1.5062304824117272,1.4594518665699303,1.4961921835147127,1.5113890055835746,1.4621819243460097,1.4446076454967298,1.3487935388944203,1.4020171003490458,1.1779507872569897,1.242225284331507,1.1515569989982577,1.0681089159051798,1.1921880002963496,0.916508054281518,0.7407867986501929,0.5010998391444688,0.2497667744392656,0.09544734240038982,-0.09240211923051063
12.32,-0.07808283473202264,0.11129665972263858,0.35663958874590984,0.40052661793255667,0.6833281700699133,0.7877130319242098,1.088453764418618,1.1452206044404087,1.2186957373723852,1.3454139865171213,1.3569036105333485,1.347733471083407,1.4502969865595472,1.4729932177825147,1.4661564242510543,1.463493401580303,1.497966397030246,1.449007608430141,1.431232899533018,1.3881736255962156,1.3980462300764218,1.2523372009163969,1.217418579809969,1.180913916883012,1.0995671098127897,1.1706004674928172,1.019388705121603,0.8455295207767352,0.540816563817962,0.25442143672090867,0.07339828232954992,-0.10503928072816113
12.330000000000002,-0.01695041099785834,0.14920610947543445,0.3625173036859286,0.472476127485433,0.6911320364124681,0.7677945745823108,1.0718688595130905,1.1945455801684448,1.27641350006957,1.3333343463749372,1.3557590986886128,1.3498814818825178,1.4111338289533544,1.5101785630140672,1.482127783225033,1.5366314608240665,1.5323976160083488,1.4692839649763871,1.3948876692568384,1.3767979412632785,1.3756336288860793,1.2413214030208444,1.2780649141616924,1.2263669239729478,1.1192050080564555,1.2465465534702171,1.0402271845953963,0.8456109074822972,0.5593025328324732,0.2805927399417247,-0.01787102096047815,-0.11694522825755684
12.34,-0.04310959732302453,0.023585953910561938,0.3188057427192649,0.526922511033011,0.7433777064211872,0.7597883756254011,1.0711590677562124,1.1382490003173844,1.1718299227460147,1.2483133826966082,1.3493955168206704,1.3327152858571083,1.4691844912473828,1.4831170392422157,1.4930960155042194,1.5017362397105587,1.5388004864876035,1.4311152960843665,1.4521641289694849,1.38327031517003,1.426342806558729,1.2095417090313605,1.2178145553046311,1.2546421312554925,1.1480518885003648,1.2559729187741524,1.139360505907502,0.9509110987965553,0.6110212754939122,0.3074119235643467,0.031143931330642333,-0.0831511442667054
12.350000000000001,-0.07601376974423811,0.058271661764467686,0.3323682803909216,0.501452956101828,0.7749090410698247,0.6866936603975985,0.9935156486874513,1.163796565405489,1.1612718427292998,1.2544840513204933,1.376626581109781,1.4410904369683557,1.437620134818021,1.5038152725884728,1.485797627371697,1.4591353810590826,1.4640742076571724,1.4623358898145984,1.485408587089294,1.4632967493571,1.4085281808568006,1.2583647605387918,1.3084982785982915,1.3402017416182563,1.135852279685753,1.2270764567549572,1.1700090766966424,0.9592335985920591,0.6283245121425055,0.3377713425666847,0.011299094775564046,-0.14706112629193746
12.36,-0.09384364916901888,0.02040388688273625,0.34270292380012585,0.5382635844253316,0.7753587564250178,0.7644734458493646,0.9907544621685765,1.1114106328565863,1.2327597752599104,1.325789952319245,1.3643086085784975,1.3641726727396422,1.481019467038974,1.4947353757998179,1.4402661148003524,1.522496612343586,1.5377073712187481,1.3874011620900786,1.5255597618414414,1.5128476253948435,1.4851256730073994,1.2170158449181843,1.2140573439269053,1.2875438605132346,1.1480021115268098,1.1775740624970965,1.1616827048805864,0.9822720354173231,0.6654465460611528,0.36874908878699186,0.015318225592061181,-0.14132335639084256
12.370000000000001,-0.12537294632448606,-0.003924610813272765,0.2343622892136581,0.5773404533832674,0.7722475017544814,0.7740755825439853,1.0568093222443125,1.1617413072298688,1.26880695138325,1.278883621425827,1.310672819768579,1.4085105079365607,1.430683479007321,1.5423906539075278,1.4996487099623186,1.5132191597916047,1.4855228157569953,1.4625633460406942,1.563613653646229,1.4664877165146064,1.3980391929823053,1.350567120833087,1.275937377410977,1.3045130899816184,1.1807633417291137,1.164853003817176,1.158425935590999,1.0093453897493811,0.6936021912759215,0.38444305586024485,0.03185335760516137,-0.15045512024434735
12.379999999999999,-0.11692681693390518,0.08124008084721619,0.3043589048062179,0.6260504347750089,0.7370446434066932,0.7791751385347175,1.0673043269882865,1.1359958144515476,1.1948332178285674,1.2875036422264845,1.321803378809013,1.38253480084364,1.4244438570628104,1.469813671637418,1.4255601680757906,1.4982219457925274,1.5246799645066023,1.4547765582772487,1.5232053927165652,1.50704543232829,1.4536860272317307,1.2956670103594357,1.227580034501636,1.3102228025803049,1.1091143581380538,1.132674747144638,1.1279041309741367,1.023759704141438,0.6556777772660425,0.41177847931803335,-0.020222881121507004,-0.14349474305413448
12.39,-0.12992864821144562,0.06652854134429027,0.34073278291751735,0.6235570918552568,0.7914828904010763,0.7774275224233405,1.0153240011516838,1.1414907646583308,1.2158652505314325,1.3386264688296625,1.3585016391480986,1.40301217904865,1.4800321896167479,1.4769041944363857,1.4305970439434932,1.4917959325770525,1.5070212678495822,1.4565499419564916,1.4902716884072305,1.4449950245944976,1.396805608528408,1.3164013273624642,1.232742217468738,1.294839700236606,1.1785464283265539,1.0811767102350545,1.2002219584547327,1.0686592380669042,0.7695563893826329,0.44312450906209966,0.0221016253542367,-0.10028501161587453
12.400000000000002,-0.10809463134422322,-0.02093721838853013,0.2886197528112376,0.6425029653077815,0.7405846565043397,0.7345376959684857,0.99833339006438,1.1557752292130512,1.2204932725991329,1.31287310127089,1.3844062273360642,1.3578088617239605,1.4137858873782558,1.4828174580193452,1.5051698011999153,1.549526680549837,1.5960845131356136,1.4236797224664515,1.5499216363309232,1.5290199318573994,1.436896473053599,1.3746542750617328,1.170288195269337,1.30534343812854,1.147457792147986,1.1410761445888917,1.185509193581451,1.0441449089456294,0.7446582337811005,0.45276351056185576,0.012503789855657031,-0.15201225128974413
12.41,-0.05704765788259008,0.08133709037442999,0.30317872152800607,0.7116793953807053,0.8009978235113799,0.7841860221086073,1.0165579617313434,1.1368379215613014,1.192213538102153,1.3133351302057246,1.3929516865135245,1.3746696364523234,1.4239201836830553,1.4577654732675311,1.3877120114848467,1.499717095079829,1.5162787347223015,1.464509191271181,1.543101424849082,1.5461666538114243,1.4395018720726231,1.3455773040491894,1.2702717847792175,1.3249162822395188,1.1567242817830279,1.0628046161874831,1.1689127510938253,0.9915712662337848,0.7117128850552847,0.45985787043383336,-0.039456501575256826,-0.15807243525919082
12.420000000000002,-0.047066608714416876,0.14562346745313715,0.32515078995492963,0.7711098445928389,0.7908808294277251,0.8260751845375862,1.0537208337349921,1.1852279540000914,1.2801441613163955,1.345326829082973,1.3473049229298293,1.3374354614591084,1.43252280173546,1.4739511176779012,1.4996532097052284,1.5465926876543346,1.5525855880552275,1.4568588372182674,1.545966721751122,1.5226874606818754,1.4247063211380822,1.4016736744181115,1.2369167362049234,1.295808859164004,1.086557512111471,0.9722127760749688,1.1399279420252546,0.96739742467368,0.717361306564476,0.4632211043804815,-0.022112174814395563,-0.12274143344595013
12.43,-0.06434253185452217,0.17999399865638896,0.38942337512710473,0.7173328443120068,0.835706285465693,0.8240938536163622,1.0245333493059043,1.1115294670228724,1.221862686862873,1.3017076198475181,1.3520635852391638,1.3782716904670125,1.449438843742416,1.4766742877201733,1.4292177962043562,1.519359770953495,1.5238161217637494,1.4385102407540948,1.5859319690670566,1.532111572648899,1.4322787101653605,1.4023193720109224,1.213177990192295,1.261735702819048,1.083241951652153,0.9053195889793219,1.0683080086580958,0.9305033294514625,0.6984870416952242,0.4882247424429361,0.0507659743621033,-0.11939786180322862
12.440000000000001,0.009682551582574682,0.2230870759822485,0.36336356456359825,0.7192049597300655,0.781571733901903,0.8777047799964444,1.1089974011821735,1.1433719917567395,1.2450426524070886,1.2899828971420175,1.3955319339889631,1.402762374572276,1.4817720722863557,1.5093007522528334,1.4060277665262422,1.5663329971116196,1.5493730596552011,1.4530275919405917,1.5542791036580075,1.581360902943589,1.3900368866817931,1.3798578474322603,1.2514830519579128,1.2873059049847106,1.0680603608901977,0.9104194443576568,1.0930253646791224,0.9466321458995418,0.7358045981693616,0.4945464942290946,0.0033238049469231914,-0.09107763666389444
12.45,0.04528533360633147,0.24308708945754176,0.4043021768965989,0.7792171225342781,0.8324897253176737,0.8417173785437565,1.0113406788361676,1.090875698863808,1.1878538268634091,1.2511322245745933,1.3301512708628327,1.3997412547949617,1.434147171688571,1.5151636423295236,1.511335274960294,1.5067785773300726,1.5030859768789078,1.5044911524418296,1.5446328555457267,1.56707430454112,1.4370674446726444,1.4058797264029763,1.2396420068144949,1.240056914185435,1.056405894440163,0.8315481387991362,0.9981238479754707,0.9653638844205973,0.6421725736442823,0.536279454726425,0.01506451867545202,-0.08113383098669938
12.46,0.048215753518658824,0.2882548493810125,0.43002963540639605,0.7790215688301332,0.8647786903380879,0.8901965255182558,1.061162019051631,1.177006287137573,1.2123529186940674,1.2631186256654123,1.3189264437196817,1.3867011047311315,1.4423276108420249,1.4667300796433664,1.4752064480021128,1.5041600322641016,1.5460390419078562,1.507917212394853,1.5400535137619378,1.5512544005418223,1.4089492797369931,1.4090302733625426,1.1551412035806627,1.212861154318736,1.070410083651753,0.7526923931637377,0.9090837260876363,0.9060859539292199,0.7554049008723098,0.4943529464588587,0.07554725414106436,-0.1161722301259167
12.469999999999999,0.12988761652488387,0.39469087096141753,0.41237831076165926,0.7700562630897383,0.8253263830944334,0.9275754057250302,1.0317406493728396,1.1499309518363483,1.187313174498198,1.2450227158498377,1.2867661582036738,1.4223601621520494,1.4994015071681575,1.4668802067260562,1.4642707631771912,1.5082126433219707,1.5408291394008298,1.47540625478362,1.523775756958782,1.479820061829296,1.3765025082669202,1.4293370929090308,1.1281551187187524,1.1841527636663953,0.9842691247155838,0.7175014621136665,0.9062645059944048,0.7776685982753031,0.6881449363507133,0.4406103478425784,0.005399183981957426,-0.08886794160897257
12.48,0.13752274418496305,0.3920435959926615,0.48635045947529004,0.7861276589518659,0.8181416990717651,0.9530936724170974,1.0246147009672522,1.1124024757092554,1.2656140586881326,1.2579388284529316,1.4271207726560622,1.4074752252531249,1.4720517261772226,1.4794965950144217,1.4903599090995874,1.5555867406153447,1.5204945290331147,1.548940651681386,1.5474139544008163,1.5069989007122016,1.2999082562468494,1.3826446509228876,1.1179565367159559,1.1679217115921443,1.0024968918589072,0.711997359306041,0.7795443085060575,0.7179797943233228,0.7437161946279687,0.5146467029082339,0.11072423072570715,-0.05939600479632039
12.490000000000002,0.20925619033996426,0.5212185701524216,0.4511107564510204,0.7358476090440483,0.8075231941263507,0.9377558292310262,1.0591328909887316,1.0576717249417324,1.201013280242235,1.332157365300629,1.3923862452095304,1.3956318315228784,1.4559828588144992,1.4208420916140008,1.4609130959159657,1.4803284026449253,1.5437192332074454,1.4921878470993981,1.533487789687678,1.4795142087743505,1.344368187198274,1.4126528316274696,1.1101142940542883,1.0982137502259486,0.9669151500380618,0.6729748859114358,0.7118118301475395,0.6812196838217246,0.6846779542379253,0.4726351979662925,0.10766160607953283,-0.06787880390091208
12.5,0.23474750929424493,0.4796838916455896,0.4941738487176451,0.79210645156698,0.8870238011514461,0.9785757280931254,1.0630690530963136,1.049073909006446,1.2009021807399605,1.2498912348938127,1.2899485377425985,1.366859028827197,1.459075215268476,1.5297313785283386,1.439130701737477,1.5495951229770633,1.5557022516950765,1.4975386368824735,1.5413204388568824,1.4976658315398772,1.297701389370656,1.3514594656661192,1.1167454943550414,1.1831156597122876,0.9352709175484142,0.6889807379718199,0.7675536414320984,0.6369881831758701,0.7583024513781741,0.5025617924697534,0.15055305840717498,-0.00941995311698528
12.510000000000002,0.20549971006945994,0.5380465963140075,0.5144289476430448,0.7757632530811827,0.8789106589877597,0.9599136942909705,1.0723521621287806,1.0633419131310817,1.2365212947667192,1.2215764761494874,1.306771534269178,1.4289899731983753,1.4285731980378524,1.4799819542799526,1.4401443043702986,1.487482198404298,1.5593781002925418,1.4904955064801533,1.507309430885895,1.4492704783889527,1.3463453563730226,1.4059475413421514,1.1089627464209373,1.116248873088747,0.8594202048738558,0.6317549659430555,0.6821350728816489,0.6134152038455702,0.7318130854318488,0.5373503997884215,0.19613411599623648,-0.03280522386769784
12.52,0.21471659320315722,0.49110977757467933,0.5029822497543563,0.801612404350227,0.8506230250516124,0.9336562042440931,0.9813584382963976,1.0673551406316384,1.2385351086657785,1.2494594767160736,1.3473023395672965,1.4088978894244055,1.497628089366757,1.471310487102711,1.448737283899624,1.430955045385596,1.539828683855565,1.4851742106380046,1.526238328643564,1.4260543669948453,1.3078371319563342,1.3996374956708133,1.064339771024595,1.0810940814141479,0.8589878232515976,0.683827243039357,0.7075527539670718,0.6441568629897234,0.7177729275837775,0.5060274498224143,0.21701885124320275,-0.03269396985711859
12.530000000000001,0.22352339954800485,0.5590880484284168,0.542582508586564,0.7210508640470128,0.8387280277001905,0.9559496646066621,1.1030379471004914,1.044962297110475,1.2048520848308866,1.2651168360314866,1.2874945522865104,1.3925812665014339,1.4292671410300262,1.4245882561061154,1.4113136431593436,1.4417224103256503,1.5462733121284544,1.5011483050539105,1.5155398158940152,1.4724562129271264,1.264019672025927,1.4343731503388337,1.0420985970748837,1.0384164213327294,0.8674893064417879,0.6282354072237759,0.6454397764969669,0.5111532857152524,0.7736825505653202,0.5403933905631174,0.1860291624397771,-0.09027371620316096
12.54,0.2298177909978623,0.48531973083248153,0.5462830213272993,0.6389546765984804,0.8443226264530391,0.9994518438423025,1.0967070039595175,1.0701772876115316,1.2219282983981195,1.2508075439587696,1.39045603639554,1.4610845876880805,1.4167779082386027,1.5094043090651117,1.4688377453273693,1.5157804345358614,1.4646802778682875,1.5030124337602992,1.4763987388040172,1.4525369136104906,1.2244577925397848,1.413262872468588,1.133295815507696,1.051520497083376,0.8963311182922251,0.6916922954417218,0.5995160958140912,0.47929713779903793,0.7361661441239635,0.5159010292511486,0.20782120863911419,-0.07667009227615547
12.55,0.21463017726812025,0.45952861065493267,0.49328173934836744,0.6261138518236443,0.8394675095493204,0.9367905752785899,1.0540805423903752,1.029680124037777,1.2430314794258586,1.2019696927258947,1.3213547329713278,1.4165267137643738,1.4794875201413198,1.5166762650618795,1.4973036666951183,1.4864023974532738,1.5198049282093715,1.5028800319567144,1.430488878819091,1.4364745506724121,1.2808464078074395,1.4070481940264217,1.1075904286511453,1.0150087195520698,0.7960784437149667,0.6658585349183263,0.5934865008769242,0.49367603465127896,0.7024141434230811,0.4967740339727113,0.17833464358656315,-0.035321174784740283
12.559999999999999,0.26559930868901166,0.47672567108529446,0.524471438505134,0.6288166536641024,0.8798143715876248,0.9653045597750558,0.9943773383277991,1.0091010721227338,1.1882201491846647,1.2932150260495845,1.3630243979844758,1.3150711224257672,1.4394892008657925,1.4783196776016068,1.5267658557284463,1.4776940286928164,1.5513511992202162,1.4981135480335346,1.4430828543750456,1.4222287433070522,1.2467389693018975,1.3490705723864873,1.0764410887069706,1.1376460680227987,0.8789914292000393,0.7692635898862953,0.567881028411978,0.5573012453924809,0.7672862163486183,0.5432341504910484,0.19589340955717743,-0.0765247504785002
12.57,0.22219223296653506,0.4792028030591319,0.5446893147498452,0.568702394890586,0.8072185830123942,0.8985662648881478,1.0949122584361657,0.9736124571887521,1.1841793240206167,1.321224681257421,1.3501531335374115,1.3928576753852466,1.4260091708492157,1.4545174946769368,1.482669806939374,1.4805565746676301,1.557252834135224,1.5110591211918614,1.462211821405854,1.477525531392865,1.2590981974264226,1.357654325674478,1.0675656088677146,1.0569198270306062,0.8316530141467904,0.8335470930408768,0.6144497840109655,0.45336875193879184,0.6806306320787796,0.5387457132574793,0.14475801307109842,-0.09253636220591441
12.580000000000002,0.24365754622479102,0.4536492418092436,0.5015638951055759,0.5243310568544466,0.7717965742886471,0.8712229434983544,1.0435337688314221,1.038973898057368,1.161107804836897,1.2846693300059229,1.3732034120016103,1.4329802457596603,1.4469807512230655,1.4854164051023147,1.5237646728365368,1.4832615530036506,1.5568233384042007,1.5331173624495773,1.4450430570964528,1.409142108555462,1.2698659045029104,1.4403413038909954,1.1200696538658315,1.0254015597897614,0.8678841877319065,0.8506539250039047,0.565747302561373,0.46337885263210277,0.67814921347246,0.46286604358429034,0.12078741760323009,-0.05381434183906296
12.59,0.13328286878264706,0.45675072900476305,0.5638008382013436,0.5605433272343536,0.8169980600651915,0.9360808201131258,1.0707485233598661,0.9474891548673022,1.1406148648019603,1.274785466423884,1.3330436339500427,1.413397874066654,1.4431794040231924,1.5388430238905226,1.478468809805164,1.4878775759042118,1.5722967576365041,1.5455879788701834,1.4585673264623722,1.4656744681143163,1.291259512256199,1.3759147551726756,1.157356055817488,1.0335863401027068,0.8075557974643928,0.9201876026175624,0.5980686895321878,0.5239030290717215,0.6183322589841598,0.4602259942694019,0.1327691573867137,-0.10640131851091751
12.600000000000001,0.27982453975716537,0.39074619745378414,0.4831347862078798,0.48862703228689375,0.8168442545705752,0.9073467790171977,1.0682290368954477,0.9967078963918095,1.17446579493605,1.2602915162422232,1.3000497323118332,1.4660355073352649,1.4838865462899278,1.4359329652457122,1.512014896744374,1.484863009929872,1.542973972849277,1.5788551699333246,1.4629001739986118,1.4130350231537652,1.3168303884964176,1.4427070339617734,1.1754471039770265,1.0200527328037206,0.8841151039257745,0.9516581664970802,0.6646195646153429,0.5274374295924752,0.6095733129263897,0.4227874633690743,0.0954903126934793,-0.1470327148319856
12.61,0.1657618981374995,0.36161010362108437,0.6063552024100081,0.456556293196395,0.8030954094620752,0.9106734838188115,0.9847931278114571,0.9697216238219291,1.1807116675897427,1.2770457867306027,1.3708134258532514,1.3772424644649672,1.4175956642320606,1.4769975762322982,1.4354003352667104,1.4894781516460933,1.5383735601981985,1.5391416597465182,1.493677265702208,1.367149224107916,1.2544289454052957,1.3170808089497155,1.1882408611022615,1.0813252679640137,0.9330265461321886,0.9836178693064498,0.6637827544979926,0.5423244817414966,0.5616098982759429,0.40508331271559606,0.13116483311219396,-0.18578750808667763
12.620000000000001,0.17995427103284872,0.3437693984173435,0.5777104143559044,0.4396563105369566,0.8212578558197778,0.9543846265654488,1.0443600442888286,0.9969136179383808,1.2205037818887132,1.284647518329686,1.347512630641398,1.3590842154679008,1.408800339673457,1.481574574621494,1.5246713711023376,1.4485527073208215,1.4963084641964548,1.5469805351150334,1.4937159027432518,1.3910990454175938,1.2743731028321852,1.3644256438236462,1.2103410415330194,0.995820623301936,0.8773555555966308,1.0343295634399348,0.6797931841658804,0.48244040216383965,0.4963849358666132,0.4107009493759247,0.16784317142222668,-0.17422945246336002
12.629999999999999,0.13177175551398373,0.3105112024669777,0.5957806031070876,0.38336134994484466,0.7768373024400265,0.8384626099699075,1.0322060073328472,1.0291409559081475,1.2121004928442793,1.2522484157288623,1.3005569478308714,1.4431543854948823,1.4339811370915052,1.4116142119403592,1.4844864768542558,1.4822696999860172,1.5916926911768365,1.486439377267148,1.4219977942781084,1.3268279515290462,1.274584231804637,1.4013474740808267,1.227131734882948,1.0493975222770675,0.9441165277900008,1.06553841582386,0.7339784445600694,0.5556461519347425,0.5498124068719608,0.3938952004021119,0.12970500668576057,-0.14530917214445946
12.64,0.17057396677543396,0.31591137228230926,0.6138420166322694,0.3866646326790868,0.8460005067043408,0.8373986931554096,1.0542456085137075,1.0494515703078473,1.190937800962043,1.2875863873285336,1.3234679653010157,1.427837783558907,1.4504326755489572,1.4629657709029567,1.465989099121692,1.418385820438683,1.5431566231331444,1.5673178967001233,1.4039342489050957,1.381795150861517,1.2611283218957692,1.3744736957353005,1.198393317321764,1.0198362899868023,0.8825023203397822,1.1023739964117207,0.7723187499635831,0.5990921254626658,0.45513079381889154,0.3367617732476539,0.08743383623376155,-0.18184956361144727
12.650000000000002,0.10029171152038394,0.2389190679247824,0.589073262584348,0.3516278911196085,0.7857531720724243,0.8117606361359198,1.0538969951479713,1.0607125576537653,1.222213376576161,1.2939342156861253,1.341460566628996,1.422736777792267,1.4165725049355686,1.4615894741451954,1.5079304288239197,1.5069572156456144,1.5438686505353116,1.5475984397271856,1.3946045355970378,1.3398729002360237,1.235768201215031,1.276274196036978,1.2492567167814064,1.0946991706207996,0.9009216329913539,1.110557618976881,0.795251208928973,0.5780275878277708,0.42280377327909774,0.3598470940635239,0.058040416832408785,-0.16764593467932226
12.66,0.005638548901027578,0.12849567691118252,0.5487186182800197,0.35225478880840055,0.7412799549376515,0.8754994458764517,1.0437620152135554,1.044858475618385,1.2254334617367866,1.3017162650185787,1.3318225045058496,1.3950019375936002,1.5035619301684497,1.430553441173062,1.452408995377713,1.4175691199519522,1.5674568441771468,1.502682516449445,1.4470551771199713,1.3691194636230994,1.3098820507633335,1.3292737398388108,1.301110667461321,1.0643266333664703,0.9348405071539558,1.1423464052038421,0.7896320003732072,0.5869733535911722,0.3986986299670364,0.2950336283405036,0.06052319195207853,-0.17597326606584118
12.670000000000002,0.12420078417149515,0.24154239887530196,0.5874741525671474,0.4167407253974658,0.7477621567800745,0.840494119618019,1.0282530311799776,1.0241751625964841,1.1861631317566554,1.3181695907139221,1.3349238229906875,1.3745237934953853,1.5175173677604075,1.4695820446330017,1.4806998773461986,1.4674061678028327,1.556155358217847,1.5397521784165602,1.4152216556776507,1.3776430636414965,1.2932407799974452,1.2405288210476764,1.3756588603981272,1.0618881988649818,0.9307631889028939,1.1976941475062453,0.7839646642136999,0.5692217297007367,0.39114296145908334,0.2578426244266679,0.030951982532466935,-0.15501663241180716
12.68,0.15612672742158268,0.22272207755508827,0.6248273479466899,0.42653497659534184,0.714182429948429,0.8443350059658745,1.04113284942354,1.1096742531897479,1.20426986531747,1.2742559230116561,1.2808402458177957,1.3878903547592403,1.4021216506631786,1.47534175586301,1.4456125091126035,1.413447949358192,1.527530552360718,1.4805619917406532,1.4225801354296301,1.3804959987016372,1.2495195084647974,1.288962206416378,1.32228176947035,1.0840800437480689,0.9520512512710101,1.1387575838899044,0.768783760967726,0.6523499783473373,0.36247193563599284,0.16283422852937907,0.07828353329402452,-0.11764043015209369
12.690000000000001,0.026704492067901694,0.13684166083585228,0.6318073185642769,0.42915844949637677,0.8043292657831782,0.8226584415573011,1.0620558261253539,1.0930317964651906,1.1285671896297853,1.189438988838831,1.3413735282385197,1.4079339383109426,1.4738662078555147,1.4651090092944667,1.4567210060364526,1.4814796254125973,1.568023449940492,1.5286241205610647,1.4064088045855756,1.3322993155658334,1.2815198300843187,1.314168916918893,1.3677857438668886,1.1141128950420287,1.026742250408498,1.1800107852017152,0.8891328773299859,0.667342181533937,0.30947014465256145,0.21613472365928793,0.17986200422169546,-0.1549573038794406
12.7,0.06940781397126605,0.11817579335727232,0.6092990303120911,0.5232605135869085,0.7970802350860523,0.8025372525134595,0.9902172897591116,1.1351230802832109,1.1739892658648303,1.3042441136762848,1.3395007081789776,1.4431472253192095,1.4144939063417743,1.4572018691628996,1.4813613558780412,1.4201184677243346,1.5338044298675915,1.4870237939706514,1.412396371579203,1.3720553554816364,1.256778358773102,1.253456319650991,1.3518580938450595,1.1387699811492433,1.005258291254412,1.147271081086062,0.8973482080083122,0.7459338295235587,0.34333425639182896,0.17852195087006123,0.16003966335299113,-0.0706782439100499
12.71,0.06225280118203401,0.19129193473134914,0.6135446231618313,0.4950869797918855,0.7364539672871016,0.8512477040279688,1.0492876414712873,1.1330189405788507,1.1317119060018717,1.1967598671402024,1.3052054974971723,1.3868585421192943,1.4796037244774334,1.4772415731889124,1.4561963467981347,1.4526303906492188,1.5436309126547718,1.4983718369578702,1.404407813796887,1.3451255365906765,1.2794279043022163,1.234140041997595,1.4129698181161423,1.160065352311253,1.0541613814882917,1.157913574994604,0.9378958660763955,0.7665455424784865,0.26456055314465227,0.17176399754960062,0.2124309659470425,-0.07250017444019595
12.719999999999999,0.004140335358162684,0.12367509783481655,0.6084500133408461,0.5512280526046233,0.7102240021029584,0.8512962460387535,0.9995666934054663,1.0789679503981568,1.1743702316145856,1.2165592250727035,1.3123570643060711,1.4100342406974256,1.4489586508132013,1.4692348115455556,1.42676570549185,1.4463519266498492,1.6225308811551753,1.5159746777044951,1.3521209173188924,1.3484090966323634,1.340522097716246,1.2519073521476356,1.4343972850780318,1.1352299558865036,1.1211212740845617,1.1830024238852863,0.9116271920117685,0.7514374111170236,0.2563374290908777,0.2174140445056882,0.2712168030461644,-0.058711503536681434
12.73,0.09166454888736765,0.1719001751041836,0.6518979278117655,0.5698214916979423,0.701727144295794,0.8635715964348616,0.9850836611871259,1.134257948312738,1.1515081381704917,1.2878301900029525,1.2966750634371649,1.4024883137305375,1.4107844791950863,1.4355564135640522,1.4622153404373657,1.505606859885527,1.5346235753449087,1.5045466320319199,1.3546680389340502,1.3224949293467216,1.3633974973697127,1.2278993502381288,1.3913021051341374,1.1756245744287521,1.0566861968215968,1.2031126626598896,0.9962142533623404,0.7747913917013761,0.3528241217840314,0.17033749081034538,0.25190599368826605,-0.02160502596314174
12.740000000000002,0.02541771119583418,0.14973267801603443,0.5228521767618367,0.6168434859166442,0.7194543795233388,0.7492019248235904,0.9780075173377917,1.1913503675351858,1.0928677417402375,1.2296675204430785,1.3269974665802948,1.390383811327991,1.3734535583478658,1.462242628955167,1.4477418353070846,1.455280970638445,1.5650603793082714,1.5550591322853933,1.4162152013779723,1.379111204877644,1.319587571015168,1.2378899987114251,1.4075430634892678,1.2331268056013933,1.161987884832075,1.1474074671585208,1.0219531771704027,0.7890992135303675,0.3281561705801873,0.21309565600824054,0.24910398368130612,-0.03169674022724216
12.75,0.04700944473702513,0.14084226240814102,0.4921050491113623,0.5470344486101432,0.6882807954533964,0.7960346698742262,1.0091414343666527,1.1722302272662102,1.1283546583854314,1.1336939814365563,1.2904114182047133,1.3730554498573015,1.4041761240603958,1.430627399982246,1.4646697860972504,1.4583096109289506,1.6170926335583888,1.5149382212753195,1.4224413717184403,1.4403793626122574,1.3753917793515065,1.2566078223409234,1.4345553164500762,1.2134399938965852,1.0921224479606344,1.1491450669090022,1.0081776150830928,0.8293829136214264,0.3438397322127454,0.2160723071544567,0.3040264652076902,0.028980371970017745
12.760000000000002,0.02638513397935892,0.1852595833920001,0.4590249044028015,0.6651759121214353,0.6521623979953752,0.8194275214211258,0.9790393640016082,1.1452615919356326,1.1472282477994824,1.1817166547238962,1.270937548764108,1.3777130119771264,1.4250935773082878,1.4059657091017792,1.4412704618977878,1.4817342358613925,1.4959570807455371,1.4979725016967156,1.4467138814808627,1.392651820041829,1.4046261137054328,1.243363851413471,1.479151176490012,1.3052300032641615,1.2365489656904467,1.1723627168748578,0.974730145954234,0.8565532373283562,0.3751582184082232,0.26915470223262683,0.36207770694068264,0.09449829136867051
12.77,0.004231831938756739,0.1497210164918691,0.4521170546141675,0.6841360513416552,0.6580639965149123,0.7868378752549849,0.9606875683783063,1.1650639111333352,1.1332561271703412,1.2083401278480035,1.2983307501854888,1.3986178435942498,1.3888843262586967,1.3802129190198325,1.4648975939256443,1.4219643240677435,1.5640386927405254,1.5359752028728781,1.4692566684379411,1.4199629305889592,1.411921227750789,1.2522435643081304,1.3992395355034903,1.22550030263822,1.1311051350910093,1.0543794358116378,1.031718424857917,0.8942841554986641,0.44938219494519394,0.23392559439987648,0.3249150626255065,0.10638438315320006
12.780000000000001,-0.032991581191563715,0.18341880803439667,0.46912419572211317,0.7227755768408642,0.642612452896369,0.7790550574432549,0.961487429512367,1.178601947824922,1.1035203677091217,1.2124795569375375,1.2735757389075302,1.3436045386863131,1.4374924555039714,1.4032538798187149,1.4452500939007125,1.4664948736973917,1.529997338363282,1.5752355793087425,1.5020247285413477,1.4253523007357891,1.4238935405463773,1.229345602855327,1.451914847552379,1.2222217202044268,1.2235159044207593,1.112397657829798,1.0754462076146212,0.8734327017071183,0.41656661672584105,0.40985728062908233,0.34454398580481965,0.07872151853677617
12.79,-0.013815746636999283,0.1929862801446449,0.3753530383736348,0.7091543111380415,0.582877814677652,0.78283692917914,0.9496136309162718,1.161260440728861,1.12860708918182,1.1444743863182554,1.3019790562744724,1.3630923776240123,1.3464326137485065,1.474077848327457,1.478756782567741,1.4837854021977475,1.5193329869269514,1.5595565983181905,1.498855402194067,1.4314955501904314,1.398203904865803,1.2036062472569053,1.4397595791185351,1.2667405888469832,1.2433594311750331,0.9735310152374214,1.0588326405978927,0.9066399029738614,0.5066975381662887,0.33310264156578345,0.3824297507901321,0.10005073600737666
12.8,-0.01970698593665051,0.17691646043507342,0.3624972981614173,0.6972775757315708,0.5890640976131083,0.8065842229830268,0.9254598366802201,1.1865395614981606,1.0665889331221872,1.2053334845975374,1.2919447987033796,1.4131733451308757,1.4141663434452063,1.3809083864546288,1.4969110914934132,1.4899018662224968,1.513741621881228,1.5413523617979663,1.5008765631482073,1.4163181498774087,1.470175968496324,1.2615817597991708,1.42026616297604,1.3545185214687328,1.2335059403965778,0.9491318749373574,1.045355124486522,0.9321304442108774,0.5148470121688328,0.41768172474102405,0.42029999411226,0.10412908441359499
12.809999999999999,-0.04683280856424168,0.22495327904809093,0.3425570506721056,0.7339901376996967,0.5742878705147585,0.778946935537738,0.9375409297672768,1.163355397113602,1.085635032243926,1.2160004020341526,1.2880541033604098,1.3124241173284437,1.3840744875663271,1.4570760706685322,1.4843293495933731,1.4674171142231303,1.545714890080435,1.57643727103205,1.5543395129919764,1.5087010350354977,1.5089725022615939,1.2193357005246555,1.3938597738970464,1.3386328569508958,1.2608412144134982,0.9427466476344942,1.0320964013427687,0.9209288600929838,0.5412987156501954,0.4299294326548032,0.4150144047224187,0.07450505915463834
12.82,-0.059777958772123184,0.17340794560993747,0.32066947340753504,0.6939593418780422,0.5868576212910058,0.7773024342492073,0.9157992621722076,1.1516935288793244,1.1101450543668785,1.2138876312518856,1.278158313032254,1.3284002864420472,1.3706302742609477,1.3979519588100895,1.454155778782754,1.5023177093530447,1.5230788018990584,1.5456979973841354,1.4631584935811142,1.5039772598417869,1.4751219915864366,1.2967636699344915,1.448502460578761,1.3116489335961352,1.2999675640876724,0.9363096054307447,0.9929063412351985,0.9059313193166925,0.6064562378598042,0.4520032985037763,0.45911495725194756,0.07843038007944803
12.830000000000002,-0.06834454010865815,0.26212135593926006,0.2568178483982719,0.7493086095636368,0.5411822947130281,0.7421723541298627,0.8966123491047693,1.1926266089666933,1.1103420660909251,1.1770558932787416,1.2677103665836624,1.347106304054091,1.4350080232574252,1.4493918175847484,1.4848112279637655,1.4941165826250828,1.5479018300424332,1.5636174979334627,1.5451395698624735,1.4738451943395308,1.4715842902133682,1.253722124660676,1.3783151122279003,1.2180242420538347,1.2566051981891342,0.8502112680212828,0.9762681949038416,0.8450037678384298,0.6369141603808528,0.541197877157431,0.4163145957364223,0.04612920362339051
12.84,-0.03381723685565205,0.23465270181378128,0.24643939799283404,0.6941476583799346,0.521332111602874,0.7559665051861237,0.9777568408283807,1.1618700265062811,1.099896487149988,1.2252435177110335,1.2404502902231478,1.341450221297955,1.407888241266662,1.429033404513847,1.4781194116440637,1.4936416604625706,1.5735873043337307,1.552642002888759,1.455315084268467,1.43308318209335,1.495141668985986,1.336039951872067,1.4012014275203624,1.2767107789632084,1.2856701475872023,0.8317154475921034,0.9791950435594987,0.8647569870934938,0.6411561597667039,0.5208704283844411,0.43478877388462805,0.1040829448902145
12.850000000000001,0.0031585360418055833,0.2643260801275585,0.2729309769460412,0.7095070468800719,0.562796737850851,0.783686042035581,0.9422317529031652,1.1313191500435293,1.1476886377950257,1.2320493264432388,1.3341741251825245,1.4031073716177445,1.4052146093878066,1.4397333841820372,1.4674648230023983,1.5273952002724829,1.5235083308393496,1.5127367871327166,1.5065568417752149,1.4831136638718623,1.4892566867743602,1.3085874434545997,1.3367887970082164,1.3168498905649015,1.2875538307048129,0.8276902344822529,0.8817725548898556,0.833659498914038,0.6866929935663434,0.5193848871378132,0.4816577668209099,0.08202335145113866
12.86,0.02403298080855428,0.3339124088672077,0.26591548015076993,0.7073798495586117,0.5841788441549605,0.8436901916916113,0.9591869457852157,1.0938111122908647,1.1099042249614892,1.2517375866109288,1.267305864795957,1.378056398445919,1.388583650773113,1.3990347293159424,1.4495121639529696,1.483120510653889,1.5316207607485428,1.6125899895324785,1.571132595902302,1.536136963745144,1.4745378307293044,1.3429033717194108,1.3331045050393153,1.3104828998349567,1.3300120427285815,0.7624799648311136,0.8803119869392552,0.8219745878416338,0.7044567628069859,0.5646912828105215,0.39402366808618416,0.03287608470252717
12.870000000000001,0.01769060372263852,0.2979304270724329,0.327261469297016,0.638498090433261,0.5364307987800916,0.8383186548160707,0.9474537167335261,1.0691801839386963,1.0864337822580317,1.2136313715087537,1.3001292456348237,1.4020047226757637,1.3763958927579723,1.4306653231740014,1.475305881091631,1.4962302094527582,1.580669656987814,1.57064919357899,1.4825649830206595,1.5157570890057175,1.5137892691910733,1.3033652580461792,1.3095455196187198,1.2770876239357334,1.2354117827405042,0.7423229227920528,0.8455421178426139,0.7211403085087779,0.7009311547365868,0.5611241560172386,0.40416951607851953,-0.02132100293132904
12.879999999999999,0.007002344211609255,0.3233070761923487,0.25367427697930717,0.6402569694958533,0.5669410593241643,0.8338663759079091,0.9945143611814007,1.078867342626262,1.134331922197852,1.2447096799422037,1.303928942833593,1.3762272554307438,1.4225990996145539,1.4773974324058716,1.4979326776959532,1.4686064485991825,1.57939130654997,1.5662550433397806,1.5366884941214403,1.4451101181760748,1.4631925312290035,1.3503658833284866,1.2322599191771122,1.2242103073360477,1.221228231084522,0.6614600328591365,0.7353357709420736,0.6784581997239777,0.7712900442836803,0.6231639568680973,0.3891314932956173,0.03381334314443767
12.89,0.058340836760007356,0.34580783574674095,0.2713867604028873,0.6659833189470892,0.571286961674894,0.8610632271064284,0.9880628208165808,1.097540443324881,1.168940227770138,1.249337192659869,1.234218752621514,1.3362362103212841,1.4348632259303193,1.4071923177578325,1.5134261997042795,1.4742757752234992,1.5955906982869195,1.5620818477812466,1.5363882234366175,1.511808307089451,1.4939423471486806,1.3763981297406718,1.230608918160759,1.266631011944637,1.1783377576433691,0.6842209343147181,0.7329155675811015,0.6682692364737289,0.7121339421186701,0.6168600381718233,0.44536476627380717,0.0635787799596777
12.900000000000002,0.15336979102308732,0.39636038248444405,0.25961927167899035,0.61792505930587,0.6367465184043323,0.9073692442560788,1.0081566457519993,1.1345130356950062,1.1197673462380042,1.213425769989836,1.2702597058936764,1.3632622119943656,1.4097779905160446,1.4107649968534368,1.4754231336894663,1.5796844101760963,1.5064289934844568,1.5897584988736944,1.5044583233004998,1.43275462937796,1.4283070370710056,1.3840447273453222,1.166751900959911,1.1416269185167969,1.174162121224823,0.6772740739571624,0.6829937687924963,0.7241822174365659,0.7372590926238948,0.5834724433914478,0.3842585100179096,0.022203720656550907
12.91,0.14011663695172422,0.38249090710944555,0.3297118729395862,0.6117273288936173,0.6381622764828225,0.8453096937864514,1.0186037582860563,1.1025716050951366,1.1242171374959082,1.1839101497714517,1.2839813841054115,1.3274439860501608,1.471186717970558,1.469806936649888,1.4630104274419364,1.490796094196336,1.5552344382209307,1.5361916000898694,1.5831550008678863,1.4764696994970692,1.440098887213461,1.3125777922100756,1.1395614521559505,1.1771655762433912,1.1080734298682124,0.698501153111239,0.6789832222846769,0.5896450483421624,0.7803549392015244,0.5939639592912055,0.38660248611108133,0.01210055080666644
12.920000000000002,0.16540492814666327,0.41401745636057063,0.30611104051502086,0.6048880935968113,0.560761968302312,0.8832221122626085,0.9173690614972916,1.1355111276814165,1.166896009251774,1.2409909407392417,1.2883610673671124,1.3564372087917034,1.4163048750069107,1.4243093643927247,1.5692077874249606,1.5792681633406132,1.6184244906094323,1.5339690729848219,1.4977623113411465,1.4490660097828805,1.4387758007348785,1.3971391868218757,1.1335202293790876,1.1423182232099813,1.1512607907748025,0.6764710780669579,0.6386247588715586,0.5687758023514504,0.7645373756797922,0.5453726538159411,0.42503435921012617,0.043815596467906004
12.93,0.22502932070059095,0.4275036679160526,0.2607505908654645,0.5001738637265298,0.586182737194642,0.9163921714364438,0.9806119493726564,1.0740562358686685,1.107901945326621,1.1935620351230327,1.2936937244882347,1.328277734201705,1.4172551350850568,1.4645278939691495,1.5001087567661364,1.5409157804991334,1.5365707077004926,1.4874002932993824,1.4951900663907312,1.4516295888376678,1.4128042263519556,1.3729812659718437,1.0795082016538529,1.133538201920033,1.149567987928916,0.7221495137995012,0.57828843422806,0.5839009664890594,0.8423948421480622,0.5775652070449848,0.3842106950512216,0.04710508999686555
12.940000000000001,0.23508719714529508,0.40495135322744413,0.324560495543318,0.6019453909532559,0.6688336804726269,1.0005654810793705,1.0060997627237769,1.0466831072179528,1.1470734765031356,1.2277591718870895,1.2783073330872239,1.4329491584384173,1.4278966555286121,1.4707377045838077,1.5232017767886705,1.520790735503274,1.5385366940572671,1.5501892904454646,1.5242816775702381,1.4533360667736457,1.4443476134074744,1.3650234532934002,1.06625055933083,1.1734028256322673,1.0141812298948378,0.7148628381359216,0.5874064708836505,0.5398074446875263,0.7803233798146885,0.5986987717819191,0.4004865434309772,0.03358537930246973
12.95,0.2645033388134656,0.4166921553277522,0.31354134985005566,0.5759422451544807,0.6801449561970643,0.9521746824904018,0.9600530763547438,1.0647815282915143,1.1493064695137813,1.1720282002936573,1.2985631062561795,1.3635443196543844,1.3420747464582976,1.4223990325314853,1.466327579975113,1.5156032372385333,1.56442867487899,1.5380908771734247,1.4922414119168683,1.3930141969864491,1.4010009841993498,1.4397303061343019,1.1168459550629324,1.1018783830275087,1.0618934206053523,0.7850216114810489,0.625963350953744,0.5280581449374296,0.8494340957720469,0.5500538486289182,0.33075373285715554,0.06990804496707848
12.96,0.32303874688579703,0.3901598665153369,0.3459936780607809,0.5113626966012674,0.6197369111672583,0.9580599410455539,0.9669935760808843,1.0864184064333928,1.1556401529714913,1.265761039287041,1.284564640611241,1.3765787832878256,1.3967675166194466,1.434766927555068,1.4669998543227964,1.4993235711899076,1.5158658649586876,1.5887299531661934,1.495569991568021,1.436503354829401,1.3852814976540495,1.362130947616988,1.0565889613609745,1.1062613301354105,1.0543511438227284,0.8252473156388169,0.5895219910483765,0.5272789493611033,0.8189729950797059,0.5523920921031096,0.4558000040770722,0.06943141764008323
12.969999999999999,0.26391444620471927,0.46368337890136363,0.35844181502217193,0.48501750343700956,0.695629907665569,0.9861955615413083,0.960266746918355,1.0798414041427438,1.0781731283791467,1.2207785173874393,1.3226230198416438,1.3907302136392465,1.4125872983014176,1.478447803011249,1.4758360579785197,1.4103541215721855,1.5280247965373555,1.5264941659332032,1.4868451298263896,1.4430206066416675,1.422090227919161,1.4262183959412857,1.1210803159618636,1.0910019536794486,1.0394574948354927,0.7995397964202018,0.6541393272457308,0.48961720090852456,0.8564769256495031,0.5095758545279819,0.39463245218039666,0.12452228630824763
12.98,0.31012548437795134,0.3920656687733067,0.30701532332870773,0.5104281798469901,0.5999185007593272,1.0041295939586585,1.0203817764577867,1.0328018969688633,1.13971659663893,1.2384883472388295,1.3571454408616268,1.3757351181363002,1.4349067069226147,1.448384316405676,1.4983916783763336,1.4844166630482802,1.4952526069634973,1.5113206453193144,1.484414237755793,1.4362655339421604,1.3268988964676907,1.4417994732631199,1.0096468099327254,1.0864539863204208,0.9905414923427633,0.8619516406314699,0.6387533091169197,0.4949656979447697,0.8282874012461877,0.523490777864954,0.3866034463246161,0.11526247749870482
12.990000000000002,0.3167093835408541,0.36241875142210683,0.36130498038485437,0.4439463773375877,0.6604145721194552,0.9441366870898319,0.9129481063039698,1.0228017656860433,1.1202552080982904,1.1818783112719866,1.2837929746994214,1.3771776198255585,1.4609182677825432,1.4205029939216054,1.4371479954161972,1.485614591786157,1.5205088800354476,1.53418697857604,1.4343292008584556,1.394014730868684,1.3723113222847885,1.4401300625995663,1.0522776773803804,1.1139380400371761,1.0536636362151302,0.9850481882074488,0.6510951588025115,0.556830802075025,0.8273660223934552,0.5205058793421105,0.4201918655587162,0.1702551925348706
13.0,0.28490235363115096,0.3919966077980578,0.30534693404891405,0.4604756289567753,0.6419191925572909,0.9368707553082338,0.9080680156604244,1.0678865909709965,1.0826166263702113,1.2101903293685705,1.286732659081673,1.3813839189625392,1.3970525217645193,1.4558435762621897,1.4683725423532203,1.5169049805272192,1.5667416623367734,1.444794409750252,1.4235898699753768,1.415235209902335,1.4530577110190777,1.369196585255791,1.1230686477005183,1.0467217664927493,0.9738931653297828,1.0024305718273376,0.6998804139180106,0.6062329257201677,0.8214147058404979,0.5000164309006209,0.4159649692119839,0.13770097112739182
13.010000000000002,0.33426878045442016,0.3398293226881497,0.3529190086497225,0.3802424016982592,0.6474996119609926,0.993347428927787,0.9504791801543756,1.0380155934612925,1.1223876326696371,1.2013591498731069,1.3625731400424634,1.4472850181031964,1.4406511616245556,1.484607314724296,1.4858001712977336,1.5373983087238179,1.4909506450842054,1.540012497422905,1.4492202048862701,1.3531421784491933,1.3658213136981225,1.4047776498713647,1.1659124433195343,1.0769191061948902,1.0302059327877422,0.9813316062176116,0.7498365894875735,0.5529852720711697,0.8350406065604918,0.4817584693991212,0.4227286217748336,0.11533752578824195
13.02,0.3257340869682483,0.2794843173634872,0.38107346159122063,0.4538884440166162,0.6756814475620506,0.8857355033751872,0.932798535813388,1.0170427958031836,1.1226422048978084,1.2017739477202412,1.2786558385616895,1.398974985426773,1.4021486295293395,1.4300305735169385,1.4463331977876541,1.4982506434658356,1.5202381786511459,1.4934412847316296,1.4261980807167869,1.3904369237549854,1.4074257635550003,1.451751671115889,1.1204551322380507,1.048503722733432,1.0609594574633014,1.0877617895926583,0.7701378487211583,0.6030526948650269,0.7456545570896926,0.44564433590300057,0.4082164655686438,0.15974502434411478
13.030000000000001,0.2508342977638437,0.25288710431624917,0.37322902722151957,0.43336224791699496,0.7104557275529753,0.948752590660459,0.9749796232721639,1.0125243286800478,1.1116147974390138,1.1645968591846434,1.3219781672760602,1.3736655987522837,1.440305864727607,1.458364870125616,1.5180952939822947,1.5277329421102155,1.5065894096068417,1.4983444905283188,1.42662616020995,1.4216164804808156,1.325008106546374,1.400328842264114,1.0979711539588095,1.0008621640557558,0.926949381795204,1.0919572225805194,0.7559617412283862,0.5960891851910433,0.7387263852736762,0.3981335251088298,0.4049133652254411,0.15111373598977754
13.04,0.27768721515643957,0.2643859574044888,0.3321687066736285,0.419546164783534,0.7053787657336326,0.9577726532761138,0.9415749261368105,1.0663888704457998,1.1421391713884228,1.1957493168024795,1.2656581819562822,1.3686369556402909,1.3949333196558078,1.388664428121714,1.4511209707490764,1.4950125667211536,1.4939392394989754,1.446405145854729,1.420190093616912,1.3810071288165595,1.4209571596786539,1.4392397175513485,1.224697252111465,1.120541202951941,1.0113505298859047,1.18106348316355,0.7913135675612866,0.6373176500633596,0.6934168390883546,0.3798789707702435,0.4394947312372454,0.18073830835034585
13.05,0.3260845316617301,0.2680353825722128,0.3327722176129355,0.41133872465800925,0.6942628791326335,0.8722066528169395,0.9339385812401277,1.0798841357513704,1.0868871447637363,1.2417391868291656,1.3197318231251451,1.3235115962479045,1.385197728594256,1.4482589748757921,1.5046377011277792,1.5185330382473714,1.5267817338033638,1.535101200907062,1.4211038831533265,1.355220282110987,1.42083217144011,1.3511994633258941,1.1676594786211618,1.0319380303149803,0.9836557710663544,1.1522015419530505,0.8499511847357428,0.6964101185376727,0.7021552770614075,0.3410031705923402,0.3664008320176596,0.1515786739497066
13.059999999999999,0.2593216619191884,0.1903839648075724,0.42323564190988583,0.43138203593839247,0.6672206510998271,0.8752882779639642,0.9259823304663173,1.0398589111910768,1.101618914136359,1.191189434050117,1.3263396088439572,1.3733510286788766,1.4270185309897903,1.4152983474711938,1.471554811569323,1.5358003269505895,1.493490892114926,1.5236814639031664,1.4345252543585054,1.4150475636655386,1.3716566373103614,1.3227025818079832,1.1961977604313165,1.028240122235906,1.03176093550176,1.131902697825915,0.7949515548637491,0.6867316875401154,0.6193354351760094,0.3046675479301987,0.3869771502849652,0.23259211895299683
13.07,0.25324227696402174,0.20634883166125711,0.38720270137525303,0.3744284192075966,0.6659635401846941,0.8929071135104122,0.869665277160322,0.9717340462234094,1.1121350711410516,1.2456852371599503,1.3358218560405424,1.3565561724385438,1.4110362221430046,1.4034008480965563,1.519796248630615,1.534024455981796,1.5477619355221703,1.5735704210089643,1.41374553593808,1.333288002370531,1.3905652608179833,1.3479616336261226,1.2378408740951352,1.0126753615784487,0.9962940742330965,1.2325331196630718,0.9249036554424057,0.683365456660436,0.6280788534298047,0.25713962081741953,0.3978929996015283,0.21276370292343477
13.080000000000002,0.21741134395670852,0.13424037774599523,0.36125355421356165,0.4119534776508264,0.5934333596334584,0.8488654186674272,0.9404074542849172,1.0315980250147583,1.0402288572187623,1.2472094796439122,1.2966859973897173,1.3791369140978793,1.4265480836023945,1.4843226689671618,1.5452132285631972,1.5890578715852484,1.4935083292507105,1.5388410697864594,1.3935327649131373,1.3699282632091803,1.3163600121807797,1.3267656198736026,1.21273184800121,1.0194331743580989,1.0283117471789074,1.1525029422946487,0.8435213873331774,0.7291906159708956,0.6238189039566916,0.22671233938003815,0.45716325479375475,0.19427053089815666
13.09,0.21955242725736365,0.19082333133003784,0.41173065730570646,0.4826633456984288,0.6842784691726008,0.89578509692289,0.9011956940384602,1.0217532824783204,1.1363389982258525,1.1932076272898087,1.313348544547553,1.3522724339020042,1.4258979324669039,1.4512041613095115,1.4802519717410236,1.5311991400430993,1.4844415128744728,1.59021657727945,1.421635995894615,1.3633132771634078,1.374912746128891,1.3082174935254967,1.303057686000916,1.1064511865934594,0.9883359054130778,1.1431472133894143,0.9308697925078837,0.7600970757192267,0.5403350365782275,0.20042660001521453,0.4199233193838817,0.178692051627103
13.100000000000001,0.1566947342498583,0.1696170014825119,0.3871498977790819,0.4702484959661729,0.7477222741965645,0.8671154168155817,0.8709861280858547,1.0301971892634927,1.093705240920338,1.2599038336895665,1.3455847209444733,1.3379165283394538,1.4070636893924804,1.4488289414085054,1.5108306265193487,1.544430956126971,1.5573823995592175,1.5139760763827832,1.4181595112475867,1.3142112141126803,1.3301498503752043,1.2262862479086611,1.2898534984627361,1.0419260513821251,1.0536002858780775,1.1674353428708495,0.8336757806851148,0.69980970567712,0.5178440659382384,0.21040655262567326,0.49141374859469616,0.16405622766245637
13.11,0.20318424097053267,0.13072604966159834,0.41873171002338805,0.5071582385676413,0.7267609432415024,0.8826855510349185,0.8739697168231373,1.0135336454625519,1.1429613336777023,1.2211972100771145,1.2840389990318637,1.3985087598545496,1.4448506918633797,1.3826047132595327,1.4898511464343622,1.508989951915554,1.4770373671544514,1.4986202602219163,1.4210062254558469,1.3703501762636974,1.3428237610768312,1.2367902943867382,1.2580888007441007,1.0876164556652907,0.9928026084353063,1.116299196811975,0.9414410349854382,0.7285103061918567,0.5444976034062792,0.23352212395068306,0.4505725058745279,0.22734207052542243
13.120000000000001,0.1538535725217983,0.10832855853061743,0.4962133096741072,0.5458685793878248,0.6905997725103928,0.8303508647120018,0.895876819012886,1.0088302744932107,1.157039701941853,1.2005837922681462,1.27976162365701,1.3016440643707894,1.3701307444768032,1.390576486453755,1.5276146962997568,1.5395247162485979,1.5358876604234093,1.588412119677192,1.44609418678722,1.35980417179488,1.3094648910393407,1.2741562053520163,1.3627284916754585,1.0688818046323874,1.0115411107142698,1.14250232865013,0.9153307878248642,0.753762828992579,0.5106174285280026,0.13486943673110582,0.42621597601832273,0.19973755613191085
13.129999999999999,0.12091291850890921,0.1770543945052302,0.48855208388482985,0.5425814863818108,0.7278040571494863,0.8142692536426465,0.8226682987034409,1.0456215423671777,1.1441410080677947,1.24225830366439,1.326892501432091,1.3338710609370703,1.4127854393040868,1.4251838456795487,1.495295111327903,1.564885928573627,1.4752439359284921,1.560203194205701,1.3963692976405173,1.3467160291976248,1.2365497975014066,1.1878702975386264,1.3100556168673823,1.076097124562747,0.988952076425426,1.0662027882910736,0.948532369171735,0.7296216740057627,0.5429560696629583,0.21137875290887612,0.46295611951720234,0.244711847697114
13.14,0.13685679298918763,0.15415084751140878,0.4787255242057519,0.629176177946369,0.7117939590796507,0.8913573691364729,0.9613697213438955,1.0571839907221983,1.113989464943996,1.185649910867845,1.281976775305648,1.41462734178422,1.3765784614084595,1.4144757265032533,1.598982204788842,1.552862834917026,1.5270659029623739,1.546321699490058,1.4054543898328709,1.376730728454126,1.356402279261226,1.1481329053947416,1.3176159301001102,1.1056346703663693,0.9883659612219371,1.0151162501849993,0.9403542739253795,0.7929150000513926,0.48295038168247945,0.16775458113186345,0.49986192972993965,0.2834458245450306
13.150000000000002,0.10904390933496311,0.09372821113438393,0.4888182571636679,0.6156480010886857,0.7155509969029369,0.8346484752017003,0.9086781107007467,1.0936375803536178,1.1572633375053873,1.3093022920749184,1.3877175183454078,1.3992632989048663,1.4008640785329805,1.4832146996058007,1.5470406097764855,1.4941497870605895,1.5185073101561588,1.5934059938467857,1.3871697924751858,1.3491837503387263,1.257804854416058,1.1358550021537233,1.3338963987384764,1.1444379045330422,0.9645666134774111,1.013867887287964,0.9258263378024202,0.7532514442926019,0.4413637776249458,0.13826793789106667,0.5820110615774864,0.27958624452249764
13.16,0.05477719220060232,0.18300622597992694,0.49735666042331184,0.6798823777479938,0.7281404136603036,0.8062305506687002,0.9126156863009591,1.0316383562184126,1.1102306161094615,1.2296785132835526,1.2679772647408474,1.3621319231830258,1.4398451317707477,1.5183781143756556,1.5478487790973088,1.4751211662834318,1.4938566956291341,1.5508223105618086,1.4247212534167257,1.3381372254683972,1.2609178120161098,1.1519044449836178,1.318534207235957,1.1552299738890537,0.9460075635526746,0.9053960802809707,0.9329928087683003,0.769663030722018,0.505152508839544,0.252764630777494,0.5851609188821716,0.31650547413831287
13.170000000000002,0.0523601599828175,0.19436601712795154,0.45386385326888135,0.6840881700839849,0.6806456974208838,0.7909192253203596,0.9027649594826755,1.0771702485435701,1.0932302893871355,1.2423144208006103,1.3729884579904121,1.3707714273780398,1.428914522725718,1.3745629277700309,1.491792229412473,1.523879001393185,1.4959651766804893,1.5462507603171742,1.4492685230959936,1.3964824643238216,1.2733587789088479,1.1181729145416774,1.3508695828515531,1.134044596280729,0.9260158757610093,0.8919568433289007,0.90332688849625,0.7681879596547427,0.5066237423374262,0.22757146161556624,0.5053631803650096,0.2836655640291383
13.18,-0.0210812283496071,0.1948191015263077,0.45057583590936007,0.6726798402716584,0.7233980032624792,0.7661993907980812,0.9533069141733268,1.0459940423919507,1.1185760318048519,1.2208268783876461,1.350790626407864,1.403962621566147,1.390662149220793,1.4136666080675264,1.4941013403692496,1.518424681453221,1.544211705264401,1.5786843597061655,1.4009974669980307,1.3800125579842868,1.2732507314091308,1.1168648797184508,1.279410544275715,1.2086830612049109,0.9677854138304716,0.9467095568151099,0.9789296499427611,0.7878125157857706,0.5354328782456239,0.26840788445203323,0.5004509769747121,0.26667288266579303
13.190000000000001,-0.01062834398048244,0.1462657415401948,0.43545253333865275,0.702406651270237,0.7115642112497976,0.7320757572179896,0.8613401733680937,1.113179250674713,1.080559890260017,1.245433801099214,1.3688014591878284,1.351761675276582,1.414211980400246,1.4585062291595956,1.5355465303255658,1.5395237525152923,1.4492374939995565,1.5069250382496777,1.3561474325980436,1.4130484601247928,1.274641964492229,1.212924349929538,1.3714998036185124,1.1767773982898655,0.9738431673801242,0.9150847187963442,0.8948306233608988,0.8190108076165458,0.5148056743600801,0.3065856404068963,0.5806884925500543,0.30212493502763266
13.2,-0.044316341975252846,0.23128601555603753,0.4328959378311237,0.7499804984215012,0.7368254755485062,0.7448472700841735,0.8490384642360969,1.092235627524865,1.1536293891004727,1.225118658908099,1.2907740506524683,1.37481687135689,1.4611206615575805,1.4408299975355923,1.4925495979647851,1.4826805363774958,1.5190143646419834,1.5330956924467705,1.4479798647718858,1.4359483968589262,1.2764159053760895,1.197369862531613,1.3775775718233345,1.2503046542921383,1.070989291933856,0.9322105290425104,0.9418022591459889,0.8311355976797608,0.5404300225567759,0.42160519620732345,0.6125902722177782,0.32817144926903474
13.21,-0.08798442981258102,0.19518152869738872,0.45743096731798755,0.6951060733451516,0.709942552472286,0.7329105691207167,0.9008501703460717,1.0607600110306052,1.1420539105273166,1.2290980733399361,1.3083685123323072,1.4243695430104435,1.467446011050803,1.428309429713915,1.4647861439146932,1.4966161400818487,1.4800098618975905,1.546633699627975,1.4170707797397935,1.3937118337476755,1.2859039760070552,1.2500241905108154,1.3365941208666414,1.3287325189302448,1.0004995720649599,0.8518343401984925,0.975948054526667,0.882995348423968,0.560959509222055,0.44798782139049725,0.5613989570687059,0.25788561425495193
13.219999999999999,-0.1512850192629049,0.1972434190802133,0.5065632327164779,0.74267228029808,0.7545493404934469,0.7514193448001553,0.8838031044997925,1.077439188398791,1.2368698936603129,1.2709870651994841,1.2658362597670791,1.3932541334127146,1.4286835540413014,1.4551384129618474,1.5297755394470378,1.4871031062369964,1.5011690759030845,1.4850649667476394,1.4262600213703478,1.4317104966956657,1.2651792868067377,1.2606221681679621,1.3656839757611199,1.3070617364500432,0.9761579644220058,0.8632984011961519,0.9342946251630195,0.8024685535662234,0.5016319652709095,0.45056459944855826,0.5807525987985238,0.22539819052844104
