time,u_000,u_001,u_002,u_003,u_004,u_005,u_006,u_007,u_008,u_009,u_010,u_011,u_012,u_013,u_014,u_015,u_016,u_017,u_018,u_019,u_020,u_021,u_022,u_023,u_024,u_025,u_026,u_027,u_028,u_029,u_030,u_031
0.0,0.004981313880283222,0.08320114830832157,0.24795148713493467,0.5215410078538258,0.7365431124345884,0.7420108066055671,0.867513866597235,0.9496644233774347,1.0837012130687504,1.1761031737394119,1.2249764738132964,1.334257810030029,1.3836432248753414,1.4388205529241562,1.529435478501575,1.5010097584847912,1.447615518484437,1.5407921546747043,1.4645825298420627,1.5309780936388762,1.482032896289685,1.3777951333638856,1.2937755200991674,1.2124224352288697,1.150342497194927,0.9578533753862315,0.9394145438143868,0.7008658660924642,0.5083725366969504,0.513837920321024,0.4144506322657698,0.3262998952910772
0.009999999999999787,-0.011129048151677354,0.10159181579269984,0.23538976818866333,0.41284998617520663,0.6631933807989264,0.7871501457993156,0.8387410588888594,0.9764139149530646,1.0644731188630576,1.2517944635250207,1.2694787274854975,1.3127442400089342,1.3978396567752909,1.4418099417172763,1.4775344647183752,1.4876944427302239,1.4848147369039346,1.5108192132886211,1.4969572618929274,1.4490065697019552,1.4450019227307662,1.4006411446043605,1.3018578151204614,1.2256220924522576,1.1550636372087406,0.971977409321128,1.0452826847301402,0.7197594953876456,0.5639442242154618,0.5403949997358612,0.4003885994275557,0.27883262521457236
0.019999999999999574,-0.014794683154314054,0.05430199226426706,0.2680146074617309,0.4547294472735938,0.6537170380683749,0.7608866016222445,0.8979904847314231,0.9860276532867825,1.1186848671850216,1.2050384569565629,1.2900079147005126,1.3470999047983117,1.4553661857426328,1.4300802901027707,1.4584159223320106,1.4851743030260076,1.5196995010959171,1.5495357599802548,1.457456181657225,1.511530342492333,1.4788317080285538,1.43545493989476,1.3699439433392948,1.239492753504855,1.1344194606479638,0.9449352051958471,0.9861914943639455,0.6824072220665856,0.5694030490106222,0.49625639855267095,0.4200962652118316,0.22596651666604525
0.02999999999999936,-0.044882884119937114,0.11299475512646008,0.2869380460169352,0.501592684826207,0.6696872431745108,0.7898733149505848,0.9148881025534886,0.9974444367988768,1.0708880891349963,1.2080055412561834,1.30020917403379,1.3337006531461346,1.3752580875662046,1.4159996730784752,1.523723504588448,1.5395038765598859,1.495645380580593,1.5199699934139193,1.4648479887048513,1.5026375733470387,1.4848756887307712,1.4255861067443278,1.369040494010869,1.1480876663367032,1.1413396104263525,0.950436953482203,1.020095066536389,0.6930242092671715,0.5650709309867734,0.5155740830947765,0.3428065013504995,0.28955920779935956
0.040000000000000924,-0.03171200845832992,0.13531526499218924,0.3304801663953514,0.47491154299582033,0.5868546349852749,0.7512787964796832,0.8753897005901095,0.9253989547340074,1.084236320047374,1.2482330487873055,1.275670437638711,1.321932995524184,1.3597126849560848,1.4495103779525889,1.4580794985841108,1.5046635845530976,1.497026684861241,1.5395976668634896,1.5089201885486219,1.4815465736202391,1.5213232577257083,1.4409951301754056,1.382874690814737,1.2079895467200736,1.1002614378022677,0.945569428398792,0.9656501490456728,0.7451733060625645,0.5701364418830536,0.5007991018282737,0.40068808385572485,0.2586908345054843
0.05000000000000071,-0.06557086450321069,0.11825626497604978,0.22461574193364556,0.4689648782653844,0.6199420933990011,0.7092794351256133,0.8853271939087577,0.9607039132130623,1.0906497380080804,1.2374731280094458,1.3188976545665247,1.3905482676648753,1.421861083381868,1.4531894474911746,1.4901611460935889,1.4905494609163779,1.4694885723174977,1.4920609976278405,1.47657497926252,1.5061067306788243,1.442537395055455,1.4630356000454106,1.36966430652327,1.1704759807037837,1.1561237901834975,0.9585454064665739,0.9008360034567781,0.6529163438216159,0.5527939551960855,0.47939868716566103,0.38756506629801174,0.2523552094207219
0.0600000000000005,-0.02207904643312567,0.12610018025968275,0.2807441351788798,0.4605722503194497,0.6620257119112024,0.7763051268945432,0.8903325823900089,1.0098460563854466,1.1439238817925594,1.1603101374128917,1.332261787445473,1.345302792088173,1.3763675676580915,1.4777777270349959,1.4600166179099385,1.538964923466794,1.5156154550357732,1.4921151421216197,1.4951086138582643,1.518800259312767,1.385449066325298,1.409712076259857,1.3949258253835897,1.2071717959024393,1.1462677502592413,0.9364241809373055,0.9781002733245462,0.7302554546079764,0.5630719243880804,0.5279376885906844,0.3737773519642111,0.27109833218776325
0.07000000000000028,-0.019734702038977443,0.07546996572401128,0.23424957918297162,0.4581812038251014,0.6610707613744897,0.7722222068001426,0.905255696998132,0.9906205534330519,1.151398182079426,1.1986537818154426,1.3152268775130465,1.3954515069115982,1.4084906417090253,1.4760137591600266,1.4427712155165509,1.511404246222754,1.4719072141429421,1.5142360309139,1.4655218218128259,1.518641273066533,1.464239986084176,1.4313100053817625,1.4309725130957696,1.1620631008997413,1.1171363883986996,0.9506712770254464,0.8926903729813307,0.6427934184941237,0.5731601470403043,0.4891319473686596,0.41288593590536055,0.306000067923558
0.08000000000000007,-0.013714357913682432,0.10937124121036004,0.29207827172900935,0.4812208104019028,0.602206475423323,0.7601739521266003,0.9222425253236011,1.025327986231,1.1649045060842993,1.2431145942650506,1.3037234297818348,1.2932293643105182,1.4017948761912882,1.4157236031196005,1.4876925313039204,1.4694521828074043,1.5030788819880132,1.5821971587188277,1.5074206268651071,1.492088167567231,1.4317910200338453,1.4049640789819224,1.3947323742626287,1.182465122366341,1.1390830128722527,0.934901666743665,0.8984185757488936,0.7263619520424336,0.5386768766960561,0.48152760093738894,0.38292389095346785,0.2878117934937082
0.08999999999999986,-0.07789934099673859,0.1051976447098888,0.3067476994302665,0.5745427280635494,0.6577038911373252,0.7967840254627332,0.9447839183688819,1.0381067006715754,1.1283488627749518,1.18226553876327,1.3333191220258387,1.3608496089969675,1.4096829867377412,1.4364080796700924,1.4657695620907956,1.5254915737755617,1.5135632239430081,1.512395739494829,1.4599804224678632,1.5101527291120536,1.463895978871378,1.4505392529072363,1.3877807847081844,1.1601837969565694,1.0795700102614976,0.9076549948259909,0.9239694937730634,0.7133693296153214,0.5826112971486822,0.4728961523633908,0.3550236703332133,0.3021105989132148
0.09999999999999964,-0.0023768372848930646,0.12333449200499619,0.30092240344068266,0.5118590638184249,0.6735953333798554,0.7778596769463528,0.9075855713980634,1.0539579889976411,1.1724980901215296,1.1885275497302155,1.270435349763561,1.3716662541477265,1.4545587002251805,1.4776592361085044,1.5017512786511618,1.5084983361578546,1.5083630198278983,1.4849496748495568,1.4283412629337953,1.506238939694147,1.429510879111289,1.3778486339605038,1.3273117223128152,1.147712399706474,1.041640816683137,0.9461458062526955,0.8823863466055829,0.7192888488130448,0.6109342839045863,0.4786716176261144,0.33079553524111144,0.3581401383320685
0.10999999999999943,-0.015390401593883513,0.1149746193737398,0.26867257042954107,0.5422860043664948,0.6341244655869972,0.7704145699737255,0.9710894075926745,1.0344351380261052,1.1362551456636423,1.210123371274028,1.2469795464106574,1.3462711792749393,1.397485446482639,1.459412099260866,1.4697519447901388,1.454626799943563,1.5412849245565066,1.545869811920834,1.4874546753880988,1.4549689087714999,1.4642026062550155,1.373557779306375,1.328035910499305,1.15397535355663,1.0315213950859163,0.9324769233842574,0.8734070905444269,0.6916009774959072,0.535692563625534,0.5041810176707491,0.2759097776081091,0.24877492833881384
0.120000000000001,-0.042191443844401245,0.13722106823755587,0.3210880293953098,0.5082536805764626,0.6272047056241221,0.7702700768092746,0.8952535078949609,1.0523502964189744,1.1103545522525258,1.1974512618034627,1.2206239789684057,1.3495518950578747,1.4794811461607738,1.4919017959516658,1.5723323847080304,1.4922011784672833,1.4883656364904827,1.4836985974736845,1.483953875471634,1.4372103224921513,1.4574660608682173,1.35391120988216,1.3615763741327995,1.1488781206019532,1.0845520020566974,0.929546544318195,0.9465025069338038,0.6598275787711345,0.6051269050691697,0.3844822037070556,0.2770622705371602,0.2918299628006936
0.13000000000000078,-0.056811419772180946,0.12814650693906993,0.3406471873395359,0.47231485881474466,0.582844579420768,0.8258468110578868,0.9523705253138948,1.0556520430758747,1.1944511827692859,1.206000861102157,1.2751757060914546,1.317023174947425,1.414526292154398,1.4246791135476928,1.4703563911077866,1.4748500880007225,1.4829680669501957,1.471391110799022,1.442001437765586,1.4667357976231876,1.3925409573886172,1.2798172844218862,1.3104136525738261,1.1297270272081144,1.0586949171060285,0.9173408738437221,0.9018035368913034,0.73016509002444,0.600569075871517,0.4152128888524338,0.33606119155526715,0.29563261094145105
0.14000000000000057,-0.023832814650172604,0.11296681111309284,0.3346129753289158,0.4821645065356017,0.7094953841801892,0.817984555764653,0.9368303260490285,1.0427104222245909,1.2223913734792058,1.1840801556854985,1.2866571577528203,1.378401047881125,1.4342872771780704,1.4568900008330814,1.4953900118717216,1.591073668905822,1.4883566778877741,1.493789606629561,1.530564054414889,1.4689482835696266,1.4122941940920495,1.3770142427525078,1.2951484841262308,1.1096392868533196,1.04724485909397,0.9737037607280219,0.9163031971117419,0.7512683704550978,0.6029111039379302,0.4328717572850356,0.35058518637871977,0.3388610870992519
0.15000000000000036,0.011185969996970293,0.14651407486939422,0.3631701224529355,0.5342001055254364,0.5966175477204693,0.7996945081045829,0.9632128123014704,1.1070800319972829,1.1396315658301335,1.211622840865817,1.2755270236296574,1.3141830371929393,1.3921238717362454,1.4184736838114103,1.4928360645798577,1.4619297407466494,1.5179959095691589,1.4654617078683585,1.4252083358035967,1.4510951395730531,1.412114727025905,1.369037184215421,1.3476848188043538,1.2097667601064357,1.0980498114494877,0.9993821251377489,0.9055611835799393,0.7760762489867317,0.5809119378855311,0.48105832111318564,0.3575650701988492,0.3163864987138926
0.16000000000000014,0.009749473751502105,0.19782494922900784,0.3440665762525813,0.5008534557589315,0.6618492161807144,0.8363049277839778,0.9742419999393909,1.050968554753476,1.1490702717759411,1.1959140332029716,1.2707230713857576,1.2648941366007518,1.413731053882144,1.448116894722365,1.4417319503244523,1.4980230594567405,1.5370280141219952,1.555499810451113,1.4582821222724176,1.4197964258366096,1.3980172895166925,1.3907414583889468,1.3296131853245483,1.1740153062753096,1.0558784557146101,0.9083507893869726,0.8566444080812982,0.7136245198967762,0.6652124482989472,0.5016822174967587,0.3407454113842655,0.2724256645124302
0.16999999999999993,0.023567694356988952,0.14624813617696364,0.34155999231217427,0.5618175445830597,0.576182101186278,0.8067657707808947,1.030477823313551,1.1065953575633038,1.1106222933918866,1.156520157770806,1.2941808096723155,1.3552916245272315,1.3858019444054286,1.4215601008272376,1.4588170283213402,1.5790972295595906,1.4555124832889323,1.5876732318734537,1.5060048747845065,1.441216264757928,1.4458425223262623,1.3732521644994973,1.301978470507431,1.214223698733675,1.0859777392586167,1.010503471910463,0.8902587274443718,0.7565929775850104,0.6335740960666078,0.41086787050953577,0.33350745525500997,0.2595363037248822
0.17999999999999972,0.015038017144429084,0.14974565412381685,0.24461692866434312,0.5451013470883898,0.6302691484296044,0.8196232145506871,0.9359959869571953,1.1267482324860227,1.0996821809121948,1.1564875949133573,1.2539499069919366,1.309414707083155,1.353500914374822,1.43978413245462,1.4421253722769287,1.4845246317546879,1.5017006443902363,1.404918907920368,1.4177489229833191,1.4467544822692777,1.3893206539959602,1.3683683260302364,1.2886569481520584,1.1823686965789764,1.1036664430402152,1.0316947009710873,0.9476788333063523,0.791131680910258,0.6517731199903475,0.5054811221888503,0.4249920362902249,0.2847503078919736
0.1899999999999995,0.03883086152609908,0.17320915668436265,0.3565037763597644,0.5373039905284429,0.5752667414555329,0.7888236033860484,0.9586391023154159,1.0740461645838957,1.1419887753119446,1.1516169942107437,1.2755924351722954,1.3425155878827209,1.398072831035923,1.4172580759769156,1.5410996880455956,1.4706076684721268,1.4428151595571599,1.5039093560538899,1.460295885470342,1.4704848799566412,1.3967422731789383,1.3120036237437864,1.2758222499044543,1.1670547449585076,1.0214639459006127,0.9569095220245556,0.9178267055469582,0.8303623014320506,0.7057721767332793,0.44960881822195653,0.34114176083289505,0.19328132668622933
0.1999999999999993,-0.018523441372961275,0.15256209494599787,0.3451824938199386,0.573446958509919,0.6455807608259054,0.8029076222879916,0.9272966496876778,1.1001785072834978,1.1973743480018246,1.1782183073997063,1.2658934764682754,1.3366724242330026,1.4127968771826618,1.5086631858461836,1.5134450101225727,1.5135126676439414,1.5044699626787474,1.4556522092642492,1.4397715019795074,1.441195988039715,1.3792406408584894,1.4163077407970592,1.2737904290510516,1.1584384815949376,1.0314798137803167,1.008153511140411,0.9040910945405795,0.789170462815728,0.6513024615584488,0.44382482874151247,0.275613942918045,0.12755121101542083
0.21000000000000085,0.007421799960885333,0.1854392360945292,0.3002523849530239,0.5540209039157078,0.5845700592295933,0.8101039985531169,0.9687657209859944,1.0855747740870312,1.1657635022307664,1.1548807412096331,1.2629842958415052,1.3811498239785003,1.4108070218435174,1.44619368730364,1.5194520907498394,1.5092554631610784,1.5082717537785078,1.5440110895951695,1.4858057056923104,1.451902296032568,1.4073911593656392,1.2957099675908914,1.2328333447044622,1.1722437045850618,1.0823339904824891,0.9564483805010765,0.9166340490170055,0.8328866027855498,0.7017566554268723,0.4367447725352852,0.2893353141886029,0.18511872795887427
0.22000000000000064,0.06268387100386147,0.1817846184948432,0.3862538533419767,0.5072009955971445,0.5538170023876309,0.8631844548299563,0.9658131780875769,1.0808939485070705,1.1288687409963427,1.1694416354623445,1.257723381625577,1.378909324714266,1.397112632554151,1.4869379631975652,1.519305727399761,1.4960766270650294,1.4307059306222967,1.4726381515134845,1.522247265003289,1.4756241220055626,1.3814340440933095,1.2883678622966148,1.2952382577012003,1.1814340601481106,1.1014745766093061,1.0363669573019727,0.983466991370043,0.7867170931322414,0.6862109294307311,0.4242009947605753,0.28104638302861285,0.1579090448011429
0.23000000000000043,-0.005588527536757806,0.19024820125814992,0.36190407010774295,0.5325696446098062,0.5450438336022507,0.7856221670253469,0.9411169577203733,1.0855643958948666,1.1868305930814367,1.1941304386209648,1.347899377579286,1.389115983515684,1.4552867969041223,1.509914900186253,1.4817365867486008,1.5099307135406406,1.4537213039345558,1.5259745938110338,1.4909100734709302,1.4305706983441928,1.4621571520085108,1.3821950733887343,1.3294239766075364,1.1465540079404914,1.1116578592406758,0.9778682748082111,0.9396236397877124,0.8318279155978103,0.6754468034288675,0.43736066777250815,0.3033064928601925,0.08031588156400753
0.2400000000000002,-0.022007494003475257,0.16256502286616875,0.32576803490256917,0.5787750201148386,0.6333778811531686,0.8282243923955259,0.996375173266063,1.1069074107407033,1.2037981200282428,1.1633188303810618,1.2964893251207628,1.3401596702909406,1.4234518835980399,1.4762108564121985,1.4684815358844103,1.5395076066486906,1.5229376052567458,1.4958075756873428,1.4943404737026706,1.4831472199161595,1.4213876468376843,1.3746539954315282,1.289046734817391,1.1423590324699922,1.1074551609495675,1.0205309908002946,0.9169612494507672,0.8254119159547636,0.6833633380529434,0.39824112995417893,0.2948550254968213,0.1707958300570218
0.25,0.04353437381024539,0.13780096680285994,0.4204834774589374,0.573962031255224,0.5881564779394965,0.8421783482779156,0.9631680984597177,1.0526847260810601,1.134536416251867,1.1926761041744591,1.2737838599110551,1.4069682977473348,1.4098821292636323,1.4526999446267956,1.499105061662826,1.4834510770825409,1.4755743014605944,1.484516244834603,1.5305563557696367,1.4533065965726326,1.3333437750435144,1.381382863917225,1.316933203182516,1.133677991180803,1.0307293496928667,0.9539972265144356,0.8691316859494942,0.7943561945766847,0.6823381855484494,0.3988214873858984,0.35728990602698324,0.09149102375684194
0.2599999999999998,-0.005013447624026444,0.15394313146888902,0.3105443349668114,0.5680151341109272,0.5889830706114568,0.8542214441553423,0.9638377953151142,1.0948895220700834,1.0484336051429237,1.1898599089846107,1.2862180002608636,1.3318179668974321,1.4144894247457087,1.4508790309399475,1.492939445278858,1.4641828197577131,1.4975092801828316,1.4772171797942915,1.4996193074932713,1.5090212831181438,1.4747564468266279,1.3362861277523792,1.3500542155709125,1.1442289076225576,1.0541096206235714,1.015834370888932,0.8965566704644529,0.7754819553927984,0.7320531242446349,0.4654608443534894,0.3164386204430974,0.11653255480033088
0.2699999999999996,0.031748231030530365,0.12167670041688515,0.3688908085260635,0.5808716348615859,0.6486735576216326,0.8281209755274657,0.9379924111316678,1.0656866091706696,1.1241708427037094,1.2460317117862758,1.274558096414645,1.3246317828064476,1.3634785280368136,1.4121849607257941,1.4601678397335889,1.5152868221077893,1.5183673078154811,1.4262687564168584,1.4448732554443362,1.4562653079530636,1.4472294561070045,1.4088306819961778,1.2873833789901679,1.1178686441835908,1.0146462200813937,0.949829124260729,0.9051676098556102,0.8270898434633388,0.7040480325261793,0.38762374488877954,0.24951501962147923,0.10507336995194673
0.27999999999999936,0.011153888630316295,0.1466684700583383,0.3843650474973269,0.5732277071375618,0.6133759087737494,0.8304201176567553,0.9556672906538369,1.0348268711121789,1.1935224533274889,1.2481526540063257,1.2583418046229202,1.3471793595273616,1.3943240174660776,1.4473110383377996,1.5096862822310422,1.5350889714215687,1.5309947808973023,1.5156243931681774,1.4879285097133206,1.4359835556411589,1.4195166353139443,1.4100802172768268,1.2633309636121117,1.1138843125618925,1.0200153019960945,1.0091041985566813,0.9433340698128208,0.8139634442581487,0.6619335020410647,0.3889472235386521,0.23300548531757223,0.100803614780035
0.2900000000000009,0.04497660487539408,0.2185340952081177,0.39092606271604863,0.5896252582552634,0.6859203855305969,0.8512687166442579,0.9744205873600374,1.0606372097249568,1.1320350803699573,1.224468040583001,1.326368489636189,1.345192578530534,1.4674631894058634,1.4708896815183163,1.4459672267866783,1.531530688426463,1.4620130330664263,1.4647581491993238,1.512736874359578,1.4827183626720402,1.391135824283781,1.4087407876265283,1.271731534018204,1.1332761409532386,1.009897018501607,1.0126537321170548,0.8949844096500392,0.7717009574932625,0.6973672892078941,0.4100662489296816,0.22435924281630518,0.07126093532202898
0.3000000000000007,0.002431487538435405,0.22014955512698825,0.38306652633315436,0.6722712659227625,0.6915522417633706,0.8233793495189639,0.954465433804285,1.0505637918928483,1.1683263740256242,1.1269354843058792,1.3108173266477674,1.401631291849472,1.438492236893748,1.442001360471553,1.5192369538669956,1.4686363004067244,1.5391268437366439,1.470849775365136,1.5049196019603945,1.4855263890500812,1.3121395681288082,1.3512988054376174,1.325805847570065,1.0908262441865582,1.0337652032304487,1.0229102678003488,0.899434121795223,0.7792207946346571,0.6728186795805732,0.35330325458410483,0.21408874904284397,0.08161986928255492
0.3100000000000005,0.06578538391515351,0.20195149839160723,0.4288020782302588,0.6291612054822434,0.5982685802544404,0.8609536916962744,0.9811536814294151,1.027138482371786,1.1389162619022584,1.1964377161885686,1.291680811135998,1.3842351396840558,1.3951261840706632,1.4980640464894233,1.4974213191296086,1.4047623068479234,1.4779193368531272,1.4710973582888016,1.4791736720241777,1.4914893029622833,1.3934549111774948,1.3160317896341247,1.2618209629454182,1.0843459786410263,1.0036131460898947,0.99639367619311,0.8498193423684358,0.8382630524978705,0.6729389073048069,0.3691721034481979,0.18611161420133226,0.1333653099262059
0.3200000000000003,0.029577297683986373,0.18839941625644105,0.4569315196157093,0.5976364541861878,0.6094678237582077,0.8416998285765601,0.9974839555889887,1.0601830634257392,1.102946305771314,1.160956295133843,1.2913611215162517,1.4066560223650488,1.4170380417943647,1.495010958513716,1.478571289507571,1.4659789904272018,1.5199493697210542,1.5413536819340063,1.5080713004799455,1.4243223706615895,1.358932960696228,1.368374114136114,1.2784181235135765,1.114263036406192,0.9851978884295539,1.0149511190614846,0.8223804243411779,0.858188769269093,0.7619447599633828,0.3976504602733678,0.2690003346335974,0.08515099366844352
0.33000000000000007,0.08791905673045734,0.27931941575457675,0.47437049453816993,0.6615423560896031,0.6056115596271969,0.9050687711903517,0.9464104576178586,1.0028452377110075,1.104464787611638,1.1948004805850823,1.2938837722349097,1.3535603801888871,1.382844636030997,1.440734594466035,1.466278317049167,1.5175932720459924,1.5642629485633728,1.5247699600112625,1.569712628169451,1.4459272021943113,1.3583303239459736,1.2957551452967198,1.2690770953942414,1.0677175189442536,0.9911610741420276,1.0625875419405675,0.8029897859586247,0.8497663641886696,0.6704964650109421,0.35955266342676495,0.16595654382439295,0.0938910917814484
0.33999999999999986,0.11716717595360568,0.2957007273142785,0.48157124681274943,0.5985992844398754,0.6342793340738062,0.8401989853252412,0.93657449459629,1.0196337278245626,1.0840308723112206,1.2057368038307084,1.2890671499732669,1.3263365662873698,1.4142235017018967,1.5145758236213118,1.5197316099266602,1.5844602347122,1.514391799520016,1.4827930327909131,1.498396617404487,1.4220975615367486,1.3121832744468915,1.31658787571621,1.2508772387445195,1.1068437656551,1.0269086774142024,1.0173996211929555,0.7535372175131685,0.8648675824974983,0.704535741113758,0.35084777058783734,0.1842432790681614,0.12669779438780954
0.34999999999999964,0.17826496855793944,0.28254995308165093,0.4633080494943467,0.599797343381066,0.640267056944629,0.8285885541749752,1.0284483901029393,1.002178393753614,1.1171947943326384,1.202810910213933,1.3227051792858113,1.3675369374928483,1.4178210026151106,1.4144035948608453,1.4569124829954994,1.4820340180733311,1.4867820094122188,1.4724340161305507,1.539087028520409,1.4078959546287146,1.3492482363277412,1.3291546643481063,1.3057653559647302,1.1551052328052118,1.0025140749606887,1.0511738513602826,0.8085843780248354,0.8539041369376633,0.7717472903082486,0.38433611613431545,0.17206018648872298,0.04611349286808897
0.35999999999999943,0.13275338461208372,0.2658253715461882,0.49158561248882454,0.6216748832157474,0.6444304089169843,0.8423343223405587,0.9364173560405877,0.9660442429179527,1.1180241693616235,1.2493256191588566,1.2825973131503752,1.4138660515216082,1.4508944110563509,1.34557459409902,1.4677782714054968,1.4610224657841024,1.5202993515789565,1.397437588496824,1.4958859440734393,1.4071802068266541,1.3707321505456773,1.2905857998163202,1.2669448181432563,1.1358017989024773,1.016743458445561,1.0173199249171658,0.7710527293158226,0.8609220773062871,0.7167089394908893,0.42150844279079014,0.18963832251933788,0.0531129344420929
0.370000000000001,0.16958102476970674,0.31110307291262146,0.48698169699244825,0.579649488048747,0.6072880357993682,0.836924149363806,0.9801681330727047,0.957580419311816,1.1171339863027279,1.2002747024415696,1.2242630325733495,1.3403163032311034,1.3841262417746876,1.4828749048502365,1.4349223180582253,1.4983938359294395,1.5266199696276004,1.480381240727488,1.56416809983967,1.4318611652950937,1.3449665153621007,1.246029724050682,1.223932196193438,1.1289087251626269,1.0420276505320851,1.100798382646824,0.7610284804339822,0.8750890709788899,0.7118851182130048,0.3808026914077208,0.20610085520185556,0.09281939521574749
0.3800000000000008,0.13764321318812708,0.3067196772109122,0.5014836844394571,0.591786131377478,0.6714727207198384,0.8685156006030668,0.9182786697537666,0.9593395955614517,1.1187993184194895,1.1966546292745257,1.3203823961114898,1.341842816263648,1.4184165638948436,1.4313759167064002,1.511155839828065,1.5058934713253744,1.5119102053151834,1.5154286546605185,1.5634608702098252,1.470724045014744,1.3380329428794433,1.2364925482260907,1.2423631465953533,1.1685313397275223,0.9809628672075428,1.0689884199189619,0.8202689539761661,0.8923766618639057,0.7216286126879503,0.34990868608721076,0.1917906383563725,0.10179701043000852
0.39000000000000057,0.23536937691008192,0.3550389976457398,0.45334406058194443,0.5386287513868785,0.6348099879126332,0.807036776124347,0.9274128781693635,1.0200183650135488,1.1504233447427517,1.2434968670536128,1.3585478198787875,1.3784649522362649,1.359745343348517,1.4518862512138944,1.4482057693268635,1.5236584857494835,1.5202830339391151,1.4484751950428694,1.5055077107057881,1.3888024471370355,1.3475193124593656,1.2628022696845673,1.2279471273096552,1.2189806301432007,0.9891115614898978,1.1211525182722408,0.806669607567007,0.9170801160824478,0.7688615782853259,0.36454252605840975,0.18998390900374953,0.1547821434851676
0.40000000000000036,0.1951484921071385,0.31903997038944876,0.43685029566282235,0.5787680635747711,0.6494568750277674,0.83687643848761,0.9000981546424208,1.0149646255121527,1.1228998430447366,1.197817166583322,1.3062959950539412,1.3486370813727668,1.4191791061750276,1.4343845590001023,1.4865654035456093,1.4906853870073655,1.475366803042844,1.4703302656707797,1.4953432592121172,1.4062083906670744,1.30726044645088,1.263072421182107,1.2373887206794232,1.2049888033793392,1.10353164200412,1.1092849435899368,0.7533685758222597,0.8971690375063267,0.7968030129197292,0.4147548341273453,0.14782913986381402,0.12420616223936269
0.41000000000000014,0.14304795661894049,0.2786934545433299,0.46167336074480736,0.5318144264530114,0.6504109484062256,0.8414568682951752,0.9850242234318419,1.0234367982004984,1.1112610005818915,1.2127189880251725,1.3182849980598013,1.3767581224819165,1.425907402414081,1.4361747357497159,1.484826015319753,1.4523980500387366,1.5032012840680067,1.4227845898569045,1.5144594887833345,1.4270258913493041,1.3497503260372739,1.2872318611472213,1.1215970969162148,1.209504392206243,1.0895488431700748,1.089310483572987,0.8316123767196616,0.9030137713177689,0.7764221038851974,0.4271795070237354,0.261346335189783,0.10364197935085284
0.41999999999999993,0.17480576472344136,0.3055180270173282,0.4518016618098204,0.5098957808067874,0.681244146787993,0.8008040951280377,0.9178201343938501,0.9416671285460244,1.049450185489228,1.2116248082038343,1.3042604309305754,1.3833285028957742,1.4322359119293298,1.4920730615231523,1.498445839821202,1.4877058642838423,1.520308458186361,1.4623427154589053,1.5319831718943038,1.4223690741551622,1.3203880065246527,1.2815659637009775,1.1794483300283074,1.2541609433546148,1.117045462793497,1.1117021619585168,0.7434257390200834,0.8973596192627543,0.8070885969368158,0.4534324878638701,0.30339810790739763,0.18179026554707728
0.4299999999999997,0.23330843935977158,0.3303924831078263,0.42583775491136155,0.5301411506662483,0.6383921867149522,0.7946137550932947,0.9033662425342033,1.0083848551672348,1.041160788615335,1.2213021297195081,1.3414470178549394,1.415996315279933,1.431002991876588,1.4748447430370424,1.4770229073513397,1.4966866240157741,1.4746172697011757,1.4499144413610634,1.4891121757920935,1.4802551466513338,1.3349582739702828,1.2428297816441025,1.2080806420702157,1.2044698384289674,1.0327520803570682,1.1068904047848425,0.80270084212753,0.9554496755919766,0.8106143723363091,0.4763826169964825,0.26219991488035127,0.18597168842765632
0.4399999999999995,0.15187433266374858,0.3915913535209075,0.4152159096214413,0.5879340955912066,0.7274101072493615,0.8349768445757046,0.9396295528827238,0.9844946230292665,1.1138251503653924,1.2308111104732855,1.3250029240773185,1.3382604831339209,1.4479127624690507,1.4572358587853307,1.5134170938666567,1.4379706514414998,1.4871531835696505,1.4787825574451214,1.510450474798843,1.4599255204656203,1.3348118507841997,1.258903203921195,1.2646745156200052,1.2644026493522098,1.1636740446772633,1.1990185488703708,0.8133512712995555,0.9019879514292574,0.7585288909100354,0.46803875074659423,0.3314066955402117,0.13754230828079517
0.4499999999999993,0.19570082198759578,0.2698415930560266,0.437801043608228,0.45203969643662173,0.6753644682799008,0.7907001129875808,0.8618714453262896,0.9965599756573076,1.1128850050680814,1.2198551981581112,1.3140121693886917,1.382348786095075,1.3880975385401202,1.4763798757144646,1.484145198314789,1.4434689160180567,1.4989646677387451,1.4345082538558853,1.5204362592722585,1.400117473392015,1.3058235851592963,1.22989140895874,1.208316874491523,1.2065123402311202,1.136354575037955,1.2132385250016884,0.7984625882439009,0.9545449657408638,0.7554746433919194,0.47492847517663606,0.2640206277753107,0.10534492878220854
0.46000000000000085,0.14935938641079274,0.301577455593562,0.3836629123754156,0.47856369979316254,0.6822217456730448,0.837917914042724,0.8623243253559847,0.9289260036588534,1.0537730463824782,1.2201775349500643,1.30302861315636,1.4201303785674,1.4564419697959756,1.4919531935741,1.4625867365699645,1.4969824166736951,1.492150724411801,1.4566821781267716,1.466006791739992,1.4043577945040107,1.332634361614943,1.299882654133113,1.163959031739298,1.2953080878015126,1.172965622493769,1.1901684281431653,0.8466767940637823,0.9324647204950719,0.778339782374191,0.5380342872747061,0.3511762715941895,0.14433785405654317
0.47000000000000064,0.22695398399661643,0.3233355838802904,0.4251285490274409,0.5352778151748904,0.6959760103330616,0.7140953601155087,0.8351353163293507,0.9926066442956765,1.1283941583595338,1.232408449988197,1.3418299489009156,1.3627016579781497,1.4328820247385168,1.4012148425854818,1.4501898905564996,1.5104103703256302,1.5182483500223205,1.475528016380934,1.4815136897102859,1.4075492788442,1.291434379212534,1.2335594206484322,1.242788639719124,1.2108289947844877,1.200186598661627,1.1675783900793713,0.8285053930014079,0.9058154752983766,0.7583943725309314,0.5590677018935585,0.298985085837636,0.11602737149101018
0.4800000000000004,0.13111949467665968,0.3117679473420534,0.3796608737133276,0.5057347541816639,0.7030369737358388,0.7775037142350025,0.8101658014970393,0.9407651947667638,1.1265612830623153,1.2840481358862517,1.3363610387842868,1.4033381008275887,1.4599650598511216,1.4122266024516117,1.4170911720741972,1.4786568890569654,1.4957680446521575,1.4746824291020335,1.5418222817348144,1.3755681779162119,1.320578016463098,1.2814452064664175,1.2081645309314453,1.2473744505429165,1.2193535043144748,1.1847856555704066,0.8299153242495654,0.8791788233206421,0.7498921617813251,0.6181340428520188,0.40198414384070197,0.16683050394733745
0.4900000000000002,0.11651767732665519,0.27271361366630725,0.3528171518233227,0.4581107155630717,0.7570467187457167,0.7505629072729554,0.8516907936908056,1.0180787798665423,1.108399380175583,1.204697610355609,1.2944465194686297,1.4200166585124285,1.386620732834095,1.4928787342530874,1.4428783949612114,1.4353839301497768,1.4861220620238418,1.491093545125467,1.5342910616679113,1.4636754523027915,1.4195116931738756,1.2976956771577597,1.1833203680699322,1.3238485710310417,1.2173623783968535,1.095198935445302,0.8514814951463632,0.8517135872889028,0.7111741551227742,0.5569295069015393,0.3341823029972253,0.15673751771559447
0.5,0.09022756328000692,0.24388491394672066,0.3882983818625514,0.3851355534294742,0.7038796220434943,0.6987946471274538,0.8407415474851405,1.025339786872748,1.1075889531424892,1.2034118392511455,1.3461376955254016,1.32938137983023,1.4248900628506727,1.4408923263269056,1.4903261024896153,1.4528438888436541,1.4940648933607985,1.4809521892771451,1.4824240773316475,1.4074972185304795,1.3628440415325358,1.313908461717425,1.2203057180677725,1.3153432220659966,1.2423880202168256,1.1758508166469148,0.8122453646040715,0.8228540773689947,0.6937871319255094,0.5629388439861128,0.3307812221990232,0.15261186133471327
0.5099999999999998,0.12602797025324186,0.2413994982449657,0.31126164104900467,0.43795777726243496,0.7303175081699753,0.7424242661035858,0.8768314236141497,1.0218969303792917,1.1655700132115216,1.2213935999418948,1.2575203683840286,1.326042609437787,1.3907979313872623,1.4715110721749631,1.4821609587239553,1.5056954612093691,1.5403170678545226,1.4739304061695484,1.4652442998057622,1.406330963155059,1.3363959829227636,1.2445630000985943,1.214528480886263,1.2726563881805062,1.2034552770877296,1.0740315438602879,0.8316890817313004,0.8761994212581136,0.6678573077058123,0.6547602355232062,0.4380726599104369,0.1778788863447183
0.5199999999999996,0.05182345810074349,0.23140321833842953,0.401504177128185,0.47988434003790054,0.7211144720390582,0.7217887486545355,0.8981272208934015,1.01095901806854,1.1106015190104384,1.2580700335743404,1.3687877891700426,1.3908581729772218,1.4069233031127455,1.378220897044736,1.46202970185934,1.4719542154269185,1.5352607990578326,1.5254021440873744,1.4806894148628884,1.4330651233046496,1.335677666009105,1.301466216504857,1.2419618301678956,1.3031603550747717,1.2125148492273157,1.1274904588117527,0.8387271858292591,0.7992932264970812,0.6415224807340641,0.5736640798139618,0.38732682100014904,0.14322283131652522
0.5299999999999994,0.06472811373217383,0.2073992767254799,0.4074140428655155,0.40470105536264256,0.7064834649699849,0.745988159748721,0.8372351482105557,1.0410633138552012,1.0894459624213442,1.2308208703234094,1.393926984643082,1.4101118069186578,1.4116624098234618,1.414933667636195,1.4486364230983633,1.4879671739584144,1.5247309236699116,1.4374034717005548,1.515593605009417,1.3820287852995885,1.3166109655429563,1.3186965451337642,1.2363946022408587,1.3600738986297576,1.219155632215128,1.153053845020625,0.8832363731936924,0.8277691725507621,0.6513173171200463,0.618150484600042,0.41281994063119914,0.1728306666405413
0.5400000000000009,0.11623689984056222,0.22918814069049354,0.36227565374491694,0.49589572027721185,0.7480331222638363,0.7123117288938285,0.8840833701706028,1.0274792989390866,1.1025566535289555,1.2389905391260416,1.2266254946474633,1.3729676792651069,1.3676183250072695,1.4164535953455284,1.4622786339987797,1.4641760799802823,1.5355700029467625,1.4373666807205394,1.4266264210703758,1.3759377509165223,1.3812352696848262,1.367855336156985,1.244571770355476,1.2934482761850608,1.2375256087532516,1.1059268373498432,0.8562191365070735,0.7600190931362176,0.5775644569417182,0.6338697556499449,0.4119326513613948,0.173276520702792
0.5500000000000007,0.03497939943439671,0.2508024600490317,0.331418503105315,0.46171615364583146,0.7387699384735824,0.7719411407156809,0.9223061786372828,1.0226761240059696,1.1369010445826022,1.2683615037925895,1.2820474130957025,1.3900524667655758,1.3497596147452846,1.4188335433978336,1.478591252172015,1.4137358566159655,1.488495275722454,1.4749785844506196,1.4057100531112867,1.364566724479899,1.3799095058623547,1.2864905687966939,1.2022437364854053,1.337923155478219,1.2145081684339882,1.0511101859052467,0.8756869537774706,0.7485650001083555,0.5813380335417067,0.5708877259193295,0.3684029088184745,0.2189534031821765
0.5600000000000005,0.07438457312199673,0.23665328692109278,0.31599893553089414,0.4108754542393412,0.6993779024323964,0.735834176230656,0.8554432729190462,0.9963663579721769,1.1382606546011727,1.25174173437965,1.3601341841451005,1.3782819005238225,1.4005404340891576,1.4462265736642765,1.3740001956467986,1.4444795251262097,1.5256632515481563,1.452817119492591,1.4401184043112851,1.3447882716211277,1.4031969133085112,1.3167687478318757,1.247413609088742,1.3067013142582362,1.2360928588512723,1.0389850062428339,0.8118819495173071,0.6945601442497985,0.5574340867680543,0.6147602795590617,0.4372207237745246,0.20902547687854645
0.5700000000000003,0.07467885992009074,0.1756151970819184,0.33956128928643226,0.4443273428130448,0.7650913582794132,0.8336087514389888,0.9080838049319959,1.0322446006931916,1.1685153972813167,1.2105885924473192,1.2744417155891699,1.4165648304218788,1.4341419388808698,1.4527599745802113,1.4649437920685047,1.4296648976880244,1.5148704504831159,1.4796859115309624,1.4699301613786506,1.3964564166398021,1.398566887419226,1.3024022174012606,1.22876466288142,1.3175964870423331,1.2598492370661785,1.0715746439843277,0.9281307392491047,0.6948680292253,0.49930976744618405,0.5610319433156044,0.38799475556614815,0.18788670258595092
0.5800000000000001,0.04805021635819969,0.2036583569659953,0.3362209056121426,0.49045038512987926,0.7259351310909626,0.7938718234538006,0.8825644708904342,1.0331350343968317,1.2011957197352015,1.217586197230615,1.2706158465600423,1.3023869795754357,1.3682853745100516,1.4762654104221822,1.4390755265651018,1.4740369262486626,1.4459839605029772,1.4436288581695513,1.4072651034441321,1.4074545337420545,1.386750790517596,1.3434242319994285,1.1949008694350878,1.2409128804320855,1.159513491029405,1.0086633834395866,0.8497859400200783,0.657986763699963,0.5317174455115222,0.5848438736457698,0.4637319798876216,0.18888406600462762
0.5899999999999999,0.08798954631376203,0.18092481878405187,0.3495982071576169,0.4947967647255955,0.6950037124205133,0.7842174256921652,0.8696900755404892,1.0322779839829286,1.1248217846801531,1.2777425560717455,1.3412623440618203,1.4199820165875932,1.4137282515145617,1.4421760270421198,1.4957262343002025,1.4477696698593672,1.4926892649369836,1.4958182273136578,1.461001002519041,1.4595809182163613,1.3484225735278863,1.3171560588419997,1.154328436316225,1.2852164588303887,1.2501926732045707,1.0681554890929137,0.9220622948088666,0.6378953304733819,0.4437428955161091,0.5385504021634059,0.4362083778925147,0.2543041480554675
0.5999999999999996,0.11296624588966198,0.1973361924797043,0.32188649204747916,0.3942748447863311,0.7237272689256254,0.8054858181723014,0.8274016086283149,1.0074809323221934,1.1007789661617198,1.2500976799625765,1.3271584104836684,1.344702288004435,1.4531241074861603,1.3973405634269909,1.5215616162116432,1.5017582378075875,1.4707131389690866,1.4207400829048185,1.4439853458694465,1.3374328841896375,1.389052795354864,1.2508184760435919,1.145064510719883,1.2510671277344059,1.1747284431687413,1.0492237338402928,0.9072614832070707,0.6949885239564858,0.4375524005487759,0.5846747446138021,0.4134882903698798,0.19637197177209353
0.6099999999999994,0.09134364311011166,0.17793403121140466,0.2843078610419762,0.5482278619819371,0.7368894612545478,0.7397888234455793,0.8740998814488141,1.0260340739493743,1.1219901343393919,1.2824305997549497,1.293907718964374,1.2934751851360033,1.4120625700651672,1.4312327426523634,1.435698328358338,1.4703748134639536,1.4939896956110927,1.4700055849603828,1.5015878834065282,1.397193504268502,1.3299815587771453,1.2882697477140321,1.1875841131525111,1.2709904519646393,1.2183253011400328,1.0402205160817979,0.8723728547561745,0.6399799763786465,0.4754610175297275,0.6121785281417425,0.4693139576445772,0.23620718083707207
0.620000000000001,0.0454605573273895,0.19302574381403198,0.32605349476522894,0.4736272043218144,0.6513717741633843,0.7200504491527522,0.8849193022194115,0.9868996265796499,1.2016614372261392,1.238067429546178,1.24604395459197,1.3021312647553958,1.3527925570551182,1.421281690851804,1.5043453118901735,1.4803362323221887,1.4955775600625674,1.4624601072893109,1.4702069412467866,1.4532915554016184,1.393399469783174,1.2692998148698755,1.209166310711949,1.2658030151976802,1.164214464055992,1.0411740269349472,0.8570884796242088,0.6088971267578919,0.5087562823099301,0.5992476719801165,0.469013096744804,0.23217152549124484
0.6300000000000008,0.05513592748842905,0.20930039861257146,0.28843315007884296,0.4488639846772745,0.7112311497778602,0.7417975790778516,0.9273421688482743,1.0150568964693305,1.133055075681854,1.2790484613726703,1.250898832219818,1.3461699121930546,1.3515623948185578,1.4438767576858698,1.5064987097289786,1.4972980033744172,1.462350558385851,1.4865337482963727,1.3973693962016875,1.3913543876067695,1.3558376033779893,1.355621057102979,1.3016881697163925,1.2089599655196288,1.2097916542028675,0.997138204690739,0.8878845410650782,0.5880467735105439,0.4941434402633291,0.5500040376191295,0.410801037473996,0.2755985348002849
0.6400000000000006,0.1248171686048125,0.20048398238253826,0.33824016414311925,0.49519066495019687,0.6436877127110934,0.7285113630286543,0.9629850004910823,0.9823362570595585,1.1296591460271304,1.2558073268676015,1.2432256872241771,1.3286823711300153,1.4473828738857637,1.4095920763951169,1.4816681114785968,1.503436909662727,1.4252007799661008,1.4851294591040674,1.4158507693951268,1.3703093734151273,1.4107197988719724,1.3602604169056496,1.2288416370737076,1.262474049191963,1.1741906321690432,0.978569759536692,0.9109608807391136,0.6147672518961881,0.5018983927370436,0.5408162904942027,0.4555384371203314,0.3243852705461256
0.6500000000000004,0.02602419846538564,0.19098441408418176,0.3562913333236825,0.46735758852763454,0.6354184304941256,0.7624632558560509,0.8647735861070242,1.0057784069224378,1.1438459761777806,1.1518775395312733,1.2507342592133104,1.3183208877704715,1.360909621479612,1.4003343439306342,1.4701345484525419,1.439882103108531,1.4442511488074932,1.4799635930413564,1.4251253659200518,1.4510772566789338,1.4118097703230037,1.3438254910485246,1.2486683613715952,1.2719104536296213,1.2147016539111526,0.946947343625096,0.888573301549757,0.6407437188032843,0.5573778080159056,0.6039288187580116,0.45526024605648807,0.3245844026881611
0.6600000000000001,-0.0011365596534764627,0.18586441200915846,0.32038287574185337,0.4982145622366794,0.5905303515872099,0.6941307986711733,0.8933002624758895,1.0425777169464239,1.101532647600961,1.2124455509771892,1.2597746768146456,1.330344746657065,1.4241697607777848,1.4627167100749554,1.52798718689022,1.5378900500587194,1.4742692434778035,1.489715611030578,1.4107356320871967,1.4020927924527005,1.4135141074128132,1.3696098652315074,1.2390896620734195,1.237503719551605,1.2072610393613619,0.9410603277085445,0.923537724417175,0.6137601826211201,0.537394464644165,0.639381761257145,0.4535830935710349,0.2950969421508053
0.6699999999999999,0.1462418546337109,0.2823176242666485,0.29947854891254333,0.509885938336785,0.663857917847154,0.7637890412132552,0.8777426762958467,1.0066125918371185,1.1505660393509543,1.2032065573668056,1.2672733391799997,1.344257682471295,1.413642869302302,1.4640336584641993,1.464559606078724,1.4948884043957544,1.4250609239926033,1.4773610711938,1.419360744216786,1.3802311120727417,1.386805878711168,1.3190407660103043,1.2990438039795331,1.248070555819488,1.1677487442549361,0.9155057398152697,0.8929738514822702,0.6755031322392477,0.5581967151470718,0.6111395948334736,0.499496965081731,0.3425277611269056
0.6799999999999997,0.04566803369067622,0.16555662653492448,0.2992028712274458,0.4974127084851647,0.5706512559594679,0.733642335919989,0.965946663178807,1.049299414534403,1.1511473975197066,1.1826041767114028,1.2841883817731283,1.3831835456241395,1.4037752671632704,1.4610428451901523,1.463014560184438,1.4662969585821324,1.4460737931793555,1.5304031447882298,1.3672510447910986,1.4592796563069383,1.4117230197917672,1.432958607023665,1.2985685909123967,1.2938794657317485,1.1926832914210574,0.902242667955452,0.9066629112209833,0.6489253561161762,0.530492335221561,0.5671855389131641,0.45327347222555037,0.3344644337492379
0.6899999999999995,0.07248598543451412,0.13745331474028005,0.29211383423659654,0.43556713636307476,0.5767776073757509,0.7496827231882067,0.8970635797914759,0.9908004892165629,1.1435930186011405,1.2269758063777438,1.2811828740233409,1.3355138587978157,1.4056579167768757,1.4335511891088029,1.463164238757101,1.5036311678067673,1.4555247796857587,1.4891341236519944,1.4507176298427502,1.4948774804038594,1.4372077955804754,1.4162832442543944,1.3653505436620657,1.2773410320603056,1.1857152108926845,0.9004053313823891,0.9333292092319962,0.6953125309432169,0.5397986199319769,0.5601335326409677,0.4343020419521896,0.29712544885396824
0.7000000000000011,0.005645245817453053,0.22512345114679752,0.3108290725473369,0.4589183979657995,0.5299078167018156,0.7274926390458424,0.8536140746507971,1.061432679528227,1.1803888587583722,1.132006543391064,1.248270574123937,1.3525253603883782,1.4061615196286377,1.4584761274925795,1.460639968973233,1.5086818204051904,1.449163260562513,1.512495562945295,1.4637224428370412,1.4428046898263531,1.438907809348055,1.3598235174367153,1.3294739616853566,1.225485977621684,1.1859834184444353,0.8889075270992005,0.9665586296774833,0.6570868909618696,0.5221860145732689,0.6374268532320518,0.47970813315189526,0.32101636138037914
0.7100000000000009,0.0464621680573789,0.15866186131539056,0.2899293256497874,0.5053829899161479,0.5645930173532927,0.7660922007508834,0.9126244049032376,1.0790563189138425,1.1328323535988496,1.212428607080594,1.2466149538986762,1.2988246581267595,1.4137727715131208,1.4660247164489777,1.5455953664792366,1.525868645165693,1.4852997062714473,1.4963998372637783,1.4514212941028042,1.4830816116392516,1.4600825908378832,1.4344893467015385,1.3481441246512067,1.2939942861493594,1.1612553163053438,0.936252308312656,0.9213292324221254,0.6146276850380896,0.5576827020785935,0.6219160880077576,0.42569127092100384,0.35072397487205353
0.7200000000000006,-0.002439277753944295,0.11751703268929925,0.32837210648294807,0.4581314735962829,0.5605532083698448,0.760385383739819,0.8995232942885215,1.0422634369133146,1.1643356423785194,1.1675232200973762,1.350196719624743,1.3459358397416148,1.4462056674545969,1.4508853351728517,1.486576597970337,1.5359855407705505,1.4737362127006706,1.5284673954781742,1.410223650393173,1.4569225073197685,1.4207906428347585,1.404613435011005,1.3374965144924889,1.2021200670284873,1.2092550165444647,0.9392599392576488,0.9507164146800953,0.7645944703661813,0.5557609348180598,0.6037718884505289,0.46519245678008003,0.2881142029992706
0.7300000000000004,-0.013345477600148935,0.17011131833506973,0.2273148261849862,0.5050177228858993,0.5943805464985509,0.7742332075029434,0.9105893013604297,1.0671958330203266,1.110044670721398,1.1245695031947085,1.2754196858324605,1.3281840817164812,1.455062248164138,1.4460552350257734,1.4628589483214047,1.5212903836359648,1.4514276698238517,1.453264506969207,1.4653174125637556,1.4751946295269445,1.430864576540421,1.4216546399475052,1.3275775710351414,1.163207668071915,1.134437470403565,0.879708374906122,0.8890201466629711,0.6500519386526225,0.5678286521778482,0.5830430258646758,0.42771534248991266,0.23452938914604826
0.7400000000000002,0.03877219175159628,0.15561198163372306,0.2582426763555104,0.5197294412851622,0.5301642575902947,0.7289480204913659,0.8604605796862042,1.062098682228152,1.182922092692345,1.1936157403612238,1.286781128574173,1.364416510894199,1.4266662231799108,1.422236177826324,1.507856883308694,1.5374896887181098,1.4632535171710122,1.5649303340284721,1.4176748827028156,1.4828116600396994,1.5088735355378335,1.38120930870357,1.3208140254437704,1.2707717306104247,1.120537991691346,0.9282748156926328,0.9895304641736326,0.710774604457766,0.6229341507222439,0.5597336791214621,0.5080764064677471,0.2520527198737903
0.75,-0.014559357377735227,0.15241829558786793,0.2602042262277935,0.4730027281989142,0.5311783521551923,0.7524874510593511,0.8987867593817694,1.051266847987169,1.1733834074819973,1.1597711157741062,1.2556754106736903,1.3342192466086817,1.4198789352654309,1.4393578546100432,1.465825995803418,1.4999689982969264,1.4814353817567303,1.4988740680686743,1.445896498362875,1.4838161089222734,1.4424741758457882,1.3924940242512154,1.2930913437550038,1.2524521003163753,1.1112845041922568,0.8747100951141529,0.9135739285580626,0.7704266134842978,0.5916557657284411,0.513361123970678,0.44630723170148356,0.2304164419930099
0.7599999999999998,-0.04160730357354293,0.14836188150158303,0.24726881787589872,0.44444599297537735,0.5621730133094406,0.7418074449414733,0.9375113563105489,1.0728803961033357,1.1460562859323025,1.1454218273487335,1.320387804306679,1.3716588879770877,1.438126264503742,1.4743759856239465,1.462410786854548,1.5157774756106173,1.4814892559406871,1.5537170770740873,1.5164675454654852,1.474228118494149,1.4511284368793314,1.4160390598901205,1.3472319036700298,1.1671050743374816,1.1150827761976783,0.9658311327442888,0.9333327373587892,0.7334653439417207,0.6225967141995363,0.5395530345569897,0.40208312601835394,0.25225353366778097
0.7699999999999996,-0.006449207433129291,0.08128119476659748,0.251460840022497,0.47336552452459035,0.5584573269479217,0.6873358203140073,0.8644794709901127,1.0643730140481689,1.2268579259407633,1.1899585638013888,1.2672482454596983,1.338314834003871,1.4191737796132284,1.4440788791688324,1.492979388905508,1.4754750291931724,1.4950428024768458,1.4960900348540729,1.5093557714073853,1.471178060794639,1.3969801367111498,1.391242972196499,1.3179022358676322,1.2070645442662566,1.1311359278000421,0.942624028856204,0.9167504728494775,0.7472126067947772,0.5741297415638413,0.49287981540529713,0.4038394967327097,0.1970482450215852
0.7799999999999994,-0.04174252692215012,0.06162755333449314,0.24541576235867552,0.4679276632959845,0.5152596322808624,0.735917433382975,0.9097575784160159,1.1059333548479546,1.1733475766760426,1.1737901862582933,1.2583765962349505,1.3639624951363534,1.4125599361514676,1.4378178084752078,1.4981227463641436,1.5281048339814627,1.5004140765378262,1.4588391573620472,1.4782901557650014,1.4891838830050008,1.3869141306016226,1.3494979112909935,1.344012499964596,1.1715457979702935,1.1133632332326264,0.9373638299413132,0.8589620560774931,0.7576307613636557,0.6886056910052826,0.5745623140088862,0.4500414227673248,0.2351685775479976
0.7900000000000009,-0.021063940167496326,0.14891187420354632,0.1814245355159922,0.4916671314705435,0.5731102448307855,0.8046687805461558,0.9470530929684549,1.0931645751859398,1.1324952515902766,1.2323024970339191,1.2974780592615107,1.320132309232612,1.3799818599745455,1.4688821317205614,1.5406101360863038,1.5157633951379181,1.4956499984676241,1.5417427222610192,1.4190693413324693,1.4857801059962066,1.4540478935307133,1.3564757461992776,1.3573705351133885,1.1602390550023376,1.0803350230955175,0.8987912967337913,0.9266031772889047,0.7477449923572084,0.6664134509059402,0.497362338212405,0.432485013458754,0.23591149606534753
0.8000000000000007,-0.04087155772168924,0.09811365512435635,0.22010123704667833,0.4346097764171953,0.49595085605274414,0.7551591216944694,0.9449283979129417,1.0788415475876056,1.1641313217151636,1.2070908253730177,1.2460843784278612,1.3152836603235776,1.3674279364910442,1.3752196436439625,1.4414875871873112,1.5265529602927552,1.5067658926004706,1.4922314367632972,1.444597509495661,1.4551329572406573,1.4294625503587213,1.36572678875009,1.3695505324124377,1.188201467512939,1.0757962738314863,0.8764744777953077,0.9445905074791323,0.7429248359628059,0.6099738578308926,0.5689087314010104,0.43509552477294694,0.1461583124182164
0.8100000000000005,-0.06026982518329022,0.059953043645992216,0.2740232237445849,0.5087358540215737,0.5877129156067478,0.7496249207864685,0.9087537541439376,1.0687426776051214,1.1545686953291299,1.2042138308591932,1.3193707144655415,1.354122916733378,1.4332221869609687,1.5146463757237845,1.4743399451513728,1.509055945917831,1.4878107355458887,1.478612021609499,1.4404430603781688,1.514933673290258,1.4662315629725746,1.403677850913588,1.31842861413207,1.1628381726464228,1.0477305849314735,0.8887769016277651,1.0299344670579227,0.8202579054846836,0.6900111568047143,0.5218630790695835,0.38336199668029036,0.11668885849812143
0.8200000000000003,-0.02240432362617128,0.13805988345001824,0.17662436551163405,0.5312212242880423,0.5819748271214117,0.7573082730410214,0.9016827184366448,1.043500217867911,1.1350795310142408,1.1398566232235963,1.2940542713161978,1.3760773372034945,1.3535333205273907,1.4774678192442277,1.5024950268971276,1.5202458847786495,1.4977074707103009,1.4404607617940184,1.5160899071503666,1.4352114026558536,1.3907327207372515,1.3540838530413093,1.3369348415171864,1.150932786802796,1.0841795770338576,0.9510103213214482,0.9333568876569491,0.799712990120842,0.7218074981863777,0.4516093069468065,0.36498149327003365,0.16679457364697123
0.8300000000000001,0.02751420433143647,0.05817622688025366,0.23698759715721893,0.49899861272808027,0.6084668426874257,0.728767536717119,0.9425090899667941,1.066500285936667,1.1591651638172844,1.207587723308683,1.2907764261221735,1.3595947974749487,1.4316616083885445,1.4038373643611766,1.4955379599901328,1.4665729245845205,1.4388079914173681,1.4955904162150717,1.4838962470968968,1.4353180457567776,1.448892249063745,1.412052253978871,1.2827068112190931,1.1586895884509127,1.1036519409408239,0.9783777734295037,0.9420741312649484,0.8698035292444113,0.7560395604329146,0.45647196170782306,0.31817795652056585,0.15119959433631694
0.8399999999999999,-0.08309138120062697,0.12090437676411771,0.26925013655657853,0.4752060127311538,0.642938144519575,0.7820957874281034,0.9729659533725719,1.0600310806944253,1.1378145582274044,1.2258779856326838,1.3086686965681948,1.3892257730497175,1.4395768762191767,1.4608536732905728,1.4839488069681095,1.4865065416897567,1.4968252195336045,1.4623641444118198,1.4721936197147611,1.4525215510706915,1.3864252199121685,1.3915000231951615,1.3104787944212168,1.1877039617653142,1.0802001049402254,0.9970035788187686,0.925069296156384,0.8287107332072765,0.7243987824785841,0.515889328131383,0.42495763439838596,0.04462214274977861
0.8499999999999996,-0.010304358878848686,0.06270657145551695,0.2158025720027984,0.510185262092712,0.6609309994054133,0.7898376529740033,0.929588018753977,1.084117480117304,1.1191785741381466,1.1700997887999924,1.2406108347630762,1.374595726615625,1.4016100938851253,1.4590328639240309,1.4744879576666752,1.4740075261823313,1.4912225810544089,1.530825062013147,1.442766417055312,1.418782472940389,1.4368724006760962,1.3745869632581085,1.282104956634472,1.1840965834751023,1.0931555967020166,0.9912485946804943,1.0254535159834186,0.8647951058962657,0.802193566268597,0.47869138808555955,0.45825647519825413,0.16165528187210523
0.8599999999999994,-0.0866518979238799,0.08054639398518683,0.18351157140727303,0.5385836254729267,0.5884155961484298,0.785201467741302,0.9215721422156974,1.0389298337965711,1.154957075183856,1.192163096609719,1.3026021274189294,1.356085028868622,1.3789782645968465,1.4472985013823592,1.4439180586211122,1.4429151724867544,1.4692499748397614,1.5243222928505356,1.4752803250963675,1.4028995008042944,1.490402361204191,1.3567066082354515,1.3414885614113568,1.167195874244776,1.0680029256633325,1.0353063576524386,1.0273962954913665,0.8802402331178169,0.8158670960452673,0.5349404618033081,0.3736184625148578,0.13695667286004973
0.870000000000001,-0.07884583555803779,0.10513784640951311,0.2519337859406159,0.5101798243829058,0.6174151089562269,0.7261756473149246,0.9554338393260791,1.0705050060409271,1.1186670181859775,1.17821631134102,1.3781563487453539,1.26861185138547,1.323210537954693,1.4239701964557117,1.5026293911791517,1.5510917718285877,1.477597402116526,1.4617907697951205,1.4710221505137793,1.438430880203932,1.3857470545072421,1.392413755819138,1.3442980390209813,1.2010248678670887,1.097556387111886,1.0503924548175114,1.0171434001172157,0.9038297058143485,0.7618502433880862,0.4880665327857494,0.4005713449809029,0.055607633098746355
0.8800000000000008,-0.15034804998660714,0.07301686285432715,0.3664135809097128,0.576899998581768,0.5500026595224101,0.8231660226137002,0.9554720240955941,1.0227353695311496,1.083737261019115,1.2161278652689305,1.2973391253871829,1.3628169621007102,1.4472587414515772,1.469153551774328,1.4957490978750814,1.5321273592387368,1.4865262753834492,1.581292697529667,1.496910133258558,1.4915672219602847,1.4522769378090201,1.38399091993211,1.3742848567988044,1.153384507032945,1.1144379157840982,1.0389967773930813,0.9607863104271904,0.9200330086513415,0.737841890836988,0.54310417282491,0.3872453321899062,0.09139550049597825
0.8900000000000006,-0.05052749816390229,0.09421064345040804,0.28573948497461904,0.5804650877918345,0.7082601709767642,0.8192334886805972,0.9598430254722162,1.0122651452761153,1.148175303798401,1.2695538659551229,1.2818964885297333,1.409252560398658,1.4798038758364047,1.3616625499242643,1.4919359739102287,1.4593180953643992,1.4262679261918298,1.5323337571199236,1.4462914532074451,1.4350636876328822,1.452780425263892,1.439862368384775,1.3375369897585325,1.2070003503908737,1.083357077572006,1.0300895778358756,1.0136244606903653,0.8948698754239904,0.7491184971987499,0.5101354952530182,0.3399735101439659,0.02829141463377702
0.9000000000000004,-0.1091613893491401,0.028877630091844377,0.24581274290892696,0.5564400861408049,0.6113396114863768,0.812319840823431,1.017277356679769,1.055592117336113,1.0904126557427023,1.2521934884221444,1.2699665586826334,1.3241264583280576,1.4514952228392077,1.4941632161252774,1.4987856318122073,1.5298777093069367,1.5333766459354328,1.49839946104335,1.4955594835558792,1.4819789036596474,1.4439233578453914,1.3808092434495634,1.3259967843590976,1.1670488407230586,1.1348742908460305,1.1015072240551345,1.0321740375077424,0.9210898697898193,0.7940430343283517,0.49992035239789406,0.3913629619405173,0.05845373666193078
0.9100000000000001,-0.12570442293162368,0.018941279153638378,0.2256189975497403,0.5321346667997088,0.6660196573241646,0.8845606437775445,0.9557815875963237,0.9956649029410168,1.1280551248249753,1.2167895710737098,1.3248293095455206,1.3565879999988364,1.376709789528104,1.4464902185691861,1.471107808485406,1.5362193539374682,1.4967267911684417,1.5383437065797676,1.483462652987565,1.478948909636924,1.4864651577321788,1.390280462518176,1.2865618161946193,1.138289368223855,1.0303751446056524,1.02123470943355,0.9888281321422864,0.9177973826481195,0.7343016505776433,0.4679497741963323,0.3519670433985449,0.029937224585000376
0.9199999999999999,-0.14988702646838403,0.013114636281713754,0.2287196146318063,0.6647467625759058,0.697791462580345,0.8922242634016798,0.9388275690533125,1.0006710776788426,1.0782442288614291,1.1733134390473745,1.3080118662199978,1.3425980401810547,1.3845233198967266,1.4230751076309625,1.5045572510488467,1.5743805492838527,1.5486520021637282,1.5518279244171835,1.481090797136016,1.4502451600458255,1.4540253975588375,1.4252256357706297,1.3925074135658946,1.1791309030083226,1.1104442816386935,1.0798993139936768,1.0921368743309958,0.9189140757293763,0.7109560156817822,0.42944784619133197,0.32739655613553065,0.004370457833862041
0.9299999999999997,-0.13360109400884163,0.07164614100014198,0.23213434832121288,0.5538706666206331,0.6391896397464288,0.9035019182367774,0.9454648459116909,1.0213675434714626,1.126058728965812,1.2438742321705338,1.2894297125181076,1.3425823981140665,1.4002007679796358,1.4055872076686144,1.4621620385831782,1.5265546538686408,1.5329174809220671,1.5150574657431704,1.4485652567965968,1.554634523585699,1.5073198721334082,1.4151864598697226,1.3178297044664562,1.1934798055084626,1.0592296990550762,1.0211878067484241,1.0351876533193045,0.9094743808568432,0.7108984344679511,0.47857861864577134,0.32856300329806337,0.0706582048814688
0.9399999999999995,-0.15263332263054488,0.003160439902434583,0.24225928778213718,0.5216577768451144,0.6572681708480276,0.8943935242922534,0.9423393368457595,1.008677708932716,1.1368569030769495,1.1913330729047387,1.3295925482653146,1.3586268457548363,1.4279312210274338,1.4991932228120184,1.4765110197098024,1.5132324011607676,1.5523695459974651,1.5513362622803304,1.5030828200005868,1.4665915052918121,1.5156036317065225,1.4450209839181396,1.3412024100506421,1.1561043334725671,1.0910946906977552,1.0720725537929983,1.0955736334247959,0.8931863574315206,0.7105846132336353,0.47252774665508596,0.36101282271076096,0.02848530516450181
0.9500000000000011,-0.13009748871050827,-0.0035469267336353458,0.3225465284764861,0.6067558678546241,0.6879366436677501,0.8110712100956459,0.9534988207675978,1.0422281089327208,1.119115775179776,1.2849524590685106,1.2422541188107252,1.3572038035351932,1.4142931264713874,1.4698116813968092,1.476909109811446,1.5536371244397402,1.498878315470089,1.5440185718843733,1.4747896178228077,1.4758946739018468,1.491220144040025,1.40055450883136,1.404847783039104,1.152693178512212,1.0442699364702477,1.0853634507794963,1.0453168935794124,0.9692923534137015,0.8158448131773761,0.4221560381373793,0.3275921356286269,0.021431232944842178
0.9600000000000009,-0.1495385650695548,0.01810578685209377,0.32829641949064337,0.5552255667887877,0.696806864185754,0.8398858174215329,0.9520013458884952,1.0367438973011027,1.0596188813038452,1.178444911076423,1.2572001519674467,1.3863122532445002,1.3761612057035655,1.4262011958253975,1.4939265685634056,1.573161529535548,1.4489247554038251,1.5756843185411449,1.5092152224734134,1.5406758812609744,1.4980831554292038,1.3861873444449926,1.3572224899852097,1.1408958300256564,1.0671490842581037,1.0858710886077634,1.01456331777882,0.894078481161679,0.6777411446332776,0.35965289023436137,0.26969312475199003,0.05386910251665333
0.9700000000000006,-0.164193408193486,-0.004520571588810678,0.31332729980901625,0.6381684094582792,0.7401249166863078,0.8433333300525436,0.9205894765338833,1.0015672665080915,1.0348041676634778,1.2394069690358076,1.2708551033428706,1.3839766629846557,1.3782873201353003,1.4702586324473241,1.4768071904936788,1.5137883658096187,1.469414715501639,1.5683407209628668,1.469675121631335,1.5341080526597364,1.4042464079737285,1.46395396694607,1.3608875640948,1.1358494234208463,1.0324270444205028,1.0003436136946453,0.9838836218128142,0.8779732218213698,0.6663020722134502,0.40177155457875097,0.24835627355202416,-0.01266074801860184
0.9800000000000004,-0.23291159714475657,0.01394604732885436,0.3646861549793466,0.6053836080804835,0.6816691558680799,0.8967823302438679,0.9661343813405092,1.004001273448769,1.0932832765742178,1.2939564959851606,1.3326199511256578,1.3987455716542019,1.483845637227229,1.4665108661934454,1.4449886356354447,1.5203330337105088,1.4912541208537522,1.529065799332248,1.5226204165142088,1.5566563667550073,1.476205950075603,1.4372858885914033,1.3831847143588174,1.1485627540967784,1.0150469067995134,1.0346728843135238,0.9837382048766036,0.9455052472058351,0.7013124227493427,0.40374856440835394,0.25591833551259047,0.05119274277499122
0.9900000000000002,-0.1555096275658115,0.05234575584210932,0.3697113897781069,0.5948835231467835,0.7129067073822422,0.8745277106403924,0.9301567332964513,0.9881375190430117,1.0743656509728357,1.202847746082681,1.2589717665820426,1.3172766978742274,1.4982858677605049,1.4730025491433223,1.4606983696084936,1.5011548412960947,1.524595780747207,1.5419815670318715,1.4835245855106913,1.489334997639184,1.4063129046787202,1.3908787794734159,1.3829959465507495,1.1406703210380622,1.0290570921500166,1.0522050620567756,1.0342863593850204,0.860120473335264,0.6648235523758594,0.4186626813297478,0.27125450029478476,0.02911896461438622
1.0,-0.10044441862998889,0.02691054695985755,0.3333149632722525,0.577576819437273,0.6811715599843687,0.8724843302869192,0.9500546543457554,1.009570203878053,1.0447315589752788,1.2390465999371718,1.3107540316811135,1.360028939715025,1.4784509873681575,1.4423387922504394,1.4174398409734459,1.4987512433945451,1.5258543573368024,1.5561823246615532,1.5180195216428816,1.496147459520145,1.420967220797544,1.4399978709388963,1.3894148678889875,1.1674451525712266,1.031251369786434,1.0517593167877684,0.9713762024426422,0.8609151358377167,0.6764121981286686,0.32853085139167015,0.20853283847472381,0.016681551721130634
1.0099999999999998,-0.1219181660334722,0.03748117695300349,0.39519516862466586,0.6343045076547364,0.7179859906952967,0.8123294321112048,0.9108144006065253,0.9671188978630503,1.079239956451757,1.2164112965231064,1.2809135685209554,1.3765027779690393,1.3941861708471275,1.4428230390535,1.4967227794149909,1.5587477024926748,1.5876367169614292,1.5644251075592737,1.5152245103546127,1.534421428127926,1.4941287664424685,1.3774266303451634,1.3634145809845275,1.1844365831685546,1.085620190091155,1.0891476546214798,0.9619338158485193,0.848048503234855,0.6310040173834837,0.3563398660528915,0.20017299125300952,0.07664510401934332
1.0199999999999996,-0.1294938223677709,0.07773396805573608,0.4172971236063794,0.6421000471808855,0.7554986886299547,0.8689026316067429,0.9630037256586679,0.9924823857042444,1.1460167426455017,1.2292493294834324,1.272725421002231,1.3896695490327333,1.3779663649764862,1.4273997422370444,1.4543048879167548,1.5165498828625548,1.4996593249773613,1.4784096128843451,1.5700728137725288,1.4910293873471798,1.4352482360299983,1.3888067186978486,1.3274861013856658,1.1006710894516467,1.0466581594627973,1.0886943353361702,0.929387684461173,0.8312891265642094,0.6319365283168027,0.34843411074717195,0.13040348378068015,0.034598328983359114
1.0299999999999994,-0.08037631574589835,0.10256932554430132,0.38056096740272943,0.6120331407030055,0.7233509579374087,0.8594663264156402,0.9715465160564961,0.9723789518120763,1.085363061565697,1.212045438480539,1.3055396989403325,1.3399047912308966,1.3833187082340803,1.4536198514013554,1.4320652918908179,1.504259532247327,1.509413652885168,1.5089788964037383,1.4999478872975862,1.4589418082600694,1.4230279234260421,1.4692260962890984,1.348111482608246,1.105380396309304,0.9977109971705495,1.0243285325661489,0.8882134063005079,0.798557880378502,0.6128008397530464,0.38328886657498523,0.16564676125906996,0.12546315964966887
1.040000000000001,-0.06328687384356528,0.08255795978992604,0.4802866607569117,0.5988887438105317,0.7330144312390319,0.8348280156404468,0.9260452503985649,0.9948080121548759,1.1438255938496042,1.2049881754988656,1.2929589221720117,1.3663663283229497,1.4478363907510572,1.5283347759048607,1.4465591357232004,1.4516678599596955,1.460717766909977,1.5328237214431975,1.4695356812200633,1.5222977409500678,1.4547224598547899,1.4057919025712542,1.3858253730899213,1.154793831373492,1.0677546422651072,1.0640203017420362,0.9042425424129458,0.7578266588860718,0.6020344893081203,0.3427458690967307,0.1666483454353134,0.16156335941921718
1.0500000000000007,-0.09593961510494708,0.08184368716355171,0.3660187914317635,0.6113009444081552,0.6672777344423331,0.8585366033232208,0.9324543628494695,0.9404010543882675,1.047219022205655,1.2638447649369526,1.323033310249851,1.372040948849743,1.4533693128473333,1.4824996895403322,1.5185687459919979,1.546532437106277,1.5590777649859158,1.5180429633447163,1.4961026498873982,1.4988555665838839,1.411476152584078,1.4134463129892954,1.3964386665641757,1.2256496419668692,1.027892370750345,1.054745843514105,0.886050607113711,0.7823430060534005,0.6083542042641376,0.40703746732112256,0.17123125000721365,0.12291734779832969
1.0600000000000005,-0.09698202101155955,0.18236154230676746,0.4203427652569194,0.5019238441138273,0.6818475917845249,0.8847372955356553,0.9712278752205907,0.9494083741283053,1.0752747572697507,1.2630466677527994,1.2968713852260023,1.4125420803999509,1.5039338526369657,1.4610008556035032,1.4923686017305204,1.5095941768817704,1.505930520678329,1.4907074507572275,1.5335906823138463,1.5048244049337847,1.343581259556995,1.414344730298303,1.3440453273460322,1.1739946051902093,1.0382071505659995,1.072192223058784,0.9098745471404304,0.7736797055209921,0.6301105022814757,0.3914750303510321,0.20386457210480835,0.16381412747564872
1.0700000000000003,-0.03492035352545442,0.14123287667604933,0.4389664003124693,0.5960597124009233,0.71249433170014,0.9045758667143784,0.9127283818281468,0.903706769073473,1.1165438022226737,1.3157520519842465,1.3638020627314227,1.385436318535021,1.4076241806538532,1.4484407127480083,1.4252068143441166,1.4951571043962493,1.5471244568910816,1.5407200313501335,1.541840522888817,1.509831670980561,1.3934852438963192,1.4164992237468015,1.3067456119418968,1.19881601989044,0.9881628653960802,1.0905618083793311,0.8702046138859401,0.7788142918295539,0.5868019285135541,0.3763223035147467,0.20518796756298552,0.23895561818421573
1.08,-0.005867903569558006,0.19680765813022913,0.4475713821131492,0.6105531991299934,0.7352333228705756,0.8371240350879409,0.9018142813535912,0.9752570042856765,1.1112193928509213,1.2483917525295176,1.3006356809308566,1.3582405091818373,1.4373071099776984,1.4392446258061473,1.4666622461823486,1.4187906896489184,1.5009125146815756,1.4952737126082951,1.5604342935528857,1.4487580630435375,1.3316299541638248,1.3245785142208508,1.305798829096755,1.209524082752926,1.076617482261675,1.052013106189783,0.8687591925142129,0.7638753336266618,0.5980128310418849,0.39528515403451986,0.18787026286861433,0.2266021869542968
1.0899999999999999,0.019395201390559842,0.10246305551642823,0.40815446484787204,0.5865234323584168,0.7331827735564942,0.8462340640110878,0.9171722961320875,1.0031054219265083,1.0507878516105469,1.1654155127080286,1.3216870484356997,1.377710898896569,1.431133858592116,1.5017146291320649,1.4120877738210713,1.5140743231560692,1.4945991897813389,1.5324420310650595,1.4478890844667005,1.5016232098828242,1.4063794549117437,1.3702681426475127,1.3532318031565145,1.193054089877735,1.0784940370123821,1.082195126489001,0.9323163961968811,0.7591939957558612,0.6063075909618174,0.4140199850216487,0.2766708832952595,0.2419292622157403
1.0999999999999996,0.017552803702754416,0.16324017714840705,0.44244554037832906,0.5598765858114683,0.6831924163058618,0.8380270916500686,0.8596148452896294,0.9705596554457531,1.0888589947058038,1.1979555432638298,1.2780084898923034,1.4162970949414952,1.3988136000588731,1.4656719287837168,1.467102750055879,1.4907473874392732,1.5410751227259387,1.510644589327366,1.531132829470994,1.4869884983545656,1.3982201283925735,1.3716364473721174,1.2916852337437907,1.241003163772761,1.1137213686422034,1.0779492365896777,0.876568852946475,0.813801884041161,0.6280512289825833,0.49553164196198624,0.314636509151948,0.3318192684622421
1.1099999999999994,0.09147978321141427,0.19673238163837362,0.5033552534969107,0.537155519292282,0.6657906624552448,0.7663443197650348,0.9039439426713212,0.9808044076307898,1.1291143414801394,1.2223516817158175,1.3843921889732032,1.3722449715022726,1.422876054503273,1.4315726056991498,1.444221634307135,1.5227577938982648,1.5659960549255423,1.550863365407477,1.501608620293599,1.433386027794763,1.325494596732493,1.3993412978755622,1.3350471945936557,1.2600572480473013,1.1527447808241198,1.1371816754789859,0.8435125995742034,0.7831165872759303,0.652417808516578,0.49942962702747423,0.2811425902755766,0.3058366146914777
1.120000000000001,0.020987505703527323,0.1633585943638924,0.4494721848494339,0.5040064502440352,0.6882362278395016,0.8228728081391776,0.832650953475756,0.9628250883726951,1.0875498673297537,1.2040951212658468,1.3055443400520457,1.419814172071104,1.4153441383108158,1.442437145014898,1.4974664576593308,1.548087981030397,1.5116536340686861,1.5398470600040848,1.545471419897937,1.4411092202747713,1.3637357735080908,1.3585259387715656,1.3438589684970994,1.271085194980105,1.0991453175068422,1.059763387677018,0.864649159789645,0.8364030977503671,0.5319772608488932,0.46287572985959724,0.25612335274471515,0.2564419083378515
1.1300000000000008,0.04934324395427013,0.21903287935406107,0.449634211957429,0.479197767747077,0.6287968964540313,0.7905374945416508,0.846475570745707,0.9895344570976764,1.1078098535060859,1.239582160363694,1.3496031180681,1.4412687400117576,1.5080757479143119,1.5062382162494283,1.487511479513753,1.4959176711067539,1.5113133821596436,1.5226153305085761,1.5140178367392665,1.4485050593599134,1.3455146793733535,1.292100115058667,1.3737809903131784,1.2891173829353786,1.1606424187931499,1.1590697955947658,0.8357089908931972,0.7730987358345407,0.601616072163971,0.5139751992581931,0.2557564706322561,0.3339112812883954
1.1400000000000006,0.021159174979369158,0.207100726281185,0.45335990798465264,0.5064647661181862,0.6968083010141195,0.7518619782323112,0.8408445910434733,0.9930066433038148,1.1360851728551955,1.2827752748770485,1.3019058975339477,1.3873043283989694,1.4032138064998458,1.4470243005900394,1.463796196675022,1.5113747706967866,1.509381742736166,1.4643465003884235,1.5006290356539895,1.4957858428436803,1.3623095068035984,1.353049796751342,1.3691517003376101,1.356202138016747,1.1460807389500032,1.1296426158138322,0.869022991439733,0.7517013583172159,0.6455905709657382,0.5229137806699707,0.3380056447850428,0.33192405790693497
1.1500000000000004,0.13519324805346952,0.18002889927511972,0.38523483397353914,0.4613289892019429,0.7120522487170814,0.7700993474171326,0.8332561733684546,1.0214788957322354,1.139606375652841,1.2223738282442418,1.3333277420407517,1.3601667167852518,1.4760969182389259,1.5366209727732456,1.4994796931761445,1.5228647091840315,1.6031503937557499,1.478577206079084,1.5296201070798585,1.4905528537728738,1.382039514896046,1.3305724242218977,1.292518271920904,1.2908313856845859,1.2136620654147594,1.1093218395219355,0.7550890512276281,0.7786598323239485,0.5303101752485062,0.5050405721853439,0.33276124053544504,0.3425988220684354
1.1600000000000001,0.01948922702979921,0.22916622733773345,0.43993719432610423,0.46306919222881476,0.5961783454911036,0.7758249121967319,0.9030209712036721,1.0353224797735467,1.134239733357533,1.1895907169709186,1.2772032301197067,1.3276176203763241,1.428302286623208,1.4696256767905806,1.45695558209123,1.5052485121902295,1.5682476380276074,1.4911761044261336,1.4939536814175869,1.3993839965029025,1.3506627045561406,1.3868547876261774,1.3451506579315233,1.3327222103795362,1.206720106559176,1.1126961675217117,0.8350248919479253,0.7317619880715359,0.6482359952085087,0.5897390786658775,0.37798798465551453,0.33001287938787255
1.17,0.06529889030450259,0.15659253828291228,0.392031083581518,0.4292920860052321,0.6769641350269305,0.7260456578556149,0.8625186920358531,0.9115717909503603,1.1012774075584704,1.2359441335520582,1.367935397703214,1.3278561630366612,1.4276773917961754,1.4805602213839244,1.5169164682476521,1.4988092480806297,1.5285315124648848,1.4723466930219136,1.4891384461091066,1.4584807765861239,1.30895344894309,1.3230580019231721,1.2888395202062015,1.3194324642197957,1.185540664877761,1.0741275817022344,0.846979900979666,0.702452626498096,0.5704000244620377,0.5972041696751571,0.3479497020492409,0.2883304037738166
1.1799999999999997,0.014247953997385326,0.18146430874073316,0.4151243336505836,0.41564385197979903,0.6233008531314925,0.7465673005386902,0.8547330160110853,1.0285116383463524,1.130482120771257,1.2097940888376641,1.2949234485148022,1.3545056189816282,1.464301666344363,1.4089600158883595,1.3968084265751957,1.452546237717815,1.519904863462301,1.4678061074817896,1.4534254903218884,1.379612438537009,1.3158174408285703,1.3189605764717476,1.2725146606555653,1.2438216609026513,1.1709462228089644,1.0299897591989629,0.8131667771682969,0.75876129005785,0.5915636086914334,0.6278653299075009,0.3471888773011391,0.3130108231468991
1.1899999999999995,0.05546959557306353,0.1332310035697093,0.4056389422719154,0.4253784844334716,0.6344273072394683,0.6930987834513664,0.8222713504257806,0.956380025330258,1.1833218879278202,1.2364629417605704,1.3561278412263387,1.394897193637107,1.4209074029311983,1.443662978795113,1.484143107884726,1.5024171399000559,1.5515261942978362,1.535972719510785,1.428090444349291,1.3943036511090843,1.3190831158937755,1.3083599923997802,1.31155693794164,1.322799242454754,1.23969491145551,1.0840796828151478,0.8114225531831938,0.7439678904837547,0.5912765171211174,0.6353154152400112,0.36728847184819297,0.26463047361569675
1.200000000000001,0.015911548512141903,0.1396315068478755,0.3485912326133161,0.4368231687842143,0.6263796000644947,0.6898478452335006,0.7780093187558641,1.0044106861136393,1.104928659691449,1.1961089636358597,1.3055038319509882,1.3981757195234903,1.4039644360912626,1.4745720477728632,1.5166175730242253,1.4987689131923365,1.487358454862849,1.4889230953879808,1.503039463903488,1.4852527580090953,1.3860330458620247,1.3206820401083783,1.2828820430647234,1.3016747065227292,1.2983170864082845,1.0212715115385138,0.8304078073623685,0.6911778876981656,0.6015803695862668,0.6688381726543963,0.4198318608512104,0.3094170837485384
1.2100000000000009,0.019634780712859744,0.18664768907929197,0.3751661820589392,0.3690478807084656,0.6127413716005565,0.7580126720078412,0.857704036668082,1.081690816574591,1.2138959675931802,1.2421174402078226,1.3467734598497727,1.4299682887270189,1.393571098955687,1.4709156140832327,1.4896184422044962,1.460371408642118,1.4660139826876972,1.4867277251574242,1.5111752456356937,1.4638092886617184,1.318844397871144,1.3295341405323058,1.299839499066213,1.3430366697774856,1.2365057348928707,0.9514928650290647,0.8290939463877136,0.7485570064376756,0.5695571689603804,0.6559009920773796,0.41143341608610373,0.2840331914408023
1.2200000000000006,0.0037151244467066285,0.20049330443194474,0.40063459030365944,0.39612165316194536,0.6519632815010361,0.738528066424174,0.8807856348324098,1.1007971620320736,1.1139368725013714,1.2098976352305804,1.3444083762951884,1.3594929878463955,1.3853623983763326,1.423464095031068,1.4393877396281807,1.4932815814020386,1.5350123640343112,1.468076529989766,1.50554501512247,1.4332231719272144,1.4021610371691744,1.289005985815766,1.231529844662438,1.3459350200886917,1.2548673279139966,0.9630457082049837,0.7898184682079842,0.7094849510673428,0.5873323862268149,0.5741366437302787,0.41938121299771375,0.27154438591272584
1.2300000000000004,-0.03296866265734143,0.18669607199689725,0.4473459555964119,0.38862128651404143,0.6393038007667373,0.7198290792911373,0.8254101255702281,1.0608081645986367,1.1868936255711728,1.2084607908973646,1.2673103232948437,1.367125299263805,1.3764927555392792,1.443447573111979,1.529184558136431,1.5116250105640752,1.451848395063514,1.5035565051763524,1.526438530873113,1.4782194903320862,1.3795358563754556,1.2995248815404952,1.2669372118099735,1.3023006632380967,1.2754280389217785,1.0074082397108937,0.8508078708541853,0.7070622960716832,0.603744137471486,0.6270160166029989,0.4242468506479678,0.2887454501109878
1.2400000000000002,0.013157272899533515,0.19729246539012987,0.4065127823219048,0.42089674629679596,0.6463806701705664,0.7151635055285135,0.8462355898171762,1.0912582342274284,1.1534792749605798,1.2476525577541335,1.2843878949906518,1.358198171968133,1.4395092868853547,1.4542986498388726,1.498205344366593,1.5357432957624744,1.4353820296613782,1.481736263057734,1.4798100964704253,1.4199829771689096,1.3265646453053208,1.3811042411255359,1.2468536066063391,1.272354542732448,1.304180821094026,1.0180226502318033,0.8059223796999687,0.6344255331020004,0.540300833773812,0.6158634631750202,0.40714130839962404,0.28587410619464304
1.25,-0.0023574557999542917,0.2126491753891665,0.37082880183254197,0.43865911187159257,0.617211975832221,0.7250573438926532,0.8416075694859525,1.0780709717282937,1.1516209134873119,1.2527650723612955,1.3350528680329528,1.3764035293897876,1.4379152162656745,1.4736255679903454,1.512165823567015,1.5119810572668966,1.474823420521911,1.4536546045798562,1.4629514673363313,1.4408279988568184,1.3510223502630234,1.303549202136641,1.2313870514492826,1.295922778422466,1.2724229701952883,0.9865978483806671,0.8349169679949804,0.6914224755379733,0.5634730500345642,0.634046445228678,0.4547800581382313,0.2614227772290211
1.2599999999999998,0.10296819153636197,0.21409844274381784,0.4022937616850686,0.3926455449182069,0.6538847547974818,0.7109037238399605,0.8799568354828712,1.0431603181675395,1.1708315630204797,1.2599883764075,1.3158635326518453,1.342993856560548,1.447724363524892,1.4472743610726322,1.4879676407528304,1.5053199908272699,1.4876514380584593,1.4635042611925335,1.4648185187477585,1.441886976694483,1.3199391495550998,1.3116013356858203,1.2556183794798441,1.247299080156078,1.2396648487845365,0.8978668043179445,0.7874797306245562,0.6295774801837849,0.5125552559945824,0.6730229471289361,0.45926752634919515,0.22033144032774515
1.2699999999999996,0.02608397292798033,0.19482910183631605,0.37837757196999405,0.41936012778481935,0.626433011831754,0.7297451683566358,0.8233023766314926,1.087463432052041,1.212612669129738,1.258903111360497,1.3238682577750631,1.3935069797603181,1.4130665925460006,1.4656277265529378,1.527660700060064,1.4935446411151945,1.5029002821682829,1.4381955466058125,1.4592252875782326,1.4104450385395342,1.3643990382612552,1.292901596210751,1.2218153737970154,1.2608623386608446,1.217440389735799,0.9271556423247472,0.7626673241096532,0.6631960256957679,0.5519700377660095,0.6290384283538342,0.47769479763320455,0.23068117920369285
1.2799999999999994,0.056044066174269366,0.1274481689749605,0.30103198505445955,0.4589309333948338,0.6408075650189086,0.7956953108174769,0.9567353180102703,1.0866780939225398,1.184106842255874,1.1767750396410244,1.2811956049587778,1.3879140241020391,1.4231109326621492,1.4304676212963559,1.4925179693534045,1.5277338751342346,1.4953759360968977,1.4895815994981194,1.4503812491910988,1.472424744496299,1.3053475979513907,1.3175210140233546,1.235625987851638,1.247664776946876,1.2378796670949899,0.8808173309685275,0.7989032025511704,0.606018173951682,0.5047289928116384,0.578163400050587,0.4321844888534569,0.17129460861601042
1.290000000000001,0.06552951061742478,0.1992225452616825,0.35960277553944653,0.4100032265949918,0.6590641636039231,0.6835071528384999,0.9034249109585691,1.0501666312434135,1.1201973785410297,1.249078896784063,1.2986561308961357,1.3467246102300547,1.3498760491571824,1.4751251151633469,1.4849543285538758,1.4929308288811085,1.4524478708341313,1.437495152692826,1.3922268198175427,1.4428829506656438,1.3298058641847195,1.3206918035724158,1.252470809986785,1.2524149429728537,1.1952472513858208,0.8784330336850862,0.8233663583069846,0.6136446520745458,0.5553395686531487,0.5829419511259499,0.49915558959832207,0.24862267489751685
1.3000000000000007,0.08001931493025145,0.2533328146517723,0.43656016914205403,0.4584718381673712,0.5996418747854361,0.6977884732165436,0.8975603781294391,1.0795036020703266,1.1397625578974533,1.226153559932948,1.2648337905184512,1.306245680513186,1.3770323649580725,1.3983356943797998,1.4829073843343057,1.4631229051192385,1.4740622792030669,1.4835652050087056,1.4284375711593045,1.3884954714285556,1.3470918850849076,1.3186000312954218,1.2218370045788092,1.2112151567497031,1.2004212836279138,0.9663635587818632,0.8664976309094986,0.6591785374799596,0.6313019049361576,0.5930753620154595,0.4533011055205455,0.2341543466682641
1.3100000000000005,0.10103574321898003,0.2384294741549122,0.4347836393665825,0.4418426424535381,0.5998260532304623,0.7148371341123586,0.8679252000412782,1.0910147681052125,1.178340903009509,1.2607049851894558,1.2439989174069574,1.358238866619081,1.3934305517151295,1.4741664302966064,1.5089639663017775,1.4800264484477403,1.4910213146459932,1.4820664482511148,1.4791580242379294,1.3915331138486824,1.3745558610274782,1.3025939478463213,1.175953244584083,1.2834876594413214,1.1907117858186522,0.9556537626154378,0.8363579130598904,0.7309855239948411,0.5404592696238907,0.5907292691494045,0.42167804841859824,0.20795926541578982
1.3200000000000003,0.15890193661847854,0.23362928936863955,0.3664198067264288,0.4871042889257728,0.569576737401443,0.7848306497684618,0.9171438597974426,1.0516567085747035,1.1158573251649286,1.140317289585973,1.2126988453894887,1.3412706763793412,1.4134113135431852,1.4538145946020116,1.470832686046377,1.5107976912750216,1.4937406542810918,1.44250203537423,1.4435188111241062,1.436901985682749,1.3897177999862245,1.2842861320540286,1.251518185519066,1.2160851090769023,1.206844599905971,0.9218837244494887,0.8036007538156587,0.7095341415596542,0.6021460487722211,0.6016669209572346,0.43323303620355375,0.24992919198017008
1.33,0.1262050438370741,0.2727733987113199,0.39716067018557,0.44970048414767405,0.5490001499394329,0.7291619070000371,0.9266718668173775,1.0543850702417283,1.1301690570039395,1.1774080720104332,1.249144974688405,1.3891812038268894,1.3939023815159786,1.3614445901103314,1.4580784330137453,1.48989410788437,1.5480446564527464,1.5495287558708464,1.4873171018790248,1.4845232596509184,1.3961224250098834,1.2912223502139026,1.1662671643807796,1.1794593542552347,1.1611367781163326,0.9179319592182126,0.8809689897472986,0.7394210068486735,0.6585013883292704,0.5899865627341092,0.433778895836387,0.23495426299611297
1.3399999999999999,0.11255479437172444,0.29552205249518154,0.37512968388291834,0.4741667171933096,0.5582905876197036,0.7180913524660882,0.9451830249827315,1.1509255605052733,1.0684216889613223,1.2166810213393389,1.2813308866297564,1.3341815413989284,1.3831458773030665,1.4279408489102459,1.444795579211889,1.517137753027052,1.4429784382281527,1.5163129627005099,1.4255003845554788,1.3716403753205735,1.3086818391516295,1.28601968820889,1.2149273296745726,1.191268808442409,1.2012459772876516,0.9528909331635242,0.8683467607502898,0.7778852162245559,0.6520140004681276,0.5308829963971264,0.4865135873248377,0.219417398815067
1.3499999999999996,0.11870452661131305,0.29508682465455427,0.390447290657587,0.47549239176539304,0.5571252868747768,0.7946159788018688,0.8896754551798685,1.0571677489529225,1.1287074344858172,1.1921459309401028,1.2615354933443033,1.3344677941698582,1.3769240823388518,1.4735173461749183,1.5597768081665397,1.4994505904750202,1.4749510738944924,1.4508306017586818,1.409937719591437,1.3918701433563407,1.3476727262257084,1.2447044484791578,1.2792804456637192,1.2211813307020138,1.1352310358483482,0.8508354758731466,0.8419401732942802,0.7697082146159187,0.6412062045592549,0.6172316115365672,0.39931019818417185,0.19399485948804596
1.3599999999999994,0.121911038169315,0.2932734044950127,0.3383365798984666,0.555703364450288,0.6331507734256943,0.7016496088786047,0.9476633171239804,1.066962485083513,1.1453925141344088,1.2008166232233874,1.268112341118436,1.3257837247717135,1.4218150426594185,1.470787379829772,1.4851400110131456,1.48648933412152,1.4933521169954622,1.5157911644552875,1.465389317200284,1.389203845692588,1.3322264371354429,1.2327915162131142,1.242402060416234,1.197678941514107,1.1097805345586689,0.9309617422488323,0.8573269474496191,0.7756443049498922,0.7355101909684207,0.5210977807758997,0.46090263159935113,0.19162833926155454
1.370000000000001,0.15090226083173047,0.3169705731424283,0.41742457260589805,0.5138338398929679,0.6165426424499438,0.8166451542965125,0.9115315426571311,1.0556128269490457,1.1055178682882356,1.166951957659595,1.3009538432960275,1.3258174766153363,1.42837734321383,1.450859888512565,1.4165426739166274,1.5029464839978446,1.4580404931015276,1.5024863791577163,1.386134614892669,1.4089102480780575,1.3721398180522213,1.370276855725572,1.23797082635415,1.1238931720402097,1.1759409565468435,0.8930303443905954,0.8776636745550589,0.7278425413912083,0.7900538149193516,0.5338138299816896,0.45087136930414523,0.1898858107048123
1.3800000000000008,0.1659669660898152,0.2669911933855359,0.34407039328991335,0.4573236903971855,0.5333534901174944,0.7699521908184168,0.9633780277094014,1.0179694189258024,1.1287699259670398,1.1374429353758706,1.2513658997179191,1.325180925469014,1.4053725548165847,1.433378366696642,1.4583423554650183,1.4920482570557279,1.4476363477156415,1.469713774459043,1.4905868952442536,1.4567814134985502,1.3991717879716077,1.3223791900398068,1.2036221144199963,1.1687897998930703,1.0873222950206411,0.9556144709569275,0.9493608377908357,0.7998489434236971,0.7190775674646921,0.5015880781875833,0.49717233177890013,0.1916339577708774
1.3900000000000006,0.16047798019593967,0.31906779096914206,0.3768693539342925,0.5012986559779788,0.5622171751101854,0.7017672330646703,0.9136206570505554,1.0855511226690235,1.1736658059846181,1.1952745631304942,1.257657193858973,1.3413173593713508,1.3996919707598319,1.4204740651252157,1.4602362673388007,1.511638786737474,1.4945108067042303,1.4871953145209214,1.3732720824356452,1.4023103360657427,1.4008146875217253,1.3032703378317965,1.2953698234563962,1.1304109901782284,1.065260515694651,0.9407869971318549,0.945809648843378,0.6999404969536451,0.6153677840017646,0.5504521657229124,0.43436528220179904,0.23368801834284253
1.4000000000000004,0.11016563961723301,0.3358169542719506,0.35737340160184405,0.5154888485157846,0.5814873514826495,0.8045905750193885,0.8836526355251929,1.0246330214294284,1.097131352230125,1.1530766903050058,1.2808789399292821,1.2856386452255526,1.4418092126682034,1.4075323632551746,1.431749870645984,1.467069045108705,1.4292792946183899,1.5064364082852892,1.3864833709517939,1.4208108145264862,1.3851304825298285,1.3370180678225887,1.2587259909311246,1.1114885670188253,1.0790349816655542,0.9835126518980412,0.8983659739149198,0.8551612307433092,0.786056667075055,0.525190980075245,0.510252917233284,0.1543636863710039
1.4100000000000001,0.15694146284066474,0.26452306980257756,0.3076709750349389,0.5399241752472451,0.6079842603069451,0.7544599038984516,0.8964691851350657,1.0530596649204786,1.1514832550226417,1.1834476400225675,1.354395147814568,1.328922357803716,1.3756623900253249,1.4686113035613981,1.5115535697767166,1.4955362517454,1.5058065928749258,1.5383350500311634,1.473999253647516,1.4182547587261622,1.3723412358117753,1.2850636724113613,1.2653733657137938,1.0487180027479606,1.0562154783639206,0.9901459944339419,0.8934432712077544,0.8589332543561717,0.7747247735508291,0.5187376507792872,0.46146803839699435,0.15615593843845366
1.42,0.11471640459456,0.24117358038146486,0.2714377774213253,0.5408037401702758,0.6141376091713696,0.7415693094841582,0.9286415389938409,1.0304493844344673,1.12764998403971,1.2088745795837306,1.2018695909744863,1.3070418443976919,1.382230404968628,1.388242566278089,1.4952589190799157,1.5018049512514504,1.513991485781022,1.450913586777127,1.482384853083894,1.442842439073038,1.3411900198287705,1.2801044953029634,1.2703533553369064,1.1632814611439786,1.0862126007277058,0.9421505327550121,0.9335267926061922,0.903094431124558,0.7782124961040818,0.4796009104680321,0.4100053884533233,0.12226804922840034
1.4299999999999997,0.11186308070390709,0.29109109295470126,0.2802360154836709,0.5440466661163829,0.6224212700079512,0.7956175679985653,0.9597405098374165,1.0231404798087043,1.1396604180810415,1.2290075098821511,1.2898474138356126,1.3158300641180702,1.402671260287069,1.4317912830159798,1.4129856601978028,1.4228549144916207,1.4837870352422768,1.461202883340106,1.5134984348394167,1.4091409324549586,1.409024807176378,1.3584314659629626,1.1948172411176765,1.1561654128483725,1.0432241129591127,0.9947778539778184,0.9281330614617576,0.8858747289265727,0.7723600786753908,0.4663085164423401,0.46370267621540645,0.15464906680464457
1.4399999999999995,0.11717675991125717,0.2823962829249797,0.303903683338521,0.541883173295899,0.6048805807039784,0.7957200982471776,0.9577883674979966,1.0226995962603762,1.055117661378059,1.1896337494775775,1.3223342112376155,1.345652482734621,1.4168308314584905,1.4342322103635954,1.4504608768195375,1.4269543743443036,1.4904438252400865,1.5156869587569508,1.5204305780954424,1.4797921015630664,1.4205831815071963,1.2875202123162257,1.2374861885390283,1.1138371447711743,1.0168473180923816,0.9900979103622303,0.8611893574317739,0.8926832926123169,0.7686706472966104,0.4290606881317504,0.4249852593132969,0.10648145633078968
1.450000000000001,0.16201780813041766,0.31308184098126696,0.26585185302239694,0.5300442975458924,0.5976891156127612,0.776704412725523,0.9888716923127213,1.096213206646267,1.1402469880408497,1.217575345560762,1.2675425038065375,1.3375799818293672,1.3433119453212674,1.4161923153006055,1.4611823418997367,1.494015219760638,1.5040650813356178,1.4631678285053442,1.4888657113166976,1.4341328180994415,1.3398168402895065,1.266370884383687,1.1908584043552537,1.0998646061652524,1.0147759564741679,0.9638305134533061,0.9100453252636475,0.8943146522894235,0.7980565655863459,0.4348722237560653,0.37768643574887,0.11957278692618684
1.4600000000000009,0.07456978194866679,0.2591236270392068,0.29614092711483897,0.5707760839852846,0.6545895862481729,0.8758488067626637,0.9837546805909536,1.039762431147655,1.1814173734119902,1.1805480050389647,1.28940228315446,1.3196301981190481,1.3751758452703498,1.4258706821778608,1.480302253576945,1.4529963839191005,1.4932995538822653,1.4828380230818194,1.4940877502047634,1.3496716766152428,1.4005592108134466,1.3072342907875272,1.267034227511829,1.1536368070353713,1.0362739821844682,1.0561211964849146,0.9983833025367727,0.9095540799271948,0.7980342216482911,0.3994148810402315,0.36274712020968797,0.10441640920498205
1.4700000000000006,0.15695209183159248,0.25411836722600595,0.2760393912170159,0.5821308403569607,0.6340202470291499,0.8396964288917999,0.9036444435222238,1.0644108086947424,1.1253059170128434,1.1940938097176168,1.2987104371579063,1.3307442758722834,1.3953787071838957,1.4799345418294019,1.48174072977412,1.5069680039590312,1.4847826346280044,1.4395214911019438,1.4787390761542742,1.3673907644894392,1.4436081016206461,1.3129281188467583,1.2153696814762518,1.0901615033855043,1.028486710332087,1.0404251931936825,0.8714966273409218,0.8978929701311762,0.7762034698140247,0.46284949931023067,0.4286541413418376,0.06591921332234266
1.4800000000000004,0.1200494046970909,0.25214153656834637,0.25563707004549874,0.4981895811618519,0.6401796229502605,0.7979631869510811,0.9791490240914857,1.0779503678521114,1.1582593986239078,1.2031619356027605,1.2479308352694778,1.321566284215369,1.337363849545402,1.4007135534881567,1.4564219101892286,1.4822898063833494,1.4561856875675845,1.4494771549706127,1.4912233856530883,1.3883665326071133,1.3631261790944342,1.2450243132061345,1.2101847544017506,1.0359672103519624,0.9750872724266156,1.0539469237386085,0.9477244068119735,0.8865742177149452,0.7995375505095924,0.4236764418344555,0.28583492556276757,0.11348492838392313
1.4900000000000002,0.0857150009545656,0.2604620189738638,0.27949020220288734,0.5443691045123548,0.6084422178289238,0.7417142428678875,0.9413366067064199,1.0254919574785453,1.155746799379959,1.1840560399661162,1.2740994281779618,1.3680611366266204,1.3588792313175815,1.4467371630459116,1.408046924891616,1.442993031143226,1.4396594167539747,1.4735706153001662,1.4487936769910843,1.3980956798631732,1.3768121894307985,1.2140635558905988,1.2291747548008733,1.100723275581545,1.0123051973987214,1.0433558040382287,0.9716750276656245,0.9072678878215559,0.7265386082272215,0.43705101629737714,0.38189112245225787,0.15242072179975003
1.5,0.1613949429760504,0.2917002618399558,0.2751618287111467,0.5803667087041747,0.7359639012700355,0.7951428620235218,1.0441573840114513,1.065807283902944,1.0712236815809113,1.1871520665733697,1.2391713392632435,1.4201083482936452,1.3954464740754444,1.4570197798982474,1.5042584462204376,1.525347351236263,1.478655872554589,1.4067930405986842,1.5080866980041445,1.4229108724364883,1.4012681787189993,1.324389223985525,1.2071185583558728,1.1198837441212304,0.9698726820780094,1.0704986346037189,0.9137844701432218,0.9155618418317624,0.754069121046457,0.31445630881366426,0.3358010414472224,0.140243346785087
1.5099999999999998,0.1512675997461469,0.2888804660605873,0.2569254628415914,0.5969192894843793,0.7513913506441552,0.8424301672653277,0.9293288003553593,1.0376599416448709,1.1239005766477905,1.240206119247347,1.3249773391414361,1.3539640578463625,1.4207305713406502,1.4288934475897672,1.422768134168215,1.4887609585562485,1.5076773816786302,1.4463073420027501,1.4058458599856622,1.3920560205046275,1.369376604841006,1.2774289965685621,1.1923371898641968,1.1695399505189572,0.9856359015422776,1.123363399387605,0.9629207533348191,0.8884371944793237,0.7025875987261474,0.4278137324035048,0.359867247014265,0.04140130903915561
1.5199999999999996,0.09780755679319762,0.2349854058555624,0.24214431948036932,0.5885259409707595,0.6960970983789764,0.8742454559412108,0.9584294913004363,1.0243128151057237,1.1465921261616692,1.276289563783516,1.2450404955359544,1.282654283086133,1.3974773879992872,1.474213936887491,1.4341253420275855,1.4448103783057222,1.4665492493816,1.4598353824717403,1.4229153842058984,1.3979943758149438,1.4069479746650972,1.2834524643145933,1.1543541533268666,1.1161756328983006,0.9525157714703555,1.10907780571799,0.9511155174975119,0.8821931339711246,0.7729931071842642,0.41002257194770014,0.31637032582879343,0.1360766273621226
1.5299999999999994,0.08877474367264583,0.2832427638972613,0.31863982255615,0.5974416598184273,0.7093385964420645,0.8601000292188967,0.9643473275679977,0.9973214416189669,1.0660975047156362,1.1892389423803116,1.3065276069588048,1.3639831760102765,1.375753617067096,1.4209769149062503,1.4027073386149176,1.4213153235672626,1.4866283996865237,1.4879239224383531,1.452866962980131,1.4222200975702517,1.433480679416106,1.304950696194965,1.1970169786235887,1.1196077696090287,1.061107638440188,1.0931319795654455,0.9828901079023236,0.9451423920699964,0.8115853727090363,0.4079933065424112,0.27478290041095693,0.16005386619222564
1.540000000000001,0.09081233811049763,0.20112979433086617,0.2876344136500637,0.582852393988332,0.6667036542543155,0.889580792573004,0.9615150032391016,1.022391821620565,1.123424663380972,1.1614425554363685,1.2701161790146873,1.3267591907215661,1.405352523659306,1.479538128604638,1.427955354355133,1.4281843202989697,1.4807259822823458,1.4572921718598522,1.4297232767611232,1.3958136459790957,1.4140525312685173,1.2896054959831316,1.1915744203967757,1.1062663484351904,0.9913012301520273,1.1026373628480755,0.988896237965493,0.9256026717089975,0.7827866297697067,0.41654785786314724,0.2790452278999868,0.11112225958459368
1.5500000000000007,0.040421390028334225,0.22000905313385008,0.22977525071443566,0.6050564159444468,0.7847484469952917,0.8605259889786411,0.9941988619061946,1.0781891095164602,1.1209295473420409,1.2488328919966207,1.3153306146829826,1.3600662838244413,1.3860888506445372,1.4844174790252198,1.4748894094358842,1.4381472155183903,1.4636596073751351,1.4562248984150399,1.3977639009703864,1.3848653474875734,1.4583805665744998,1.300748722781501,1.1539087506999037,1.1162587042829033,1.0200000245725938,1.1363730256611873,1.0310174656975601,0.9508909860674495,0.7203287012098819,0.36505829656082905,0.23612628069696703,0.0692058689622678
1.5600000000000005,0.07667301449153803,0.20561766622611877,0.27380955223688397,0.6388367687928425,0.754269506250811,0.8678505916179532,0.9648548560864015,0.9851266696254778,1.0863001254743203,1.2033267525972333,1.2526908696216954,1.341944362556398,1.3548173242415409,1.415544742147361,1.504188761939403,1.4302447050618499,1.4363973175673015,1.4375195511419074,1.4334117661718153,1.3514190683771405,1.378562903299956,1.2973861536463143,1.2024069533197868,1.1654784867275707,1.0609434955677772,1.136082570122936,1.0817856989125079,0.9000072499469387,0.6970970195322759,0.3675070991736001,0.31288243039382885,0.11857643647743864
1.5700000000000003,0.04287611765129867,0.21299002768603367,0.3277010339599446,0.5920820079826415,0.7813925342667152,0.8951257086018273,0.9780279425764987,0.9875903753292892,1.205657067053735,1.199023850833822,1.2328864473477545,1.3547826016136695,1.3569588785974758,1.4347029604105217,1.4464487262592398,1.5018822213962473,1.5185673646555566,1.449358959799892,1.453473974328226,1.4928186953812594,1.4917462122246812,1.2755333405486309,1.170037816533223,1.2132560484871384,1.0824085969844588,1.1940190311151713,1.0540854182076596,0.8480553071657667,0.7252147233956991,0.43817225832268863,0.279201149581055,0.09151447491656169
1.58,0.0536567214857061,0.17299067720076694,0.2496443535417619,0.5597683331740545,0.775019662373297,0.8826840072100086,0.9397094558347892,1.0237080137545238,1.1184717973156688,1.267365692697625,1.2765036994972876,1.34098885731462,1.3678011930459761,1.4142451055453396,1.4566526839308858,1.4812236163456796,1.4857027977765536,1.4517858363613325,1.4670599915535143,1.3901723336335634,1.44534163873938,1.3134735637870103,1.2087249492652576,1.254085335109337,1.0901986894515423,1.1069140136226663,1.0100043515488386,0.869177964970507,0.6957457025495573,0.46492617686208465,0.294148619917018,0.17311027655151437
1.5899999999999999,-0.004201524908281745,0.13482933206177297,0.30590197283709697,0.5798913951839892,0.7617465793068829,0.8596301890092614,0.9292202082327541,1.0341797048510941,1.041092826414828,1.2258186246160694,1.3647593519409993,1.3470203268594028,1.4163408580685337,1.4416574381170488,1.508269549246851,1.5139722839585146,1.4635201022854147,1.4998333238536206,1.43753673966844,1.417188130105998,1.4899050341738045,1.2453170334964057,1.2170632401189145,1.2082524801934296,1.079066955631702,1.1796032850282507,1.0376129019565583,0.8244895010158724,0.6668289047012862,0.43951502246445917,0.3057808329202673,0.12963103792715303
1.5999999999999996,-0.011044997347625986,0.13630525135300073,0.33258608776623966,0.5852843790482746,0.7341076247116289,0.8297136432047125,0.8994593147519823,1.0299552976625352,1.119369640343414,1.249485222474888,1.2673470780026392,1.3364968602260932,1.3683583561412216,1.4288665232608018,1.4722058149619492,1.5078439528966583,1.4967170739228468,1.4763448305040912,1.458442513554326,1.4257399341775134,1.5168540244672308,1.3606500091660156,1.1786471951751825,1.2038212401285735,1.0956132342330889,1.1673220718366535,1.0977758119919332,0.8714928568111158,0.6884994060843375,0.5024269266471822,0.2869004438776187,0.13814420766117358
1.6099999999999994,-0.07254380007677469,0.07085826614714219,0.3283660255352754,0.560386389573763,0.7545259229629911,0.8941894184309545,0.9414772597018293,0.9919227810748329,1.0835503322688336,1.23406416938818,1.284270658654675,1.323890287008508,1.3832238321536272,1.4032248788574229,1.458284307320562,1.49640650945606,1.5260707755328482,1.51232987896606,1.447589829265183,1.4038789417692883,1.4956426233221451,1.3081563286193267,1.2377754051925836,1.2270500019603394,1.1120566981049371,1.1872821758331198,1.0145891796914888,0.8308471014862137,0.6443286254699363,0.4094968325482856,0.2703983681436261,0.15302236294566812
1.620000000000001,-0.055729914607681855,0.1178026799937969,0.3108448751130591,0.5902457384236268,0.7307779434569124,0.8486361705281296,0.8935004666582205,0.954401890756122,1.1122849238685442,1.2672242051174618,1.3028586223268066,1.3572923204989624,1.3995421315122398,1.410737299178455,1.4041792041708991,1.4456433701792417,1.5134660171603298,1.4657121109603128,1.4556496599639603,1.4375565204843712,1.4573569710179908,1.4181460303208133,1.2827872994040164,1.2367045936423704,1.1151258854053079,1.1486676747318652,1.0286117328488205,0.7947324290171468,0.6485681312771433,0.4918901323608598,0.31650945923053264,0.1684268162585241
1.6300000000000008,-0.021334185190017882,0.1388421508812792,0.3251104487249789,0.5407081613881851,0.7984214599186814,0.7823765902665653,0.9779192198299784,1.0007795590026782,1.0319480714038411,1.2025277485787063,1.2509710164193024,1.3253992359901994,1.4677710124217511,1.4867574395072556,1.5045951806790274,1.5069496228576196,1.4161527209689158,1.4031888202303093,1.429614337123425,1.444958511425903,1.4721526419651418,1.3673210688967319,1.1970088754157335,1.244489844578412,1.125286482766048,1.1206688436685612,1.0730775887520243,0.8184397313298661,0.5870495108459415,0.4630535567040576,0.26610675338200335,0.1339288521059215
1.6400000000000006,-0.05339342959507892,0.05023519203741211,0.316211039647209,0.5802163086543475,0.7187965211238325,0.8301766927340691,0.9332192331454731,0.9514877104902143,1.1023324316427692,1.2692268057990481,1.2721240454598042,1.3112059744669446,1.389695768422655,1.4026874713682809,1.449152886341525,1.4512308708545425,1.4587783880202994,1.4767168577728484,1.4089720729673936,1.4320831184949214,1.4838699601965561,1.3838297759958538,1.2249592751481484,1.2203727553931247,1.0911044297746653,1.0900027700350008,1.0651253944017496,0.7123467249820078,0.5706161049494931,0.5064136316575486,0.26893956144536374,0.1754787688391616
1.6500000000000004,-0.08045272363448129,0.0747359237866676,0.2966240977109351,0.4803497692313177,0.7150840089203031,0.9028928695450824,0.8807331847374639,0.9648281905471737,1.1033772371827597,1.235418904042194,1.237191236911714,1.3311476678722372,1.3982000540481885,1.4455291490484945,1.467438297912217,1.5247423373106201,1.5111608885887489,1.520443670318165,1.4457865028831631,1.433939030095875,1.4616303006656008,1.4213726028659779,1.2434902070470832,1.2219132029010662,1.1082868527868455,1.1587097876257477,1.0982134863223187,0.7206744281482602,0.5967019917072945,0.5160416750692459,0.26918885313080193,0.183243046568097
1.6600000000000001,-0.08903730047466349,0.06698908014869881,0.3148686410488835,0.49140766143367276,0.777977096182253,0.8435594839600221,0.8317832191016891,0.9879676521513836,1.1030711237736575,1.2245516284457736,1.2163833537295465,1.3476784864996014,1.438402602316612,1.3912213059943048,1.4370455928275807,1.5067926713531163,1.4962988497549379,1.507734591576182,1.458995748894591,1.43356296417274,1.542736493750423,1.4303432608304627,1.2465271177042028,1.2183849054245184,1.1067026833585265,1.0762817126655075,1.0248155038293703,0.7480711988843173,0.5218257717051142,0.43596015874286403,0.27674373679746933,0.17677944487619066
1.67,-0.1287676538465331,0.05510279073043367,0.36111343431348736,0.5056517260242168,0.7601295281802726,0.8343239239368395,0.9119486879382502,0.9202184888658456,1.1124882776403782,1.1930406281268175,1.2787972123296723,1.3419441540106374,1.411896946776833,1.5088237306434547,1.4768140550987632,1.4281842717398006,1.5189961609053009,1.4718212599238478,1.4576551048197657,1.428445578764937,1.50144637121592,1.4161879440545817,1.2978873486776972,1.2670608012807512,1.06341192432803,1.068801055638845,1.0499906498434985,0.6646709768307164,0.47341733844736095,0.4243128303685043,0.2640597341734756,0.19373030659977375
1.6799999999999997,-0.10781675381927941,0.027582972222573564,0.39256333010316014,0.5164277596198602,0.6827495753210656,0.845098868087085,0.9523251168315868,0.9596859446166361,1.116590063106297,1.3052625097319361,1.2425805006501736,1.3607168635401727,1.3705779654061705,1.478150155465689,1.4935027425776495,1.455959839072751,1.5112110468400661,1.462507029434922,1.463613270354895,1.4693060785875152,1.5070160376193638,1.4333189851915833,1.3233506111213367,1.2508733550524394,1.0663106825969482,1.0437148609471838,0.9775197314134001,0.6996618980768391,0.4707350277327249,0.4456645468328277,0.25828860527647773,0.20275933373356642
1.6899999999999995,-0.1435697751457649,0.011969754368746602,0.39127056210070477,0.5060447620839497,0.7483336749400654,0.8350857777584025,0.8574479686683766,0.986282299543876,1.0971548912561804,1.2334673999939088,1.2567028414511945,1.353005065163804,1.4274234465998559,1.46757010165003,1.4358836933885073,1.5305234319243,1.4934142039226888,1.5590553584174698,1.4506125043973819,1.4684113286998726,1.4966484582071233,1.4085139510370965,1.2708328944338414,1.2210353133653042,1.0615839173951913,0.9994655201800531,1.036016233101499,0.675604563151954,0.48513413524791543,0.46179505359096873,0.2796020974298715,0.22269401692590116
1.700000000000001,-0.10412075333333594,0.06828955250230219,0.42194862422682455,0.5192308256414914,0.73307594912095,0.8157245601545166,0.8402633126417098,0.9728869951993847,1.0429899237933133,1.2378592838173528,1.3135512429317053,1.3132779053593984,1.435284120452136,1.40909148359054,1.3927333806235047,1.5054771684418458,1.5039365703825314,1.5115435152332168,1.4567519687543715,1.4884001892877614,1.430392731453269,1.4210207832555057,1.2718286826073375,1.2061244375113505,1.102854907810418,0.9835442468294567,0.9892543004253979,0.6637129206949206,0.5004969180101846,0.47142541581894887,0.22340146612674747,0.2525613534154427
1.7100000000000009,-0.08259235481399113,0.056176187011861806,0.4325823800646934,0.502786937079747,0.6368884239545239,0.7209587391156554,0.8765562292548524,0.9490005873997587,1.0405119790244959,1.233317205560435,1.3302433615525318,1.303348335072411,1.465502082712168,1.471637529327245,1.5157047071698697,1.5044307823948113,1.5686139119473819,1.5581389212852537,1.531018251282648,1.47990123660805,1.4671742970530224,1.44905486703337,1.3166014444671639,1.2601346214971336,1.0879944816809752,0.9718834669372794,0.9414061960828741,0.6354953708327401,0.5115797763429477,0.43296867277039697,0.22748358075996547,0.20340654158289495
1.7200000000000006,-0.07697992318419632,0.06372445418874474,0.4146436598552659,0.5055627961855385,0.7559146807730199,0.7683146843711047,0.8491758841845921,0.9816617192722645,1.1343085174248764,1.268178617035724,1.2891861776877573,1.3872513729355853,1.348033234285975,1.470074424226363,1.491196353377719,1.5153127182438908,1.5204883056288925,1.5024778423954732,1.4478913707666843,1.4644387519769166,1.434920226371195,1.4255239757758855,1.32158421642694,1.2825694849546778,1.109078217443373,0.926624662724928,0.8718911648557001,0.6400903814254921,0.4494997972071196,0.4707939669318166,0.19001978925361415,0.2217278298406814
1.7300000000000004,-0.09381356510540971,0.08980982263420591,0.46300920814847973,0.4592581428716033,0.6794558399110836,0.7778937265894958,0.8797110245766265,0.9459550202567742,1.1263783382185997,1.267888303179423,1.31680546027836,1.382745475377351,1.4419261109136743,1.460316519798266,1.436265828047074,1.4907330552153681,1.468646240827465,1.5995912416520779,1.5399295829892952,1.4346054248687647,1.4712948159941062,1.3925616814421151,1.3151226362580555,1.2680771384698688,1.1545862330676018,0.9325578793995875,0.885643995969051,0.5654281707339441,0.4463366261477624,0.47026737542380953,0.18388104245768527,0.23503721775595976
1.7400000000000002,-0.09407097994047069,0.03925169830357184,0.48894055753796845,0.5023356397468717,0.712766543196826,0.7826294342034646,0.8662774783076932,0.9562776757104551,1.1062551985048519,1.2502522869948232,1.3682567678724353,1.3571703812388511,1.3976543679581124,1.4697842850125962,1.4993810800373328,1.5231345246477574,1.57738515063444,1.5291257010542463,1.4732077633658,1.4020093430158596,1.4135871141241476,1.4156619874535743,1.3021352960204156,1.2033637289618944,1.1352549952907005,0.9452217294391896,0.8609055263203979,0.6466710832578231,0.48784470107545486,0.4953761756207404,0.21321389727299456,0.2427673490263484
1.75,0.03187187124278687,0.07265928299274749,0.47986524337489156,0.5086146059533179,0.6238223377304019,0.7435975446705699,0.835314399565012,0.976647131655633,1.10579795208393,1.1872420742691216,1.3213443285038493,1.4106651397939252,1.3893467257051073,1.475358055717577,1.483228982309528,1.5058266906204678,1.5398258076907048,1.515902321184653,1.5074519663177937,1.4763313351772673,1.39829167735537,1.3858141127111827,1.3732772284789654,1.2337878662337733,1.1787070599513785,0.8791380966232254,0.8695549408726496,0.6283441335446179,0.5162412579938168,0.546592138938159,0.2082712397205843,0.333932935985578
1.7599999999999998,-0.04894907894115381,0.06761927248816287,0.3912742552477685,0.4839017640968368,0.6599694857231052,0.805860132298245,0.8643896458692538,0.9692140388613364,1.0776470970126255,1.224911787848558,1.273883823068476,1.3723901114484278,1.4139680315540315,1.4233209072265753,1.5143506387008694,1.5478680890896808,1.547685236100234,1.547414272306266,1.5331055968974001,1.462764878347686,1.414594473663049,1.4689290785514153,1.3364828909295285,1.1860714040400717,1.1657010668273335,0.8825045595292594,0.8983580612969589,0.6808669614325689,0.5203969668766336,0.44978173989737197,0.2457062771373478,0.24247260304950277
1.7699999999999996,0.019484079985532473,0.12367537009271232,0.5140802575272228,0.4628204891937193,0.6056896434966461,0.7758552941004409,0.8847400000464185,0.970039679959862,1.0614309120658347,1.202382806736511,1.241170351934505,1.3163714723798678,1.3955539504982506,1.432775225454791,1.44732175467186,1.488921530892035,1.4551369578948348,1.5153820913024034,1.5217213200324406,1.524158962017795,1.3542598128599068,1.3688771943488034,1.3131049061602282,1.2551913522876115,1.1865921139141742,0.9693658602888856,0.8242623987751732,0.6563737984159733,0.605126262814827,0.5083272633946933,0.25127885983766374,0.34531242560210834
1.7799999999999994,-0.05594179401891496,0.1007239275256929,0.4576871479040185,0.45409737766751196,0.6566709153259942,0.7685879552416272,0.8457706558918902,0.9793303027491643,1.0937009337762353,1.2137407609265023,1.3020787021957352,1.4381251883581287,1.4445660514016159,1.4769931306448025,1.4559200901840157,1.5406572146330453,1.5047676025824996,1.4703572457136476,1.482060561135627,1.4381133564291775,1.3124867599993766,1.374700968642792,1.2765816108756045,1.2887152960346535,1.1799687557951903,0.9661992946835214,0.8633793182220314,0.6625227946733191,0.6128466508312417,0.5730257015073107,0.2949529984472277,0.320985377405803
1.790000000000001,-0.018917385914065166,0.1431356368323783,0.48648261701123385,0.49503091087159395,0.5571118592569344,0.6575136870680985,0.8540433787468817,1.0189595820892383,1.1008547209477628,1.1492936123557764,1.2920362420339675,1.3818420412599557,1.434079035205085,1.449708490887178,1.4408144074689357,1.5003703874088943,1.5045097860725956,1.5119443165762612,1.5263125222218368,1.5014907073238273,1.4057921106157112,1.4117577918372437,1.304304092101304,1.2704192778327614,1.1316601697870143,0.9239599523149064,0.8378452817890212,0.7184203984621667,0.5576698631974307,0.5606284667320323,0.3213389443299567,0.3503240618658645
1.8000000000000007,0.012702312127553309,0.11666207742987693,0.4871668441875997,0.4325517912130162,0.5562421079219971,0.7709615077322396,0.8605433144870521,0.9732966850819184,1.1395094999809126,1.2404958377087216,1.3637818729716051,1.3395615612447747,1.4110343710597828,1.4862877963571945,1.4630935729027654,1.4674864008778559,1.5195293779923367,1.4813811149436558,1.4856797724620439,1.4876312945325885,1.3783783090244364,1.3647674754989336,1.3108701830147782,1.3072727380790354,1.1923522281477938,0.8998237292312609,0.8332759044301696,0.7182650586071017,0.6326938487292412,0.6124551606044987,0.31456402979129783,0.34384760570232764
1.8100000000000005,-0.03450685372198638,0.15484276644007722,0.5203305852274462,0.42681595249322213,0.5545425669788405,0.711290596702187,0.8664967094945905,0.9161099345293126,1.0871041914432482,1.1508080199407278,1.296267196653006,1.3771211197860953,1.4358020672012548,1.462616522531433,1.5382392572231216,1.5551003227734113,1.5123617384579244,1.530395124988485,1.5606756317296704,1.4779465080225305,1.3584403152224864,1.4142683537009464,1.3230940894351821,1.2813531786310504,1.1887395736198834,0.9843363202576152,0.8661749407522534,0.7587509881492167,0.6198346404215828,0.5955963005864136,0.3815508693708915,0.40047060512426935
1.8200000000000003,0.004357850991775972,0.14427780427780992,0.4629099420159275,0.43220395352847996,0.5425295421771976,0.6645966570458605,0.8273359768755475,0.9569376027734068,1.0767587103289722,1.1661547737389746,1.304939385338934,1.3763572532368558,1.4118340681943864,1.427951131629773,1.4766070322340181,1.532729203397937,1.5128275986954864,1.5006030233704493,1.4860864572782833,1.4849101545511838,1.386290414823595,1.4253716283131457,1.3502764876560898,1.272834985580924,1.23473836697964,0.9280841930304138,0.8308831575824257,0.7386150348843665,0.624424541028922,0.5627144548897085,0.36197531511412917,0.4229331676258674
1.83,-0.0003932438128799176,0.1286330640318333,0.4374384069030964,0.36138681592769234,0.5185096118829788,0.6849897201333688,0.7998145364126136,1.0075625272165847,1.090927820795459,1.1953615169952676,1.3499150623609042,1.4404304388466311,1.4284155332734922,1.4280965795056033,1.5270264202223127,1.5121950955166354,1.4882664757111541,1.455946871698732,1.4533861475685996,1.456557288713097,1.3594386466342243,1.387629516452932,1.3319674940933641,1.263946394308123,1.235647282667419,0.9279428994401444,0.7813512367455109,0.8090838361725904,0.7261806934653164,0.6543940273397886,0.42416656859533153,0.3919810959900813
1.8399999999999999,-0.022110149569454937,0.13864374046796124,0.3400849806184004,0.3710381167886144,0.594618779746611,0.7138406349344079,0.8801772285902952,1.0511722969043993,1.1591583129966465,1.2201338559729906,1.2610415494570533,1.3677415905854904,1.4353503279862645,1.4088727702815365,1.3748721191658575,1.4962289632585757,1.5135676832017573,1.5548848182270805,1.4751665191889347,1.5094859193343848,1.3109419249030556,1.422237384420581,1.418140028161612,1.221639694091066,1.2204895560059281,0.9766632925517841,0.8035820498709826,0.7415764012738111,0.653332371309429,0.652206539737716,0.4309918286881887,0.34231329609440153
1.8499999999999996,-0.0018292459574247473,0.13025601741430662,0.4118015640220899,0.4054129232582159,0.5467293869511083,0.6873345586011604,0.8814299611965202,0.96734815198285,1.0862805444622279,1.1829097696853457,1.3702590704151065,1.3553661778590076,1.4664714462834878,1.4422539308276467,1.4385313165154399,1.4725506011724492,1.4725686297783773,1.505119871749806,1.493326763218778,1.4177858347083152,1.3737594094879966,1.3487725043670773,1.3386676120060137,1.249065016138365,1.20395003699122,0.9830828224270202,0.7940164990752366,0.7822098613908023,0.7438355595209875,0.6803162167195692,0.44223567221434046,0.337018868545559
1.8599999999999994,0.013523675100882367,0.06352784513883152,0.34586758707794857,0.3705018099864708,0.5289484635832326,0.6924445778422462,0.8791835869110722,1.030890290591196,1.1131759446039058,1.2040100604471087,1.2530132533223086,1.3350245783899801,1.408003149048562,1.5224414506437134,1.4547633249984653,1.4880236839499599,1.49520825459737,1.5485371186607648,1.5448954415364058,1.5283703272235445,1.3448061504693138,1.3540012622355349,1.3659704842570386,1.2388313404186095,1.2354311745485242,0.9826063335770505,0.8025456074595418,0.7782874470793547,0.6648350176119007,0.6880687206468189,0.46035222036580625,0.28387021155336234
1.870000000000001,-0.08014635403945124,0.07512389531382652,0.3618386220650182,0.3592270332735078,0.5679353735704771,0.7096146691208645,0.8619961273980693,1.015179094533205,1.138801553287774,1.256881856645786,1.308773461929977,1.369539875626469,1.4198711334397622,1.4967982830473634,1.4500970214984015,1.5215986030376971,1.547215252264531,1.4694400917963804,1.5009316784760638,1.4827458205751696,1.3654879142274206,1.4080141690761738,1.3720655272362121,1.224671778575366,1.2685979293441825,1.0665615549134142,0.7832943353610611,0.8342259499907023,0.7089339802961011,0.6131013286974428,0.4823167716972736,0.2904194056722706
1.8800000000000008,-0.0638736290854969,0.12253064446608679,0.3776972442661991,0.37651311977736396,0.6131620777920044,0.7037801575637193,0.9072376772407766,1.0484318243030204,1.117204400405213,1.2080651438095467,1.366923181923666,1.3856277688872307,1.4276421888958841,1.4725906010238037,1.5267720070867365,1.4341016722054978,1.4869108793263317,1.5039056153821841,1.5452832570804274,1.4948377598223594,1.351600147987468,1.381278509748065,1.3482585956759363,1.2768036969475762,1.2455203238889319,0.9919425576988594,0.8443378516960284,0.8396128248590976,0.7309875290681574,0.6237519130186988,0.49380753893799656,0.24429888228057345
1.8900000000000006,-0.051472081180721586,0.11616284795803926,0.30200961225516215,0.4548212269071368,0.5761231399540787,0.7074972753453606,0.9050259914252956,1.0412353288060228,1.1544318482539138,1.1844460543737776,1.3274689891739053,1.3642092949735034,1.37831386668383,1.4620514150279786,1.4939731708570352,1.4747139494155261,1.5165945003033363,1.5651705560656999,1.492992681053248,1.4587332993968483,1.407169399936665,1.416802258187732,1.3324932614409934,1.2011828332533478,1.1751967832444663,0.9624895792949673,0.815529055089752,0.8841650857477859,0.7411298400033606,0.6470894470773737,0.585810726206346,0.2741627332329264
1.9000000000000004,-0.0901844381679136,0.14041501148316687,0.32707655621139115,0.387161535339157,0.5922732104804148,0.7655574513125837,0.8802871563730155,0.9774539039450586,1.1523196644975653,1.200152356563521,1.2980247787380672,1.3617935321118988,1.4114462855761045,1.462872252419535,1.4875899778257282,1.529183754988299,1.472882303692877,1.4921555909458366,1.5275189830358396,1.527647736107253,1.3551799135510103,1.3927333531231891,1.3672602050639442,1.2166735822950525,1.1124864293796717,0.9993419755385854,0.813128032638682,0.8079902192663483,0.762972533135783,0.6107823251100556,0.4798337864484113,0.16919875700877327
1.9100000000000001,-0.04535589853065134,0.12567512206279793,0.3076170063674725,0.4177078953460159,0.5493081594019922,0.6420565025015813,0.9449175117328104,1.052996885527417,1.1685359791250896,1.2519492152630196,1.3144105528519068,1.4027862353274547,1.4563599349852379,1.4614882959060718,1.5025083721669035,1.517361016038468,1.5135086185778979,1.5091476794060195,1.4503410506205479,1.4621153721567317,1.3770799116744907,1.3921784868044509,1.3612320286518038,1.2121924568433973,1.186420423729448,0.9909964347928782,0.8243927969061476,0.8544679618415771,0.7524415023265324,0.5944301224675118,0.49123397046835443,0.20624653513849578
1.92,-0.05164680385275314,0.12661991379287632,0.28275755611163056,0.44395761911160486,0.6194890624914333,0.7321862988086418,0.8792172844056734,1.1101016447326295,1.1712618892417521,1.2493482171011374,1.3867770297607285,1.3967130423865013,1.3463664790651924,1.4820192941179096,1.477256915176936,1.5091618482536129,1.5025951052359312,1.501293192807614,1.516627426131816,1.460051302576407,1.338318148961211,1.3799413251208272,1.318795253931262,1.146896692986723,1.10407322090298,0.9580016561730792,0.8238929814171748,0.8041416660127098,0.7567088226678614,0.5867650659018812,0.517294319682406,0.19576118158356212
1.9299999999999997,-0.08174412285908562,0.13299276667026608,0.26255869552688166,0.49875472946256255,0.6595123553068862,0.7208892105794799,0.9050435342287642,1.0457473115668297,1.1613337291246655,1.2663187596218868,1.3567403796593005,1.3909249140516615,1.4054790134124144,1.4666799700631759,1.4688560621720077,1.5162363690002043,1.594963800728507,1.4462788550580243,1.5103403712511598,1.4575485195785838,1.3501357011583717,1.3704495930795313,1.3737668071827203,1.1621106718594298,1.089954690774747,0.9071112931319244,0.77529530439131,0.8280261346994765,0.755795006850385,0.5606753886041936,0.4891409369844132,0.13294099264294826
1.9399999999999995,0.016154027383224186,0.11869736261178586,0.251879953745617,0.516260533037951,0.5884674050158124,0.693639830546418,0.9461505984503057,1.1380193929882407,1.1825669802796062,1.1899840564294597,1.3063131986922392,1.384494194317199,1.4311133550535509,1.4563542755419727,1.4428661285424356,1.4739092669879055,1.5577393355544844,1.4773059047348347,1.5289718998105115,1.4605940157303923,1.3172745956173033,1.4271940108360954,1.3036437791316162,1.1643898399431925,1.18865227989713,1.000102381667073,0.849597244668807,0.7968520218106799,0.7378468345780557,0.6122285777700309,0.46948370775354187,0.1350379200717997
1.950000000000001,0.013440636519073675,0.10671231874711146,0.31318752115389575,0.4828580307666229,0.5829164013693066,0.6996667059952982,0.9885050055353498,1.0763646415249117,1.1666094055982685,1.2218885889582434,1.3286877743356678,1.3581631807924224,1.4563982840287066,1.4858107806436167,1.5005370106759182,1.5583711394338244,1.5413156030420003,1.5114206693799621,1.5196786305591876,1.502303144000156,1.3512050537175175,1.3285149735162154,1.3042752690991504,1.1662898220005142,1.0907368399258233,1.0034441018924476,0.8747061776118328,0.8397399808883991,0.7099288010672732,0.5349399679537391,0.5118375477415706,0.18699407564768994
1.9600000000000009,-0.005639469753496313,0.14429671133946034,0.3314898527447555,0.5494587539309758,0.6414915901932069,0.8279689862521769,1.0145522514545977,1.104086284781785,1.188280068325274,1.2299711063663428,1.2903265947977782,1.335116122395547,1.4087349368614595,1.495394585147385,1.4428935638532723,1.52901098460377,1.5343866440335077,1.4729316640809038,1.572566204050819,1.4310770673463264,1.3637190767434395,1.3704254847426156,1.3087172823552802,1.112384002472457,1.0582867669888674,0.9372134909086923,0.8498286484600176,0.8510811926626202,0.7718655203102129,0.4795806590236494,0.5224956921512364,0.17508844269633134
1.9700000000000006,0.0013370682909785749,0.2353976637330644,0.26199034961196443,0.5315824293164486,0.6485606123056524,0.8088738702529513,0.9872962941559698,1.0374267795247674,1.2301802871186907,1.2302007976359735,1.349229849482224,1.3608333158879624,1.4024678930671859,1.421789781695806,1.514943874653698,1.5036632181641603,1.5169252651848069,1.5371401275451437,1.4912034279273056,1.5209633729309942,1.393608759413275,1.4003491792815177,1.3406650335142862,1.1581723950510774,1.1187495336041857,1.01910024847843,0.8751296381544207,0.897683484530784,0.7505212990322331,0.4839554696971132,0.38705537418842434,0.06302694474411659
1.9800000000000004,0.009169795912298953,0.24140418720998535,0.2727922741551995,0.5543449827304084,0.6694840974550003,0.817480233781089,0.9906623187075749,1.0820494803507188,1.1818508059625434,1.236633362420189,1.2945258015864576,1.3690525985423088,1.441065404437273,1.4468109903978943,1.5335790338009776,1.462443931387088,1.4842933233853122,1.4604110270920763,1.5054649878909112,1.5091291424725415,1.3556947692927648,1.3404105361340304,1.3523854449694148,1.1410279114048494,1.037414263104435,0.9847634299318809,0.8267294617553899,0.8187466350088436,0.7263786586237974,0.5034185504989523,0.4148406582405621,0.10551130883723939
1.9900000000000002,0.01862575099591215,0.24581277232444626,0.2710287937410146,0.5964607018785572,0.6151164085585793,0.8422364118761271,1.0263857341913605,1.106778022741709,1.1797120882080456,1.1647753411875965,1.296567794399662,1.3304529947562729,1.3895032214345724,1.4433154931769852,1.4872503273999613,1.4934941069300673,1.5613859463834898,1.5299976341726733,1.4892737650008834,1.4565577773053862,1.3515415878659973,1.3123221383840848,1.2719946310214445,1.130384899279309,0.9932433065375681,1.0103298686062452,0.8814728593934986,0.9137459616114927,0.714243910580086,0.37444872391053474,0.4980375009240949,0.08286526369736226
2.0,0.11965039318477372,0.22988087780012945,0.256548414399128,0.560935209166288,0.6561202568948178,0.803582178764344,0.9775436805653385,1.0857070046613893,1.1162859064168003,1.2432331834485417,1.3049763971143984,1.3551794057678517,1.4127840732134962,1.4594410446889379,1.4285834499053576,1.4971801971506196,1.5285344543852601,1.5242386023162824,1.4797373766004043,1.4396847379107516,1.3608923265210318,1.4084827977828682,1.3497474119204025,1.1247583621033412,1.0404271488474324,1.0345572366253641,0.9134527962122728,0.8740784075143196,0.7547205402869471,0.39687142525467495,0.36948020801315634,0.08503285279203457
2.01,0.09009022615158327,0.303513908784396,0.30979211389185896,0.5980356177204742,0.6883477809823058,0.8590072535572559,1.0066568553743749,1.10917304836606,1.1494700193517537,1.2008519639289281,1.3030006425515006,1.322862836869216,1.402466669492528,1.3405663311578357,1.4309717245267692,1.516738921394797,1.5065550679615367,1.5346126301435208,1.489645412637999,1.4892468127052807,1.3621975834879547,1.2981732520109164,1.3681416608452042,1.1361280326334664,1.0881970614269387,1.0358396228546236,0.9040452301527873,0.9273447109692592,0.7928711670545278,0.45667864972488886,0.4089227386467787,0.0775057951880193
2.0199999999999996,0.046833811256586685,0.21657299134007202,0.3257335777484083,0.5940270166147391,0.7001784255607374,0.8725282820032105,0.9628312463080726,1.0486379375184345,1.1479871607640737,1.2551191835546285,1.2861888675275683,1.3528427270383363,1.4304824242786978,1.4581654073223747,1.4615729443456873,1.5082629847533011,1.501088533005078,1.4521284776456247,1.5198684946333025,1.463368864476221,1.4133585383809875,1.303451195139259,1.3459664413800843,1.124692089047184,1.0092806077410619,1.066308873749251,0.9324686825047747,0.871392142243251,0.7385073093799698,0.38813682782382675,0.36687024015769165,0.07544799794019871
2.0299999999999994,0.04551242934710602,0.2779282406004668,0.25111797104788636,0.6423225033912148,0.6855746666195648,0.8291938952951257,1.0138395790661072,1.0717742101315513,1.137625416435541,1.2097333504822856,1.3096740783391168,1.3646173081188424,1.454917156900345,1.4614161504091234,1.4737983884038273,1.4551762408967277,1.5099358348548357,1.4766573457307157,1.5163794266825223,1.5516034752956431,1.441990627222066,1.3746483753888143,1.359648358717792,1.1412177373497359,1.0314474288324031,1.0928553932680218,0.9153330252495111,0.9056753159008234,0.7386041138452681,0.3855144551103172,0.3479402028989212,0.11049438096252745
2.040000000000001,0.046122927269742736,0.2709996297748861,0.30407197562902993,0.627428243787434,0.6444409399043549,0.826190490458871,0.9726518787841701,1.0408113418506908,1.1571658595522654,1.2113089720362513,1.3291157588241378,1.3702855116124135,1.4142074237560087,1.5015999627425087,1.5134601771750746,1.5142539148745064,1.4969125426878656,1.4401603169551231,1.5190106761844282,1.4711497355083247,1.3558444148258388,1.2906400261817417,1.2897356663884245,1.1462240296594768,1.0177094649092213,1.0123915382739654,0.9300747157224318,0.917012895850723,0.7676835428522744,0.40388245494656,0.28260112575317364,0.10163565589312268
2.0500000000000007,0.1773489381620542,0.29272009802909316,0.30912587324464974,0.6568200454976967,0.6562842187512486,0.838876856348803,1.0181098628787226,1.0691029399839782,1.1417031637053388,1.3066374521194009,1.347404230912781,1.4161617937063546,1.440170413822512,1.4697751902014864,1.4380781269185423,1.457901596813866,1.5081591801452188,1.487228118614359,1.4583322189201056,1.4381906204848887,1.3783952954402192,1.3607463106252438,1.3000250954325963,1.1117759681976769,0.9883287306695323,1.084053067690305,0.920235399763994,0.8862334606961456,0.7467515954375435,0.4079422329367097,0.3454258716516006,0.09439460285315654
2.0600000000000005,0.053239572880873574,0.292483906209238,0.3724421365592881,0.6146576835073128,0.6972376044260241,0.8641033643807593,1.01487584071864,1.1074143547602326,1.1798910608800428,1.1760857193799552,1.2602725218046267,1.3436750356154616,1.3946132846957586,1.5010249523072243,1.4764416379149081,1.5592987819983777,1.4785292191287445,1.5627038139942198,1.5290907273911645,1.469527363206725,1.3825863737760913,1.323779595872438,1.351205840742773,1.149386634540877,1.0148211087536694,1.0340457398557092,0.9240439131915981,0.9094883834057288,0.6979430567659624,0.3400957639356664,0.3111965420129839,0.034410309817884344
2.0700000000000003,0.10178696495036725,0.2517300327750758,0.26293165270382335,0.611854849476831,0.7387890074135416,0.895397188842586,0.9676097525818931,1.0628957702842192,1.0909414097000592,1.2083891442501429,1.2786235282386265,1.360368720764416,1.4192451724935418,1.4683865423786577,1.463002936882489,1.4692243817649484,1.5065388903452943,1.4846256847259245,1.4357883696798566,1.5253172152379173,1.3919724626003414,1.3738550947075012,1.3454162327815922,1.1056878407459911,1.009591798234103,1.0874756423410434,0.9560246497600039,0.8610031941930861,0.7652236576942459,0.3405374385959914,0.303695867920475,0.10524732199959368
2.08,0.13334117869593556,0.30499932649390304,0.29548668483012797,0.5711766433127808,0.668958588013408,0.9032345943708443,1.0187877929534923,1.0544880601446485,1.0899358352522641,1.2085561461969065,1.313845033792027,1.3826094372591633,1.4043296944796644,1.4585612341015977,1.4539280878612315,1.5029437556832348,1.544974138367735,1.5043593577161478,1.4686830097805579,1.456128501212771,1.4013333239564105,1.2920604243132532,1.3909682436464401,1.1663694564866485,0.9955236882524623,1.089136373923902,0.9806230170428558,0.8844756100744579,0.739972765004061,0.4002325925601608,0.2895408744243746,0.1032795565751844
2.09,0.172495662069588,0.30159894562543027,0.2537261363875266,0.5956326266270884,0.6553737840319215,0.8917050833082389,0.9566379720232723,1.1043509329616854,1.1517070514860566,1.2269594331165525,1.328918641427419,1.3098607809639533,1.3940778111286907,1.4489395658052002,1.493475892908537,1.4957612349266909,1.555916250628896,1.485834732604114,1.5656403955793834,1.4845016657074401,1.3816483731310811,1.3454733051172145,1.314501951126299,1.1236446244046248,0.9955821599243609,1.0889074285117655,0.9471143902964003,0.9008566573003084,0.732810073698137,0.3774873464071455,0.2457232596775431,0.15474065391080055
2.0999999999999996,0.10072652974501496,0.2875738496662257,0.28657996341920006,0.5994673499693034,0.662869272299575,0.8621613937217676,0.9183453186844655,1.0621651503010894,1.1169827628769986,1.2128012494543203,1.2763444057572004,1.3500746991674661,1.4513950218247014,1.5121683810474458,1.5073815258676782,1.5170703189555148,1.4858963944386447,1.4873285245877517,1.4684380373488635,1.4978982593927992,1.3914599311441558,1.252211225901418,1.3217292241785628,1.2307731665278852,1.0334493323848277,1.1209587267325762,0.9730105660081048,0.8652613415296463,0.6892584095528073,0.37319093423405203,0.2939632039278765,0.08458612838348452
2.1099999999999994,0.15316861968404455,0.28433067438995696,0.2722338925811427,0.613285238667804,0.735466977914871,0.9309633957650494,0.9194618257978301,1.0396157241450845,1.164948509645592,1.2324668619848258,1.2611464649884252,1.3673449310976602,1.4269589361271113,1.4560872309127044,1.5241454057206523,1.560199037124598,1.5137459847802273,1.5353383936237723,1.5553862556643938,1.4270744124377601,1.4498185922626865,1.3667417695280482,1.3293057583771286,1.1702505561747907,0.9849677889867333,1.0827506925755659,0.9749446195549749,0.8768319814414995,0.703443152333141,0.34075437097103933,0.2556519936154569,0.11319953655591639
2.120000000000001,0.0647648194069759,0.30072233364717643,0.30524247062735577,0.599717623637411,0.6929958942118055,0.855162705885897,0.9601218553777728,1.0608642378857405,1.1236657598041409,1.1942440429511478,1.258839224308469,1.3378738090164857,1.3792169597102275,1.4446533194884554,1.5015713057718196,1.5018876353048545,1.5211130291353336,1.4886308436841067,1.489900501403413,1.5378408865207205,1.4294222953633788,1.4006648543827775,1.334204928623854,1.1983652247352425,1.0385346129422401,1.1674520318044534,0.9901679618306478,0.8573653898283118,0.7177210770152861,0.38146141674590184,0.24762589557518558,0.0904660621036323
2.130000000000001,0.17901101514757567,0.2795738268221432,0.3017430519544743,0.5925975387753236,0.6154675875319436,0.8444178025612746,0.947880876409881,1.0505918156236562,1.1433178772444546,1.2431191248647295,1.2998858022215634,1.3813134486132461,1.4786329802366118,1.4889530563273599,1.4830972601986374,1.545694626635268,1.540188913518298,1.4584567982814296,1.5038553240650145,1.4652779361956905,1.3501358326099748,1.3228882273739109,1.3257979205498154,1.2098288334050946,1.0667921472519113,1.0931666709506214,0.957637118606352,0.844720927177695,0.6557391083880328,0.373664061063248,0.28488216753918666,0.1154134369599896
2.1400000000000006,0.18868513834428793,0.30954387815730583,0.24508150167969103,0.5227507420163555,0.6782846243930978,0.8509035515332586,0.9193507613872696,0.9935193813790757,1.0785259981871853,1.2158064588735535,1.2572622550299624,1.337235079925134,1.3984737229713247,1.511897351852787,1.483983502793749,1.523803144245559,1.524548929578108,1.5016066029266129,1.4380469326862269,1.498432787953886,1.4486264833963718,1.3147318472224985,1.4144040115652807,1.2058116905706842,1.0240506986980664,1.088810507343762,0.9939135990273164,0.8596643603644399,0.6598230607055434,0.3921140903277343,0.2191656154143441,0.1182157920404725
2.1500000000000004,0.20046866114900913,0.27267535558633504,0.2490715225598129,0.5199082013260949,0.661769374465526,0.8168770272141362,0.9174869270359599,1.0849679593552877,1.147577684549806,1.2117044294538475,1.3475178682964517,1.4014091532303565,1.4364008396294703,1.4511932144608988,1.5116612227553587,1.5629500829043637,1.470321697424719,1.4985699694376222,1.5434414535936967,1.460200679966012,1.4564323679768185,1.2959569453831032,1.2963751361777107,1.2114348655828735,1.0453425589001113,1.141352121163741,0.9834104357150416,0.8107588379782729,0.7054535403424291,0.4192961587330692,0.2044179804697873,0.0526000743563928
2.16,0.18650082429464923,0.30743363985096556,0.34577053147488823,0.5879124616910031,0.7047335339303237,0.8367696675049816,0.8623578883526078,1.051972636236038,1.173888042431212,1.2951468216433255,1.3210722568095687,1.365449956396491,1.4131168269980583,1.4813178326486685,1.504996991329088,1.5308588184703675,1.5073209152765636,1.4830321850085015,1.4698324236235076,1.42216811044691,1.4324545126015285,1.2298526581247178,1.3046874863462412,1.2205289839568552,1.0515596607483693,1.0460250634675383,1.0147953148628315,0.8557126393349417,0.6776909156293253,0.42509019654960534,0.20047542689454148,0.055208493731043355
2.17,0.11812868631470977,0.27306463475256615,0.34082155188167673,0.576110750545334,0.680592286043841,0.7605937722729588,0.8936635737716478,1.0392054276121987,1.1389545855020353,1.2690638929612026,1.2865415710064823,1.372375256351499,1.4255352681362647,1.458109425928398,1.463604931057592,1.5030620381939,1.43701580990676,1.4627497849474973,1.4701726050296193,1.4126099567288146,1.404189138393233,1.2197297877372146,1.2336870650910714,1.2671296243165135,1.088197604580728,1.1093140098179257,0.9636913187915757,0.8239818150624365,0.6289775969998299,0.42288359101039397,0.21319188467101802,0.07838313946611405
2.1799999999999997,0.12667739147027215,0.26279849708103614,0.30661419255593425,0.5201962601962279,0.7556521509928709,0.8031941153784636,0.9339339648452154,1.0317773531945926,1.1586189081175955,1.2303216238500454,1.2756264291316397,1.3510905174048096,1.4412530484754615,1.4920705978317488,1.5053897633071571,1.51321242458154,1.5616160844198101,1.434582360118124,1.5138119853207472,1.467443821022823,1.4580155828154029,1.3223308966503267,1.270476352705507,1.1778542574138664,1.072048434906009,1.1586473310099776,0.9918016431330187,0.8240025114892039,0.6435604103319916,0.3870790480128717,0.15233325870322967,0.08118130246619318
2.1899999999999995,0.1409172738527846,0.2918328503950476,0.31204782008468124,0.5233409627701353,0.759265201098755,0.7802751423676758,0.8780343750056493,1.0260677677736765,1.1461410780836727,1.2645188248938208,1.2918611049278326,1.3563225592317916,1.4034658425168913,1.426642878660576,1.4549642744531845,1.5265903245467256,1.5217303581085686,1.5281938198364953,1.5197740361471104,1.4607344325078961,1.4117526604036512,1.352899356610496,1.2408526139628708,1.2198926522368312,1.1193629837019572,1.1665273901808233,0.9674840917219768,0.7511862097950699,0.5977053351783065,0.3991147204304782,0.18659908296830446,0.10066906365242155
2.200000000000001,0.14799354120980215,0.2867097070808708,0.38018578043274104,0.43857080334346255,0.7442116864588421,0.8041455438569698,0.9178359186913968,1.0110893723404288,1.1219844841708795,1.2372123309599086,1.270803965297694,1.3749708177389028,1.401418951466288,1.471744337175165,1.5261901744631825,1.5329891260700939,1.5424119984619957,1.463087965946615,1.514033672330744,1.397304465469963,1.435053174643674,1.2891952966563796,1.1915398071998453,1.2714129299277221,1.140193938560433,1.086812317524189,1.0182546889425463,0.7741745633009389,0.6415412878935458,0.42276746307137236,0.18985508516307176,0.07570406998827739
2.210000000000001,0.11802652672280625,0.2730565322651223,0.3557930137130212,0.5153066399104791,0.7172315088455631,0.8065983470299652,0.9313819640389752,1.0259214791520488,1.1120337938766296,1.2280994392711277,1.2888418624456803,1.333882519968692,1.3907272823472057,1.3973877042328073,1.4457806831833642,1.4348252106515966,1.5241205450055275,1.4863751062792714,1.5186885762258733,1.4093487855104363,1.4022784955685828,1.235099955411657,1.2487705880845497,1.2515419972266784,1.1468555505377216,1.1272459986873478,0.9925968181253736,0.7989197468777361,0.6300653028631518,0.4720744732919354,0.21475228546623537,0.1559697225403277
2.2200000000000006,0.1070861989894449,0.2215732635400749,0.3573221631624122,0.5024486638540577,0.7117939210386109,0.7960117169834093,0.8532411477381439,1.0864250108374711,1.069935697849616,1.2318524187411921,1.276533684293395,1.384083153537983,1.4004981974787512,1.3966620469586046,1.4410859064646284,1.4690010817261343,1.506423374276004,1.422581411425201,1.4483607447638374,1.3915438783429923,1.4111131869605658,1.2858627876817679,1.2696741428367553,1.3035963775353567,1.152646478834484,1.1112824393451903,0.9746346649612612,0.7659308751895346,0.680613961532146,0.49836129240512356,0.27004835315367454,0.2570526806948628
2.2300000000000004,0.06089319646150981,0.2243160113437912,0.391682180496206,0.4385935714453086,0.6739884328349262,0.7675140075334355,0.8659089162000847,1.060394270500562,1.1415383417444767,1.2147579927352228,1.2759479330264925,1.4309273866094427,1.48391039112983,1.4588803938472483,1.4857018773532165,1.4790665273154995,1.4806627850516536,1.4441330785027968,1.4655624988386977,1.4327090254454113,1.413268784241743,1.287785382445997,1.2136689192568693,1.3306751912434507,1.2254861044830008,1.0214203964236168,0.9196633186943498,0.7362237918992021,0.6224236493632608,0.5550270913887702,0.2590368962634137,0.08587945771286039
2.24,0.023743912893088984,0.18068784946602873,0.34125876283299017,0.416292306599592,0.6938267808368836,0.7985604140113951,0.8555609743447148,1.0006068134986563,1.1035161776291824,1.2795758762180154,1.354858342159471,1.3135297912332278,1.4245522387047802,1.4752308625197086,1.5235250937374152,1.4886430717261545,1.5451862423195861,1.526665707153652,1.4659713166034896,1.4441653516017172,1.4044990093700502,1.2190489643806532,1.1833066158467433,1.3145945271512618,1.2486399502169214,1.1129832767308128,0.9785859595000374,0.7219216755782796,0.5797162336807395,0.5400627703584836,0.32228885373267724,0.1111754878705682
2.25,0.10527534286682727,0.2293978376971765,0.3560288866208656,0.5295597718896772,0.7496620055684705,0.7485938492226177,0.8426698714269361,0.9894000031295587,1.0485786998377484,1.2197300855907587,1.24722577230928,1.2807188448279057,1.3926884505989685,1.4328626061329963,1.4959670060386312,1.523539026787826,1.492311340543622,1.4700761505603626,1.4471006015096874,1.3241394632105885,1.4323984114018198,1.2252972726951443,1.2333145670872043,1.351605394508502,1.1770657748036593,1.0586390502036427,1.0194034482935033,0.7616015514840223,0.6523570719346073,0.5888623082481165,0.2720577753419415,0.0674618988715987
2.26,0.030688633996003703,0.2068346434020545,0.38152039073466915,0.3799743704913666,0.7241971600504256,0.7530069321079469,0.8133659157630064,1.0625649451399397,1.1609587702697914,1.2308165890343843,1.320696259072745,1.3727259476393763,1.3553192330871762,1.4235190602375258,1.4953309788695774,1.4666440107142686,1.4659744103168642,1.4770879048850258,1.4400248425443083,1.4111392828750073,1.426535634442587,1.3015654578535103,1.2246329239503475,1.3479510876105876,1.2079491829854834,1.0268152616066915,0.9419566785634125,0.7355642340991008,0.550864721227737,0.6093260807273725,0.296638055374793,0.1869007053243161
2.2699999999999996,0.10297867298002501,0.2051816046577524,0.40733919994925843,0.49040009376706956,0.7474917321994167,0.702235015450149,0.8213446541129926,1.012421430635051,1.1314443874709172,1.2686577425268353,1.3567029453863833,1.3983971849000714,1.3922563577450977,1.4865485226508925,1.4582919043625564,1.5045940519777834,1.4684112159135376,1.4725899301230316,1.52520792210106,1.3687541556111305,1.4705774251439263,1.2722894097527928,1.2120276953379476,1.3068663987934237,1.1892797734559881,1.106061458526511,0.9783478834825179,0.7307880198198037,0.595509114030266,0.6246934110143999,0.3061084042259607,0.1224055414724184
2.2799999999999994,0.0012174178279336255,0.13012417174280902,0.38505187171661265,0.4397959225044079,0.7389299654250554,0.7982529517561493,0.8161028983901871,0.9794941405618302,1.1307779045977002,1.2373125154370503,1.277879886760055,1.2936744439827268,1.3818124575132933,1.4246662764326377,1.4661722852529273,1.4684054773210216,1.4889964731074015,1.4287952608108634,1.5115664608043902,1.4004807541139483,1.4518229730533543,1.361218630294517,1.1161015323713277,1.3252369706585745,1.2163439016698396,1.0622406647261622,0.963142881743969,0.7049081517409442,0.5288414964759529,0.5890412777943609,0.32517010051542095,0.19159314035186123
2.290000000000001,0.021049908780519946,0.12931228745409845,0.41161841929894305,0.45771287738376626,0.6743429307867203,0.7097026874658696,0.8468805339944508,0.9919319813546734,1.0876318351603007,1.200712759544221,1.2454749011534396,1.3429908109405484,1.4117033981411098,1.4289047684328808,1.4569387580789324,1.4141558589930985,1.470592047787961,1.4657386177285272,1.4790606828403912,1.3927920059323808,1.4679703204767365,1.3573312297337423,1.1973091775885432,1.3325151555403483,1.2228336493795058,1.019981762316863,0.9898753108289827,0.6916185442911492,0.574674812295448,0.617039719096225,0.26549778410822567,0.13655647862163453
2.3000000000000007,-0.010221899546418858,0.14585958617806558,0.3903194644949769,0.42682744650814125,0.6744659389744999,0.7349417623879598,0.8751199027835791,1.0268686377730856,1.1365675776922572,1.2665004909814983,1.308401491391303,1.3679086301822232,1.395348615541988,1.4935331427847494,1.4739735485710719,1.4805203446761206,1.4949141212318113,1.444091077463594,1.4615746609279143,1.350549232079309,1.4837130597617454,1.3519838870001717,1.222741124025081,1.3356320131783401,1.2824196664214296,1.0148992973262876,0.935255388934298,0.6445452532093141,0.553742363840295,0.6578468458829769,0.3604784912287591,0.19263261281411914
2.3100000000000005,-0.06137447670816861,0.14346268387300803,0.4008316868943635,0.46227513623466954,0.690005113545307,0.7533287375950337,0.8501102986762903,0.9760900725646366,1.093667575115544,1.2300436652906364,1.3212736427101022,1.3984614328634206,1.41575092799116,1.458856775276461,1.4402359331728063,1.4728205505098557,1.4747647858810833,1.5188651752816913,1.446517494120843,1.3982038744766152,1.465166669661826,1.3733145464449648,1.1731832036957215,1.3503695200375094,1.2786786987440848,0.9669503146798593,0.9379793373131862,0.7192878185764185,0.5284033594684265,0.6406112537210762,0.44403806346872715,0.13563579473662654
2.3200000000000003,-0.06623925866546004,0.043150109404068146,0.39225154959757846,0.46061348343919334,0.7456706487511475,0.7583537528753056,0.8253539495332345,0.9756851994039265,1.0575615357049044,1.2168488601969216,1.1970953308600838,1.390141728719746,1.402130121346923,1.40949760818732,1.498532493211976,1.4392404390006677,1.4499849822590505,1.5181542243246768,1.4991469873278847,1.4378647730307197,1.4848976394840887,1.3835517662673618,1.177574754739389,1.2879274190378684,1.3045920713929537,1.0047280238399194,0.9895889823400912,0.7024267885539471,0.5416704524191086,0.6903545312267518,0.41314923300810025,0.21536910333943488
2.33,-0.03783390763810235,0.0657618576969506,0.4451599940349714,0.4561222523536125,0.7244523420272309,0.7375384010400526,0.8818970734439681,0.9947679334410726,1.172968892437063,1.2199867658531958,1.2205053163857877,1.3164304741534019,1.3645129238582612,1.40444214391266,1.486510274119229,1.5256022482546314,1.4992908176050854,1.515665263958966,1.4584487954528602,1.4198911750168977,1.4715892981768304,1.3507322619541717,1.2373704806799857,1.2957596402000826,1.282108041194672,0.972852143916516,0.937862617479333,0.6812540608962357,0.5190662210876424,0.6829205028111128,0.461968295675734,0.19906719331903897
2.34,-0.06805477344173161,0.03880965315595339,0.41009162830480533,0.4480752869705993,0.7082309922245139,0.6830229103973663,0.8956599271265627,0.9795995239366835,1.1356593806913255,1.2192477186181059,1.2441684502951154,1.3074514121235115,1.3728384620310892,1.4313925224200157,1.440784957423598,1.4762814581446084,1.4480022599302986,1.50189112179913,1.5089397941527445,1.4562745954012855,1.4439515903803837,1.3898215259156013,1.1759960713208766,1.2474414420708468,1.224704624958132,0.9906521793732022,0.9093123853583598,0.5645917228157222,0.4786409234223238,0.6366426011546034,0.3968695924057931,0.18146962058990254
2.3499999999999996,-0.09926992370998629,0.05408181204783859,0.3841526031543684,0.4495171462938082,0.6440699164871773,0.72105201400894,0.820411015026468,0.9397249365476771,1.1137026664472496,1.206632347365351,1.2040109365760414,1.3410225523783106,1.3706669776801523,1.4354235522488221,1.4560653761329527,1.448103689120425,1.4832905946264734,1.4716015077157725,1.4142618893014884,1.3603236694405814,1.419974348394867,1.382080049933351,1.2188744139062204,1.3089840901683287,1.276864030107296,0.9479036527989598,0.9178700868866058,0.6401139867568738,0.4930840409995647,0.5906734045590469,0.4348652495493038,0.17025948003507965
2.3599999999999994,-0.08734416689743095,-0.03197805568604689,0.4258456622369661,0.48308840699631955,0.6704948472115196,0.68017121949027,0.8984081031797913,0.9420746006560538,1.1736198697893951,1.256903514306542,1.2446079494656401,1.282657384737876,1.37479523809427,1.4633773273802904,1.4335551689312287,1.3945106210208635,1.4707774709843462,1.5337021303473843,1.4613239530275774,1.424915835404281,1.4109080064833526,1.4088936252726845,1.2337246111792985,1.2314973588806943,1.1996715598393235,0.9201723231322597,0.8903455675726293,0.6342385829297105,0.4878425219455605,0.6684047144184081,0.4509720781774761,0.18694819794722634
2.370000000000001,-0.10693746295481542,0.033379019377556274,0.38258859300314024,0.41245581379800567,0.6800252382473911,0.7511857181017786,0.8666032034362539,0.9688407202899681,1.0681643074981138,1.2334442477630254,1.218282933477754,1.3381292431269676,1.4146282156602703,1.3596040475256974,1.4399165699370935,1.4996084945273123,1.434983850508658,1.4904479031919404,1.4360550166290225,1.3957648171660242,1.3920122962625667,1.477579750071532,1.2489456616348598,1.227527563843342,1.2352765101736412,0.8996208366942564,0.8839053839297972,0.6416177554790348,0.5219720476140939,0.5931215961109301,0.4467451324516933,0.1641940735297848
2.380000000000001,-0.08949047388128667,0.05082219833586686,0.4052601340907863,0.4271665404578549,0.6247719157369047,0.767997595298784,0.9063580984020874,0.9284284388125159,1.1146015132915363,1.2247522980719006,1.2735367862306886,1.3440825536481487,1.4224142539888662,1.4841980620499413,1.4375264065756377,1.4859796323289045,1.5257133616302299,1.5179121482541447,1.4914286038407711,1.4067079134630023,1.4190484592200063,1.4496885025769806,1.2094802737535608,1.2139419268938276,1.2105597001237767,0.915292838989822,0.9132850895115846,0.7103781174779544,0.5335136752894482,0.6415265685573629,0.5044966140180529,0.1725122810442616
2.3900000000000006,-0.11648792605809744,0.024489395215783,0.44128032278645696,0.4718668591173275,0.666077547416479,0.7731818442875995,0.922354636606003,0.9665761500490979,1.0748230437519894,1.2223921362085326,1.262132612510209,1.3219713052656719,1.4304169723366178,1.4858274907329228,1.3822979902705312,1.4552634301807745,1.4654631143492856,1.5309661862425064,1.3773497325076043,1.3597882940738644,1.3606748631364218,1.4556177172360396,1.249752210556958,1.1519185243548051,1.1445455605212658,0.8608625975900628,0.8236373003932133,0.6228735562536254,0.5292409086509229,0.613199251994344,0.4426669902556287,0.2512438639113274
2.4000000000000004,-0.12892502962018837,0.06492224366561429,0.425928856077826,0.5116187658622642,0.5666638843248631,0.7329977757398104,0.934284878616666,0.9959585268508341,1.1435054231826491,1.2591982669532973,1.314272119578158,1.365812191655777,1.4285796172155438,1.440695047315963,1.4621127516143417,1.5066820341757683,1.544233164048087,1.5301676046861405,1.4163799215975785,1.4063675537852853,1.34891526945709,1.4768244414944955,1.2607218844142967,1.1498081332310426,1.109420037960719,0.8549403184102105,0.7622453456664245,0.6299687119906512,0.560062922864548,0.5913848941258275,0.41107208625587,0.21926128922887034
2.41,-0.10504550140392767,0.11405266692970034,0.44798403757224636,0.500446191991478,0.6410658257167633,0.792988543316604,0.9725452287977223,1.0366461445254962,1.0695625581570107,1.2392114482977212,1.2834349482270637,1.3705985388394213,1.4176824764894684,1.4655108081729478,1.4505537343045036,1.4499418077890616,1.475643556802573,1.4743416644959297,1.3790009490012873,1.442441348519188,1.3535797474539404,1.39420828124842,1.2737707485311403,1.207351000237075,1.1223033860503078,0.8944323723117235,0.7914830945932289,0.6364317304114682,0.5369115026107312,0.5946211824326288,0.4463950529785336,0.24973068233276
2.42,-0.1331714045691928,0.02452906672107507,0.3700078598030186,0.5052572977056112,0.631592562150929,0.7545947864097288,0.9041486999174911,0.962253044479956,1.0539315133480653,1.1954852746932803,1.2481657776815853,1.3321314719884916,1.401446525199633,1.4311930041597598,1.4735264343995764,1.4885786761809143,1.4825684026584172,1.476586404906493,1.471717284999209,1.3865247661086229,1.356656065114745,1.4133973241333577,1.2226812949051795,1.1311297503084126,1.0355759579261914,0.8392181116900048,0.7545773263143689,0.6132953178569092,0.555775017724557,0.4555852212400125,0.39528497673365,0.2055953898651109
2.4299999999999997,-0.10154730120155492,0.010869864071569776,0.3761189321595838,0.5718776384575547,0.6419015424501471,0.7684649500988076,0.9812406754249968,0.9591184455120371,1.0494430542323285,1.164205925192825,1.2544405345281375,1.3481629828877897,1.365988028479399,1.4897378738995568,1.4787660455156848,1.4863707286117647,1.4783587817253006,1.5197666259768545,1.4328021946910594,1.395190642574562,1.3650141958742341,1.3827791101369822,1.2146364477950156,1.1085801891031901,1.0644780156621438,0.8941250571895175,0.7518319348452407,0.7005373716689935,0.6023997174162863,0.4995664785709908,0.35454462451910124,0.20392401092455922
2.4399999999999995,-0.07337929532688549,0.09343914074358271,0.3808499351538605,0.5108553947192155,0.5738891573735774,0.7711164513053109,0.9796090107294819,0.9619096236659976,1.082856994427234,1.170096932836486,1.2562004514612075,1.3377067807450707,1.3539186495388866,1.4412698841034934,1.4636822001263357,1.502095775305098,1.5120559901730144,1.5072364868545904,1.4340659270634952,1.375382913603163,1.3601572641630018,1.489663003306329,1.2689984936772902,1.152981911058035,1.101811047654325,0.8561718116733664,0.7392895461928267,0.6558110528766798,0.5506938260374641,0.5530111374230459,0.4304970175221832,0.23806882198784296
2.450000000000001,-0.055093056737937296,0.11177321341431219,0.3593931170484548,0.576169707759276,0.6367167372699889,0.8655621761248632,0.8934771805181526,0.9800026804729883,1.0488215613497154,1.171703283342758,1.214914270346157,1.346515457858871,1.3996813541314275,1.4495429178286974,1.4271290180465332,1.4885167658946146,1.506897922822758,1.5575708554832988,1.4401747942931686,1.4375075232295622,1.3223836862298646,1.434947972522738,1.225239290602771,1.1739102134814308,1.0626406105865016,0.8289542349521781,0.7437099644095428,0.76044038414131,0.6236540264979935,0.5061044877761973,0.3901423323370058,0.31310509154371463
2.460000000000001,-0.03509191499220407,0.1429803930108338,0.40940844870825294,0.5265921120960126,0.5331935750917238,0.7536652812974324,0.9859894518970376,0.956516497967956,1.0355753753743613,1.218885521883003,1.2564937439982606,1.3656555103439425,1.3838525709083185,1.4625620558290644,1.483862970053483,1.4253245696138128,1.4670839234926651,1.4770215700250184,1.4902597786083203,1.459052322885378,1.3570281469135412,1.4577826397396751,1.2134000132836917,1.10579646786268,1.0491351769776185,0.8963869309442323,0.7277267922107903,0.7476325667098453,0.6455126935169738,0.49450533296801175,0.4101134664736678,0.2983554799301538
2.4700000000000006,-0.03821731026362728,0.14680307723454172,0.4125210536031238,0.5128120429589119,0.5318931317398635,0.7797988711039938,0.9223014876508239,1.0318041374083153,1.0867915060561741,1.1961104918961905,1.2660753511598584,1.335174498770754,1.4026228468213895,1.412746342844709,1.4689426216299073,1.4879242913502435,1.491046716048978,1.4892067595132834,1.4766028939979465,1.442337055924801,1.3559070224436094,1.38389404558681,1.2477498424119975,1.124580024559395,1.0579460965031344,0.8818990443934847,0.7287687920890501,0.7788419867662938,0.7084815287925028,0.4247449603850613,0.36185446788041714,0.2725399200814729
2.4800000000000004,-0.09310855265529716,0.18259681869898672,0.3630023651686165,0.483778079958704,0.6039722193188262,0.7795105014655495,0.9977501735733237,0.9676533195591184,1.0994219516815928,1.165790691519115,1.28006373702399,1.296442377821834,1.3735132090877753,1.3989526902943734,1.4556017286879162,1.4688546689864705,1.53472264108693,1.5338400526454463,1.45084448389825,1.4241731635010195,1.321560386441939,1.420183091687774,1.2656404241786712,1.0956442877902288,1.0092937971989524,0.9312764245702394,0.7147045403109274,0.7552089502575218,0.7189849449648605,0.5065241521964904,0.4652067496325931,0.38115857893382993
2.49,-0.008519398620258667,0.1649005472075041,0.3306829450016544,0.49712846016949497,0.5579756106274121,0.7660925196012199,0.9714080081605175,0.9865413434754199,1.0697396851288477,1.192187284109397,1.2653656933960038,1.351817671053939,1.3753882779379496,1.4174817787913452,1.5037542848330838,1.4272709618711792,1.451763646563607,1.490735979874535,1.4214338985032908,1.4301519625919359,1.33990272451093,1.4198700411560208,1.238286864186579,1.1437858032520196,1.0588571838274703,0.9655348808246853,0.7734797242378666,0.7945988720734697,0.7027054194680215,0.5119144626147714,0.40642737533417755,0.25675926517270664
2.5,0.010492034470961132,0.15840673909006933,0.296967325971477,0.5680601235810006,0.586483044172769,0.7995266572584743,0.9475889081832913,1.01303782809993,1.108177284276422,1.199108796441814,1.21062088894283,1.319524006868972,1.3762055337937225,1.5002248398321496,1.452533793108384,1.5121570276514265,1.4875228309707704,1.5512622692157552,1.4849063900740298,1.4432539716446395,1.3285290034268866,1.3612189477792236,1.184684132779962,1.0562594244073857,1.0382673444408184,1.0294096144099127,0.7838863075450497,0.8686324776475746,0.770887713203455,0.4817751902549577,0.41612781031066925,0.328981201329316
2.51,0.02165052911291463,0.2562136881852757,0.32930023772260286,0.5441448780148284,0.569332605063621,0.7650043467784814,0.9357782504038917,0.9395878944112893,1.1022841218684756,1.207575331001593,1.2632482080286629,1.340407758552009,1.4110368923561973,1.4620136353623463,1.4481353556409673,1.4331032566951798,1.4420930404644503,1.522761143621013,1.5152628453514272,1.3709293998229335,1.3014164425400714,1.3858002704813315,1.340123365038665,1.1190474955168608,1.0295667378454458,1.02743147076459,0.8076601143398482,0.8958105037302734,0.769790563564567,0.43923134712622774,0.45334283616213766,0.3633142746019931
2.5199999999999996,0.08668401074960905,0.26440171723545663,0.2470307002957824,0.49567678542672444,0.5383924188456216,0.8167237449854527,0.9274242822692761,1.0210132335129112,1.081815087823423,1.159192600149386,1.2875952627705316,1.3264062237904726,1.3979393716782775,1.4247366615300536,1.4700793222759767,1.5052318802891906,1.4747061606280232,1.5063816430710788,1.473212945092486,1.430098815101468,1.2893587337496528,1.3504598454300198,1.2424792882388749,1.1467735452667498,1.0644641419825818,1.0392154160385698,0.7980999661638202,0.9135189952462526,0.775812594521843,0.422420773935917,0.4023570202710794,0.4054292609196857
2.5299999999999994,0.04566927216544002,0.14102868936349766,0.3153505490990761,0.5157444036324343,0.5565902006549333,0.8586310014147349,0.9476648732365431,1.0371869692146243,1.094198004150274,1.1924748212182874,1.3109230122397728,1.4186086881065028,1.388050160214855,1.4062073598482767,1.4882623887321398,1.5486752364242593,1.5104942133319137,1.4582888657110253,1.4147994249190154,1.4689671794581693,1.3546876047360579,1.3342082791182084,1.2613379726381129,1.092881725695827,1.0436954527804472,1.005843469192243,0.8812977928699529,0.9241623439915722,0.7546473345108613,0.47555679441166315,0.4400544721813069,0.38774499863018036
2.540000000000001,0.049800354020410456,0.24406101576818973,0.27073373459511735,0.5531156858054567,0.5218046241545004,0.8134302624287312,0.9604175086766972,0.9683757488459628,1.0755635328620403,1.2225430204667846,1.2784324654175934,1.3294843391379216,1.3758659104824562,1.4019204392946278,1.4789605753839115,1.4616294300611723,1.5091713650180687,1.4822253711199078,1.3864097519349627,1.4090746807782513,1.3347515907797736,1.3424396946683366,1.2784027426902895,1.165899410775929,1.0208335758532379,1.0322209453549152,0.8106230880306847,0.986592722145738,0.8297857449407283,0.51931268211541,0.4339288552499487,0.340757355081315
2.5500000000000007,0.07269183208832963,0.28397310194632436,0.2268948612764928,0.5106784663107701,0.602384018099965,0.7748021566647992,0.9375976647827639,1.006465314139223,1.0230733075212424,1.1052508948658355,1.26326314661463,1.3018699942134129,1.3841291125761248,1.4379509162409794,1.4864566720583479,1.5070235600242896,1.4825177610709306,1.5489461185843942,1.4435040169812572,1.4507982932437105,1.3662299055757283,1.3146354935779592,1.3332689448733344,1.173983934602093,1.0647608035616778,1.0808169146416908,0.8676799311256557,0.9022054593421012,0.7814494920611023,0.44239832661902173,0.4775095623049897,0.30940073440277277
2.5600000000000005,0.011903025958106255,0.2455873310167921,0.20259031360731583,0.5121675614606138,0.5606994012001688,0.7948611179218086,0.9746589595860039,1.007169067847077,1.1234215055514145,1.1591680336645291,1.2689920999784332,1.292278035544311,1.4164696147707656,1.3867261162818738,1.4596544106226415,1.519163756563167,1.4656374949246618,1.4686346381406747,1.4733438651952337,1.44761598024795,1.3782011700716448,1.3266681840693695,1.2912590545617626,1.1641692951128746,1.1047406410078142,1.0790170303449351,0.8310597827646699,0.911929390652727,0.7943234480310938,0.4538382444755136,0.3530204731483331,0.30457715924015294
2.5700000000000003,0.03238729400339657,0.17325737135606228,0.21489803434149624,0.4935126603403035,0.5694799149489995,0.8163726132475843,0.939520593865085,1.064597049718709,1.131630153307145,1.1257147944457337,1.2606835242565468,1.3511733364980327,1.3926847873758743,1.460364875165664,1.472594136425341,1.5058147929937258,1.4772248411335511,1.4886285625409472,1.4407917429528236,1.4431871653634822,1.3066872825561657,1.3537287468628845,1.2846514431291087,1.17031132627103,1.089465390224905,1.0921993742093907,0.8632240493348691,0.9536878111807606,0.8638770143397618,0.49337360873982594,0.3971214910804411,0.31441958029930744
2.58,0.04246317028870647,0.18266188466342426,0.2481865395768894,0.5637964846387369,0.6021468473068156,0.7839091015257262,0.9418801036487328,1.0024927834906863,1.0949907964655634,1.1192789072252538,1.2995987221639964,1.393686287133686,1.4376648521501207,1.426084436454262,1.4372719690250273,1.464407948137294,1.4882125168335707,1.530572282977022,1.4153225433044572,1.3545794361552579,1.394524319996069,1.3522550858675537,1.2816113787795158,1.120909208539024,1.0564655821244802,1.12279639364771,0.9273878281756243,0.9035266581111194,0.7818301706766304,0.4837995895840829,0.3533158715766649,0.3120141323566664
2.59,-0.02935972906759813,0.2005245279663308,0.24133867938186737,0.5136876602164467,0.5676934823226734,0.8185393043932605,0.931777036964492,1.045473152004582,1.1323217504728016,1.1548244415410098,1.326932230942479,1.3250896442300861,1.3540614000273987,1.4456692401401494,1.4491800542918836,1.484997879261917,1.4575909013355146,1.4620719134205822,1.4248127158039807,1.4442470732344492,1.3842222758174436,1.3726237496629299,1.3333109891911503,1.2283024983295276,1.0951454645185026,1.0951689394074013,0.9185421897746728,0.8845261601279536,0.7911633860880721,0.44790402680072,0.38336991707183626,0.2745005134862993
2.5999999999999996,0.05479767820398843,0.21332711736930351,0.2230151239292294,0.5248926043209342,0.5397983633389923,0.8418057044572742,0.936397152326095,0.9914261454350175,1.1488620804106533,1.1742744265305556,1.2927422345885464,1.304663630805955,1.4296739902158802,1.3690196284813159,1.4734900120551817,1.5056611721471371,1.47756274907934,1.506229038563353,1.4359243079945834,1.4293394057509214,1.4293198561686322,1.3485547671967812,1.3202618698528235,1.1449527760726794,1.0705874756805467,1.1675530642839205,0.9288089579654059,0.8956357212226231,0.7983475057117203,0.4635063492426385,0.30594514938284106,0.2437347309275838
2.6099999999999994,-0.007815749215593673,0.20903266198498102,0.2378288184372464,0.5614061604968004,0.6002443441228177,0.8325587986268486,0.9398047001031704,0.9641903105463902,1.1136704065740337,1.173031533465946,1.3122672293705493,1.402240716164738,1.4411485401157795,1.4905579542070846,1.4595904868217953,1.5249131106803702,1.5225534211195622,1.5503427927270819,1.4410430052127066,1.4504141559092802,1.4448931459432086,1.3479485084304081,1.3192613233699098,1.1633664549446812,1.0812611057537234,1.1417501821040472,0.9316778833316897,0.9443353370698325,0.764432887649104,0.4728228344355654,0.3192432452425048,0.22451257055843166
2.620000000000001,0.05093707003003836,0.1827105886221816,0.18692056715566566,0.5538607358045678,0.5831262105577953,0.8294760811378941,0.9136118198833686,1.0073592323198322,1.0946930282637173,1.2635293260012763,1.3027574188985767,1.3439178482217415,1.4123646759775055,1.4792637473319232,1.5070480711089596,1.503679553270174,1.5601328180818599,1.450434920105483,1.4736057694826457,1.4718778897295817,1.4092237140144728,1.3262168727467192,1.3187768033152198,1.1534094587616157,1.0625989630220845,1.0479019707115378,0.9270450573270016,0.9601461547042227,0.7902713989940922,0.38171823876030603,0.2904912094157002,0.2083105810280592
2.630000000000001,0.03609146881791755,0.22614698034458774,0.18664647634991177,0.529512572546472,0.633639539349091,0.8846299917625764,0.9573378681976175,1.0323041370202508,1.1099480219458189,1.2064433215710586,1.278912856886803,1.400317670196722,1.4176995400408003,1.4885764127660703,1.5233532257657403,1.475036741441488,1.5079375436768345,1.5297533646074417,1.415722937584076,1.4090675053103432,1.3501815512714221,1.3187821301903357,1.2518982469158348,1.1386691731778709,1.0350278332392604,1.136007301045584,1.0236967726053197,0.9026248037687555,0.757640063031538,0.44742961734586023,0.33661976076493516,0.26188679674073984
2.6400000000000006,0.08319872371898078,0.19178298452692927,0.23273439598715973,0.5296103016286247,0.6393942676312213,0.7612344517044332,0.9413827825363731,1.0842022906186253,1.119851557974798,1.1874173269133839,1.2887255372488493,1.3595832294148502,1.4133051920800666,1.4717730430220703,1.5220728449077405,1.50616283253303,1.4799933418317757,1.4832537313301526,1.468007014375007,1.477080263956761,1.4590682872479832,1.3648362279904114,1.3538000583016798,1.168474724351807,1.0341376359174548,1.1102812688735293,1.0235263987041312,0.8499338212145485,0.7627072351277387,0.42772614808629655,0.2858915749727582,0.17746287120719
2.6500000000000004,0.03764337223231328,0.2150368183817561,0.23971772361162658,0.5819484324317539,0.6296365349231765,0.8300947479264351,0.9207901040182036,0.9885508135193126,1.1383344746145894,1.2231699147006319,1.2961287333067437,1.3209013002952337,1.3839572465925265,1.4051510464163641,1.4562295241678922,1.474639255658658,1.496225086062577,1.5555046424942667,1.5014971086447488,1.4725493360850093,1.482226789605578,1.290093009734122,1.3186325451561343,1.2290530357180975,1.089418769086348,1.1226597828580125,0.9817457781429778,0.8753921850357387,0.7654121921573201,0.45717968621142335,0.2797874493214553,0.1718048793018485
2.66,0.09451936141472883,0.23968772190991272,0.2840809849152256,0.5960585366100681,0.6892877725315115,0.8217434816290166,0.9403129466654054,1.043912080763023,1.1165002830037152,1.224880138129865,1.2584494660024212,1.3195656908761066,1.4317803657436017,1.439134812313386,1.4780695332240077,1.5260541037565027,1.4849164289188315,1.4696001059118542,1.4401731053357139,1.405853293054731,1.4329322336010475,1.2810813212754866,1.3285690971541855,1.1567973308234736,1.0851971599056809,1.1123554705238898,1.0402977259446236,0.8207425921736181,0.6872233962000703,0.48644707532812614,0.29047193263136134,0.13530291669623545
2.67,0.09557380917203595,0.2510287592659806,0.2554672999775711,0.5394785484332588,0.6805257978840128,0.8799859673688321,1.022799633494218,1.0710181933835148,1.1555909837759257,1.1994987525989436,1.2765385502657525,1.341389802326182,1.4627036744631847,1.4866560370773123,1.529426975708327,1.5291779269288237,1.4571023393956684,1.49909328600232,1.4067120516761333,1.5269308261625012,1.4390165492430191,1.312428720764588,1.347851066922924,1.2381437014001029,1.0436466725168887,1.0707481498775764,0.995958005341547,0.8788233514153232,0.7419819078547901,0.4292200856893007,0.24352474170749772,0.1897381625506255
2.6799999999999997,0.10234292105815995,0.2013800669749753,0.2974126941972449,0.6419830457861032,0.6440510605747207,0.8510815241786943,0.9626685254953905,1.098060583479042,1.155810294926885,1.1790698368331107,1.2704638619747934,1.3476506256718235,1.4145636696258248,1.4272463273630067,1.4610851820628914,1.4765631978213722,1.4996823232238445,1.5917615043346205,1.4241805395807996,1.4344759537301686,1.402994834951923,1.3122510125586637,1.3134582246244075,1.2497550818742114,1.1087263374759948,1.063021237273248,1.0161597927613255,0.8505337503383879,0.6950834683057435,0.44142832065529003,0.2349147495668758,0.13030546485171376
2.6899999999999995,0.0642838383156125,0.2600254076427088,0.3251588404990621,0.6077693372324763,0.7136925705140843,0.8153045861025575,0.9522391568959401,1.0379855107153757,1.0877743909340873,1.2252139266888082,1.2912134394285033,1.3617627331775717,1.4034708688037714,1.451044056386219,1.4753467560752194,1.4647849650537612,1.464255289535257,1.49424221558453,1.541842193207156,1.4843924845061218,1.4342260245096972,1.2984278167216503,1.3590741676373426,1.186846338026844,1.065901774298235,1.119198811380902,1.0314159393628404,0.8775758553533675,0.6743709865087474,0.46185749109070284,0.22430041092872285,0.1408900785413165
2.700000000000001,0.11774797334507074,0.2536650979974337,0.2922880333190691,0.5621575019092422,0.7002210477400153,0.8429195268498448,0.9672639218816594,0.9950963425596019,1.1305225095868923,1.1983666367585202,1.2886977787968725,1.3381204412685737,1.3829228590433489,1.4164673623465622,1.4776265430634248,1.4894477905881245,1.4870300148473847,1.495972980039493,1.4648171690697127,1.4913640944821545,1.4926094775212433,1.3344507494694198,1.316281688153944,1.1925060332131596,1.081040784688604,1.100217271050234,1.0356135553702612,0.87986719455015,0.6873456217076414,0.495728888991536,0.28801010129215604,0.15993820010485996
2.710000000000001,0.12439042139686779,0.30319020486419584,0.35960461434599206,0.587411249057899,0.6231433905512438,0.8838457314617919,0.8959984619226536,0.9991691596093875,1.1031864582203248,1.2226252418810561,1.267868158195088,1.3593604800877404,1.4170171537790297,1.4444621761045267,1.494735121135166,1.5102098453921309,1.4818900687345424,1.5125874665548775,1.4598668967537383,1.4303255062030913,1.4710953919847793,1.3576915823813402,1.3202419103080871,1.2087151560700664,1.0709035600286034,1.1323252580596888,1.0568807280692656,0.8823918256759454,0.7170092259901997,0.4416019715307488,0.1517851075426056,0.13936592691347213
2.7200000000000006,0.09545045277537131,0.24307569453326855,0.33784805479627783,0.6145454554314035,0.6473399960760666,0.82333978502041,0.9003950752275113,1.0246039595189835,1.1347199889930069,1.304416014358182,1.2558828983176993,1.3505501418996622,1.4251401515834332,1.4213608736835222,1.4738230877065126,1.4810775558705076,1.5225724362294655,1.5172494584886884,1.466958553609084,1.4746043685632195,1.453982537979739,1.3095578892970743,1.3747458398989163,1.309805745793795,1.1106564931016383,1.0741103026378724,0.9952475634150818,0.8775867684410446,0.6938664847151346,0.454685877504291,0.28996430987993815,0.14498321418532137
2.7300000000000004,0.06799373964634735,0.2348868735949731,0.4564535995326073,0.5771629832235892,0.6954398830744781,0.8695292192304962,0.9410548191064788,1.0611376172858473,1.1195815778247935,1.1898429425817616,1.2404511507284781,1.3480451877553694,1.3614594087101406,1.4335352208105618,1.5131704795048198,1.5292237255914634,1.5278151241326499,1.492308211398616,1.496507131397938,1.4608733492305097,1.4424978363332064,1.3060685917162078,1.3966978790746596,1.2172598520236029,1.1148096637979512,1.0696739872436551,1.0810297074725408,0.8632433827983544,0.6952151351071276,0.4711885493998052,0.27938991724684864,0.09882409628191932
2.74,0.09285371392522523,0.27594797669674676,0.42988895455735576,0.5798217912273752,0.7127281932626537,0.8531042281237483,0.9458482831819255,1.050505093994293,1.1120754402815112,1.233692241217534,1.3099156271524692,1.3897198105311828,1.4263694221686944,1.4507846911064626,1.4709099086117998,1.5444641090645113,1.5457187997845945,1.4245514642193964,1.4734390652079274,1.4719898902072106,1.4958867086119354,1.336480349299113,1.381358825614186,1.2703548993943345,1.1602873331262038,1.1079346052681258,1.008684209140726,0.8167184706084127,0.7105257021232727,0.5377813533217611,0.2409904658395424,0.17655653639046848
2.75,0.12644312719356265,0.2554726103291446,0.4342142587611356,0.5758047176622809,0.6972836481399557,0.8130038095328492,0.9441516541826612,1.027445121495375,1.13906979429495,1.180377798779949,1.3261653700773293,1.3310697357982542,1.3879818112369466,1.3900427566944413,1.4981164290926536,1.5129164497545713,1.4881056851776002,1.4976255753858199,1.4798535355768292,1.4908311780527381,1.5190841216362727,1.3285439607154077,1.3993755012510314,1.2827056884118042,1.166440642877561,1.0857392625535496,1.087500779528899,0.8449957832354931,0.7025720004227475,0.5279018569162597,0.2235444166730528,0.1882511258372294
2.76,0.17692669690622104,0.29471867511990246,0.4434276637024686,0.5234681729506423,0.6477866490613391,0.8817988008327198,0.8653816292077048,1.0965303840335439,1.1333534023808332,1.1999652327495234,1.290212424562071,1.3820745369956668,1.4433515387473281,1.4484058638182187,1.5011656555635937,1.5542810869082921,1.5033847364381814,1.494313279827742,1.463050676184583,1.5197982242323471,1.4755592970106255,1.3151577719628742,1.3478873965180491,1.2574597988997989,1.1396735404589016,1.1006969542112304,1.038875591671999,0.8453193844769071,0.6574423046395073,0.45064708045422197,0.2722010311092816,0.166106453519135
2.7699999999999996,0.13231920150653265,0.2627919626831005,0.4199041540839932,0.53537067463075,0.7266635962590371,0.8147987756542758,0.8626105554618848,0.96292236596287,1.1296308202646985,1.2363330357220423,1.2653767853221471,1.3796715727511804,1.356791757614738,1.432698007314677,1.466288336914514,1.5510355982202493,1.461709260022761,1.48729206461419,1.4660425102747823,1.4768143215330276,1.4809850668636029,1.304376517662127,1.351818251046167,1.3070269473546217,1.1794783952265453,1.0605041233620733,1.0798601797461531,0.8067942070237958,0.6471617544661729,0.5225136533647927,0.2624024781463172,0.0948345056163953
2.7799999999999994,0.11104292239871015,0.20557273457984732,0.4536677860711542,0.5120062769580859,0.6347830985698092,0.8147723220436346,0.8670025146828194,1.0514423246376259,1.17228541555906,1.2282226802826108,1.2273756437236263,1.333464563749033,1.4506504527935102,1.479765810001195,1.510412370635484,1.5165236012793903,1.512037317844439,1.4980692605620103,1.500034514946966,1.515130595851963,1.457806770163519,1.285870377450126,1.4002145533131065,1.283921210746961,1.203968879917037,1.1343080453756116,1.0237526910689358,0.8084672266940381,0.6678730487346858,0.5140919777795451,0.2440764347209988,0.07887668730874263
2.790000000000001,0.14973624819790585,0.20003292551345536,0.5076303449410108,0.5055194351116274,0.6438694052967051,0.8251716853609388,0.8794069779406682,1.054718598282108,1.1593316260005104,1.1986858619292362,1.3031380744477183,1.3567964062906392,1.4001867837243867,1.4606193632018851,1.524366359221413,1.538563592176694,1.5604512822949133,1.525681367260519,1.4954159761379389,1.4889342546061772,1.4059297905603891,1.265406279405003,1.3917828837825217,1.241056593904366,1.1689022960754871,1.1639031009369885,0.9916892992800084,0.8216503175857198,0.6574982561504884,0.5032591234852352,0.2784200916232666,0.1705101084052492
2.8000000000000007,0.08157302880154516,0.30694100514928563,0.4516934586413362,0.439832219219035,0.6224679995172127,0.795542314121747,0.7976324541850166,1.0474531031388379,1.0892598243998401,1.1902769081345703,1.305437947524988,1.3412836979334222,1.4832584876361097,1.4154612644059756,1.4785938439281991,1.4161265431066525,1.5097814480499947,1.4351640454131573,1.4539335960420103,1.5387932130351443,1.494835879817885,1.3128235858214858,1.3528656474846255,1.2905102682941827,1.2220023228112453,1.1014331365902221,0.9897839124783663,0.8058015712778697,0.6539134978667434,0.5760392689926266,0.28567280264569,0.12147519004225113
2.8100000000000005,0.06942616546472627,0.21131852852741206,0.4584580589910915,0.45730784678921377,0.6273998945594489,0.7523775858217329,0.9155795509058527,1.0168750936135091,1.118365743834554,1.2280267416309796,1.2774890669862162,1.3616050696326063,1.3855450573937462,1.4542074813563912,1.5132385179142154,1.5199041985064223,1.5277147358967298,1.4702057150595884,1.546667782109194,1.524218155124161,1.4597485388798916,1.3667739132961383,1.3697334272937467,1.3276410200921802,1.2027433291049823,1.0678869968273472,0.9975030857492294,0.7770554079719774,0.6335115720233806,0.5208137248075185,0.28887582127173866,0.1525673967745564
2.8200000000000003,0.03618590901737252,0.19959316343477398,0.41609546639624156,0.4719628559122619,0.6308392518308733,0.7858632936951343,0.8351838154537097,1.0313657620279797,1.1538115047793622,1.2124525254949992,1.3027899716901903,1.3876933572202683,1.439529782094194,1.4798920462550922,1.529987558373985,1.4889266208446932,1.531636569289647,1.4664631803470833,1.5272339945235676,1.5220007368702313,1.4331978007884238,1.362463813846784,1.3746064587839013,1.3406473309766547,1.2069564073194727,1.1002267091808196,1.00558591625726,0.7418334595690974,0.6138365961051646,0.6257886403307704,0.25985147944002,0.0872958973013012
2.83,0.07321781758933246,0.23649821669236978,0.48800467638592404,0.4491796601524143,0.6776432041045961,0.7847461059811986,0.8097296302296276,1.0792040296339764,1.1548974098543092,1.1547105094407362,1.2927156167485556,1.3269551896264948,1.429657696807896,1.4783900841268451,1.4822042050711024,1.5678298086375635,1.5058668397010344,1.4619769220600838,1.5021062892824575,1.4786249718966418,1.4632801089059229,1.3320660340257755,1.3692814041749206,1.317151094528788,1.145367293498834,1.0247859243000814,0.87933200062841,0.8068828443423746,0.6429437911923224,0.6313609642567058,0.3414766943810384,0.1594157838641475
2.84,0.0767656425403259,0.1599164177565107,0.48820079105421693,0.46294600571417,0.5743468499872739,0.7122650479672157,0.8670940560922377,1.056277532613245,1.125293129860077,1.2522374069918247,1.2740826729034815,1.3440095432209065,1.3916005310716029,1.4528468430173542,1.4374522900005693,1.5125002079335799,1.5141521989070341,1.474221737968787,1.530672408761744,1.429641671612363,1.4366581837550585,1.348802812038598,1.3461679857747602,1.3130023884088065,1.2340567421796829,1.0033571444643998,0.9339922217825292,0.8108337223893284,0.6445412588709659,0.5616743618970641,0.34959258294273565,0.124283395056663
2.8499999999999996,0.05827840094621653,0.16518381023619172,0.41645855824361694,0.4734339086137532,0.6910995975806912,0.8008928389340746,0.8319635279673395,1.0514518171809233,1.149528265536324,1.2500265838159483,1.2501861143479418,1.3438742602937332,1.4142817122397804,1.449114886974542,1.439461591933739,1.496216744309033,1.5271400781902331,1.4940497575843055,1.5572582894924611,1.4624586699861464,1.44503180338419,1.346510073079284,1.3774661651409044,1.302966860634843,1.1770677172337776,1.001453773042181,0.9198342991928028,0.6925103812682107,0.6143413782691606,0.6345534315176398,0.31063100812082156,0.09856045092094647
2.8599999999999994,-0.047619285126196224,0.17491215120517142,0.4707008361065446,0.43638277876431586,0.7034551714455127,0.7251361925409681,0.8930737759302068,1.0408925016902644,1.1246944967677819,1.2885313856451537,1.331226298055049,1.4061764259067002,1.4590953427229383,1.4819513000682967,1.510484016708375,1.5729872864843075,1.6182537513953505,1.4657470033320021,1.4844975458449459,1.4997241833402806,1.424444753544572,1.318026654936115,1.3561059924907999,1.3123776802367357,1.2054767229970562,1.0319811553020546,0.9146590028213348,0.7881541856023556,0.6359214390202093,0.5897867497072873,0.3881083250817903,0.14215102020196366
2.870000000000001,0.012525170859057837,0.09751408145985963,0.4180513526142397,0.39300317736253,0.732372480332267,0.7492042972100521,0.893232511845704,1.1108121104761424,1.177753041928024,1.2421613418521384,1.2564714132114319,1.3444647383384667,1.4104422724471426,1.478517050050208,1.4784027544022016,1.5489475461630569,1.5168410722035006,1.4549285839049662,1.551757455264302,1.4468839742403903,1.3896797880836869,1.369739993889556,1.3608490968113405,1.2462724755305405,1.2238750024899696,1.0317797258181034,0.8861294184545138,0.7175679268408817,0.6738980507124489,0.5947561803383093,0.3633106654443118,0.0743620960016942
2.880000000000001,0.02497863107856929,0.12598898892384927,0.4381200824884716,0.4789398586253049,0.6738997220705139,0.6703297538135208,0.8375765374423907,1.070843102605382,1.207464660166824,1.2713105547714367,1.285172163171139,1.3906277840400127,1.4543269283575202,1.4310122494928972,1.4593290979890385,1.4782383009188198,1.5273463936427027,1.489042633308427,1.5649564961976992,1.470570992353681,1.3914329440877566,1.2873745706206936,1.3223888450214065,1.2519837249745587,1.1829208187236977,1.0188024001794809,0.801413012551366,0.7235061830813992,0.5341346434731178,0.5897299650042719,0.39139738985701594,0.09584661926720534
2.8900000000000006,-0.05281584561205226,0.10892798448199442,0.4160184146021735,0.3933804239071092,0.7555507633367843,0.7449224682539962,0.8835809969481085,1.0590808682812265,1.1275382219907053,1.1965182011920639,1.2740108809801078,1.4321871314535382,1.370772604751847,1.4369031851319676,1.4838968327830806,1.5613561803577614,1.5685211226692912,1.470719264187764,1.579842126559916,1.474084296063396,1.3828869738822167,1.3789062346887744,1.355609470636518,1.2196353337378203,1.2142168864446572,1.0097510032640917,0.8306071558225453,0.703319683193953,0.552076034594359,0.5957636879342315,0.4046994641632936,0.07656382444458121
2.9000000000000004,-0.02998256262700985,0.08803506050527005,0.432589470806304,0.43283357051464694,0.7392461764942662,0.7931648058554492,0.8650835354450579,1.0934078625912873,1.1780430107774376,1.2428187271899773,1.3119053706089006,1.3472624913142934,1.400403638188366,1.532571212765515,1.5005294416813502,1.479546902164848,1.4799962204166373,1.450327437780225,1.46555765906516,1.4387681938577963,1.3559335269301038,1.3285206278508128,1.3264030794557364,1.2491481807269507,1.1846336602729315,1.0688154628481823,0.7984052949640797,0.6812813418938285,0.5786762365710245,0.6573894736552512,0.37647372712404575,0.08672944571135223
2.91,-0.04438165898655236,0.11222011543540067,0.4566668496596129,0.46725414637080853,0.7531988299109436,0.7056606259372605,0.8848377487645313,1.0743957669152786,1.1534638923631741,1.2358914984287381,1.3437490527181282,1.4045304873315874,1.415280368143704,1.5132463040071056,1.484669513318133,1.4890176884792543,1.5596531080312663,1.4669174068569903,1.5421137207413664,1.3653281118066156,1.2844620671007312,1.3500362964350465,1.3004124444193381,1.3076986242622304,1.2114953505340684,1.0793562361989089,0.811506341682676,0.6844445184128695,0.5638444736418706,0.6608576024584341,0.44180108582546584,0.08931875802905331
2.92,-0.051313155573596114,0.13025700378437674,0.38354312867385165,0.4355870184218137,0.7528535269579979,0.7208015679757657,0.849849799003413,1.066235507702987,1.202828183006483,1.3166016175017923,1.3161885486226743,1.396765880241007,1.4150200506332902,1.4257909228663301,1.501264513327117,1.4606995172077217,1.5147855006736057,1.4614717872713412,1.4640427504021922,1.3891789175205846,1.355322308549993,1.362487274223248,1.2879824710047652,1.2805031543350394,1.1914538915081745,0.9713798529184824,0.7985544616202604,0.6636097729992994,0.5807214274041418,0.641803461833549,0.4602444005671403,0.0453500542223712
2.9299999999999997,-0.018186600615749865,0.07061329686001688,0.38009022709297463,0.3402345214040254,0.7261407365886472,0.7405129895681846,0.8123736832406045,1.024533379808109,1.1832721844247163,1.2273410944670788,1.2613620646868176,1.3358485512725664,1.3596628773982922,1.4102304353557524,1.5129303256703872,1.4899494937101931,1.5542364959018289,1.5229165289906603,1.5526065229290404,1.4531271031459043,1.3488685266925138,1.3188399709180292,1.1998259619457978,1.251400402136364,1.1653377548447013,0.9981812001190687,0.7359797400901701,0.6871165908070803,0.5873535088774435,0.6356082249355177,0.4339637423083047,0.0957749692749192
2.9399999999999995,-0.05125649229490968,0.0651362545703969,0.448609149809674,0.4543076310058697,0.6850187456441331,0.7118626721222383,0.9123076950889281,1.116595910267493,1.1936869021774899,1.2680422201621833,1.295802349969401,1.380171126664998,1.4436207697788896,1.519579826883956,1.5186167964332555,1.5548966978349263,1.4462530832205174,1.3946612797294942,1.4839296813571188,1.3619458369925093,1.4203556528564152,1.3655909225223621,1.184087995901793,1.2492547611024378,1.1958363231028,1.053645059409602,0.7843692102234152,0.7254338097894483,0.5774866961304188,0.6643164832079053,0.5194171144034482,0.0837497255453389
2.950000000000001,-0.09075185829243716,0.11887036058436277,0.3638216568881104,0.4372697391482155,0.7112817306747392,0.7159921828255229,0.8570223642953058,1.133919096834442,1.2287992634910974,1.3163610577573046,1.2868371793449018,1.386718451854588,1.423677997887635,1.4567284058240426,1.457794988462572,1.4641532112959719,1.5119482179602854,1.4820144891851195,1.500011971538995,1.444599945937653,1.2960614619983346,1.365549956611267,1.219491121508468,1.3190315755955784,1.239675537830961,0.9513317406116958,0.72958286509641,0.7448632271363538,0.5681945713893238,0.614505207914122,0.4562204004953653,0.06952376103916112
2.960000000000001,-0.07715428235279957,0.11192754335840302,0.38558897284908544,0.41868654546178036,0.7995776490964037,0.7815536533406998,0.8937789519021183,1.0678392655603048,1.2039724028168375,1.2377149795809563,1.3425238415843956,1.3496219205683597,1.3715257218949624,1.4414384446399529,1.442742777294393,1.4884594243840552,1.613182019949784,1.4078194602071454,1.5096291915620466,1.4268776642020191,1.345898983540028,1.358594067725754,1.203874910556839,1.2279498031162088,1.197184893546043,0.9532577936197963,0.7920608877903689,0.6739269120576432,0.535601534936617,0.6049121274612119,0.5634875316310538,0.1306049757251318
2.9700000000000006,-0.15535949422743217,0.04955976438790979,0.33877739754474123,0.512420520313793,0.7605344915401739,0.7342739318644406,0.9014201214563957,1.081915945597116,1.2167075403672059,1.2814481530022062,1.341523535157271,1.333955130751489,1.4362958068625544,1.4550781158703483,1.467576552785066,1.4389293347955958,1.5244088964265363,1.5047198438201463,1.5273186946130766,1.3947192274699503,1.3105506229827848,1.3955504959187746,1.2199255196172012,1.27295784950856,1.1993258785153866,1.005343926209633,0.7540237620884925,0.6809855453091163,0.5900894395297727,0.626374726002334,0.48568375855006757,0.11908498040131237
2.9800000000000004,-0.1295851510935459,0.08145942339885472,0.30099254897283034,0.47451679512746353,0.7511791167347748,0.7463074937622685,0.9387806767933264,1.0844971178867024,1.1767777276920566,1.2657928904095603,1.3234243885017136,1.3481846798691248,1.3595235934272858,1.4649796688509482,1.5092271504755383,1.4969075801856995,1.5298244266501748,1.5106658786644365,1.5024778761354067,1.4370082872149008,1.3155487645940973,1.3683873751131712,1.1640008058412754,1.252868371269014,1.2458424055588964,0.9451987439304435,0.8192848405488493,0.7103631891358189,0.5587726523389399,0.6121869767227262,0.5584164653618743,0.0830212545790018
2.99,-0.11663957280808687,0.05026353071580057,0.2558082472757514,0.4747775037582859,0.7357161640045068,0.7708027241110134,0.9100226702856082,1.0755535103036455,1.1795569119456843,1.2315802378029481,1.293088537982732,1.3726048112345197,1.3189490907849744,1.4705014909859206,1.470424227124674,1.5015222959426295,1.5247645340684863,1.518959520937513,1.544830091860542,1.4429988896838823,1.3076882302490656,1.3555933566926737,1.1905748979940574,1.2215360388015981,1.1826814751445867,0.9179719607231032,0.8342645949900236,0.6777917251075318,0.5526827393475314,0.6056644655818592,0.4942081000168639,0.058006158985824265
3.0,-0.04182900782827322,0.07917040902029347,0.28335446378439927,0.5046941982682136,0.7328870063193319,0.7568525484298032,0.9794298508565255,1.0596789766364458,1.2043352239068275,1.2282582914010838,1.243269254310599,1.3592143301205877,1.3840596607501643,1.4433307250958218,1.5162713685454527,1.516306773473254,1.4932108542237346,1.4703279214567644,1.4379976315561696,1.3947347813513982,1.3809764677206553,1.4133700761151382,1.2301508489209243,1.235305181042036,1.174273041021396,0.9114096408423861,0.8768919690951145,0.6954458503451307,0.501265909845981,0.5774757356457771,0.5586574216418678,0.0790028458403823
3.01,-0.16981711448111173,0.033894955150966716,0.28756473995520526,0.49502346399428954,0.7559369172866637,0.7598874116810094,0.8799356794961999,1.0639941057899782,1.179639562796972,1.2662823956238785,1.269983818953605,1.4121165886438616,1.3777074291008902,1.465175026313762,1.4645955851419876,1.4973421141100955,1.5347209949813096,1.5368675984474185,1.4929148628161062,1.3716482267031498,1.3700234726508447,1.3926154294816342,1.2410608154791818,1.2130848875823732,1.1898381727360028,0.9860818792360205,0.8285810686307752,0.6906739377748776,0.5451414066475075,0.6189587510060968,0.6049499560116977,0.08939714626686969
3.0199999999999996,-0.12188141704989117,0.06739713106317508,0.2817687224989113,0.46194697880369795,0.7081634273464908,0.7270939569772543,0.9641241205472404,1.0834790420962928,1.1715420683962094,1.226399728897296,1.268721215906208,1.3221402947272711,1.39592265527459,1.429609283229616,1.5022387873294154,1.4656357288899646,1.5152395010993631,1.5015415509969134,1.4535159674946976,1.3857881302709527,1.3519730592022485,1.3982347592290711,1.2388895520689769,1.1745719665658414,1.1920687465018311,0.9594894751092132,0.8537585150089823,0.7168080058086808,0.5266897405684036,0.5779926818056187,0.5173507229398524,0.001189581524561693
3.0299999999999994,-0.12462755545085644,0.05363463293822356,0.2902508354599187,0.5495331258189373,0.7701790018755298,0.8354960783459271,0.9235212595673445,1.053567292400384,1.1121407785697874,1.2167140842123405,1.306038663081214,1.3709404967056258,1.4205512964330793,1.4803186798962535,1.5529969245936492,1.4172441089133159,1.529392762281577,1.4319015366415417,1.5197378388883331,1.4106873122676198,1.3457452367196583,1.4390524421421684,1.1901282134344002,1.1968269036137615,1.1299961866224346,0.9135446690770325,0.8915201631492228,0.6440865691009241,0.5225603543904,0.6084601899693245,0.47340580084996664,0.12290427449507568
3.040000000000001,-0.1313346589575169,0.01392476837153905,0.27538903313513585,0.4644676811327083,0.7419907681088749,0.830765230800726,0.9714761181488061,1.0405603997786943,1.1300571491741163,1.2718816876637347,1.2772545360912106,1.345709560306431,1.412979874344765,1.4847266062202351,1.4679487238656928,1.4415661077754742,1.4472601737924589,1.5018657370190807,1.4696509319537108,1.3831577856953452,1.389022699577565,1.4348015513175096,1.2223457614363196,1.1859912582133119,1.160761527267032,0.9063018831059383,0.8825229714945219,0.6536433839990694,0.4711852197079936,0.4967347933123197,0.4569747600611129,0.06607953162318755
3.0500000000000007,-0.11490369800620172,0.1609136404101704,0.279400280628334,0.5735857045618046,0.7253649042606285,0.8346265725333184,0.9308961650178075,1.0736696917164743,1.12753024218982,1.275062142817203,1.3567551362428287,1.3804120840301157,1.3417777154393933,1.4376803515086403,1.531215309014224,1.4772870480937275,1.5116606148108969,1.5513703674898334,1.522821332245758,1.4413530807991743,1.3423487849041995,1.4516093345252818,1.2273227044069066,1.120674989274363,1.0805806687681205,0.9076886882492116,0.8798483365450256,0.5524998697477158,0.5156362591336688,0.5514897089857029,0.49187948130030357,0.1118415841924807
3.0600000000000005,-0.15567207051624657,0.0982303059467853,0.310728669566945,0.5495314856758972,0.7219388761882483,0.7776600914156149,0.9308787960831939,1.0432910418430072,1.1685704860625516,1.2777855441908252,1.3621597835518973,1.3392032853945017,1.373519966542936,1.4167041863444847,1.4563766777520426,1.4694984689985893,1.465243751770194,1.55124898836506,1.5020918878015654,1.4603391741686875,1.3903958695743888,1.462764915132115,1.2491512749829115,1.120891151190041,1.0855075954255533,0.8870431199595701,0.886012777912307,0.6629879375475707,0.5066609872727039,0.46806862015794237,0.4606871289998551,0.04585099489373716
3.0700000000000003,-0.13385721138488937,0.1213392037532876,0.2738213536484475,0.5685567082297821,0.7548581429946728,0.8133054609978112,0.9549522889476635,1.040979512984334,1.1140170662381497,1.2868428130241185,1.289533519046286,1.3187876539575136,1.364316724928684,1.4443203902588966,1.5493670698008435,1.4445900392669586,1.4522863153103613,1.4957469603501183,1.5054724894535174,1.4004043890623672,1.3776863815450784,1.458952967873586,1.2477220375902223,1.114571929197322,1.0188111833794882,0.8227555745897333,0.82742903986366,0.640381659308326,0.5427348609478265,0.4786783159992369,0.43462842031907145,0.09316210745574618
3.08,-0.13654910034990883,0.03774572112277658,0.29606078058250634,0.5533429824805245,0.6989615671508451,0.8025751853657641,0.9652256555859723,1.0755810684567706,1.1845505495933868,1.2001437103294972,1.2682430323182379,1.374440727567702,1.3407822382112042,1.4387851912430298,1.4950497960063422,1.536880982965478,1.498605518341519,1.5267168415391605,1.529733354570341,1.3998436577225297,1.3846295375805249,1.4580468462532474,1.215005755491021,1.1241631720907346,1.0170550772638858,0.859620571161769,0.8368387851194131,0.6071062144949466,0.5052822424978157,0.4375335611606899,0.3854626151417215,0.07487772359892239
3.09,-0.0759251731576186,0.07256169242062172,0.2349240900308523,0.5862432087509267,0.7155726128440575,0.8568541071508984,0.9781191850180138,1.0224067992775807,1.1486991206836266,1.2425866253814963,1.3307746950086001,1.3871703010287857,1.399114996908335,1.5097736834954398,1.4703244234417507,1.4642836170493627,1.5350100193838396,1.5586716031250518,1.5251641183201077,1.4186388114480448,1.387966368640336,1.4126757495118818,1.197909294613308,1.03535430010583,0.9837539973099413,0.9402630562858367,0.9020027832658253,0.5815203410317034,0.49786207163851104,0.37571972526619146,0.3575480384655275,0.08217481292776246
3.0999999999999996,-0.05797595405344234,0.18882806251387002,0.2480398814318364,0.6242361211534482,0.7006368394258075,0.8333273047254838,0.9966732687976959,1.0468169396590006,1.1703087849029044,1.2104222777110627,1.301225215200085,1.3696009809833893,1.3626176537365924,1.4221490161307664,1.4915167874228088,1.4701350943490004,1.5688070440161637,1.579446200741358,1.5080217547037569,1.4255599089570878,1.4011404064454829,1.4175978576021178,1.286598031576841,1.0789725378232453,0.9836270581277103,0.8316455246141891,0.8338224478878533,0.6265561410753653,0.396321500813758,0.3542048211439366,0.30945113186241135,0.07946547513371544
3.1099999999999994,0.0009992658628654259,0.2024370697025067,0.3149896248790827,0.6174396910562882,0.6874608451621814,0.8950462806318853,0.9725871628570124,1.0858931583788243,1.1626040561400983,1.2300104779366225,1.2854918571679084,1.371344946998123,1.4691134393742653,1.4239665884076993,1.4562990328818453,1.4405965523590392,1.4540785181264206,1.5700412029425748,1.4973128192355418,1.4071686775069114,1.361638345003142,1.3715789762256407,1.2409735621108182,1.1022844709654085,1.0326055614871867,0.8899402238078928,0.8654146827720504,0.6163367078467227,0.4684648652801658,0.33383700421115114,0.3260104219603235,0.07426750895307495
3.120000000000001,0.003808189623804057,0.22582740522818942,0.34809123535321485,0.6058263900325833,0.6732899149097851,0.8389256603236417,1.0023921775401865,1.0731793123763704,1.1436459035176623,1.2324209208911936,1.326172300236423,1.3730275958794245,1.3968330044622415,1.4017013465805388,1.5069479588371004,1.493817786723692,1.5154358502494107,1.449635540907338,1.4795141795152051,1.4703579863082938,1.3135225082606825,1.3871393935510836,1.278210324861815,1.1060185494813028,0.9528931385155504,0.8540006672671897,0.9408116531934283,0.6956486555536103,0.5254661285937602,0.3331648273670947,0.31791020706775075,0.09926934921357528
3.130000000000001,0.01090912589948767,0.19919465501540304,0.28820735629304245,0.6438329425977976,0.6362631497883201,0.9291303677401793,0.9737881615851651,1.0536154268220508,1.1231454428322376,1.1577768901439525,1.3293314189189736,1.3514621275711933,1.3830396131545104,1.423462233819952,1.4725431026900715,1.4347169611075992,1.4657235888395919,1.5129823171745775,1.5110631125334015,1.4152856455461107,1.4764337490857256,1.3708052295247222,1.207772964770316,1.044422130883681,0.9631015475206778,0.8590881711499497,0.9490515511611672,0.6384692384727474,0.5974142455440945,0.37175551568510545,0.2729450914246325,0.17216874280975844
3.1400000000000006,0.030537023679113533,0.26066545240388295,0.24871338175096772,0.5983396133701541,0.7332790935013064,0.8478272565471728,0.962607205357085,1.040451718299345,1.0868042813682217,1.201099370941457,1.2421420703326924,1.3616947285469911,1.438983149956553,1.4164130597230857,1.425007233752427,1.4842568088377668,1.5045987973795678,1.5856092498237815,1.4866108210388527,1.430583260876444,1.3777780735923624,1.3528288658540275,1.2561947330797918,1.0541127992739978,0.9373013545420804,0.8482169887659703,0.9027136672616061,0.6874946248635994,0.5748926770258399,0.3363051029686065,0.2653888819977069,0.18461920444500998
3.1500000000000004,0.07783107799224939,0.27418744047244104,0.31483327808517114,0.5957077123623412,0.6837446715356061,0.8507067930175273,0.9872951029093372,1.0248595219202494,1.0444503133627416,1.2260926180898237,1.3527148995123868,1.3799598068347136,1.3621333634191695,1.4250199593948505,1.504789819826734,1.5525185892245243,1.4754934509771662,1.4670573821128676,1.4655948382634079,1.4123027258071634,1.4125833772868894,1.3231068160198187,1.228845408744779,1.110743917303411,0.9865089928669265,0.9601804889627646,0.9586453078431393,0.7139010521020133,0.5728603502610208,0.31004958604369226,0.2885694373657282,0.20065459138963515
3.16,0.1336730466144445,0.29667959352687423,0.2726880138617733,0.6426837864411988,0.6772851346732526,0.854198451419502,0.9857913585586207,1.0692053096133196,1.1194724033700534,1.2462276557055714,1.2741711577853856,1.3718504508575504,1.3969161603987963,1.4245685965920858,1.4810677683847535,1.5233678939659996,1.4992530967908064,1.4478246166222224,1.4567193634925668,1.4325353577300606,1.3836109977017155,1.2977347377007484,1.210963795530317,1.0786679283289602,0.9941173010817979,0.8974256421803405,0.9288475023527161,0.7030263492816499,0.5922989410915585,0.3319491728728678,0.23014289576251093,0.2464527376797793
3.17,0.1616880952650613,0.34567458076588536,0.37076094649263525,0.627326140754178,0.5790269307736634,0.8327102278704053,0.9484001222703027,1.0201389638239349,1.1348399914867402,1.2250945833290459,1.3561838010636407,1.370992001601547,1.404442904945459,1.4516784143950505,1.523931965539762,1.4959211262607146,1.4884585017600738,1.4893210410191964,1.48028943478004,1.438408514555774,1.4550753175433113,1.3194807349774014,1.2745741032344282,1.0936662406859035,1.036820147760533,0.9511053175207895,0.9630207873657495,0.7480458957168655,0.5871301163601088,0.33112358327700453,0.24978209987817904,0.18796242542593733
3.1799999999999997,0.17496336571341323,0.32322201379550786,0.3300894608759295,0.60379103742519,0.6248022079834917,0.9194525619591093,1.032443954815335,1.0503186207913053,1.129478678922239,1.1700971365753534,1.2736718400359617,1.3144486675051013,1.3726967519768813,1.4457288202784198,1.4472734990157345,1.4466473010977567,1.4863071834617418,1.4887819962574125,1.4652290788331,1.4782687640049086,1.3953621510937022,1.3351728420669309,1.276818937309608,1.1130043408555417,0.971255215621493,0.9976686961982714,0.928286424100604,0.7615638923572002,0.6277928259876681,0.32030243896914895,0.1978716149964354,0.23432093120950476
3.1899999999999995,0.153148654148397,0.3543745130639648,0.29708067944281935,0.5772481762010387,0.6459823007412426,0.8708668150031629,0.9615724818814314,1.105113838734756,1.1287537038269588,1.2277111000056689,1.2593781795372572,1.2722056842117255,1.387846690325561,1.455623468941092,1.4658526178356839,1.5111626041157484,1.5016566951090062,1.4784282476074446,1.3982356380450247,1.456736921353909,1.431275094491573,1.2276997555872764,1.2623071729171138,1.1893316989669902,1.0323384360450472,0.9801882964108927,1.0130476279022467,0.8376260381648393,0.6515016902868673,0.37227184298174987,0.2184318199363646,0.2414382353363387
3.200000000000001,0.13809584760090837,0.2686076126421222,0.3382914038927821,0.5962818664438689,0.6148024109200365,0.8771902514680224,0.9996862758938276,1.0378404108686436,1.144886646536931,1.1641693345000268,1.2864627949058716,1.3423750586407828,1.435134129231467,1.4484916353425592,1.5036772010101693,1.4435519298715533,1.4822481871268964,1.498312063999829,1.4705820271873864,1.4131709361256544,1.4238680987323473,1.3043449474438842,1.3110374847458783,1.1793651818914113,1.005527134254087,0.9877418074338148,0.9069945371418157,0.8127040678845501,0.7139966955675574,0.3564201112432118,0.20992882486681558,0.25447754349209645
3.210000000000001,0.190783672820933,0.36211427550521796,0.32233176258066226,0.5844177780467616,0.6012005705088348,0.8504771746441394,0.9872711585165447,1.0408151543419197,1.1162568030294924,1.2079759642324424,1.2269567648014108,1.3831523127223375,1.4175632650008032,1.451491751693775,1.4808909444563212,1.4006743958905914,1.47239581075856,1.5026753584037202,1.487523700604924,1.4257410792733483,1.3814075806407595,1.2341404833890983,1.2553228309795619,1.179265482138054,1.0221498983451527,0.9820510790790642,0.9564219740440275,0.8307649875023964,0.7513388695940301,0.31623901850098773,0.2612482117050656,0.3616032118707827
3.2200000000000006,0.1869639633308491,0.3256752502350952,0.33349605428277174,0.5163944679268015,0.5862306800844497,0.7766601720465971,0.9433950845844701,1.0681538691296786,1.1102172770475554,1.1951603432170343,1.282314584204626,1.3561786895891736,1.387041671404756,1.4043353991082272,1.4762634135970847,1.4410695770130313,1.4383540551559038,1.5271231504930765,1.503937247409133,1.4226184863399665,1.475433557116552,1.2749395404706247,1.2953866060128347,1.1830840330934942,1.0886534786955449,1.0254602587873227,1.0065497709444846,0.8868454122512865,0.7607191586730783,0.3883019203925445,0.24317987406502217,0.25337513973519155
3.2300000000000004,0.22786648062241258,0.3338838858526408,0.364860969044714,0.5861632176336068,0.5922201218694114,0.8537293017043948,0.9426160905409858,0.984291712904518,1.0962663011089162,1.1633517213146498,1.3448695223151788,1.2771880254010273,1.3821010355700953,1.3852361574734853,1.4424909940522421,1.5256155771233901,1.52134769725782,1.480280641485918,1.4564882860269939,1.4657073672737626,1.4409773687447032,1.299392896042574,1.2156558826192994,1.155784491686642,1.024994322504138,1.089307173486299,0.9970052074688436,0.8540258666090068,0.7238924021552581,0.46013586644528515,0.24189735212594077,0.27797581227680596
3.24,0.1636456908092426,0.3801552903896682,0.3176915551507955,0.5338197703712457,0.6198346769234147,0.8599025590857862,0.9062520520144318,0.9833249282815747,1.13051304570763,1.1704250506905458,1.3011484731524563,1.3669002857460855,1.406203291623481,1.4871849200615874,1.5289572032776317,1.5315983653646823,1.5198752292058302,1.4334965595596998,1.4991324414598797,1.4833593850483007,1.4435361898538572,1.294372964407765,1.3396512240186422,1.1172244798031314,0.9839378645820972,1.0460338970369774,1.0368839611855118,0.9094496260661167,0.7497912409123393,0.48478820225554936,0.23324293055381962,0.2533065796223937
3.25,0.15556673533044008,0.2980404761475799,0.3789586207999648,0.5547966306446162,0.6731620237880447,0.8212904605174457,0.9132084314160281,0.976042860056609,1.09456209336353,1.2259572931976777,1.2659947335817978,1.3418533434227162,1.373175671781273,1.443076375324255,1.474826950276831,1.4811885353896046,1.503649991071273,1.4814716991899033,1.4873087070522406,1.4665218021822133,1.4379268330451478,1.2290506401742618,1.3260192110632352,1.1954875525805966,1.059331250463673,1.0704387638987594,1.0670942712120826,0.9232772821456408,0.7927174472748346,0.4340278351164795,0.27887813025543756,0.2749235160403822
3.26,0.16758146427172999,0.26346442951573024,0.4019411909090906,0.5805977700531328,0.5756792562052296,0.8107994824000169,0.8995367432612418,0.9904135445128809,1.1001819773696466,1.1679999648406016,1.2822704026961351,1.3171935127374366,1.3456661312668783,1.4251903763487326,1.4369241794202083,1.431599245268627,1.4824320596359015,1.439788775771019,1.4403475276669129,1.5113311383852581,1.4885755316718459,1.2805913550210426,1.2743150527038691,1.1699641960158922,1.1047341559797048,1.1244963596804831,1.0578823785586162,0.9165058145634983,0.7532472813395147,0.46613740840333584,0.2552402271396421,0.2815837060320981
3.2699999999999996,0.1481337901158641,0.23358126912444865,0.34377567402527176,0.4861764265361777,0.5778969602090136,0.8520253566060327,0.9258556997118366,1.0926762222153266,1.1128494697793327,1.2041907800654554,1.3043304896483443,1.4016443959458336,1.374565611422556,1.4725458749431355,1.4607327466790843,1.4864225363474572,1.5457743817313698,1.530864558910844,1.5024248177610309,1.428781572365179,1.5038464328583194,1.3222759951403589,1.3026173334493074,1.199726848600083,1.087494451097941,1.123619897533822,1.066222029544282,0.9234945966388947,0.6990102407417239,0.4409087798415217,0.2601496810518669,0.26799547265604284
3.2799999999999994,0.1392950090650904,0.20731959380654824,0.2739188340596732,0.5190585116943189,0.6009302692444459,0.846546404762728,0.865062328637409,0.9929862882470814,1.1152561549352038,1.1439837074490031,1.2892306538026808,1.3523125031649028,1.4341247343273484,1.4037167138300242,1.540538946631271,1.508989072310993,1.4784321073684608,1.459006932484803,1.4464543643469405,1.481269704316036,1.4172515142888071,1.2293218086511533,1.2691705714220205,1.2311122830777093,1.099971234819856,1.1303231254407957,1.0647389854805922,0.9330013657915428,0.7773482594555733,0.4654701713837276,0.2783242889048049,0.27799345987659785
3.290000000000001,0.09086634307111718,0.186320491248839,0.3628278195314447,0.5321712974273572,0.6706585246823439,0.9133921604200312,0.8545647024397822,1.0222405123048506,1.1167695376615896,1.2584957016809875,1.3111229745095234,1.3481265393209028,1.4363824471053508,1.3939358547930991,1.4453098066006134,1.4706905953502993,1.4792823910844166,1.4737853195358381,1.4704633358298036,1.4437897736171816,1.4849113452591742,1.2631204628802402,1.354052705163062,1.2600629674924793,1.1344263604168807,1.0901623473854443,1.0210261948712411,0.9346274527884002,0.8367450918645617,0.5013103298978001,0.2672551713863647,0.21873238407509055
3.3000000000000007,0.09990153718490506,0.2512443432051205,0.36905339947247273,0.5011178810686239,0.5978165599035784,0.8105641313846241,0.9098004235753081,1.0470429881074526,1.0738982252454334,1.2322365721176685,1.3029792924166617,1.3793516848885992,1.395814208867893,1.4751131792471248,1.4721194386066623,1.5178537341615304,1.5092091465094015,1.4644731165136242,1.423943923762637,1.4659737168958025,1.4534540254697337,1.2811365041979392,1.368210810668279,1.2218902899858495,1.054170283823428,1.09005831311964,1.0214717595896925,0.935996830062873,0.804497961069284,0.49474006673836723,0.2878849277752316,0.3312344733918226
3.3100000000000005,0.036944140743562184,0.1435697457239758,0.3646144951441956,0.4861136767117695,0.6472552266794249,0.7803022978571114,0.8990335258883366,1.059257843442449,1.1526203472363772,1.1801330499312566,1.3108830097118531,1.3254316743525683,1.3595373624605975,1.415221297415608,1.4835553419918721,1.509815981867669,1.453816824420696,1.4958907018655065,1.474895291074809,1.497005942781484,1.4703320056906768,1.2768125492136504,1.3069082166158879,1.2566976317547038,1.0973524743902126,1.1412629369163136,1.0153625081387612,0.9321161371581407,0.6930015643892246,0.477960653269431,0.2545458995499638,0.20471583092858528
3.3200000000000003,0.06388058996379017,0.20751896354192717,0.316617843730848,0.4723059058921564,0.5901574102044609,0.8406695737774185,0.9257709033425041,1.0231697065146186,1.1096029913289156,1.208379306622343,1.2749181519194688,1.3467897372356166,1.42275228704192,1.4774508256248093,1.4685779278773978,1.4705231985610252,1.5132244572228315,1.4508841438996356,1.4465127466625602,1.4688541873277368,1.4191890639649793,1.2995261326343355,1.3657373273939828,1.2085605563798871,1.0930424262672773,1.0809385821865152,0.9746418589680695,0.9271465196434834,0.7749841751682818,0.5446018272669508,0.26467194908531577,0.23614128054150485
3.33,0.034617435908932556,0.15497308605208152,0.39246879050874656,0.501270523530997,0.6181233488697752,0.7408005631692464,0.8585662771899251,1.0138276192886162,1.087854994444814,1.2422217726643012,1.2151908229603936,1.331965233252243,1.386062747875088,1.4139689527904795,1.4139758302666519,1.493022718917363,1.498472217959639,1.4718195176324231,1.4383995878713078,1.4995031914767911,1.482872281932089,1.2622998228335032,1.3116678931491694,1.1769725492816532,1.1204403325606407,1.1004083840864027,1.0545773329700538,0.9519343336591717,0.7482698037293355,0.528479600099241,0.30585494862969864,0.24501334510012063
3.34,-0.01985527632025627,0.1496598019320243,0.4227023610515843,0.5151374299874113,0.6321587472073608,0.7971078426352891,0.8907359867573839,0.9959065835952929,1.1531965085974978,1.255300845534331,1.2383658956833894,1.3284522697042,1.4376135668302823,1.4236283583741043,1.4217375337224998,1.5052341534973905,1.5103457035832566,1.4176104554905493,1.394550926823399,1.47538376762254,1.4719927249914697,1.3228311310354062,1.3404007319518887,1.1897368320301318,1.1563534175949246,1.1095281942864257,1.017728098870716,0.8929018853109135,0.7839419273640511,0.5241733602591252,0.2890520302608831,0.22126786554041022
3.3499999999999996,0.05799571468262582,0.126516190467372,0.4596039852412615,0.5306198521544448,0.6297845005336218,0.8239473511755763,0.8928857175715244,1.0314026013920508,1.1257248027867899,1.2312511113720581,1.2746148480445212,1.2827736040910593,1.37276389280824,1.4135863333746832,1.4753276114648344,1.5595211777336573,1.458584159027908,1.4797524959936317,1.415064560761533,1.4173440873536527,1.413367482767975,1.2938586877451452,1.3346471097769448,1.2477225834158734,1.1086204368452675,1.088748081312402,0.9957372896174079,0.8259944476729423,0.7275167989990368,0.48205326504101104,0.3408220570668934,0.20636434600244397
3.3599999999999994,-0.020148946590033488,0.09794333685596084,0.4437909362441626,0.46274308692270516,0.6279633917300845,0.8129149064401001,0.8955375591054893,0.9973474786804037,1.1195532953846574,1.183203621595892,1.2575216784237253,1.3973134605292679,1.3975023341340074,1.4418749952431187,1.4959218305106208,1.4942022986853047,1.4692090689208,1.4059423539610942,1.3813541516679138,1.5008186001569224,1.390062821317755,1.318828324014498,1.3964743849457446,1.3137437290624072,1.1042490007865198,1.0847079507635506,1.0021572349664454,0.8622009028653778,0.7269971948988777,0.5012775296211709,0.3134650065504893,0.22196268445944467
3.370000000000001,0.007325794236484863,0.08748795049843922,0.3889034677646354,0.47676402932787465,0.6210836018235504,0.8053354683303195,0.9523583067723769,0.981794966506788,1.0936346341580108,1.1548044109589681,1.2818404349551509,1.3659117395137634,1.3570569995170905,1.3890521620335539,1.4654089148622416,1.504737598232955,1.4552999599430678,1.383403502540718,1.4107944485023522,1.460463478832165,1.427453796864893,1.306401722985545,1.3714156376298308,1.194794600658991,1.1691529093017192,1.0904028030748532,0.9476412488976427,0.8795353110204721,0.7293155474873811,0.5572924281309535,0.36787686011355025,0.28890897763042356
3.380000000000001,0.0069043814676405845,0.11341879956738449,0.4402732448902348,0.5058025516083356,0.6448119150471258,0.7702737071835971,0.8653694737720377,0.9650641257010661,1.0764831424246442,1.1983244582010366,1.2451967043565837,1.364321503214516,1.4483841782628526,1.4609289578592672,1.4856185010622873,1.5207176728289948,1.48105060037796,1.477431411514622,1.374040284080586,1.4471809334959238,1.4230911914608673,1.3377610573617686,1.3808087936216245,1.2887905581854833,1.21064780533036,1.0141027079744502,0.958083413945604,0.8383514015676857,0.7259085255866354,0.555892464000425,0.3628894639598514,0.27762197092588337
3.3900000000000006,-0.05552437745233732,0.12231744512416587,0.46421904164977595,0.518403517319884,0.5673040653249832,0.7966893373460717,0.9045546074499351,1.0351852795032055,1.129826456354652,1.2108268954495307,1.2933781179509936,1.325150847804156,1.4486540458822907,1.449244562262877,1.406350529277816,1.4722515747083307,1.4523335005966533,1.4451552231323062,1.3533240881271504,1.510244320440197,1.4469020218762085,1.361213325571709,1.423067880873531,1.2194543007614855,1.1376620223813483,1.11867855427307,0.930183741810016,0.8964512816834977,0.7493935240456983,0.5053500655436629,0.3187507211677985,0.22839547088778658
3.4000000000000004,-0.09334136749563386,0.11839051673531067,0.4463036866356851,0.4461954754025847,0.5927404057541386,0.7921281771051331,0.8844802181635371,0.9933207535156672,1.0992967127128233,1.242875786803042,1.2847629697734857,1.3187316284108086,1.4156468346268767,1.430850676688933,1.4855315973237615,1.4951944629135674,1.5123771645467383,1.456681905599882,1.4727930194072991,1.4831226054327131,1.4900815020806666,1.349058416163236,1.3198377104283694,1.2421162717884149,1.1508799177261915,1.1022890892157582,0.8498680826062569,0.9573536938543694,0.7596672997824955,0.5488478956620894,0.36840463732054674,0.2314695000705666
3.41,-0.06444634149063476,0.08549424262988241,0.4601823756530762,0.559495366133264,0.6398343888373297,0.7903866762411526,0.863019306296174,0.982750102208303,1.0749276893253816,1.2080578317816184,1.258331869204014,1.3964454714749241,1.4644092977293042,1.433015906564985,1.4983944139863388,1.4586150736766388,1.4544972355672172,1.4248027562423813,1.4531093382425828,1.508805198886496,1.4660920965759265,1.4169675423139854,1.3368045802781885,1.2885627110185323,1.1481047341058295,1.1043721763131853,0.811564623306679,0.8539115954634532,0.7448126759688829,0.6172046499746939,0.33316900098319385,0.29107146207164997
3.42,-0.04234087877716398,0.05869771652445177,0.43210868654002427,0.5457793716028425,0.6126350382379444,0.793396097434155,0.874712924345932,0.9336261238272707,1.096829334581497,1.1857094584058578,1.2562117414129075,1.3624234098688515,1.4239615492354931,1.4155328362550292,1.50158717778114,1.4895070166684767,1.4399876334190038,1.5028136571617046,1.3903019181989147,1.4677401598167286,1.3738493923964639,1.3593892363377986,1.3054105252888137,1.242338588050147,1.1818307252108449,1.1590038216040788,0.9288613173253324,0.8555507446780135,0.7082482452896715,0.5254106535477281,0.3093563412466809,0.3155815179445219
3.4299999999999997,-0.04357794637721149,0.10511364176428242,0.4886293406878537,0.5002614939211932,0.6166937870761648,0.7389200683251116,0.8192395333367675,0.9767432495245844,1.137460158513422,1.1868566325172119,1.2480429523780543,1.3116237935343082,1.3879524863466113,1.4393501550073402,1.4844533789141685,1.5340990219415294,1.4475648093510776,1.4700936155732158,1.3448543778223188,1.4067615956784039,1.4026353670496072,1.4040024113847496,1.3460448984399107,1.30004390377026,1.1893570310843329,1.0857709451772604,0.91489733032119,0.8500057903646637,0.7547810434022738,0.5453810639881886,0.3339036296609884,0.2346970318543307
3.4399999999999995,-0.025438815266314675,0.14805922880965983,0.44526260683442226,0.5286989326271282,0.6240161339851924,0.7073540965830452,0.8328904925163115,1.0116430597892767,1.0789110020487624,1.1517896616790697,1.2590776992495405,1.313377144973464,1.3985653627522068,1.4523528255210651,1.4562723810840636,1.4702856557053223,1.465426687007451,1.427411965163488,1.4299037870147708,1.4722616211672162,1.362978184530654,1.3954094190125341,1.3674798720784178,1.2896276057557883,1.1908690986874668,1.147499334815892,0.8397175086297943,0.8312357405481905,0.7575834797356749,0.564328976753201,0.3534857813559454,0.3766589744633084
3.450000000000001,-0.02860482961224384,0.1035903067826491,0.4537284009306817,0.45023740864416334,0.562893086238216,0.7205208490596081,0.8657158704001903,0.9454378535642218,0.9913272895285382,1.1439441670540857,1.230679449946061,1.31044335385827,1.3760789953683579,1.4536367394132155,1.4808899010975882,1.528999755700921,1.4573195814361404,1.4711956813736853,1.396294703568801,1.4520674891588117,1.3053002833354543,1.4094738832198483,1.3364723085817172,1.276724062403831,1.2065290710809917,1.0557151092302048,0.8284645456742864,0.9186955034150353,0.770625861102445,0.5615388243866115,0.3930336695932102,0.32442071017451585
3.460000000000001,-0.06908654162907656,0.0008310165819913513,0.4256170520259825,0.4798680713373344,0.5652741065327133,0.7851055733338917,0.8856092072315648,0.9361092236915255,1.0504292399778412,1.1564336142291456,1.2527025043768547,1.315425468473674,1.3943157131202437,1.4409984406261724,1.4127047569431483,1.542596788830043,1.455747735844633,1.5034980640108333,1.4891907841777412,1.4591412918483342,1.392868282956918,1.4253765034665304,1.3526051475428278,1.2928719528313695,1.178840415969588,1.110290299727245,0.8508917150035381,0.8985605162230642,0.7737082345220775,0.5990938379784927,0.417019253984475,0.3286618764725252
3.4700000000000006,-0.08807422971231427,0.08166201524150594,0.3995480892854138,0.44691391680517206,0.5845237502095818,0.8278983131034505,0.9093258550680179,0.9463037443588319,1.06811980657258,1.1843793732682897,1.2731550932787652,1.3340038755824983,1.4100775367930296,1.4292204764381486,1.408986496627902,1.5125479140995546,1.512773392099161,1.5163106179216708,1.4191732118675444,1.4501031410898155,1.3754261034227167,1.427379835003871,1.3612397767393065,1.2627487443398593,1.2150011459222334,1.172242163762828,0.8465656984113484,0.8819005751577913,0.7966370418492881,0.6430476026479601,0.3805991517117023,0.2877409731781917
3.4800000000000004,-0.1297091500186407,0.07298562949066872,0.3673918476799837,0.46521810961229587,0.5984286435039359,0.7115828459841782,0.7949018280703468,0.9456326220574378,1.0719558024029385,1.219686697069542,1.2320809466926672,1.3352581929646865,1.3454293512254112,1.3955387912334545,1.4707161611716062,1.5099983623570705,1.4932224141232817,1.475055501959007,1.4671267741568956,1.5016849677753736,1.3942667603217096,1.4173777365562872,1.3633478363186267,1.3062495138995587,1.1588677697899001,1.1806642020027067,0.8725622861633129,0.9219299532279166,0.7741628289175423,0.6017053159995472,0.366209337211034,0.29741227590963387
3.49,-0.06715598185427245,0.14343395317456833,0.3947096088542643,0.38557986426482416,0.487703636244317,0.6792807135266248,0.8577787826016757,0.9278654223596484,1.0782487930621296,1.2107953686452761,1.3115018058663865,1.3299610658616436,1.4119520019763168,1.4405357413172988,1.4944196856483338,1.528229175036867,1.5344489756421087,1.5181576990074757,1.4087694690639867,1.4149403543674868,1.3807805251288714,1.4379907312305378,1.328817457713148,1.3465832844309036,1.2032628557395448,1.1148603069946346,0.8795608164296741,0.9548176403092368,0.7290572598077624,0.6252216966696881,0.42998210271533244,0.3439562635036547
3.5,-0.02688809413842855,0.08901880558252975,0.41009768175598854,0.37875618293108343,0.5115207521868189,0.6965817985779721,0.8687132345316911,0.9056167682891769,1.1053501095770508,1.1093566785927742,1.3032293517374947,1.4085062821213465,1.424138376437067,1.4411935332306947,1.4434992365012798,1.4970631712759814,1.4380751538383563,1.491821963518779,1.4194962508329656,1.4168471414643387,1.3157875652851951,1.3743426143826571,1.27273394569744,1.3153349394702307,1.2400842774562733,1.1007939109437619,0.7397218695791643,0.8800086786857144,0.7515665620994366,0.5744956990714143,0.41573460001807755,0.33392179223356905
3.51,-0.02392512118308126,0.07778593131433303,0.35540388429741454,0.4253985038504081,0.5421900506654229,0.7149272072250767,0.8289007746705551,0.9883061493195178,1.0972786822608096,1.2038400170511958,1.298897938512613,1.3537897247554542,1.45165953303693,1.4513348299265996,1.4361763657598727,1.5356224715384421,1.4280386561913527,1.4996315098958155,1.464588460683784,1.4681393194713137,1.3840951420333731,1.4377192887363746,1.261450981061563,1.2769020115984868,1.231296775621928,1.0967804717799339,0.805005180661468,0.9093094233175311,0.7465421332751212,0.6262510702526753,0.4291347778077265,0.39430279568405907
3.5199999999999996,-0.018108863331984183,0.10225052825675308,0.3914919829382302,0.43034445563713586,0.6142876134599671,0.7404796930666236,0.8529885360749502,0.9145233409704928,1.0965725020636514,1.2024632303822733,1.327240711686325,1.336307308144861,1.4096085902271174,1.4817162473617345,1.4641908908423977,1.4858351016158813,1.5066968178994644,1.4890234531024695,1.5133230219711133,1.402299137122953,1.36876413755398,1.3848839122993253,1.2946341881459462,1.2614485859806162,1.2324010553860794,1.0619624770325022,0.8290640353086414,0.8367944856879922,0.8073836239704993,0.6501268949315545,0.41568050862052974,0.33477137286946385
3.5299999999999994,-0.02224715082668939,0.10277058551441207,0.37643794149605436,0.39428640486468236,0.5725302359334618,0.7279139695291061,0.86169496167565,0.9252212379738376,1.1178937184997126,1.1812922786028777,1.3101761056415382,1.343020639634298,1.3793735303857686,1.423096062454479,1.4934742250833222,1.5104310504109384,1.4764667771815685,1.4702926273531038,1.4902061240057582,1.4132116206118093,1.3561661329128454,1.43557884590598,1.3171029899321443,1.2776065958156577,1.2359851420065058,1.1045910823634564,0.7590026325005246,0.9252997417984508,0.7439925972976748,0.5777752517071573,0.4660866662395896,0.30294652638213226
3.540000000000001,-0.057597771404459354,0.1062049224098793,0.3369591617964678,0.4057999965234771,0.5508716395572969,0.7528171625754587,0.8437531061656748,0.9059859482420155,1.1073182731442526,1.1365126065911235,1.3089931280891416,1.409052214308874,1.488498766975805,1.4536525529738373,1.4297426217516076,1.4824115055918095,1.5081330515281735,1.474040653718934,1.4546088623218467,1.346144311289508,1.334089962610936,1.414689419928562,1.2572108251780554,1.2887492265165352,1.232401055065327,1.1193667520751216,0.8083890873721007,0.8731042906332496,0.7697503989281952,0.5090598221422428,0.4605334781657205,0.3091906620042807
3.5500000000000007,-0.08954242827789702,0.12853964381595812,0.34026341698884466,0.3680514519273451,0.6306079744366431,0.7010978984970271,0.8207842473281672,0.9386439970369124,1.0809638429525255,1.1818431781851926,1.3109426436409923,1.3274167993128412,1.429973410885813,1.4415932491501087,1.4458580042307732,1.4108330588832958,1.5160813053512077,1.5373510267830321,1.477742875653299,1.4614773161058192,1.300329040064927,1.4220691787299522,1.228802072873898,1.265400044987355,1.2423860318821367,1.1319679965107372,0.8425323720412703,0.8668156977886577,0.8490727200092859,0.5875704238527706,0.4481691518429289,0.2965284584697709
3.5600000000000005,-0.08227073578828212,0.12483935338616836,0.312199219770923,0.36923048553873505,0.6333850160406096,0.6867486944578495,0.7856684030767045,0.9739479147845604,1.1127286345596705,1.2048438189598447,1.3761367008352683,1.3472452193065005,1.3921172586488502,1.4362484424402997,1.5250839412565638,1.4715405486938908,1.5332208367650402,1.573509984265749,1.5222043178672127,1.4133183201142634,1.3752159076513863,1.4123215698933236,1.2722052941893847,1.237741348128399,1.199868515578832,1.0749423651231302,0.8028358712450689,0.8626268452826518,0.7848593394713118,0.6436093700795725,0.5100416439647013,0.31364275375889283
3.5700000000000003,-0.01368240606539467,0.10372083990258504,0.3072107555843688,0.3990801993286381,0.5840605606300677,0.6994093751361348,0.845211569988187,1.0540705639904244,1.1080518138301034,1.1973629193666133,1.2225105304576,1.3907761656042177,1.3792489991844237,1.436811847817494,1.4690781546147953,1.4671897260770677,1.495306437076355,1.5330108976452625,1.4873408963057042,1.4150219121335605,1.2827594963232127,1.3728535991786919,1.2529984120793267,1.2723279500859515,1.2358401894939528,1.024276221769474,0.8056640676467139,0.899296061519024,0.7533604776368811,0.6431975677847033,0.43268051361670634,0.32305844245303167
3.58,-0.06035488903873834,0.19197442235743953,0.2704682719304297,0.4163802547909235,0.6420922456731801,0.7062488728817672,0.8290575166222691,0.962035067983018,1.0856071972818828,1.2059036572184898,1.2547997435487597,1.3285248397109584,1.419018502686152,1.492908842354277,1.503242376384038,1.482523086645527,1.451289940848689,1.552706986797899,1.4885578267601873,1.430897140762008,1.344339299897763,1.3215319434144361,1.2431757350527473,1.296315260989605,1.1909901043388367,1.074980672654679,0.8026361114315894,0.8562976052435315,0.7230637910144508,0.605392456670389,0.4402575039842311,0.30854263221300293
3.59,0.02446687185914197,0.2509734808317453,0.30735320613121264,0.44381075871897757,0.5756350796804859,0.6817243461419774,0.8902192143942539,1.0417501547245926,1.1417490798014864,1.2187851622081958,1.2800911378318651,1.425045487305605,1.4181194514678213,1.463681652462547,1.4305715422814786,1.4763894177919388,1.5192184545441734,1.4925203640035147,1.5279073054277197,1.426658328866472,1.3711474502063743,1.3972787849836608,1.2001531683037188,1.2731481917731835,1.1871110293829945,1.0700931667834788,0.8474815582142526,0.8885784027377112,0.7679387545130371,0.5841017900655529,0.4372780424006572,0.3358641925514432
3.5999999999999996,0.010517850268837862,0.18947160807703858,0.28159250541414593,0.3894007262213046,0.6032944468151776,0.7038539924424192,0.8314207080716657,1.0132331164210375,1.0931762105380558,1.184789269028866,1.2843144691226065,1.3932959487158947,1.4139281748751957,1.437374689219366,1.4663201852468455,1.468221422544079,1.5088892050408338,1.505178299161761,1.447015240580499,1.349967025975477,1.2725231413329983,1.316291613567484,1.2195660398524513,1.3024945939761332,1.212044344554743,1.0459586991362164,0.8335232136478111,0.8264471021650147,0.7380338759735365,0.5673336223247855,0.40544289603144534,0.27362762079815844
3.6099999999999994,0.037726382474854395,0.23185376212323555,0.2850591295770535,0.3568134886398443,0.5982271384719858,0.7151959345410649,0.8755526724564422,1.0103292084998792,1.0865003744398383,1.1765591561338908,1.282172733426233,1.3765446098281846,1.394970231358561,1.4845419334789713,1.4680898307715862,1.472627032500855,1.4912173860273525,1.4790651300870907,1.5522890863230758,1.3650212521212444,1.3114534917919767,1.3342148090492632,1.2451527712478159,1.3020022554259196,1.2121365148237668,1.0996122638240562,0.8659911800893046,0.8459550516840868,0.8471148287428355,0.6134258318654078,0.4690588869029883,0.30053337630796273
3.620000000000001,0.043782869422495915,0.2587077056756317,0.25935854739374864,0.4306096049289387,0.6235812107172735,0.7483541713481842,0.816009777988069,1.0080837820288386,1.1206760346796927,1.2420416552546905,1.3060715023614091,1.3690606687940556,1.4284031918134001,1.5109636862980134,1.4772410498885153,1.465976351347581,1.5172972409200849,1.523269408087,1.540939401328102,1.3726347325929127,1.3042145267397487,1.3813469126987992,1.1846729672764178,1.2433358669202739,1.21110833328228,1.039364650076387,0.8966722092862331,0.8606341778027751,0.7116119073790617,0.6663906372537947,0.5006753939761392,0.2915949061967034
3.630000000000001,0.03705630537573394,0.20241556655729315,0.29451854452455534,0.40532912088700324,0.6414435025983302,0.7535013946299124,0.8651519402591289,0.9953683931706162,1.095566478309175,1.1916340495743654,1.3295294324812788,1.3632219268468577,1.3786428266469364,1.4389175024568448,1.461558694068316,1.4772853416678753,1.518328269979731,1.5654028288716113,1.4611468593649946,1.3695425541436155,1.3087472830360016,1.3639867592905792,1.1877538495281437,1.270241673079264,1.199480866347367,1.0545444647461193,0.8506190022892898,0.8469678004622154,0.7721747976695507,0.640903736357747,0.4599715396129139,0.2132825800874159
3.6400000000000006,0.07337291090792528,0.2767014693720001,0.22726487344753799,0.4120562829124872,0.6879851853054267,0.7259505989259535,0.9303372205294812,1.025241975165136,1.1229749629970178,1.2414602964165837,1.264188202609109,1.3619664388259531,1.3971100851304454,1.5056869689716768,1.499882547142138,1.4403263640209396,1.5336345020504798,1.4988714526493674,1.4750247590198708,1.4081481936570879,1.3686000903958913,1.268734044202989,1.1229845360499888,1.2460951101132385,1.2070393963934514,1.08936008564047,0.8448049801387584,0.8297550600456217,0.7332566628437909,0.6029466013727449,0.47629197155522013,0.24411469218731705
3.6500000000000004,0.07748225647720709,0.2494239367983782,0.3038125244371755,0.4743641402137887,0.6852817462999787,0.7734879846697726,0.9052503988587117,0.9785421159713387,1.061201221235108,1.1656781245234522,1.2513925388648275,1.2892828294921554,1.3900462874144583,1.4474164450964278,1.4812821032912664,1.4935954586912037,1.4953391046499998,1.511615926486228,1.5007571046563353,1.3538061395637706,1.3833921976083572,1.2649949278142678,1.2219201348685738,1.250294989356997,1.153356625543261,1.0087493905974192,0.9017489069893218,0.8435871006240121,0.7163319312920939,0.5737973717637931,0.48799362487814485,0.21976793836009478
3.66,0.12568033803688014,0.2640413523466778,0.22429739885841027,0.42063413302073016,0.6743633014128796,0.7474980450872508,0.8809804466313667,1.0171175109495645,1.1259926714554738,1.2722627550516157,1.2348147663548634,1.346942001513708,1.3810690928047333,1.4244825138004924,1.482786779112623,1.4541716775840166,1.521755226666775,1.4892295365747457,1.5113386639250272,1.4328906362624338,1.4478609330531094,1.3480177401195552,1.1281939404955252,1.2197945545528532,1.1461586006716995,1.0427985957698025,0.9358880604019648,0.8394225858816601,0.6948621826092765,0.5132399546946984,0.4606040910693307,0.2507151200156923
3.67,0.11479802056194195,0.28692332249313063,0.22199411383024964,0.40758282423270975,0.6641759216530607,0.7779870675746662,0.855002762417154,1.0446572294024892,1.17829517323947,1.1924401830607922,1.3044271023254148,1.3360541976497076,1.4227585752568777,1.4879792243375807,1.4650392462350728,1.4539069123264678,1.457613460627606,1.472532828666729,1.5209484322774158,1.3939240215604158,1.4164493088299928,1.317131022585775,1.0990401138576131,1.2400972087788498,1.1424297646899526,1.11806011584655,0.9669687732302495,0.8382214971562155,0.6352339585637681,0.7014039216101089,0.47731828630319245,0.25221952625192673
3.6799999999999997,0.11727361324817255,0.3018903106656498,0.3241687413752106,0.46848813890527136,0.6679806936506288,0.7571571080482928,0.8743551817252777,1.0186555353481919,1.0708769675889274,1.2363255279960665,1.2809201455194286,1.3516471242193302,1.426780761862399,1.4315532699770022,1.4893036475601544,1.4520083520768108,1.546087817852642,1.5435718042272404,1.5144611013005547,1.385783058357314,1.3816222461458745,1.3186460832065277,1.1997984976541498,1.2550010792061657,1.1994188199499922,1.004165041807391,0.9415224446429576,0.8262767566662549,0.6719876095641436,0.5626994094728827,0.4212204609574514,0.18177661543495705
3.6899999999999995,0.06347559186336786,0.265081598109377,0.2560571340749207,0.4450971701195537,0.6649371482944483,0.8098422357949834,0.9424027439416061,1.0177696426845522,1.1495585129131545,1.2331988082919492,1.3393516290188765,1.3404358235936094,1.3416183340799241,1.3909593652763064,1.4688392022704386,1.4691342439804438,1.4827260798275317,1.4674422131361826,1.5256771625170824,1.3763850298139149,1.4115380016865724,1.2895282530748673,1.2106121089149129,1.2070353452527134,1.1650738767111135,1.0187033032567827,0.9892284553362488,0.7971265286661796,0.5957983907274441,0.5717157166313127,0.4752575062402711,0.209313520343846
3.700000000000001,0.09079745344243903,0.30915916863866916,0.247162165351744,0.5069196138301063,0.6871475172679383,0.7480704696590095,0.9244684932407946,1.0257509669882472,1.1279981518515114,1.27242668853477,1.2939012599435729,1.3364186384600756,1.420618673576905,1.4325612185473944,1.471173523123637,1.48616327534178,1.5420072405706862,1.4840454194057509,1.5464322251302882,1.4085056640335178,1.4276242032984754,1.3018179709337545,1.2365117925044764,1.296503214807221,1.1706702081658171,0.997645147729147,0.9923916922928847,0.7686319433351004,0.635726057635463,0.5832647531081373,0.4442974624558421,0.20217479041369935
3.710000000000001,0.1305100576931651,0.2739386226300272,0.23346304295776163,0.5260420491874704,0.6973144369914743,0.8119718466065109,0.8384623311753425,1.0448843096423523,1.139279393962078,1.2306375041537791,1.2288676248869392,1.35251042479377,1.3859000874800202,1.4609640415699505,1.4331134670898782,1.4582636755198557,1.513900981265335,1.5163508396972911,1.442151653908303,1.4720533841035084,1.5085999685610891,1.2727017839316301,1.2204070222808299,1.228053520345954,1.1498742188058797,0.9867277988778599,0.9884139833761896,0.8165868900805636,0.6063518857178454,0.5863204145195888,0.46383011734704743,0.16987636034268172
3.7200000000000006,0.11189230784855209,0.23221009463476477,0.2560070541038965,0.46310833228810744,0.7106222714345154,0.7660353825605586,0.9240500807867568,0.967101319945906,1.1177287844498747,1.2056733379007516,1.3163867827962825,1.359440590426292,1.4280201121082197,1.5294408110758717,1.4574458006182538,1.4643325598745671,1.4885586143519942,1.500125705974186,1.5208643736577745,1.4044025850379622,1.45922610675365,1.346388044944283,1.2821840306370758,1.170124714108291,1.0929647137023915,0.9843034900958343,1.034121369506154,0.7354862098783388,0.6139047722597559,0.5077487104595703,0.3965625907428651,0.16617932139187688
3.7300000000000004,0.13170041168994434,0.2862448115262381,0.2563797032766577,0.5110211947371475,0.7078289727829238,0.7510319248838028,0.8718601203146712,1.069001140278171,1.0655135876558113,1.242714509977777,1.3552932289281405,1.4382322571176505,1.39556510048374,1.4620947856044786,1.478551135861975,1.454731971875612,1.5434166897743198,1.5642149891464052,1.504822779111071,1.4692173671140232,1.469301984018603,1.2995294313200938,1.2601235989381085,1.1508566401184372,1.115691109095172,0.97270258513801,1.0213482923185675,0.7113923930286027,0.6080598898084033,0.4705675809900478,0.41216740294614596,0.1614559889121196
3.74,0.0878208277193154,0.22084923993680433,0.258411819738912,0.4756468193942883,0.7311908851023532,0.8184622970096566,0.9460722129041624,1.0443765553999425,1.1078619408011363,1.2411262805792893,1.296416270562645,1.3450636506321643,1.3167024302705592,1.435935131119487,1.4753477054022202,1.5512999645710692,1.5423931573197387,1.5062036304511852,1.5552401959552982,1.4376022802802182,1.4583329789431467,1.3142696055410865,1.294806010042791,1.1578944584893178,1.0867704848636097,1.0109336408289262,1.1288098837065044,0.7323303381534939,0.530906223214179,0.4717450728112898,0.4149836088522528,0.11089678137853287
3.75,0.10817455187578967,0.26454027834600796,0.23176855534842133,0.5898688389524815,0.6928897540928884,0.7885230626734502,0.9501188130495454,1.0386223255110856,1.1211442018313804,1.2053759984040433,1.2551402815142256,1.3444766375721646,1.4005244043654441,1.4379879439505574,1.4559425774290788,1.4837765512034915,1.5247926386215573,1.4278498951407683,1.506810010656882,1.4368134118841662,1.5122616051709727,1.345204196457764,1.3348747788242847,1.2385244645731788,1.0664860006232408,0.9669891464700595,1.0658465582808727,0.6829529383908013,0.5570423395044566,0.45976941421338446,0.3822461549152799,0.11686293280081338
3.76,0.08782743942072525,0.2111531842002798,0.2477032277229949,0.5101075837267377,0.6552310902144837,0.7804898881317898,0.9097019523110018,1.0351649167596446,1.1632336000973111,1.243964948130892,1.346984456487163,1.3773749484941362,1.427829609111779,1.4465385843511303,1.4781801638636478,1.4575795723321328,1.4900596747806185,1.4492121627873082,1.519873551739865,1.4787178215279293,1.4533093370425465,1.3675256792904278,1.2746160164722937,1.1375155140318303,1.0601583633938967,0.9598678862576482,1.053082271033605,0.6530432034680669,0.5401777406119805,0.4278778573736006,0.3797279388865443,0.09034336899093456
3.7699999999999996,0.07869560047985215,0.20805197335405515,0.33864435623231676,0.5492329840146273,0.7496538926125411,0.864827047051084,0.9685844250254981,1.0348065798023522,1.08112338459004,1.2408733833992567,1.238912487960649,1.3577388675435609,1.3765285402164733,1.4551908990348779,1.5207930729836228,1.4677454760859763,1.5242619546770493,1.4715000895893697,1.501965594697279,1.4794845884484649,1.5043779803452912,1.3229165121845536,1.2833785346524582,1.1136136738910967,1.0567352924790292,0.8954532162289421,1.0405622969383221,0.6706118842182855,0.4834410948558989,0.48248766008759036,0.2930777647537205,0.10866632362824868
3.7799999999999994,0.08919580524558161,0.20036196544059665,0.29786620760881977,0.6250657671685497,0.7165994235752268,0.8220569822316142,0.9337202763759377,1.051861720237002,1.1497797209216054,1.2379403984259105,1.3083804981391374,1.3506250294617346,1.3903758481645496,1.443098669541437,1.487133170662617,1.4679000024329814,1.5020422297598979,1.5090494962926304,1.498344391298276,1.4694955927608522,1.5331224340755802,1.305618216718255,1.3601791546467654,1.1453440175250706,0.9926107652322764,0.8921599034375363,1.0095184480472423,0.6818001640420795,0.5804795992551401,0.4244016329799616,0.27807304641705843,0.11748756287402691
3.790000000000001,0.1195320297701862,0.2293446820721933,0.3127982058933943,0.5100253234887474,0.6973151879511655,0.858824454648512,1.0090857943377374,1.0360103502533642,1.1084751548627008,1.2288820429135938,1.2578756718256652,1.385894605884201,1.4309702585444057,1.4571687547246626,1.4436181825578513,1.498004567106896,1.4822132855024577,1.5470139287703357,1.550014215762017,1.478509281242438,1.4310791702471672,1.2979695150489838,1.3838230748338876,1.0971670711626011,1.009162602316547,0.9102788780787717,1.065947877409564,0.6201356435597954,0.5227806272798036,0.39858197966696524,0.28389682640794284,0.0821401239401319
3.8000000000000007,0.07246270711012015,0.20985146388984355,0.30431160495274695,0.4634670513894204,0.704811700160476,0.8446555504319948,0.965700377918198,1.0536682026513011,1.131226340294567,1.2399262219267089,1.3029476158941389,1.328706352858784,1.349952632443609,1.517685125795897,1.5088831303678396,1.489004979921476,1.5193105733988168,1.5113091205407068,1.5113389066861385,1.4691203933485397,1.4559430554952486,1.3362466359871792,1.3423108296815982,1.138316866292941,1.0021275740065625,0.941535678992486,1.0402187791849473,0.6253807717693968,0.4934176760328582,0.4233874069499534,0.25038722395836804,0.10501162955185186
3.8100000000000005,0.15297179589971366,0.2931465037542146,0.38456851785515256,0.5460273860760126,0.7150702787990049,0.8924114775919283,0.9839044958664998,1.0729167717994827,1.1912944468878066,1.2824688401023765,1.3417644605497647,1.4157443942801307,1.4007204917752014,1.5352202242671968,1.3826860895591628,1.5017316469451527,1.49955653462687,1.4856934905075756,1.5339445696897638,1.5057663902741143,1.4414899301069761,1.3187736860867656,1.327547526573205,1.1395941213089469,0.9729249754701492,0.8539917525910476,1.0168347320638165,0.6626443870117433,0.4823962105239163,0.29925541381088655,0.2515215320396503,0.1202162193481204
3.8200000000000003,0.08641869973763065,0.19081299459118764,0.34140912541992785,0.5824967088234384,0.7227818415283771,0.8546358577779133,1.0049131536354736,1.0440146039902654,1.142570063172303,1.2635192151801908,1.229723540834081,1.3174794227954203,1.411388461101515,1.444622362694116,1.472100530250481,1.4622800488986665,1.5395765443170273,1.4979107035009944,1.5880610046034054,1.4685141900294,1.3955310909371286,1.2477594325034769,1.3460208606456256,1.1021525564630954,0.9660162771508918,0.8522699947210284,0.9939732060850595,0.6261001558796252,0.4434444872357265,0.35813089605349524,0.25425700012470304,0.13730658224782444
3.83,0.08397877247991702,0.25690718405720425,0.36485438916443075,0.6304638636898284,0.7101746213145543,0.8809650878905968,0.9845975554184001,0.9841960053844703,1.1001152218894645,1.2562046954269344,1.3299155784852992,1.3387149653233927,1.408196095383684,1.4798917313177,1.526159069536089,1.487054264371539,1.5315374065545337,1.4894194998746886,1.4869987573977852,1.5348039570558285,1.4639126951113868,1.3749194514956953,1.3233209661513956,1.0642920405353298,0.9021622294371021,0.9260207905209342,0.9779723299507534,0.627310383288607,0.46605281258104475,0.33646933359095604,0.2466389206234509,0.13565336475814857
3.84,0.1094284712409627,0.21441279681443495,0.434489743725243,0.6484847773564084,0.738961762382214,0.8874507636263775,0.9455233929496991,1.0485581616051776,1.1570059470551775,1.258801188946429,1.3143847622439409,1.3493688080978958,1.3860806452235062,1.4561970423321589,1.473052198443401,1.5701135334160952,1.5773657061820028,1.4156323950450698,1.5022799126314599,1.4829413873376698,1.4170936196174506,1.3339933750020783,1.3556729846188942,1.0374934308661972,0.9783793739336919,0.8181607156645951,0.9403467251345607,0.6416502719728723,0.5445694409609316,0.347315564369574,0.2076554960115871,0.05898235548794942
3.8499999999999996,0.1017713818270816,0.2214341851907629,0.4011696911579626,0.6180521979562178,0.7296051923545889,0.9143983031067614,0.9853227776669641,1.1020302597972906,1.0659625100417394,1.2558866403745974,1.3320226580996073,1.3830477932661118,1.4123448299836487,1.4625837617845283,1.4950198981133662,1.488790491957433,1.475223600149637,1.461761177023922,1.4978952397129317,1.5063033425285954,1.503286732806061,1.2214368303137415,1.3170874567986766,1.0110509021703844,0.9641721495397606,0.8471695898888315,0.9581872296415821,0.651972641740842,0.5178554984981588,0.32902373540866015,0.1392396217490205,0.06375885512773147
3.8599999999999994,0.08771853891978995,0.2355122073701416,0.4334225294248275,0.6091480720696499,0.7325521924969868,0.8847733604445973,0.9524609833555329,1.073021941411899,1.1749804404179547,1.2613451402815823,1.3942557541696252,1.4042688304098112,1.3776833612054287,1.4566137470733107,1.4873955368341218,1.4793444991384401,1.4450874670119034,1.4308245271126248,1.513732399598048,1.515808719759773,1.4452439867404294,1.2636031630319882,1.366268414872746,1.107373512693389,0.9440370865026942,0.8966813860167453,0.8918484067327214,0.6448225856595476,0.5500677950410595,0.35900689718969503,0.1457159486311644,0.09900852719672562
3.870000000000001,0.0922152085149087,0.21133659926941878,0.46179448333250256,0.6354087579384864,0.7396519043112688,0.8814643587074997,1.0185674250616885,1.0859203506062185,1.1537832461979114,1.206046969251219,1.3469630971692976,1.400735559411886,1.347394921200698,1.4244211623887364,1.477748220195477,1.5262824331889413,1.518886975312211,1.4739974779933682,1.4848946496078546,1.4941434992757987,1.4039217656151588,1.301703302919245,1.3071248815043437,1.064024302784148,0.908361475150483,0.8892988804028807,0.9341080510537116,0.7148273004816802,0.5671355611844695,0.3077439063210439,0.20244996495630732,0.1666142674068249
3.880000000000001,0.094993783424665,0.24704820193724644,0.4604380661337453,0.6227327262221163,0.7013566609907409,0.8700625055499275,0.98854187349005,1.060679343099258,1.1705397439618135,1.2077782537510835,1.3938488083221545,1.336301899738236,1.377420594314498,1.4308287315155426,1.5383552372870228,1.5386857085620071,1.52379895275645,1.4388079468761585,1.5209869755034018,1.4849440958254996,1.4204644680422012,1.310507205898284,1.284272614594367,1.0616175226397657,0.9920275875085446,0.8993228478711681,0.8794795356548782,0.6625711064309272,0.5420411857813144,0.3483935784280944,0.15265420381451167,0.12703513039631853
3.8900000000000006,0.12854124029497282,0.2134486686073638,0.4068856487541418,0.6124462615694409,0.7793120333039459,0.8750801863016658,0.943882068318832,1.0450377455665656,1.1053239493770477,1.2326110903539458,1.2977456492507125,1.3686235503950972,1.4197132140477278,1.490146337380415,1.5211517710047975,1.5125557128203868,1.4718716504884968,1.4919464672886855,1.4557869589917998,1.4761765936348321,1.345603171210132,1.3077049120577577,1.3435792927148136,1.1227974004849,1.0109618886371123,0.9244944647088102,0.8799121125178955,0.7296116768545038,0.5822393277796688,0.3335082314889381,0.19339702947386378,0.13341433526472757
3.9000000000000004,0.10922865622213276,0.24116213470556855,0.3922891685291176,0.5572960437060444,0.7199277600262508,0.8899816540285734,0.9557254643239107,1.0976605778624315,1.1443902335085712,1.2003634389949354,1.290541340672599,1.3503770234013104,1.3780321806027391,1.4879985356545764,1.4900514838613683,1.4912422335681592,1.5065119306125603,1.4960801748947108,1.433150289932429,1.4781389495009851,1.3696937897483894,1.3075649006667895,1.3716905620031965,1.094500687501089,1.0011214769457073,0.9434282986594184,0.914629944534412,0.7193581437329741,0.5716010972687274,0.36699146789145115,0.1839914654242364,0.10769797519521684
3.91,0.04177855296878093,0.15925652552511205,0.4002829177244164,0.5700649887215813,0.7216350358888951,0.8843161839785181,0.9713019838977218,1.0039862981289511,1.0701314715051236,1.2013138137453407,1.28816735740098,1.360730507007323,1.3540411618332957,1.454260584011961,1.470224519813596,1.5240883292435974,1.53788274929583,1.4304529712583003,1.439892387479179,1.5259269418429438,1.4240652903662658,1.3493039235858548,1.2924745521243621,1.1279588405703045,0.988832466567658,0.9381194391119454,0.9215709662293304,0.7135782074130619,0.6132749339768266,0.3371404999854216,0.21500643370663605,0.1351877437927951
3.92,0.05559958175523739,0.11741718872802953,0.42888589569641594,0.5641682787201232,0.7208198464983427,0.7904917367434763,0.9244128423089472,1.0897154950769277,1.2069181861426184,1.2379166493906235,1.2974716491295315,1.3584770142118263,1.396776747320873,1.4161314588866971,1.4626956125923145,1.5249642234652203,1.5295247090991675,1.4412238583159425,1.4417998304722457,1.4827757331823115,1.4203155194060961,1.3346731621610717,1.3451542588598164,1.0970385961217668,1.001437279194471,0.9072942564440678,0.8974096133890299,0.7555107346031517,0.5699575355814704,0.35901852712316523,0.260887536119609,0.14294992843520798
3.9299999999999997,-0.02014459042134042,0.1816810531546142,0.39340587513563574,0.5513914192859966,0.7214037551989491,0.8390182722415847,0.957536088744525,1.0183850102697203,1.1765709961103634,1.2468225033460067,1.3348470994533792,1.3689811326959629,1.4360573796117564,1.404483800306588,1.4538530218009105,1.5437453126089566,1.54935702786598,1.4526565635614272,1.533131302359598,1.5390734603730236,1.4386165475230532,1.371536218362312,1.3401474958069626,1.227147055153117,1.0713614982221438,0.9208408318443934,0.8880144928555312,0.7525038475405859,0.5583407590280779,0.3760672236082873,0.18617421499046916,0.09285846288598731
3.9399999999999995,0.027583642366437053,0.15166389231475289,0.43882564266217156,0.5624477384986666,0.7484626479776965,0.8101847418933534,0.9743901944432213,1.0711109166829915,1.1664551810713462,1.2185897639787724,1.3580352212595588,1.283410187256513,1.4715756646686127,1.4139835394046552,1.500505806268989,1.455834188972793,1.5340414875673274,1.5250471125671425,1.5069538684842723,1.5116947907786615,1.4442941346954625,1.3656301592049958,1.3226791951906682,1.1397216001805328,1.0068016439234775,0.9457910133087711,0.9048781942600956,0.6813716884896854,0.6247115269955897,0.3912706858271827,0.21358044426732506,0.12140852799737036
3.950000000000001,-0.058308062031939036,0.11067684764798079,0.4369865853787067,0.538815699216029,0.7196489591900996,0.8179806217316844,0.9655950085600534,1.1200070107727929,1.1474587686217173,1.2702989386132244,1.24573414950657,1.3355030425617613,1.4128209298729202,1.4571471592988332,1.511227202509831,1.5373146677055918,1.4762152834117623,1.4289987556260064,1.4664131985372548,1.466941660795734,1.400442755759192,1.3099923006289056,1.3300016774425572,1.1755571919097452,1.0932725553927223,0.9727150912455547,0.8681339861624033,0.7365866987745919,0.5899948566725541,0.42589644115107894,0.21338935055921546,0.09167741471712591
3.960000000000001,-0.06976964113133272,0.11972717833698876,0.4394071430232517,0.538836067985793,0.7056215646067231,0.8071325567003557,0.9356703756320068,1.0873163224049007,1.1877408580411313,1.3194831875595479,1.327845814570555,1.3689415506549967,1.4110736253670986,1.428189823777763,1.5318493526952295,1.541303697948376,1.5244074721003382,1.5072366460879851,1.434903968776989,1.4586762169208738,1.3784216208144489,1.3746297395208265,1.271200500391081,1.1897843794613303,1.069615131344075,1.0158313752392796,0.9144459519720273,0.7459335219782677,0.5778490567586743,0.4046962441747906,0.20114845072240262,0.12903703227440644
3.9700000000000006,-0.06375824912509166,0.0489009651456513,0.3926779118804711,0.584164725064209,0.67669148413966,0.8159977054062917,0.9209093590594645,1.0938729544524777,1.1598746219124272,1.246317354044897,1.2663616957945494,1.357846810694051,1.3527635515530274,1.4142650274598962,1.5006295709378208,1.522135511934782,1.50504412163908,1.4810223812128704,1.4311748963055473,1.4628982194902194,1.3653977876207521,1.420619883324747,1.2914652649652758,1.1733036703157627,1.0794587355360319,0.9632963909262247,0.8251362252262445,0.7440472286061687,0.592663559245331,0.4185607712103737,0.2799981400689261,0.10853246948990783
3.9800000000000004,-0.08120639418621273,0.04195943244551444,0.36073689228847916,0.5683840990609791,0.7312390242434385,0.8425287571853506,0.9173621560852486,1.1069039592180283,1.1733817245001947,1.268593434175689,1.293965324705553,1.3097236917630897,1.4256809006136162,1.4790642198785389,1.5549622884470664,1.5302920543000662,1.4878780580823596,1.4928644755098859,1.4880931559492714,1.4268395214039564,1.372978290470711,1.3760861218003906,1.2951799346854902,1.1453019238156301,1.080985254884402,0.9750220351369787,0.8968113318725736,0.6997682739037768,0.5372197459509538,0.4353436730540934,0.23667913745244343,0.06012040377494643
3.99,-0.08221429381951764,0.035693536199779316,0.3349934465470953,0.5232553533924746,0.7327790340206259,0.8450576021510753,0.9050336636626278,1.109569788029824,1.1500897472748073,1.2699088700769268,1.2432429298128713,1.3165298788329987,1.402606209490078,1.4216698676140436,1.5177071065584589,1.4670721460307277,1.4547332199111511,1.5531574183193506,1.5028540325930035,1.4155855568437095,1.393119853801042,1.383417072095658,1.3166498772253847,1.1550689673690406,1.085852552906653,0.9705056104445178,0.901591259257715,0.7195053551893525,0.5543801962720319,0.479238873649826,0.286238673572722,0.08887436137475083
4.0,-0.14149595484257477,0.013306735163050684,0.3926082202939335,0.5428771839357918,0.7503201848648331,0.8562834350304015,0.9283244685656783,1.0798889070108288,1.1732224054550278,1.267777256070266,1.3217786683825954,1.3739665049587644,1.4147131697278295,1.3963123114228144,1.4815852485445504,1.5192398144831105,1.4172895889564208,1.5052495496128588,1.4225713902896904,1.410351618283125,1.344443532988351,1.3409522317431328,1.2198192207094951,1.1772056337388126,0.9914874725691551,0.9867692717568803,0.828537948199295,0.6590232770722303,0.593166367014094,0.44135653534610786,0.24967833899019562,0.06000711047758079
4.01,-0.10931420744460964,0.07431917981954597,0.37918875203985,0.4943605313024944,0.7467895390362148,0.8524309796009831,0.9608721329379065,1.0402488740005336,1.1570048269526194,1.240972342147429,1.2616693988271614,1.345130556174189,1.4554357904436876,1.4684996595449487,1.4383111745136123,1.4600980117060656,1.5027350530558405,1.478133186329917,1.4216371984150131,1.452964295670942,1.3826403578310626,1.4283525565626594,1.274511117788459,1.1943271322702098,1.0762089742695522,0.9507054253233971,0.8304914352203752,0.6999894361925972,0.5360950203085434,0.41562001570944984,0.2841131626725477,0.02002465262436526
4.02,-0.1006071222397982,0.0733236108676774,0.4544675095411923,0.5893966480575926,0.6722773008197908,0.7852187830853259,0.9696676509083968,1.0358991763392826,1.1630229796267089,1.2807101321771885,1.3196612470649542,1.3821558946495849,1.393927884892988,1.4814450431153354,1.5058749951888157,1.4711972750343427,1.454113522947364,1.4581381040780188,1.4591360247152034,1.4444664050153755,1.3641422972674495,1.4131210149344717,1.2634678016263456,1.1576031998695329,1.0748310217044157,0.9642065084904005,0.8891004300763999,0.715604128323825,0.5819970695346834,0.45075592607431675,0.3135681786918059,-0.031149324707345886
4.030000000000001,-0.09455043667942423,0.023418857207140285,0.4069212802703232,0.5887088127926248,0.7837303052793211,0.8086341417050131,1.0145944788691614,1.153826469487617,1.1689422228851865,1.2684771855660821,1.3019245382058187,1.3568148805572124,1.3822608076274985,1.4478764860791449,1.444236329330973,1.488444582094007,1.5548761450094135,1.4924657576828728,1.4843353852362984,1.435535617636257,1.3625093268077988,1.4172900620073583,1.2261063281708955,1.1322991461919536,1.0395979012402248,0.9608105215476479,0.8142638779402419,0.6840140293398063,0.5613623924354867,0.42591677940815775,0.28370635691957646,-0.030851530081362773
4.040000000000001,-0.11521007554567278,0.05879244308151878,0.353280028703396,0.6207124570942901,0.8065522133869543,0.9052301594423919,0.9764505359116282,1.1134856684790115,1.1954828869570266,1.2627824023083185,1.1982828824005034,1.2777453018893536,1.3631932313942356,1.4462727709112861,1.4907248764758483,1.459627639298569,1.520061643495271,1.5055664020138173,1.489582071517368,1.4047615177925619,1.4241951732551672,1.4276640134090475,1.2524896258424785,1.1605512709415544,1.1126884805213317,0.9132236880139644,0.7804112880344558,0.677849190218663,0.5251031597584108,0.4057016483274472,0.23637291773566554,0.062322040883064915
4.050000000000001,-0.13837851287056632,0.07113212322900865,0.44748548963740814,0.6088995075656546,0.7577092587197355,0.8731591240715522,0.9737692602146334,1.1152631158015789,1.1626935787696422,1.287059344346032,1.266060232882883,1.3248097467598823,1.38937844644799,1.4398721084969432,1.513138961714411,1.4597130867922448,1.4858884263670593,1.494052597306919,1.4217301898037933,1.4288069729083714,1.3967084489029835,1.4248052134491938,1.2443268009951407,1.123814764052963,1.056413627487469,0.9495379093674085,0.825937437787065,0.6466160723203617,0.4654584742710438,0.43227242423040585,0.22356279650683145,-0.021298163112892197
4.0600000000000005,-0.14111845720526672,0.017139548980103253,0.38959738794490645,0.5519147013543396,0.7317701701825426,0.8443509480066704,0.9347011691954035,1.0848744825264898,1.1998225525875452,1.2582622384654967,1.3029573359994977,1.3619982741115952,1.423991916783156,1.4363651431769207,1.4599304713308718,1.516800326457524,1.526955394735387,1.4624546624133563,1.426575424689566,1.379779478342424,1.3827856444343718,1.3969589561964768,1.1976671990462247,1.1413717423815037,1.0655807916660296,0.9760478096736172,0.8431770519534106,0.6838446802550713,0.5329208147708209,0.43077046811835684,0.2654013070425082,-0.005464555338849675
4.07,-0.09079667077869036,0.10329844823753638,0.41959352579149106,0.5498869611899196,0.7553429022654099,0.8888313835292513,0.9799611741976804,1.0785706158674133,1.1661073391926757,1.2681176587438203,1.2829858665396947,1.3050290205167396,1.4093582916578409,1.4354449621342753,1.4731585724943128,1.472289602171425,1.4686979419755768,1.481012625415614,1.4333675525860146,1.3879408270727975,1.365105233883335,1.4364066019123252,1.1321991494000658,1.1479470458542396,1.1307117513148501,0.9730479262571988,0.8247690788071537,0.6835422390569583,0.537081284286039,0.44247277188006323,0.2480525610026296,0.018529108715186735
4.08,-0.11832963454871388,0.09825637226065922,0.44761475371491566,0.635164549838324,0.7492410077216116,0.8582337093550203,0.9740608690246624,1.0032202253492806,1.214717928619734,1.2342199982559534,1.2556858443577164,1.3434063474157063,1.3728680647294644,1.4619247434848526,1.4602791381488482,1.5004295428802965,1.4738945046241436,1.454481404133984,1.389807465167795,1.3412873825289187,1.329551345489644,1.3828121713455503,1.1714768412079015,1.192127707870248,1.0538763330673724,0.9816630512106487,0.7638840460345915,0.6590812855521819,0.5279185388831157,0.4362819355070421,0.24719732816392226,-0.027022507275192738
4.09,-0.10146403231326075,0.1628338223237408,0.40167627776936743,0.5306844763993638,0.7937264007416648,0.8099287581482476,0.9328204456551217,1.0733146997563145,1.1037729655009865,1.2470027784130426,1.2257134832356178,1.3207113667530628,1.3979531650697894,1.4123880375009945,1.4858256496010704,1.4392594433711836,1.4259638876519425,1.5122060526560288,1.4313819326148762,1.4542973520204197,1.3154653613053682,1.4153282326123704,1.1909760674656162,1.2359505604846872,1.1149743730994812,0.9289876915763708,0.8330796583289717,0.6652495944339358,0.48448696120665447,0.44289663613432917,0.2673500930304634,-0.02889774046809717
4.1,-0.09844281023739011,0.18621499776602615,0.40620220800155193,0.5112745096276631,0.7660845661963663,0.8372665724633278,0.9533677622201473,1.0732859587159995,1.1055183201203687,1.228998838992839,1.2690515099802713,1.3404802923856698,1.406887797657587,1.4590898414132407,1.445938483738684,1.4414695386306053,1.4587544974387734,1.5141212498603924,1.4130475177167272,1.3963961351347474,1.3379586806202663,1.357014762099319,1.1928311214001353,1.2101792061336005,1.0572380664256704,0.9704577289901635,0.7984435737623701,0.6592151776265961,0.5873761243424599,0.5183255690627646,0.30715868572166444,0.03444153365315151
4.109999999999999,-0.00870012872353336,0.09474892435544774,0.4219381491426075,0.6116704952265133,0.7580718269764364,0.8059597558729146,0.9227739633911319,1.0723777417609475,1.094238455997661,1.2028749315959022,1.235285508463631,1.3173610161221652,1.3846320524795006,1.4420595004231613,1.4664337591674894,1.4603715315668166,1.4712170489327119,1.4962368046962486,1.3976267487218303,1.3950135553729743,1.3788581849362775,1.4142436647989267,1.1678823565947871,1.2038607215864605,1.0820005750565334,0.9552280225497732,0.7805721776421676,0.7079278280502646,0.5381644168972544,0.44338592823742856,0.2927140786718581,0.042429177793757836
4.120000000000001,-0.01548460920343058,0.20536092623422558,0.452452035178634,0.5704154999288366,0.6932721843100904,0.8518188928343862,0.9550155172880804,1.0776076231378284,1.138734259329869,1.2427175389036595,1.2697388648364043,1.3049752957504552,1.3910209529781272,1.4053444953253411,1.434797101861337,1.515342714211498,1.481509970632695,1.5543828323421744,1.4116268048406022,1.3646387648658558,1.3381948743097143,1.3768761620567298,1.1721390149531237,1.1419513345328864,1.0359334875770996,0.9045154307846844,0.7345510210642953,0.7032158950602632,0.559039233466186,0.39219538198778436,0.26362826670909184,0.03813947980823664
4.130000000000001,0.02113060634217895,0.18671496413064362,0.469902360702644,0.5460781109943411,0.6879893421142664,0.7735369198927784,0.9175840226277597,1.0328439173760153,1.0897244865002136,1.226608427258924,1.2616865206876022,1.3399139320628068,1.3549673315944495,1.3903427735517817,1.4437588736044322,1.4940524889610627,1.5199943356408694,1.5293764290494802,1.4061433212296575,1.3406004101244946,1.2992748933465716,1.3945704008226032,1.216574783471558,1.1910551530370665,1.096283422763819,0.9903862998134343,0.8501478102224543,0.7124351196206397,0.5785549722054161,0.44272116376232074,0.29665443988163714,0.10035432448377346
4.140000000000001,-0.012486761868586221,0.245243785207274,0.4232396663946456,0.5038600847390424,0.6741777056638588,0.8121553265924267,0.9339475457409808,0.9988246300535731,1.0785661731707328,1.209528864434332,1.242413043141086,1.3363220556409656,1.454180185436414,1.391389974648516,1.4308884610563015,1.4740268819639448,1.4840599626753197,1.4849867721318453,1.3644622877469679,1.3408831468398676,1.3032940859470883,1.3530304462925398,1.2811000123296084,1.1327104074128023,1.0868822475656252,0.9922767651776107,0.7751815395421666,0.7574529702732207,0.6529435161325536,0.48221303960235423,0.3394187572934438,0.08340792955175874
4.15,-0.005500038176374133,0.2620598319329838,0.40005804182243065,0.5285466551127708,0.6553952508463672,0.7483494931721497,0.9070567250878259,1.0100537405677796,1.0875270761121023,1.2514039123616787,1.2612832884670484,1.318501742284906,1.4114244249951278,1.4422752031763473,1.4651512825447974,1.4506890065101163,1.4840383163408735,1.4863168368617659,1.4510801840026486,1.3432055100083653,1.3522034402722198,1.373941620768661,1.2358491528404725,1.2071627131654574,1.123695454477987,0.9932729300601342,0.7946234996388748,0.7744304682399523,0.5742544271217069,0.3918330361504787,0.35345103578200265,0.13029503919876714
4.16,0.011402917304554568,0.25971006757404225,0.46211260943182336,0.4876212102277793,0.64118616222919,0.7175873005856637,0.872004090951487,0.9467446204100006,1.1236893930889076,1.2623582024895914,1.2805744018865912,1.3411882504745993,1.378062344639346,1.4264474965853704,1.4429197910518432,1.5020011133698743,1.483611293870782,1.5327416342625964,1.4850485386328536,1.4263783141002284,1.342028342844207,1.3989989140228751,1.1788165758787776,1.2123150061250167,1.116335190791597,0.9375766405040231,0.7798341378446733,0.7486547936981444,0.5935470807003665,0.5103352629715413,0.33334577972765783,0.09512810901194331
4.17,0.04070049320824204,0.2574710772715764,0.4325029594086153,0.5134849929737189,0.6378591735729197,0.7484312515898096,0.9778064086711509,1.0056682079142183,1.112564822050215,1.26796842999782,1.3174566892700665,1.3395722836846322,1.4405595466155456,1.4733454889579125,1.4591021113407814,1.4515907835362272,1.5213755189909248,1.5840315483402416,1.4916717169335767,1.3944430019998229,1.318663167737362,1.3209114757210274,1.2652123469380885,1.2612438167395676,1.1468100656879114,1.04006720328484,0.903589159731311,0.7699356608435765,0.6080818265140138,0.4976980527038841,0.32043654736035165,0.1788152710540666
4.18,0.001799761664455543,0.2625891737076891,0.3425918789159853,0.5153214373777096,0.6917581005417746,0.8424049811357581,0.9214559111351102,0.9791902209665267,1.0742851398234259,1.1610180045988712,1.3125173718711785,1.2903604695733861,1.3827811358748632,1.5000927403916977,1.4920270750961782,1.4771580872645136,1.457144920585692,1.5203694374462047,1.4541757074444306,1.398738975031064,1.4208259491845818,1.3523412879290562,1.2801117928583259,1.2181372155030763,1.1529664698927247,0.999475396099093,0.859309941167632,0.7870990176177771,0.7104971644350742,0.5631914433322041,0.3694460416565114,0.1448743810638006
4.1899999999999995,0.05025315799245213,0.30282555063870553,0.3825538689290508,0.48312244918170305,0.6182844982130644,0.7208959242619213,0.8705900519788669,1.0807734438811658,1.148691735454625,1.164695503760158,1.2541566407532443,1.345777527422178,1.4214638183317223,1.454702660151339,1.4663154653954698,1.480042057922959,1.5091576514707996,1.548387170927389,1.4997760504122664,1.4289888419028995,1.3438472221865927,1.3683899135664774,1.2269770907753954,1.3181522633446476,1.1286241506716694,1.0497852825665543,0.865635635978873,0.8015403965664382,0.6556386550646643,0.5038761847883908,0.3626847570365748,0.15051220433093776
4.200000000000001,0.09304905058664495,0.25306581840654263,0.3901043207626767,0.40137835020424134,0.6075724189994037,0.7508973944998584,0.8851899030936258,1.0256995042715455,1.1331546284882283,1.2131343081240966,1.3050915009898214,1.328238221083901,1.4498583119663129,1.4461610822603006,1.476213306209276,1.4935877094439505,1.5160255354716876,1.4986303458816752,1.4930696986621395,1.3794162174981692,1.3617895241244,1.380431215363442,1.2902878851171222,1.2547384295290254,1.1436097347128997,1.0764456490528342,0.8169386667981611,0.8589934305125622,0.6656465436176167,0.5231175648444488,0.3229442643386211,0.12715533664864212
4.210000000000001,0.1645568081561075,0.277903003423596,0.32340177488173255,0.41823957866516515,0.608757748041229,0.7139590823331862,0.8385561334513149,1.0392255351210522,1.1474873364446456,1.1882431589188787,1.291433378825802,1.300096784633329,1.3737893114545459,1.4315624989136773,1.419261169349795,1.4706005145879901,1.542978906719687,1.562779505569928,1.543311484677706,1.4883231256241978,1.313232034590649,1.4124226723950128,1.2542618248213007,1.2391331812048743,1.1585763251134131,1.0879408824607057,0.8565949676173881,0.7989256677595933,0.628851072682631,0.5515442182653437,0.3741703144851667,0.22516464531345226
4.220000000000001,0.1072592087606789,0.290272649414963,0.34009886795596284,0.4323074357645346,0.6216109247279098,0.7237822978973205,0.8629219788695532,0.9853074110596907,1.0867950449957937,1.1555042124007862,1.311781939414294,1.3711068742447268,1.402080403533898,1.450899912893617,1.455513161475388,1.475628414842902,1.5440580126919694,1.552711974859793,1.4807943676190813,1.3862664052979472,1.3332056670915378,1.334015360350194,1.3045991857333283,1.2686493553229443,1.1521442333768077,1.0699133933432718,0.873366905240838,0.8490842930150022,0.6825583158758628,0.5912311584669024,0.3937651248821388,0.20142254635111215
4.23,0.153175636399018,0.25830950143883435,0.3366411583484701,0.4570620131962842,0.5432100313289783,0.7358557693661608,0.866901332684347,0.9784853689875117,1.110013138548661,1.2043900643819494,1.2703761667085993,1.3974848956780466,1.4033402593013609,1.4554761713071198,1.4846575565649605,1.508627360078316,1.4140140895594795,1.4856967472381888,1.4828695422875546,1.4188006386991774,1.3171851807767794,1.344764411451907,1.3519394790522392,1.2099162812367132,1.176639252514859,1.085762945516878,0.8815008958580547,0.7964921627320253,0.6840487239968506,0.5433147648714144,0.3073806363252613,0.1943934211256571
4.24,0.0720579442814644,0.27903090063504077,0.291937521749926,0.3826304501721481,0.7121088835406523,0.7690053998109834,0.8349242896972103,0.9986171607764208,1.1286665445570117,1.1993945760137474,1.271899331745632,1.3512068061648628,1.4672444629711727,1.4273731367829996,1.435165111392623,1.521007009941026,1.5298903528814238,1.5119497000317985,1.539633464252522,1.4257160722904154,1.4346062521202159,1.2713855149709883,1.367459499406555,1.257699089198617,1.2042268864095031,1.0679959440828464,0.8021806813614728,0.8851979171698656,0.7121539242690544,0.522560731840255,0.4004470751022434,0.18225584950759166
4.25,0.1077635411429953,0.258004171946601,0.3090033379605996,0.4811706858785542,0.5933054197096926,0.7128993773334453,0.866688291425458,0.9922142683208124,1.1059218496101393,1.1758286061143466,1.3147600515515752,1.424630964059806,1.379116507274021,1.4337538885375405,1.4637040109563872,1.499681981717508,1.522811734355787,1.5147192117601849,1.5132134139144309,1.4693757427610137,1.3854958711895358,1.3664837137739567,1.2410875061750244,1.1786084274524555,1.1649327808488472,1.084109411001299,0.9320893479839067,0.8256397360043687,0.7243340309580761,0.5697033732843746,0.3707552064717692,0.18885554416052427
4.26,0.1675239933230916,0.3376658337296906,0.30786629668305165,0.4437889142975736,0.6253583905513109,0.745559332917986,0.8347796984536626,1.016487118426239,1.1385876934385482,1.2344521608033376,1.261357164759459,1.3974908923535119,1.3581670076676067,1.4498868757391954,1.474013544540184,1.4918353267596711,1.5255178257360011,1.5157211020197714,1.4539379150300107,1.4484668706380537,1.3611018801385442,1.2857793031493379,1.3128775725082056,1.2373782587820843,1.2021018467190996,1.1045372939666986,0.900512416129558,0.8465746975297589,0.7340200509594927,0.5989256180188124,0.4051290354821252,0.20137435169812878
4.27,0.2187885344255005,0.30156532700507427,0.2765227467648163,0.4200381176931204,0.6728512648628416,0.7496727326159384,0.8820843816548551,1.0446576942773589,1.1100366730918314,1.1849593363576651,1.2974248929874563,1.3900333859364093,1.4247846600514946,1.483809301840714,1.5033096992215762,1.4890941461184926,1.560137737237599,1.53207698631627,1.5353781036149912,1.4753498809309005,1.3630625286482818,1.3385090902542507,1.287862384189919,1.2535207746036758,1.1958428334895503,1.1178682607962067,0.8780593454041877,0.8511445543983761,0.6788182542602731,0.5639204895833883,0.41298500281544026,0.21682054865971676
4.280000000000001,0.18120797004381745,0.2956965668304578,0.29307643121075033,0.43475237595871724,0.651001643596329,0.7050098426813483,0.8831536754334379,0.9998826854242016,1.1183630620184024,1.1309083919571112,1.2363325415183044,1.3883505097495408,1.4209503249837567,1.4623005167642438,1.4651825461566523,1.4793039181335659,1.4754517519697254,1.4706454403780036,1.5940597609460911,1.4792805857322124,1.3447727470019566,1.291777586983171,1.2876036327623608,1.3389252299119114,1.1880267362578123,1.1405136806443623,0.8942943556798173,0.85846108299679,0.7491136614894408,0.5617356192018667,0.3902780113443587,0.1948044992083009
4.290000000000001,0.21136410387240484,0.3087311450639363,0.23703781900298238,0.4280462327575712,0.6476174205530755,0.7272268105561077,0.8389218392627384,1.0084035698189386,1.0894497653465627,1.2053302013529719,1.3192182004932596,1.3649549401952452,1.4466373347144028,1.4722357198016338,1.4723744381275212,1.4867163985496668,1.551020373754419,1.4631555060431398,1.5148383390961224,1.4483742169955998,1.366329360371076,1.2614770205031554,1.3426620240755895,1.3374183929855632,1.2919735107714416,1.2069976103717204,0.9085987559888655,0.9187248331325364,0.7447846866413868,0.6576819761757994,0.4303221329821993,0.2526003772275121
4.300000000000001,0.18977899885831626,0.29866161578050876,0.21154944102480752,0.3904249447304427,0.6115732406770088,0.7004593628293031,0.868398847741825,1.0764773927390634,1.0852753612692423,1.2347059566010818,1.305185867687452,1.3184124974099378,1.4052702130483503,1.4443778019991294,1.4611311865553063,1.4598442700563037,1.5343389807999548,1.4448538506385042,1.5338555582578597,1.433498099174915,1.3999722827761325,1.2519793953660967,1.3785937629056795,1.3416192095820367,1.2604347915510805,1.1252233375341103,0.8647092223760466,0.8589361076879649,0.7659569552282907,0.6246526981285565,0.5159369914744888,0.24470437919617918
4.3100000000000005,0.17546082336174282,0.2741341554246805,0.22390882850662386,0.40389210798265596,0.6281157222696769,0.7115444449418925,0.8521113051282969,1.0095377107500536,1.0992180816425168,1.2137688089668817,1.3305069802479332,1.3645848012494244,1.39134360408707,1.4663916069073135,1.539338437467357,1.5114030755564698,1.5868278186535258,1.5194783525547797,1.5035505842919064,1.4624825897306777,1.4015940153734383,1.2399177826371552,1.307493170519515,1.2892887981596968,1.285450930556765,1.1683510239152928,0.9249813413810805,0.8955075603127234,0.7249986399378753,0.5984834591014214,0.4632715218820897,0.30915510242719796
4.32,0.1570035619290232,0.3517397308414839,0.2496073393276413,0.3736476030383058,0.5827621826502913,0.6741783038353114,0.8497668403339806,1.0392928048269165,1.1615493143736557,1.1848017959637476,1.287487567736466,1.3941365280114721,1.3731016360686776,1.4527992073387748,1.5014748480439957,1.4409515889914644,1.4549152790338482,1.444369413012539,1.560253220922169,1.4955200586197293,1.3614022211749404,1.2490678460358902,1.2673509872161832,1.2944740811632172,1.1655855176147742,1.0568565292436507,0.9279312129262135,0.9540531221084202,0.7682947284373266,0.6711536062905505,0.49246821825071074,0.3155263024131618
4.33,0.1613444776910319,0.3492190677331068,0.2380053115732893,0.41552004461975345,0.5944780710083464,0.7504766132276715,0.8603341617211806,1.000815473785713,1.0389441732252294,1.2066113211386793,1.2971025221692631,1.3711109076311274,1.3612063829185872,1.4471113295091595,1.4386318691212139,1.4819414034819,1.6056004222891915,1.4806497858382917,1.5327308506484214,1.4216452819160204,1.385489870080772,1.242087285550015,1.374893468590721,1.2613020106753376,1.2377247916513585,1.1818613081405756,0.9664136251010662,0.9156405587924614,0.7900820171995921,0.6677138749089924,0.503622304650523,0.286521739625362
4.34,0.07523575595577246,0.22561818168752262,0.26393473028132847,0.45118494165609585,0.6276844835387096,0.7139492871328328,0.7959280188023825,0.9200217244039282,1.1320417774082343,1.1839403762905822,1.3348453825422153,1.3435488129139335,1.3621708937388448,1.5183757626854275,1.4918028819919353,1.4766204104861989,1.529015047085368,1.5035349331013916,1.4877103813552763,1.422160358314462,1.402091009759518,1.2873868713203787,1.3479208831810154,1.3319980716531084,1.25432927506038,1.1432333197596345,0.9807299507170029,0.9289871351033918,0.7978331242760237,0.703204714835841,0.5106695272130247,0.26160729822140133
4.35,0.1654393696945628,0.21827154279550495,0.14241721590159134,0.4067153483989968,0.6222011139979408,0.7608968431066369,0.8330899298676664,1.0204190416221564,1.0898523813610645,1.1882378784023855,1.2982380065218313,1.3742969532860974,1.3531943254976793,1.5012980868387875,1.4756287780340676,1.4804383939486765,1.511854244751836,1.4853724091338611,1.4906105858492522,1.4695361128322333,1.4542679586721095,1.2866511203192506,1.3436799836007753,1.3340203552773042,1.2867939989686943,1.1647936667128647,1.0125145498279395,0.9110558105395362,0.7821963468166783,0.6793107258146951,0.5149879362838471,0.27778481374895897
4.359999999999999,0.14196052790638977,0.26317763431405666,0.2765064285633945,0.4052561137498688,0.6612569077874711,0.7645804821938468,0.8521501029212959,0.9891099442596941,1.0745363072551062,1.2222795919213472,1.332048702065374,1.3942826165670752,1.4541168602021566,1.431837296454692,1.436438061220132,1.5686404540374648,1.4945338011571,1.427947889366337,1.5101743464665804,1.4568985378017636,1.4427506511790562,1.3137128133263447,1.3546524878682535,1.3452370927326096,1.3244510071686566,1.1460729000620726,0.9626504250966634,0.9426880420501007,0.8032995876743779,0.6782332469912594,0.5105178149137455,0.2757756885945383
4.370000000000001,0.15353757189689077,0.25012084772264337,0.1784161771049541,0.39380109706322663,0.617690596619233,0.7328672173360248,0.9093495563169901,0.9992074112950182,1.0895864009722724,1.190740239313617,1.2839278103170193,1.3082312066160717,1.4135162805780361,1.4647051166515768,1.493454693868491,1.4589038901084193,1.5748046424194326,1.4447699301287167,1.4489983330039302,1.4465576524521788,1.4317901057198392,1.3251916338719394,1.38169227046668,1.3652522074717939,1.271203943924402,1.1601034102335508,1.0067718727477708,0.9414331377999349,0.8075753550560518,0.6397204178728012,0.5569891847504228,0.34785411796200044
4.380000000000001,0.09103576729827122,0.1808290173313821,0.246247202350278,0.3700559692463092,0.5888815269378681,0.713873486906605,0.8350041976207317,0.9702784591664826,1.0633605495986398,1.2854716313200851,1.2817538608433972,1.3733077291425613,1.3997694742656537,1.4211933374923302,1.4097308916300098,1.5237470478391588,1.4890170620796954,1.5216825020302267,1.4660361075054904,1.496990586296183,1.4881004863156209,1.3073083131910614,1.3172472449858734,1.386053131258413,1.3233153047342456,1.161324874815044,0.9888785070456508,0.9142478932942285,0.8118322327909613,0.7335963871366105,0.5636886896280456,0.29390457177946017
4.390000000000001,0.09189349080718338,0.1612050861298915,0.1920149865988395,0.3857131142706885,0.6503335458704562,0.7351375900752029,0.8957774111365733,0.9871849320527005,1.098231390011451,1.156552611114317,1.3005032695254708,1.4020716273076983,1.3827871801631606,1.4376469147747701,1.5322524442889067,1.4801131222887705,1.5278233057917665,1.4296781520704567,1.4972563061283437,1.497940306239556,1.471219723704097,1.2991280436759765,1.3399655695639114,1.3550348747234733,1.3158191211963275,1.2373926632911643,1.0778104389529322,0.946141513593579,0.81728214388134,0.7193859971466404,0.6163730169379684,0.2730498012825403
4.4,0.0907177603189145,0.17522996289583803,0.23571980206181298,0.4704921947398223,0.6172007252463337,0.7409206768459335,0.8648297220398294,1.0244760548928762,1.0152576545692478,1.1946480924263059,1.3682544825467582,1.380803089332393,1.3623403667899174,1.4450358988915546,1.4841252278039776,1.4583834979158805,1.4915607160071922,1.4362320792520296,1.447873816044362,1.4847843641218015,1.445985388031081,1.3390621442391708,1.4078800842274823,1.4193789574100772,1.3293359729493914,1.1760415955115067,1.057683683613954,0.9560498292883441,0.8296851223513817,0.7677257864409407,0.5567399167737056,0.33214985228606014
4.41,-0.0013104146188247755,0.20445602453638156,0.2308963345798352,0.3560013797866051,0.5743092451173809,0.6823799977678695,0.8771191501283971,1.0124459175528158,1.050752177221577,1.2364827810276438,1.3455091302065738,1.3285834912187613,1.4284231550375548,1.4807541563070394,1.4934425396756987,1.4945932428839295,1.4836108937006498,1.4917296177958277,1.5129491078436335,1.456647751388101,1.4946166871408644,1.3169113904092158,1.341071248024733,1.3713072741461554,1.3196314932905522,1.1159563448054977,1.0494994577309833,0.917093143656053,0.754480779282038,0.739326915414823,0.5187194781164821,0.27065479102835227
4.42,0.007750000115943168,0.18779502325574834,0.22228469756079558,0.34460407425025374,0.556264709224159,0.679444546122147,0.8697953431690996,0.9784801229675719,1.1067986898152649,1.239032340352681,1.302675276959306,1.3835346488662053,1.4343054688502712,1.4388859455707255,1.4760771849306191,1.5396029581552373,1.5009339454399742,1.4382881963673677,1.4357981208684454,1.4879219139383093,1.4864672569597335,1.3379490454140257,1.3066238573223665,1.3485878312395914,1.2580710897268184,1.1339286151586836,1.0827730359462042,0.880671022228339,0.7516905804722755,0.7232977156748451,0.5497760482991556,0.27865198382197054
4.43,-0.03499046073090969,0.08744444181048953,0.15631060547382522,0.41444396787640386,0.6433497284596064,0.7079384718341186,0.8472979557241646,0.9645979037562111,1.0921685529049168,1.1955545096842048,1.2967547652092746,1.3344264155760008,1.353218447711002,1.4159158630189048,1.3958046879077568,1.5084321606506033,1.5362396469334785,1.5010054073701435,1.5064532140293898,1.4964041637864192,1.461263593887813,1.3727931176941752,1.3128766542615342,1.3409012449401527,1.2453590617465349,1.205350499044509,1.1147825692522346,0.9038202211037232,0.6996694927907788,0.7043529599796358,0.5787860435163039,0.2687372526316115
4.4399999999999995,-0.037219567621673236,0.09654491981404853,0.1769122769748929,0.45389848544986217,0.594132863940585,0.7259366287102756,0.8327654598852422,0.9417593143821528,1.09741232942562,1.1770166349711724,1.312846513809591,1.3773295556652227,1.3927264394005558,1.4553970194053027,1.4549213920699662,1.542755005346353,1.515073734231621,1.4257946981587457,1.4681183955013042,1.4255833014236359,1.5263740293293189,1.398394058264761,1.3743453278394395,1.3325945637869618,1.2861422492611894,1.177604215105122,1.119540874421423,0.8754537352266563,0.7921527626112679,0.7112975277588265,0.46364452189924915,0.20997103400311218
4.450000000000001,-0.004114279307799382,0.08838702884791474,0.28597717148543067,0.44711400808611246,0.5931156752065165,0.7345718135482759,0.8853776250066898,0.9281403607551374,1.0886453028041103,1.1200902680248448,1.3149206052449023,1.335575744383478,1.4341299633465303,1.4480570773302956,1.4551247260407782,1.5135787786668142,1.4971383483319574,1.4930890936151575,1.4975301287393004,1.5273442358653053,1.4389404294789243,1.3857229253221224,1.3814982056498601,1.3845666205769942,1.2899775503021405,1.1220848645119372,1.0837011807995462,0.9563346594750488,0.7321767506959705,0.7151403004408384,0.5812428565520841,0.2708124263388765
4.460000000000001,-0.03051723465685429,0.10162148778252955,0.23724477997510457,0.39640842547459104,0.5772426985030731,0.7356432634643639,0.8634428224959492,1.012354504200552,1.0485703095363546,1.1560883340891999,1.279039947979866,1.2938736038442982,1.4087507525548064,1.44410889012225,1.4439536546583558,1.5390319126678158,1.4956203739927707,1.4961762995353696,1.4294518948644404,1.4475594845310076,1.4530284755233052,1.4009883213814254,1.3410246703730984,1.2858180422326992,1.253212760142255,1.119907097132451,1.0600089943915225,0.8757674570949048,0.7603219597367749,0.6127216869687699,0.49529397558956517,0.2834566333038431
4.470000000000001,0.005469543998585123,0.0534136637581315,0.2348368197289617,0.4758342518993405,0.5772992488832764,0.749251000585796,0.861385800740742,0.9941176682177553,1.0756391552604962,1.2126766286953803,1.2712792194820133,1.3316158679262329,1.4013149361428545,1.4458717203800955,1.451298513222747,1.5275751033931615,1.5240073265445409,1.5118297246137415,1.5004341648895063,1.4501671499910627,1.4432837509984986,1.3679240501861594,1.342091229999673,1.246642039853196,1.3040717693170651,1.0982240843368127,1.0473368993441077,0.8647383368652672,0.7165808540288783,0.6966468060444393,0.5196235604554144,0.23209497834725937
4.48,-0.10042268015108159,0.05907273577620456,0.2200863014483752,0.5287575624775807,0.5608099696934071,0.6930169564464522,0.8976202613900496,1.021408034582869,1.050877932068056,1.1296764089162241,1.2953198242200066,1.3456587516096277,1.4562696828061812,1.4493674899394056,1.4710800815462812,1.5762641266455613,1.4961983553996596,1.501752335640158,1.4521379107297943,1.4669929334922704,1.4211821578711294,1.4091863730031675,1.3522075898051165,1.2699524248581584,1.2034599762836704,1.0655618883711715,1.0507057998557354,0.8900353555361173,0.7810772679132644,0.6191987055933372,0.4524538051532412,0.2407806875077698
4.49,-0.07099353131634693,0.08067513682491179,0.24729516829250825,0.4534107813038659,0.5388772351458457,0.7275049511734443,0.8988919753854561,0.9579197653688262,1.1122296030005967,1.1868947002694434,1.2892994167849237,1.3584628761140594,1.4457166263077004,1.4961783349921134,1.5201672085368416,1.5039310084952524,1.564676328009047,1.489812609490816,1.4444348653435781,1.4964418243602224,1.4957681305602404,1.3787353895246761,1.3689663798686802,1.334363854328361,1.2215384732405392,1.1089587916834227,0.9717046183718328,0.8921102974917058,0.7292897520927534,0.5938811804369017,0.45594367878777703,0.28491053128672805
4.5,-0.054462090840873736,0.11072108925862657,0.3065671945010591,0.4014000196154711,0.5773175404912838,0.7563637654712813,0.9207069791773828,0.9589049602718179,1.0897862751082386,1.2445850949873825,1.3322169085242186,1.378988171682591,1.487127075732599,1.4608795329160038,1.507455221411128,1.5217585700463767,1.4422498467040274,1.499730029171446,1.4436738848566795,1.4543109157830056,1.4517460169020988,1.3444710193352418,1.3142989889663832,1.273038237653109,1.1621715926023137,1.1188048413603728,0.9734701771899728,0.8284182198379574,0.7665601654280347,0.5493131332705199,0.38569137980238577,0.2933168181595812
4.51,-0.03916756041264583,0.06761628279229136,0.3258851267245776,0.49688276398528314,0.5642462653653462,0.7992548108816732,0.8565345972633298,0.9939104219819339,1.1250165378443817,1.1810697744042318,1.2902234524648635,1.3724611636775306,1.4219376328951778,1.416141239025078,1.4886610145373347,1.5387074058116488,1.4785309792744707,1.4639016672179745,1.4513834600424984,1.4240243898097622,1.4250858750074564,1.3866932778191796,1.3189344701186687,1.2660281722505684,1.1796549720529992,1.1486330496022217,1.0807253838599749,0.8632810888063681,0.6954782371945591,0.5747889461020156,0.4073396957784931,0.24786162126215
4.52,-0.08171707487098295,0.09790274839480292,0.3411540777702794,0.48437774662282085,0.5431078980780225,0.7990748155464771,0.8813163541876825,0.9992406470101396,1.1419125932652499,1.1703694654715409,1.2767614858207408,1.3532431904974977,1.4444938510294523,1.496694052837405,1.4704610742631898,1.5322613440571244,1.491455191307616,1.5231543994790164,1.4747964173733081,1.4763656050942024,1.4908418048225773,1.4252157842686224,1.3431526560935523,1.2084544551201524,1.1686365386979254,1.0774674975971785,0.958181000107845,0.8763911605410338,0.7651982957855958,0.559640299505304,0.4554952497568012,0.2800029018525177
4.530000000000001,-0.06934127785529559,0.08401658185934471,0.3473815358780219,0.5268729431265038,0.5911233898782041,0.8244755215690878,0.8879182498427091,0.9710733539447222,1.099093919246105,1.1320500357698164,1.2299367101061593,1.3464018325037856,1.40641731999209,1.4078099429755369,1.4384515563035916,1.4937368566408664,1.5045628063742729,1.4868897729871298,1.4283317376707598,1.4390058003515116,1.463023842132847,1.3837036069285822,1.3264244580773428,1.2720678221200743,1.1796230350849124,1.101831298388552,0.9564009518494013,0.9184964568423419,0.7688695003137235,0.5854279134530611,0.34410728282080866,0.21830193385964408
4.540000000000001,-0.08043616843255567,0.09948814622689671,0.3294950070001004,0.5183060899762901,0.5647990220572798,0.7652328974628604,0.9083882390259841,0.99341762578135,1.1201079976114194,1.234729932344455,1.3087064219984141,1.362485974180217,1.4205174121000221,1.4265911447795219,1.476714973076965,1.5553675835508272,1.4053576321802483,1.4540432560300256,1.3982276957149735,1.5075187587110797,1.4657643198564188,1.4167956622478337,1.2207552685713394,1.215020388164455,1.0898548980942997,1.0649085803874556,0.9679899934284381,0.923728439767313,0.7253647534018807,0.5093227748859125,0.36733506818023176,0.2810153324928443
4.550000000000001,0.0047830727283423745,0.11084336102600748,0.3068952099298289,0.5258354082935875,0.5617016704895192,0.806207490855254,0.8903677739689897,0.9644338082882883,1.0637418921079422,1.142153814777526,1.2646088465231182,1.3301337247431568,1.3508466475373822,1.423197430019962,1.4419752755527868,1.4405157994640059,1.5227188076246774,1.4394571624641064,1.3969295505278048,1.4069161804105794,1.4257337589444812,1.3550203711269044,1.2152863172511783,1.2632373169939164,1.1743265288429594,1.1126755272219264,0.9608935444146189,0.8778732753363222,0.7337356832452055,0.584960390927623,0.4098277409314387,0.31276573744629976
4.5600000000000005,-0.01556045133432601,0.11608456772422954,0.31854426373964123,0.501661728638657,0.5779271416547629,0.7750404748644419,0.9144935199252758,1.0400519618598458,1.141827778267636,1.1551890553979178,1.2752892354051761,1.3824465507079637,1.4480473434528913,1.4427470836036096,1.4543724669888285,1.4256342304098053,1.5222032208765715,1.4948404320363409,1.4650762661612908,1.4038213416980203,1.4306013033110738,1.3733904610150542,1.2439153619565682,1.1984493569540686,1.1468156504001874,1.0905912283783403,0.9113096931048704,0.8846723045937349,0.7158558394208158,0.5238387185290567,0.38588425950869987,0.2694668579147798
4.57,-0.029048375509857075,0.15525347939066683,0.34606908890307475,0.5277680327659591,0.5784780954616855,0.7725267958722125,0.886155934504975,0.9938060542473639,1.0975250009576736,1.2193108115232991,1.3080799398734333,1.3502846973195326,1.4560100494187418,1.439305716754534,1.4805363765413686,1.505244342376337,1.4986648530845552,1.5089542799679578,1.427178503531598,1.4767839004368395,1.3477319077565244,1.4046936762445406,1.2150905985891634,1.2376158822390075,1.074035717226316,1.0728490237100567,0.9374554056549713,0.8830099288571703,0.7501503563299708,0.5318288403859674,0.3669915566997965,0.33712938772377543
4.58,-0.04019132891537866,0.10304794878362498,0.3734869300794105,0.46363046193080604,0.5928327118846609,0.8279162986946512,0.9037606035794269,0.9094418119382923,1.146712559248501,1.1617985583054657,1.2866743267316822,1.338757535526917,1.4100105934653333,1.4702132804074413,1.4543506782948534,1.452264565718445,1.46105507548565,1.4883465631175057,1.423920570790504,1.362063682369748,1.4087581839824572,1.421397986808239,1.255342978430208,1.2902242980880698,1.2014318971957325,1.1902852703452595,0.9597750534385087,0.957970188901371,0.7949895854502357,0.538541293397535,0.3815738962385827,0.3255918558843308
4.59,-0.012459376771494658,0.160354313009937,0.38090919750422503,0.4676860446168003,0.5782832335083291,0.7204892165088337,0.926034455457727,0.9970801392604106,1.1618207557588593,1.188513596968695,1.2986577405449165,1.3460937909064414,1.4008972916959885,1.4370378837297078,1.4871601350014791,1.4895164828111098,1.5038391483548654,1.509047947459068,1.4264197482385872,1.408679600714605,1.375469598065041,1.4397091587899062,1.2450641418365502,1.2531578824012164,1.1255236133458697,1.1550089089018742,0.8984177218605813,0.9559579637725455,0.7962322765521415,0.49963229772782997,0.3319460119763332,0.33139683864536884
4.6,-0.02127842034803394,0.14872877044564511,0.3118767211328044,0.48898199426508,0.5559517345815127,0.781918996957839,0.9165764645369268,1.0124576925801803,1.1516964791358084,1.2142984243625925,1.2679862574299712,1.3374786931569023,1.3998982771695072,1.440516184206757,1.520075505950648,1.4582682344368263,1.4721196645929002,1.4319571816474426,1.417288759134926,1.4447349273334607,1.4081470163587742,1.3790759882989583,1.319862329965973,1.2926036889375268,1.2273963386318343,1.187547721943248,0.9464832987120907,0.9727124658657478,0.8395994563879637,0.5871652067197256,0.4189069091619482,0.32441689550297137
4.609999999999999,-0.026614322127612496,0.18270349923856613,0.4306065838275121,0.49827698052472613,0.5175387547230913,0.7445454598351604,0.9249539356773813,1.0375154268447024,1.105828682675964,1.1456344533703102,1.2181710355115898,1.2968759198015325,1.39759491826637,1.4471645044982224,1.4866992772114072,1.504099995884804,1.4878255345743703,1.4951183262050964,1.4570319090014683,1.3658094222575243,1.350479484408624,1.3874671455284677,1.2461959232160091,1.306320593769281,1.1777588170202955,1.1278917071877512,0.9218186155085782,0.9454765773629742,0.7892955328992135,0.5545880454608528,0.385902870340502,0.31898109570418864
4.620000000000001,-0.05249157626571058,0.11314454843517496,0.35172269127063704,0.43133200938227617,0.5668695359390691,0.7122658443499297,0.9057674502606866,1.041046369711916,1.144791536015743,1.2426190319905073,1.2749554936884786,1.3321853151114202,1.4040251318831498,1.408433923982663,1.4442891570117156,1.495888147352651,1.483760172098123,1.5225001413750172,1.435741252737527,1.4127318065951286,1.3671786179359178,1.3858329546283674,1.2090549714235581,1.331708783205776,1.2057038061065821,1.1321163111956734,0.9271789422429819,0.9820745752712118,0.8534766277817367,0.548363342688508,0.3828964607789805,0.2706621425280454
4.630000000000001,-0.036856976992487564,0.09686397276462842,0.3220110247633915,0.4261566819860223,0.558245200152739,0.7688372376205539,0.8513924561290165,1.004094483138734,1.0881948566043838,1.1737426816527565,1.2545948403761078,1.3957719738925913,1.399913006768065,1.4608701107965363,1.4341690559141922,1.4049468536945606,1.4193776460645378,1.5344545635456568,1.4893809686764135,1.4440258057749167,1.3779765420905155,1.4050540873200164,1.1578558899409384,1.2610535461624024,1.201687963765782,1.1084370952831903,0.8547963892393953,0.9583369926442995,0.8054061057706583,0.517141254623203,0.3792971144193022,0.24285056113417416
4.640000000000001,-0.011940052973012098,0.12073317954870097,0.37219466294534054,0.4340892259782513,0.5572347411987104,0.7795865554166833,0.8711887967006773,1.0402463659593324,1.1622411973038547,1.1980765962247437,1.2677572587790658,1.3289448185317077,1.4351734998640817,1.4439552040218482,1.4791533013143692,1.5086914733257755,1.5168572347213687,1.4812145096606137,1.466969347873266,1.4378835445455145,1.3973991893482913,1.4193191129448266,1.2327700907021473,1.2167511687746493,1.1632345234621295,1.0792505014588891,0.9065550284568806,0.9579148179521441,0.8269031731209514,0.5725402456607248,0.4028166447513561,0.3230406515517878
4.65,-0.07830890065991175,0.07686454822527974,0.35213208478015307,0.4721266527718374,0.5836431731597628,0.7595940160654507,0.923529138892135,1.0503202118033403,1.083561057846375,1.1793544963130644,1.252035650936175,1.3074663737570373,1.4354932887744538,1.454711750152824,1.4724586464605487,1.449522037322052,1.4377397701888235,1.500986479879805,1.4545953719351068,1.3953435881541965,1.4500571655822159,1.338113651323364,1.161922609185251,1.286587766929092,1.2108384171904982,1.1224879608781655,0.890128231994094,0.955249957749095,0.7810987416299634,0.5644238166519958,0.4221551779100384,0.3022528414745859
4.66,-0.03174791270487004,0.15206605665271788,0.3779718699742565,0.5115670589136965,0.6149170023226397,0.7643429097610429,0.925703036596665,1.1089683002482278,1.190731184056999,1.1867105314751059,1.237070099920456,1.326697155357787,1.424397455742338,1.412330687419023,1.52611953474253,1.4995074775487067,1.4768480849733565,1.548887949798889,1.46380578133383,1.4790695412846893,1.4208007065412043,1.4051172953294602,1.256981144652468,1.308812681492389,1.1394846118347242,1.1327112625507771,0.9028918129966874,0.9480559548184445,0.8337182692648671,0.558691172740709,0.43408311814630923,0.22362608731583958
4.67,-0.03535433535905879,0.11870408618329188,0.3829297475395498,0.4311789145448079,0.5841765637987074,0.7561736679770578,0.8805879764243009,1.064506093949836,1.192471840699017,1.1467538929976093,1.2607995230841684,1.3130039251059038,1.4560300477305368,1.4562679686779454,1.487268414554992,1.420840892774457,1.5050341285944062,1.4904193784487252,1.4985011555208252,1.4281100402621132,1.3908494339704809,1.3984026507834675,1.218766111977775,1.2495379441524803,1.1256107760418308,1.1098538614288984,0.9514544219505984,0.901197514856081,0.7568781920390848,0.5855488206975568,0.37057968455718965,0.2709873169943116
4.68,-0.10391759638245411,0.08738420684617708,0.33251010545478776,0.47768937889027613,0.6022980000475952,0.7836852780259751,0.906956553608908,1.085157179237229,1.0952952221006744,1.2370041850812497,1.2686767665995378,1.3709295385459463,1.4135357998312117,1.4484416530895412,1.4491028471535983,1.4709273002901162,1.4840300712784025,1.5594430055684407,1.4399553452202563,1.355373526411138,1.3945164112251929,1.3937770776153706,1.2295083420342174,1.3126188559986591,1.1765084773807497,1.0743437168772887,0.8874226542334108,0.8695833375311822,0.7550504000835687,0.5257356672911222,0.33030425434085864,0.22605282773237634
4.6899999999999995,-0.022998698382662778,0.0665657865203523,0.33185585934999423,0.49285320524652776,0.6197313655199993,0.7642781092896729,0.8349419455709824,1.04785178109669,1.1604554978429849,1.1720131690700273,1.2551441862499657,1.3240478844042551,1.3783553375605773,1.4555600504588448,1.5126582362636916,1.5224571896636878,1.540187484011946,1.5481834015730174,1.474217801411981,1.4376478681367177,1.4495467661630406,1.4125510707578628,1.2404879807628353,1.3175529241135886,1.1951171265775666,1.1083917718686165,0.8401751390523459,0.8550057866137893,0.7036185343982831,0.5134132909967697,0.3486471546970377,0.15127834112370517
4.700000000000001,-0.050241821772206235,0.11231134013576237,0.3621022501226827,0.49114373822475316,0.6151491225589111,0.8133280308110455,0.9102460561320646,1.0861362888147397,1.1337426900159193,1.2039149451156654,1.292497300918902,1.3529914049909066,1.467606440964258,1.4601551454311326,1.4990124858460343,1.4697507619900545,1.4866993264446628,1.514831555757829,1.4425527450391002,1.412247792784774,1.4074982390633943,1.3964287946000002,1.2807719437844896,1.2506925506194153,1.1451333715429328,1.1181018439531996,0.9314384912417046,0.8818056799233591,0.677908419618915,0.5624648134682473,0.35224427804564373,0.18096920980172254
4.710000000000001,-0.03769161628650952,0.11560633709932541,0.29567156046013904,0.5001852954916217,0.6724167932136477,0.8133747529133716,0.9186943100637354,1.082891829765341,1.1693428523891756,1.1980515982118676,1.2982563320072915,1.3323703804852616,1.3934913292368203,1.4636924339996167,1.4660492808017052,1.4653570247861993,1.5191302281003531,1.5399409021069497,1.482905883198509,1.4580046825135378,1.4189324757008206,1.3388002079325645,1.2634310241086684,1.3045635149460948,1.1423604871404882,1.0884007073412023,0.9533372674562386,0.8176007150888194,0.6341707322909678,0.5710542384903403,0.3177508560979046,0.11497127758584817
4.720000000000001,-0.07732932582983358,0.02224473337809837,0.318864948384633,0.5144737917486335,0.6603544277048796,0.8008669202717253,0.9096964339897127,1.098835375458454,1.1797737541690498,1.225730534623097,1.2501867836095035,1.3616562710964766,1.4475473087318533,1.4688630474384576,1.471236522931377,1.4720832769043495,1.5346353780752506,1.562676587140658,1.4279567979310122,1.4190086766134935,1.4145272584969704,1.4154933153715779,1.2087200308842674,1.1887266156419987,1.19107593887976,1.0033384150191376,0.871016610703237,0.8637611740520368,0.6673993045844613,0.5109962836374078,0.3310876092711166,0.11599065108763794
4.73,-0.027791272436982324,0.10611596486620326,0.37917935508312167,0.5931875309766149,0.7099956778113411,0.7989925612169033,0.9086209741795997,1.1062326363888624,1.2064708614968234,1.239037494124924,1.2694569009904917,1.415971054847861,1.4249993551917006,1.4973770808372044,1.4909077786663782,1.455005219135422,1.4678934894118911,1.5342549185948684,1.5116775487552223,1.4155712006250023,1.3795214793487616,1.411055750831692,1.2621974249030032,1.2286263234991055,1.1188593307119137,1.0950521206524033,0.8713908648882758,0.8505716695590501,0.6455791347534388,0.5146856048668168,0.33401820907751334,0.08047755026028028
4.74,-0.08066930443813228,0.12535799842395512,0.41617574650207656,0.5721677941527494,0.6454856097911658,0.8189719606058583,0.9080359237963058,1.0716767426317644,1.1844932532790169,1.2536990155703986,1.2670945921317338,1.3164960643180446,1.4257155892243016,1.4637913964213145,1.5436828564287182,1.4823444457342747,1.52839582696101,1.524332393301531,1.4961001168193924,1.4030498808167815,1.3500757130623697,1.408753234583706,1.2416690922227334,1.2060612942739604,1.1088556265775598,1.023924885842426,0.8846981483931674,0.7682824590279685,0.6360386402717986,0.5055009187054627,0.31178372290674167,0.13643564797300595
4.75,-0.057656544956561445,0.16717039190776778,0.42432811035394963,0.541421419057888,0.7227839265913757,0.8824577302339279,0.9322340249283041,1.0967442993503629,1.1710018950349177,1.2096761903581525,1.2817876849592826,1.3226452011357115,1.4040769882538873,1.3989534957736083,1.4881659181765914,1.4690743443281764,1.476255386780576,1.4948281893356208,1.5012668915042353,1.416358378822123,1.378067263425261,1.3910015858089393,1.2758881758726968,1.1542850503762772,1.096074473661623,0.9503089407611822,0.8916685077369582,0.8041636070830185,0.6339226650392183,0.43549209885398965,0.31792217554855623,0.05361040294268498
4.76,-0.04997866186971029,0.17705251623916562,0.43685212871364526,0.5132870952991869,0.6812899541305963,0.8136900651153167,0.9629775970283326,1.163072709670976,1.210352635318893,1.2087661227895092,1.310999794784676,1.3368325827058656,1.4286861482581108,1.4546192847597577,1.4187825739830493,1.502604887588682,1.4994936271081587,1.490221271900333,1.4383932435689681,1.435125972252356,1.3782138060590976,1.3294204036938049,1.2823296670555453,1.087744727733609,1.0533482177008584,0.9993926586242126,0.8271405495719735,0.7628017478283201,0.6354024565703943,0.46661668094394665,0.3134801150415784,0.02903181329413835
4.77,-0.05302285472785359,0.14190914378014347,0.45826968519889616,0.5929171765485176,0.6783191230418225,0.9300709212876296,1.0013906579420329,1.1023825283520452,1.145843433839573,1.269539631838882,1.338147384577494,1.2574466633574495,1.3592105643069194,1.4844291546539254,1.4652987754229614,1.4921963299888625,1.4918976943627285,1.5183154629180236,1.531537734543337,1.4755026175285184,1.3459218921171507,1.375106207612752,1.239963142710887,1.1236674907082347,1.0860451194842877,0.9889591636999955,0.7716421727397011,0.6830554626655768,0.5547209005260579,0.4060625509107501,0.32367065050619387,0.07852794264744095
4.780000000000001,0.02005634228653175,0.15936992944874384,0.402435620724064,0.5829618279008617,0.6623577692820026,0.8743820258736941,0.965630233110174,1.0738269361062054,1.1600255435508076,1.212512605404708,1.248990241834057,1.337259956092073,1.389913308648398,1.506145536188168,1.4721844880539796,1.49005527984787,1.5218394898975718,1.480028597696402,1.5620505157090279,1.4640249056557875,1.3656935647629744,1.3489715513283969,1.2542736210701608,1.1611853178529086,1.0478471833292302,0.9237182518093557,0.8276408438960134,0.7127201981713259,0.5643015235806923,0.37259254894778937,0.2515052536894003,0.12983264933821598
4.790000000000001,0.00893533464017882,0.16058166209967212,0.4480172655746071,0.5638236162057388,0.6860912637743594,0.8326997250385503,1.041983007192932,1.1037161398082795,1.192900416439061,1.1666053676095605,1.285627789112835,1.3966472970221386,1.40089058635412,1.4396702721506944,1.5149091743598324,1.4946894811088205,1.4894664424066864,1.489551495957493,1.5164763501258591,1.4721617271325154,1.3019074591010196,1.3435358859602218,1.3096968028248017,1.136453264653712,1.0797565909901365,0.9456638697499735,0.7937633602846759,0.7011454379938706,0.5314875489725915,0.3953401218762822,0.2262111479363363,0.04362095359394734
4.800000000000001,0.04743430702188417,0.24792477660475254,0.40249304893022536,0.5709212894072462,0.7175326837475504,0.8602945490175357,1.0288741336134557,1.140448750885938,1.223577196438985,1.2085889574773414,1.2921198722476404,1.3726897484546376,1.401408133790811,1.4022644185318118,1.3971473865593724,1.4540770816859254,1.4887775644026775,1.5235242293464855,1.515449670508742,1.4537271572947128,1.3464639627346338,1.3231534296675413,1.2595128233144768,1.110856508189833,1.012251799441986,0.8860957701724095,0.8035849991767872,0.7358918298148889,0.576342303504513,0.3643928277076435,0.21316670343529975,0.08744738204223836
4.8100000000000005,0.06314380343403753,0.2471883254333504,0.4940750079896622,0.6408562589404398,0.6944937126499138,0.8739290188936375,0.9515508428809253,1.0585744643605404,1.149233531739734,1.2630884084910878,1.2787903730673058,1.3126287352573835,1.3944302644561248,1.457306924130719,1.5600534194689826,1.4952238543177108,1.557310932146934,1.5581604701275473,1.4740978710016874,1.4709091311249125,1.3312627457805246,1.335925195278948,1.3082589901759636,1.1346475729881373,1.019768630213292,0.9537764683342813,0.7824787104620189,0.6830437200238395,0.5472852440056198,0.39218037597693456,0.24262564846373288,0.05898496189409475
4.82,0.11744662946508676,0.27133813519672745,0.4919217815811906,0.5884659590937631,0.7174859015865276,0.8417338670268342,0.9668127118441704,1.070364091427761,1.115741071509652,1.2031557154430443,1.2893205815751194,1.416810371604133,1.371587224401802,1.4300313099654653,1.4869550961419442,1.5163135082200216,1.4945159718117549,1.5188686943896668,1.5149778317502853,1.4879943615670816,1.401470193360425,1.3819209084902842,1.386533790022165,1.118733454176554,1.0460961702946323,0.8683423110985357,0.788915350115903,0.7078090176060682,0.5217122497090807,0.3757204281179692,0.2636656976902099,0.0787066469992989
4.83,0.07068392707104765,0.24760537952753353,0.4446804255612263,0.6009783662779451,0.6720351930727538,0.88334278512821,1.0131432886552145,1.0200437133510645,1.1330664781548083,1.2703423111877645,1.3020405798757224,1.3145277302415912,1.4113167567338403,1.4768746038208238,1.4889401079999651,1.4940925784902281,1.46825218402851,1.521635065462419,1.4999837019635587,1.4379631027418818,1.3576930388645532,1.3254365878949024,1.378464436668964,1.1541442827268975,1.0001255184380566,0.987863582866335,0.7980628853574457,0.7071111554393673,0.5778310219166335,0.42106291182330813,0.1934332469567045,0.10740385393000407
4.84,0.0904695055641239,0.24205701988514028,0.4784373332072056,0.643556933293579,0.7559793056140568,0.9162618448003864,0.9231827588645414,1.015154595319533,1.1461453224702651,1.2074288821965253,1.2706494533171975,1.3663600465285515,1.3709209791838073,1.4359913497745378,1.52023182795589,1.5429469057918177,1.5415343437234552,1.489401149566291,1.5338362440547664,1.4652380699512477,1.3070710717175882,1.320125027874413,1.3346900675515436,1.1351535465921005,1.0176464809567902,0.92236097318088,0.8072693394371062,0.7565571670540342,0.5885807654316673,0.4516003822825775,0.3055500814092668,0.12099186005488191
4.85,0.14559950197621743,0.24503889830643494,0.5341910239528915,0.6943162151182573,0.7058539650154989,0.8409477810240559,0.9951560516828543,1.0476407519115252,1.1387321798832188,1.218011203037525,1.233437174751189,1.3396733119297928,1.3356769351379496,1.4147174096386428,1.48932818940676,1.5277217731066874,1.5023761437535135,1.492727182477071,1.5178097797308625,1.5088554595003427,1.4106452218306056,1.2648347298159852,1.3735561419951379,1.1614166382907523,1.015667150427827,0.9256186550157444,0.7972678573361838,0.6861905270328179,0.4977978062400983,0.3775612539700371,0.20176522041984227,0.06871014672020924
4.859999999999999,0.11962296637994428,0.23583941175568984,0.5602393806181919,0.6189473275479966,0.6718265243888807,0.9019706278090829,0.9642475173917278,1.008083918679679,1.076075541077122,1.227216385551268,1.3012204505043887,1.3615309373072435,1.3778954573376465,1.4450077418694665,1.4787680348692176,1.5314129286121527,1.5121434330883474,1.5055661158054947,1.4648386975714074,1.466344398158705,1.3478101484168787,1.2995647004922228,1.3532774142476187,1.1231165979263045,1.0285565022162904,0.9239379092424309,0.7141216276259117,0.6427258126113149,0.5548177374297958,0.35737037548866146,0.2114715887593578,0.09817786618416603
4.870000000000001,0.11573630028314948,0.2592844681557418,0.49552360574173976,0.5613371757625519,0.6606870171048463,0.8810133121453291,0.981227351732461,1.0581713467024119,1.1408331547692516,1.160931457601993,1.258785808078664,1.3677948112884817,1.3977065573848066,1.386571024074739,1.453463208782135,1.5138428831470359,1.495456269930207,1.4837539115905132,1.5140086812767235,1.4443132528716058,1.385071693843848,1.2583364601639415,1.4059630372689444,1.19592937314255,1.0350587792377903,0.9088323876486749,0.7845230557472989,0.72305669585799,0.5327931984434502,0.3485061531814061,0.21680073424003293,0.08688688153135755
4.880000000000001,0.10913650414038852,0.3182724931103035,0.40284334826912055,0.5345163338564457,0.6575843232403971,0.8516508825487682,0.9531733096050048,1.0489875873911862,1.1427425688838857,1.1867419052234962,1.3198593484415124,1.3503181520496739,1.4191696262661129,1.4494463806028983,1.4530188585058919,1.480382331620306,1.5367671978493256,1.5253788771188777,1.461610445256879,1.5312173451514202,1.3902988743128413,1.2592631328516082,1.349649266009614,1.0688062114168726,0.9249861667013737,0.9283977381573817,0.7911483642435133,0.6829078314061863,0.5765993121890001,0.43384988608227143,0.24329204856610995,0.05284636210550501
4.890000000000001,0.14417569768513544,0.3620365678549787,0.5371802844052924,0.613808687517086,0.6664217442177762,0.9078033716334272,0.9634080829039648,1.0342249379082775,1.0901181234091084,1.194515295712257,1.2598494143453522,1.3739047225731318,1.3904382873118117,1.4432592783325315,1.4255249704675814,1.4952642847010407,1.5066614776014666,1.530295898086567,1.5173503746136077,1.501882259020093,1.34600436595385,1.3240672044327428,1.401826095313078,1.1378603989350782,1.0111197853078429,0.9160123196538481,0.7738650781787481,0.6953605689941458,0.5272791790636431,0.3618250278309558,0.21527907841631147,0.09330225435226482
4.9,0.11761994639966315,0.2965507297869662,0.471318025523644,0.649122325534491,0.7095932117658518,0.8102639995965728,0.9798111394835572,1.038179493001647,1.0753262874669611,1.2543740090698354,1.3083330050694049,1.3220501490364605,1.3813116402502648,1.4698446683842215,1.532853993911167,1.502859599942877,1.4859418603852361,1.4891114631494164,1.5488576951430377,1.5544774815674496,1.4149980256024037,1.3188350824100057,1.3347924487461642,1.1604306820402128,0.9950732346737525,0.9524632852707626,0.8176330542108378,0.6565130512275698,0.5303577323697802,0.3431599759413704,0.1886250362537443,0.12370955457018495
4.91,0.12015622301897011,0.32950596631309903,0.4712861598899148,0.6091358704043943,0.705115990962153,0.8938046054800427,0.9749554683799686,1.0946188432045396,1.06435017148048,1.2095625056600194,1.357447434151875,1.3798100711854735,1.4455765796059565,1.418744919454697,1.5082177235315595,1.5474676278197432,1.4909239977656301,1.5373446122534644,1.5253036581508388,1.4827838202561439,1.3847123118454892,1.26300957340799,1.4084383571725796,1.066914932104436,0.945400829219735,0.8694673392384903,0.6941205019488481,0.6589584474453345,0.5611804301719922,0.374448219693316,0.18215809957861354,0.09766623221778532
4.92,0.1284763229849886,0.29838773179985667,0.4740343495432488,0.5863241878965434,0.7125085850983547,0.8417125325046956,0.9601295080982429,1.1075869145848494,1.156300267978463,1.2228575053430957,1.3783728210918793,1.4368400790461096,1.444336260366894,1.4543855654006548,1.4732946660915,1.4931529422522725,1.544166742734264,1.4387139288959898,1.5211057866352475,1.516165178458341,1.384367159773168,1.314533499825988,1.3732622809953883,1.1379214463013871,1.0062937358805346,0.8983384704190878,0.8115041028963647,0.705988000787231,0.5555819135813367,0.3844300302151922,0.18698903013949572,0.11317566390476487
4.93,0.1575629236552856,0.31044472009101515,0.4709831002321963,0.5469089658524833,0.7482705650367325,0.8862530998695569,0.9150149375601665,0.9597396441743774,1.0726864613109184,1.1731261622557634,1.269642432876233,1.3201865454316681,1.3918496209972167,1.4589386768167234,1.4572052777653883,1.4898570159919209,1.5425758286788673,1.5213305446033745,1.5384103763609411,1.5063742617704472,1.3379068351637617,1.3149358778415525,1.386651192265276,1.066791548264496,1.0057143977242833,0.8516796202318402,0.7082609949571,0.66117420049766,0.532220184562437,0.404018024668384,0.22154648396286236,0.06582151157810082
4.9399999999999995,0.1446993233144099,0.27010378633375404,0.4483897395408005,0.5742311043001835,0.7127602958745236,0.8982119311447734,0.9694239204678838,1.0049901144049915,1.1609370967190251,1.237166592116241,1.2891161280193084,1.4093870741647179,1.431101852726946,1.422697398109412,1.450747793570937,1.5177592103260664,1.5399406676841212,1.4482261729780477,1.4645004120206673,1.4812378514838733,1.303403324880037,1.2738694490137739,1.4119545029869178,1.1244698690790398,1.0473231124329045,0.9558612374219441,0.8032103979578026,0.6572881367209801,0.5103408268350308,0.39470188371928466,0.19161868364974005,0.08495868639433872
4.950000000000001,0.18294107225130135,0.3077981004448208,0.43271005587894285,0.6274321483935466,0.7209063263618188,0.8677461875202813,0.9873241699872835,0.9868714444856788,1.0732708061268523,1.2024613458065783,1.33369076478382,1.3537322596829693,1.45827731710689,1.4744274104633086,1.4285443134847005,1.5169316343152786,1.4942532010912373,1.4582242912626298,1.4915177593442777,1.483686864261676,1.2973291194698722,1.280197660976652,1.3866323927878224,1.1696227512293371,1.0262310343726446,0.9466973865528064,0.799846947458032,0.6525000618971682,0.5386112803430909,0.34086768114773586,0.19852914624608609,0.09606853644386969
4.960000000000001,0.14469895876646874,0.321536530206319,0.4259715562228495,0.636942758255224,0.7821001038510913,0.8996906202337935,0.9419911119245572,1.0614818902731387,1.0811964678713433,1.1890662813745758,1.3339839631165917,1.34055146121539,1.3884519582148311,1.5047941378554477,1.5220188346846246,1.5037028100808707,1.50761413748249,1.503946672705474,1.4315088803683798,1.5153330818177955,1.3952747813798057,1.30626664452883,1.3420148974045176,1.0489502018590149,0.9832973190079464,0.9097288819984122,0.7577198287761547,0.6818370078920207,0.49348975823306696,0.3650803559741401,0.21331950801672092,0.0808243394578339
4.970000000000001,0.13021011192847257,0.31877712395604946,0.43316699170654577,0.5374851218048711,0.7206138879563591,0.8548958048714984,0.9930014362606973,1.0138916329135284,1.1156822338898955,1.2080395598804226,1.3007320286559185,1.3536513016441205,1.4485954796878653,1.4702716979136417,1.5182401805606973,1.5484625625656747,1.605253052471383,1.482794321403593,1.5035647890211359,1.4779572720621363,1.3154813387336222,1.2676928995876113,1.360521921372381,1.106166340361321,0.9794364748864549,0.8620933288473296,0.760445201219443,0.678787115918142,0.48116262860095355,0.3048190662141295,0.24534664502846285,0.08891286634676068
4.98,0.19815785738203814,0.31457558349962195,0.4798828189742376,0.5628600293750119,0.6656568679217207,0.8432612644742847,0.923503614735542,1.0180212339650732,1.1139945012892236,1.280981868496025,1.292634685556565,1.3071007257229792,1.3849934139636215,1.439356524702067,1.4834242372576953,1.489043240908163,1.4831652453465747,1.4709024914194913,1.4782144985760122,1.4794114826892388,1.3736572329571382,1.2776918956453645,1.2847803633159671,1.1455847802504278,1.0225464088516982,0.9128384668532753,0.7512846291381854,0.6803796801776117,0.5195155524267402,0.3690819088262868,0.16150230113653993,0.16020638570220888
4.99,0.14278093585887155,0.286413027835457,0.447422329839493,0.5972903969142564,0.7536735488514265,0.8331788566219073,0.9243441806324705,1.0292930477547226,1.1071869597566637,1.2499700021202058,1.3381826522717248,1.3832691606448468,1.3907647917389716,1.4654027560555323,1.4716924413052168,1.5357699933655469,1.542016414773138,1.4026830685188918,1.5061836775648387,1.4608290777054753,1.3390218496851563,1.2331049318737848,1.2725055674892238,1.082537259647575,0.9776344482232401,0.9206988502352823,0.7925561009181367,0.7436615393480326,0.5129405387882234,0.34706106927986535,0.1829342018467176,0.13333884017578554
5.0,0.16594230603771024,0.26818221897269295,0.4454798950203246,0.5632336713043622,0.7611339220022365,0.8556179217905315,0.8875563232626127,0.9986932164339283,1.1387010672381086,1.2585969132511126,1.3139742787462911,1.3680934877855166,1.3723904747867632,1.4472357832027714,1.4881736563425063,1.456883532622948,1.5302683423818177,1.4422883620133196,1.4621375067912734,1.4424366405051687,1.3018888014354655,1.294082383135628,1.3450446835627854,1.1128291194622428,1.0042179165877734,0.8991344324114554,0.8050584284204493,0.7140917811432367,0.5519661332348577,0.39372412150088365,0.24398741468128693,0.15573016417690416
5.01,0.1282965096501237,0.22185802900859242,0.39198608340983837,0.6135053192296679,0.7842083763105452,0.8377924893935256,0.9481774780037163,1.0797859388730744,1.135732756677879,1.2708838500596304,1.3341282720027279,1.2995787514314612,1.4220381631705108,1.4614132494447176,1.5096925764151956,1.4865819273828533,1.48161048103686,1.429638030396795,1.4413748864385363,1.4198167580398693,1.304623048726246,1.2254053869252581,1.2475178951399954,1.1439472635055044,0.9500693094281762,0.9225572536273781,0.7994622944962669,0.6584742761072766,0.5070994029044186,0.3825837402145466,0.18784726027139037,0.1681577587060695
5.02,0.16194727822854718,0.2819017814889358,0.43692419640680563,0.5590289895410852,0.7619234790546844,0.8605365402125393,1.0107138209054667,1.0257622866445264,1.0824339157267244,1.2688478137338337,1.3205330839794234,1.329949267688929,1.396196218488777,1.4572731477757614,1.4229240501066118,1.543306831843729,1.4258805223184166,1.4331708351299401,1.4122517653725941,1.4473201852978304,1.3468760446774526,1.3332983358640562,1.2928003407357906,1.1605790727672025,1.0710569520282511,0.9387669145453875,0.8123696316542839,0.6663842722938433,0.52798477393281,0.45821877562010777,0.26002447595451944,0.15951216406550806
5.030000000000001,0.141849155221714,0.22772302128603567,0.4101507166936477,0.5625345624853438,0.6925383108295383,0.8965184894949975,0.9943443669396049,1.0250006988739948,1.1211656554042069,1.212698558897296,1.3030486223834366,1.308272849432948,1.4169623972129721,1.4212982640092602,1.46455881198285,1.5226757328159632,1.5011590432759623,1.4342385507469815,1.43673358788641,1.46373049529077,1.3446516721526225,1.2847320644624887,1.2946191284178035,1.108107565381125,1.0303388040082189,0.9481852694573091,0.8087958499350532,0.6878190150034069,0.560675911075413,0.40234552470194357,0.2703376743994633,0.1569973421304707
5.040000000000001,0.11069442410413169,0.2045219100669628,0.3862768116271592,0.5587554735162201,0.6816623635814515,0.8396123374949386,0.9767047016700093,0.9783648918436028,1.1047744690514147,1.266630972334926,1.2748047837639809,1.2848374803445362,1.3887229798283571,1.3982554018385014,1.416960867635433,1.542369427555354,1.4737835729297932,1.4424932310848824,1.3921234973875884,1.378417202502425,1.3508664148021587,1.2273630414454162,1.289419741185504,1.0901038141663697,1.0778828780449812,0.9943558473584021,0.8650408584138856,0.6963352165541441,0.5149730060552745,0.40644804576416577,0.2872002322272782,0.16122942579917438
5.050000000000001,0.07585615884854262,0.29809675112037637,0.3858045416302335,0.609777780372313,0.7599534024596649,0.8709895553796235,1.0301202767219555,1.0245851488762867,1.0831592765118079,1.207207094227835,1.3226996082912401,1.3453254192583226,1.4151434114266535,1.4381398048032512,1.4865524826261165,1.4886431516672656,1.4733104832671355,1.466789682704499,1.4768632949159168,1.4624340107425382,1.3857647745852406,1.232570684001068,1.255895661130447,1.1218177487057397,1.0045177916455195,0.8561386487644602,0.8233325777043137,0.6404205159875102,0.52642702693498,0.45965770695831715,0.26409998048187305,0.1637972479489264
5.0600000000000005,0.13939081543797718,0.24328609574239546,0.36429116370907394,0.6156594552897054,0.7691934209273047,0.9052577280873876,0.9534428975056368,0.9986693834409609,1.0725714547959118,1.248455121076773,1.2872146547582968,1.3185696928914878,1.3687400184666354,1.4479097494396371,1.4666651005555742,1.5118412125823346,1.5128174116723956,1.4086986822325056,1.459820555791906,1.3991395581699424,1.405459102617393,1.3058752021204922,1.2632378038403134,1.144002575557614,1.0840542343075361,0.9487100631787649,0.8585104608363764,0.7359194763729809,0.5313625846941776,0.43722055745178084,0.2717259806630534,0.12774948556981816
5.07,0.03731748519305441,0.16230824683940512,0.3939937471344823,0.5638836026066578,0.7248906438085817,0.8249795414068083,1.009158023953356,1.020221565836449,1.085490953045822,1.2870563337702827,1.2828331911777553,1.3292062558240783,1.4492538219985303,1.4498254419610128,1.4739510568876566,1.4877894995772225,1.4323588201098918,1.4757858902454315,1.3963835399496634,1.426796507978626,1.4013715856551825,1.3251793995298804,1.2083101836611032,1.1797742537489442,1.0733114844182248,0.9617096413199099,0.8779741078164195,0.6881497903985838,0.5078925773158754,0.4372697632904864,0.36083973486989007,0.15791014175041054
5.08,0.04401811994443495,0.18107862392083185,0.35950208453922555,0.6448199352134637,0.7513475947958359,0.8465795926665026,1.0136597990251688,0.9612493734142674,1.0778976307365258,1.2455922460811115,1.2196324249488888,1.3132051590233176,1.3624568330473052,1.49321154314665,1.4665630902714601,1.4050120195719962,1.4921394744444636,1.4579343630820645,1.440286536990375,1.3677647593750797,1.3885246824899948,1.2665056427274426,1.2187660286866224,1.161726206698276,1.0587474003171544,0.8884127631827969,0.8954440274965986,0.7514053596873385,0.5256942037354038,0.4370692473923178,0.3004557705414619,0.23456406125203394
5.09,0.038314148478264476,0.20023824021387182,0.2907868109332635,0.5714926434461969,0.7692218830133184,0.861536262620044,0.9416671685223047,0.9881943396015225,1.1394345252665183,1.2657684896727481,1.3156646131841008,1.3365381467462583,1.4010811710561777,1.4169157685517109,1.4684760466233184,1.467927893992019,1.4996850695563568,1.4674062958123544,1.4272795287456155,1.3746067402446043,1.4428733041024913,1.2912611911320373,1.2090096213832895,1.1801416443996797,1.0744600355691778,0.934161346935291,0.8805097293272179,0.7227615627425329,0.573313805775224,0.47174707700653257,0.32560334372152233,0.23246651670363774
5.1,0.0062670374824414215,0.18957842940470465,0.37481682410387207,0.5710203038394491,0.706190643870639,0.8476743096130692,0.9208917375787614,0.952761083551082,1.0931813164561939,1.227085033540525,1.233235394397432,1.3386389133026118,1.4611285216607273,1.4289542219288245,1.4563474398825156,1.5028131119882506,1.4563938452856262,1.5103432245846848,1.493984308382703,1.3879524768805642,1.4206233948222868,1.3619939341729739,1.211103920179191,1.163012781356729,1.0900677558173797,0.9562433178780048,0.9332327606925432,0.7421161268906455,0.5286352040617451,0.44634586820723265,0.3673769181100467,0.17432168250499006
5.109999999999999,0.03241205804880896,0.11812448986098835,0.3451484973239347,0.5709587781029574,0.7349829788435007,0.8604482171385726,0.9768419563921648,0.9886304474923332,1.0740089547751885,1.1395042060238745,1.2663625249753145,1.3202042603980597,1.3725963482715864,1.3891202643427765,1.5009639622621302,1.4637928160426381,1.4545583638906825,1.5055757746898268,1.410882212377734,1.4684230061894978,1.444108986800523,1.3077066893198832,1.2069941846331151,1.1595752894408735,1.0912027157220345,0.9866915302221513,0.9661336295439158,0.6653690359848927,0.5576572436719348,0.5414194631523562,0.36582503746406675,0.24691056352855592
5.120000000000001,-0.02096347602360565,0.13469739870484052,0.3217953991803288,0.5736653485379615,0.6873028375954372,0.7956740989338951,0.934422825047382,0.9860901753649629,1.082259972911489,1.1503564543724691,1.2736329894548348,1.3271868114433507,1.4072126609554787,1.4823903025435181,1.4866594912792765,1.4824099585431152,1.4983071339324774,1.4786456546727715,1.481632125915655,1.3693827846747157,1.4115341370200154,1.3156290728296545,1.1777729286634493,1.1393099587455413,1.0970518281895965,0.9893312457217696,0.9936851901468396,0.636490251457681,0.5822000679073458,0.49269156100769207,0.3675530494809147,0.24129795570710474
5.130000000000001,-0.021003755569863253,0.09377169807753329,0.34765084839184845,0.6128841162478315,0.7260702576969654,0.8127486015231489,0.9085521511856143,0.9812038991398722,1.0882201314017543,1.2120662622331277,1.2988806797450845,1.3209653031700193,1.444599693089066,1.5002338738663268,1.5101968742068246,1.4846988761335687,1.47192389276218,1.4999170033410023,1.4093177126182734,1.358832862937139,1.4413892619738808,1.3360729348771327,1.1918096118568104,1.1329902913753367,1.0917501128358496,0.9280294813519264,0.9492406919630126,0.6575744659252366,0.5129983770418958,0.4358837833921293,0.34247481242580463,0.2160532746736657
5.140000000000001,-0.06862922692441772,0.10536216594106226,0.3686220242882284,0.6013534563073485,0.6444540190084055,0.8376599712036121,0.9828730331488821,0.9920330394750183,1.1322973412790032,1.2478273658370829,1.293212839094944,1.3523475961768885,1.4381367416490725,1.4689706801939082,1.5073460733820827,1.4371683176664931,1.4705522586513118,1.493937270164091,1.42605828980617,1.381800490827371,1.4404236055542132,1.3903642632198971,1.2456416472692136,1.1440211896877652,1.076069877729237,0.9579112634668907,1.0233726952764897,0.716986883561871,0.6118695796821338,0.4241839671127251,0.3666325808093444,0.20615069849747666
5.15,-0.031259708319296295,0.07817940733526269,0.3702021286754868,0.5881104806463499,0.6053258970029906,0.8101575118733683,1.0057431210312695,0.9723049314501373,1.0803591903894512,1.238012718310506,1.2768966819815857,1.3503060444993302,1.4186786141752306,1.4304191426821578,1.4445838404919527,1.4870311164728183,1.4874345664444433,1.5125535073725929,1.4120174154526792,1.3789302408985518,1.4949512211939742,1.4279255930781483,1.2967353998572198,1.129564993037332,1.0403234846965104,0.9199248470330639,0.9459246255946947,0.7112405796046501,0.5403493860884017,0.5007027330406416,0.392397073220113,0.18935126386016862
5.16,-0.0484871247610549,0.05851457862989698,0.3784373170792846,0.5226578735339859,0.6389837261056491,0.8600625505656869,0.9476243158013768,1.0237473950289502,1.1368471697463325,1.2323004466207683,1.227674928547178,1.2936031930448906,1.4062645866621437,1.4317504725489272,1.4444956380530858,1.4950916353557215,1.5158962126237043,1.50657273858163,1.446046681690983,1.4227491663965974,1.4551123931445324,1.3887934406440137,1.240928924778793,1.1545346878324458,1.0018407930561084,0.8831160084900096,1.010943480712366,0.6836464285871858,0.4711348406917545,0.44578960938045786,0.37206037449418655,0.2188011916871317
5.17,-0.02811517718190264,0.11297661594844133,0.3217197025669759,0.5459679050070306,0.6446991649544311,0.8325686417984067,0.9466084191857225,1.0224613236874338,1.133172503620577,1.1847643652437605,1.266879781770343,1.3155664942328333,1.3859325424982296,1.4351257421026802,1.481171762919093,1.5054566397258997,1.4503760366050873,1.5011554570371046,1.4277660381604895,1.3687104397005727,1.4076789457077434,1.3706282153909868,1.2425662192498979,1.1288545169733935,1.111599626026286,0.9717839707010831,1.0356721217479403,0.6690071188667824,0.5736247633251493,0.385172398542995,0.27971109456125076,0.2659159226197532
5.18,-0.07856101810946423,0.0708621964285947,0.33727208123820657,0.5764709162095447,0.657270198979672,0.8187253810104939,0.954033337397076,0.9665699917136449,1.1042861580893404,1.1700505479572647,1.3237707555377285,1.3562125323519907,1.4094818583815272,1.4955364124878532,1.500193121901094,1.4916937630042448,1.4463667981186927,1.501747754616655,1.3974450214056588,1.4604129584260546,1.434052938008725,1.3654903584439884,1.286241029579107,1.1278272819066675,1.084213893781983,0.9720027748308991,0.9576821381127198,0.731766223774976,0.5541044786524963,0.42043908028023963,0.32747264236002926,0.2774501585619624
5.1899999999999995,-0.06895235593169059,0.11037765399092377,0.37970363433077925,0.5142592506458321,0.6970837922250634,0.8178199613747903,0.943412215321926,0.9919372466627636,1.0887982150135274,1.2294938186889184,1.277817756269487,1.346599831777512,1.3903796314624326,1.454147700781417,1.5314101184227902,1.45853226845216,1.4564880471514525,1.4905548859129105,1.486609591619731,1.4090693638236578,1.415753213744913,1.3859847174194144,1.2696453582427414,1.124128146304437,1.0134536569348398,0.901128807370905,0.9752673024590285,0.6728821944337741,0.5947910869872508,0.3965545702634651,0.33649226754953365,0.2813761000325738
5.200000000000001,-0.10941236449229481,0.05182576830210946,0.31778893865376945,0.5320174210741467,0.6283604430068614,0.8583287171275125,0.9443241721672769,1.0518103085670818,1.1047117726053142,1.2514148781798335,1.3556300337163931,1.3364005411510878,1.4385392529816805,1.46001575732175,1.5198908292752755,1.4217489753760264,1.4824633282511555,1.5131838225757221,1.5079926407449087,1.4315376086863445,1.4797347512618029,1.4344169243593672,1.2227889470119964,1.1517512984670424,1.0036011652670547,0.9240226076922964,0.9737064710484222,0.6821302445129523,0.5815063940874909,0.36454308263813684,0.23824297713390102,0.24650846312022667
5.210000000000001,-0.08852076726828784,0.10412175552301167,0.38027222040232384,0.5195338554409039,0.6525016106504913,0.7993137697077619,0.9114266561494291,0.9900123933920995,1.1665869576978287,1.2051796434898194,1.2694571897171636,1.387386756489089,1.4189583741740681,1.4108319481381415,1.4788822382227493,1.4705082541456203,1.490351686339431,1.514938733761172,1.4316067078385943,1.4207100394697196,1.443286651453797,1.422042788714978,1.2772311800585847,1.1344871493369455,0.9801825467956913,0.95174223525136,0.9584065338590257,0.7291037308116322,0.5901487022478906,0.4368460035542877,0.33132731345960975,0.32836309109406836
5.220000000000001,-0.01672647125838674,0.07616343881446581,0.37900373506357554,0.5672093751538195,0.5454625491614431,0.8249510613288656,0.9716628921599693,1.0429828527331573,1.1536050934552788,1.1852888138560809,1.2029476329758033,1.33386820715124,1.4238920379665554,1.4430826412126505,1.500420927296598,1.4963404782882765,1.4600896891586426,1.4393881272527582,1.5029850564213425,1.4140019520976685,1.4018617592569271,1.3523863533025056,1.32336777129518,1.1349434251754458,1.0220068827875712,0.9238274157165814,0.9320075612711554,0.7218462620561309,0.6141749901095968,0.45017385489084455,0.22195284575502894,0.28709479025396395
5.23,-0.07857625182034174,0.15882440549977375,0.360667756851181,0.5093939556005288,0.64630145096725,0.8083730562105185,0.9292285625184695,1.0724061001506917,1.126963667307479,1.2575207370720152,1.2883822689705093,1.399498180200658,1.4182373561117632,1.4587054080643092,1.5095511047651984,1.4399798161930228,1.5031974529268335,1.575622135163577,1.5432817577338869,1.4434942555192982,1.4700536027035387,1.3582391174385946,1.2005958608419032,1.2208836595382773,1.059764240428234,0.9515479856786054,1.0217093343580812,0.7921268771438437,0.6211862930251587,0.46891139771870993,0.30102867274471534,0.2732734163059778
5.24,-0.041638099040290893,0.08805401154888105,0.37722751596027293,0.5046198309702488,0.6226364351967515,0.8172612093879885,0.9439011624681651,1.0450985931233565,1.1040325972003737,1.1809893212595013,1.2909167350374966,1.3701186253603659,1.3950659929243474,1.4159531772644087,1.4983871970518279,1.5238348020466403,1.4531020686831515,1.518611346309812,1.5055503902479455,1.4812300756437984,1.470661571748767,1.4083263667116745,1.2565532095235492,1.1981257730059554,0.9910887527086013,0.9944906933263341,0.9999998945670285,0.779498261546497,0.6618327846301126,0.3917602759426029,0.3554288322072155,0.3630522367976347
5.25,-0.012861515711650694,0.1706405328507577,0.36099262065456833,0.49549577175958287,0.6095803977471183,0.7844341678949212,0.9212517641001041,1.0298252345971852,1.1909031765695544,1.2331394570715242,1.2633104012994254,1.3788606368999932,1.4034428264988363,1.487780322769888,1.5018336855891856,1.5259439837445494,1.4864565830699674,1.5168823675164456,1.492948917011837,1.4599572234785274,1.3932949474638525,1.354134218811281,1.2702607396463406,1.1679182595885578,1.0521184091144267,0.9610169081806899,0.938002837644021,0.7419196212760722,0.6637990352799635,0.4347995290470689,0.28779944339310204,0.2566810390789635
5.26,-0.05059980624211122,0.13638155966915372,0.3684700176783077,0.5798766938059245,0.6054355842017851,0.8493368789548884,0.9430484071155335,1.0239213584539804,1.1580170934685001,1.1724576092229146,1.2839835670337776,1.3842172727122477,1.3922574969725026,1.452804116205051,1.4805226250909604,1.4716123892232358,1.4781662043815698,1.5049323099835115,1.497509075984966,1.4238435284405966,1.46456402828939,1.3912502678696923,1.2766111470517922,1.2108564070475183,1.1102560670552577,0.9841753128883426,0.9570437182094595,0.7435381122470607,0.6518007029829723,0.43946577197083964,0.38394712086163685,0.37546359967067755
5.27,0.030632185087225455,0.14888849191702383,0.32160650682509107,0.531749148194523,0.5911159388207303,0.7790932827101765,0.8722877455154366,1.0337883235219663,1.148977570053162,1.213148349981018,1.2443885606260225,1.3820922252991892,1.418656578723954,1.4879572292654353,1.4848908693267915,1.5055668009656964,1.4831303547287034,1.5582238109043482,1.517192372903915,1.4412976752350342,1.4202322584044778,1.3604311052177804,1.2373124423852093,1.1193867820635113,1.0912669121799385,0.9770757106088694,0.9553331402042298,0.7617529483766385,0.6987104870566908,0.4552381049718772,0.2746724518838161,0.31722789675934027
5.280000000000001,-0.06486058675248893,0.11367494653328497,0.38102883307350194,0.5340766059275408,0.6125138640657758,0.8047549283245262,0.9370037990190766,1.0104467095017355,1.1806837029830406,1.199243830217352,1.2902333725750437,1.3692461148428463,1.3490800022116305,1.4584541032404708,1.4655128080757862,1.4868534368509074,1.5152780965799042,1.5578261538657285,1.4742468915642044,1.4426664030239689,1.4569834171756317,1.3836410761298596,1.3328614885395007,1.2348104149055426,1.0773385906291841,1.0065328148790624,1.0199352524578031,0.8113003329752683,0.6958568777813319,0.5124435207733006,0.36454569631619416,0.30791697250536365
5.290000000000001,-0.07754077560777296,0.13186152573013396,0.3745658970308258,0.47388947356079475,0.5460102422308517,0.8095615631671615,0.9028173539387725,1.0566686525122813,1.1290319140225942,1.1433409300464696,1.2979029587607602,1.338296630233321,1.376093026684192,1.419773928145,1.408238152668224,1.391601404305115,1.541333150656849,1.5416204517204737,1.5197444073237618,1.4153920829376645,1.4322472406023412,1.4311566541396457,1.2814334692099423,1.216485698717101,1.101152857650091,1.0637310361844055,0.9562024564281932,0.8578323479670023,0.6968389757818901,0.5285246953263567,0.3838523371506589,0.3199140549747552
5.300000000000001,-0.06566456769575744,0.2490600468717732,0.2982980764913363,0.4892137129789794,0.5811626297535539,0.761066220592884,0.9067565945232984,1.0255974539278212,1.1409475877206166,1.1453660972541944,1.2923306673458752,1.3908865607668501,1.3715780532042638,1.459129971106815,1.5198444157698328,1.5079351292893741,1.5554004377953639,1.5057759233449537,1.4674853464009987,1.4054604778329352,1.4527019907690735,1.3720589966581882,1.3013052155934397,1.2447898591041675,1.1565955934855845,1.037423744874208,0.9819928490451577,0.8476833687079403,0.7278185763572012,0.563940996930498,0.3787168466715704,0.35964163604686844
5.3100000000000005,-0.017416726405461474,0.16886523993197355,0.3257725397477005,0.4854796948475744,0.4888638067479011,0.6923224552298854,0.8676473137109262,1.0583093608565444,1.1211720383532977,1.168481936501693,1.3302420219626465,1.388521053233878,1.4564659404108593,1.4924099460359095,1.5130848378049246,1.4873033812388778,1.5166558353034179,1.501408845094538,1.549909119357192,1.45592000849084,1.4288850873913133,1.3923450477400312,1.2483812234014,1.229804305172016,1.168188626101902,1.1024579023591627,1.0100981251855723,0.8363706098617446,0.8197854673722378,0.52701108891453,0.4056144498363866,0.3323181027233666
5.32,-0.0051390347166906086,0.1763613688675188,0.30006765458507717,0.46042518144477196,0.5705859804832539,0.7498871367045262,0.8633703031284876,1.046899809399097,1.109876975655715,1.1385357938824197,1.2331462456007318,1.3491103598882226,1.38084044058237,1.426658657168331,1.4813498802256593,1.4875276536476352,1.481771530785406,1.5508026534698416,1.5318478739856591,1.435641061561323,1.4393990413337594,1.3719240138961817,1.2663993794611548,1.2796521085244452,1.1713341498370744,1.0875637462505534,1.011627450646913,0.9586480248733644,0.8120428816654328,0.513040979082562,0.4380257590616962,0.3533208089254667
5.33,-0.04742325362606382,0.06223171009641231,0.2819387422820662,0.4096314698637897,0.5789113906189123,0.7377411906917938,0.8302372590665343,1.0690750883027837,1.1762928759384765,1.1598405775211542,1.2930326656036097,1.3572784722604092,1.3898577165038906,1.466235153878726,1.517079414595497,1.484692157950411,1.5047723401296689,1.513365911679991,1.5432327734532965,1.4405828495055464,1.4514328602270248,1.421276429496525,1.2282508911407095,1.1737636482459166,1.157138828145519,1.1297242766567257,1.0187631547560096,0.8984902463244718,0.8231138753424119,0.5969324382271346,0.5137649040437795,0.29790720374743646
5.34,-0.07925668839460534,0.08028304326309557,0.2452400058460228,0.46065154896319604,0.5700128132282399,0.7164685319831414,0.8030598273013944,1.1150113327684934,1.1447947286967048,1.2496251332913941,1.3190845775856523,1.3584954483337894,1.4249570184868776,1.4186129941632162,1.4559788136299872,1.4726020292917097,1.5237692407495245,1.5193114041416833,1.5245850234017448,1.474739215903406,1.440396259466713,1.3785456013410056,1.2975678168897475,1.2295151851425417,1.185895819010963,1.1031539435550939,1.0504416592782504,0.950226968732275,0.8563119053967798,0.6582273161551312,0.47565459431313234,0.3087675226067131
5.35,-0.010199080034638196,0.08824393408448405,0.2618442379071646,0.371888140776228,0.504562804079494,0.7066124708277617,0.8569367562874807,1.062630470516962,1.173244860260704,1.1852508249414933,1.3385074306246088,1.344998786685431,1.36382069903525,1.4411172368721248,1.4293063685131935,1.4883118638885109,1.5039172037873532,1.5219314036003204,1.5283666866575598,1.4774615789541032,1.4685501786435373,1.383221197312234,1.3287132633896575,1.2992440647492094,1.2005896991923288,1.1542381465088345,1.0769993765053156,0.9244852803541185,0.8202523686849629,0.6292474719857372,0.4574298305028703,0.31230081985954605
5.359999999999999,-0.0837366947131658,0.114602043823189,0.1828559832905286,0.4399593685977741,0.535750670639914,0.75795114185761,0.9228570990966165,1.1338359612377522,1.0997922220734924,1.161861993301005,1.2677708550586295,1.3861068947267214,1.4059226264282882,1.46163957284057,1.5102607773739145,1.4615001473471594,1.5331839735339703,1.5577701023083939,1.5645127330463575,1.4313709277570854,1.5267081664618243,1.4191057154713957,1.2734796398641648,1.333441246730687,1.15077636810598,1.0728756332211768,1.045814648374611,0.982976317341063,0.8038775243028754,0.65286918579968,0.53877879204559,0.26056508031096687
5.370000000000001,-0.15000757217679264,0.039795717059340915,0.25541552682200436,0.39601469239740617,0.5423771201163248,0.6796765637374473,0.8367229129918449,1.0312642787105202,1.1550032658293978,1.210930729457923,1.312762201850048,1.3657653635366114,1.3282302830251642,1.4626209368365182,1.4960869722681576,1.4437286232954096,1.488983902461031,1.54713100671144,1.52076786466133,1.4704530493447034,1.4524693251635847,1.3649271277750676,1.3036118425243228,1.3504256846150253,1.2124797022688407,1.1293133405056321,1.0964573702132818,0.99316708559731,0.8640388022502133,0.6843415986572471,0.518131178778879,0.22667082892920298
5.380000000000001,-0.08131660636798757,0.13083164798558472,0.23395281143958696,0.3996327143879148,0.5457763331882504,0.6955899635606775,0.8586246791130908,1.1401539114251675,1.2058208674039435,1.1722868577646066,1.2742875309351205,1.3672809229088296,1.377153014478807,1.4289801730249314,1.4372386652166915,1.457007869221391,1.5064423771267565,1.484156380865715,1.5264728883696779,1.4626002853178515,1.474429551423791,1.3888819177572154,1.3526123282060998,1.3333965898741653,1.2112097966246644,1.146174401768412,1.0155371348755273,0.9508403008830457,0.8946400254983893,0.733443263886413,0.49504543514727356,0.1829612022757667
5.390000000000001,-0.10457878261613071,0.042257611869813055,0.19077691572360647,0.3998285704886483,0.5534803354531584,0.7231457681057419,0.8485168522620735,1.131220662005655,1.1563331533851844,1.2057316916510175,1.3398006904982243,1.349937111405834,1.3814073810446983,1.4658546840313669,1.4929829914615296,1.531408051381631,1.5365803961381377,1.538436177388283,1.4703985906139767,1.4638455007678333,1.4625014005432762,1.4114190662563357,1.342837656749031,1.3345499749244936,1.2577341341572545,1.1316095095096539,1.0921470660611088,0.9601084843113845,0.8104744152338261,0.7297097611209182,0.49681526145842575,0.22185053598951984
5.4,-0.06045120085957591,0.07165759391794979,0.212716302040903,0.4148109560721598,0.5900026011390442,0.7458292234439828,0.806578916726226,1.0467941797922569,1.1888920221942756,1.2403224964583224,1.3094434031676796,1.3846928642959513,1.4407618911371312,1.4536936235807068,1.49986028511761,1.4440461822917787,1.5012003156069027,1.5003559138740952,1.540941304539388,1.4326906192677145,1.4824946824100862,1.4177119213701417,1.341917315605294,1.3247933630870607,1.2593185306084496,1.1341570724276913,1.0621079186304108,0.8971696487015719,0.8141228958625198,0.6606924676114004,0.5048371161524331,0.17942704128055384
5.41,-0.15624752120852572,0.05106700212313598,0.2629401240047961,0.43355268809627645,0.5872273101450656,0.7185998845528315,0.9547718340913879,1.045128875463915,1.149603506859387,1.1725236134405397,1.3237451822819946,1.3465550605946142,1.4441696758205964,1.4791909118481676,1.4954391738764419,1.4950966220674886,1.4778336017296203,1.488963279087252,1.466957200211112,1.4606655147911947,1.4545868062453908,1.4290622362608945,1.288177605776441,1.2928719641766984,1.2365612255524439,1.0790443680218134,1.097767334014242,0.8982198206003331,0.7827822319381622,0.6674648973471096,0.5093681941559407,0.15878670466439754
5.42,-0.11698471648519804,-0.018328411086866225,0.21868604232724415,0.4019374034504503,0.6126058638321323,0.6978698583500192,0.8294766154827387,1.0634388291659607,1.1312177157158747,1.2376051464572608,1.3487111894910353,1.3391052925409737,1.3771832836452806,1.4624830908751498,1.494742073210224,1.4768853612081072,1.4786277158003271,1.4711059187351125,1.5075082493500833,1.4840076386850185,1.4759124118761333,1.3753198959671133,1.3578888793378996,1.3626022788145082,1.1985801190481988,1.1570034646371958,1.0447206954878905,0.9411146413036509,0.7637457880216253,0.6715375298719454,0.5046997037307589,0.10747523971835397
5.43,-0.0910845291388961,0.0014372540961384312,0.21602175556289446,0.44998829389902983,0.6618617338983879,0.7713546806828339,0.8610673561974331,1.0579027732244874,1.2027594918986384,1.238436484758075,1.3160388867533244,1.3286939104037592,1.385482527604288,1.43639086097163,1.547545758041341,1.5006041091798457,1.5060574547044046,1.4956886937517988,1.5099964324025574,1.4797469047165432,1.5362072809403302,1.488767299072525,1.310732972960398,1.2493525213937162,1.2243416110997292,1.1845582708107076,1.09331582365943,0.8974122083299151,0.8115594246175951,0.6339893503395465,0.5043315935347348,0.1568090806673281
5.4399999999999995,-0.11616629037976457,0.10789861897305969,0.2497707710917684,0.4074182559499813,0.6492291989768224,0.7533751545768664,0.851396219122556,1.1057349554873614,1.102003017735356,1.2016636968404484,1.2799262853972142,1.2695363381550848,1.3303306397355028,1.4382883763513648,1.457320249214105,1.4714944000874852,1.5054184027005675,1.5679613655899824,1.488709456572499,1.4527233770017483,1.504826194399813,1.35698798312717,1.3868991270920599,1.3021576068606613,1.2253862881149653,1.0986497785144094,1.0350642553511848,0.8762358125612542,0.7402403708419177,0.6528658616708901,0.4747946177528355,0.06633908869577892
5.450000000000001,-0.11743691125059726,0.02463836557108609,0.22233778489253456,0.42736467602681255,0.657795243845883,0.7381920763162061,0.8795318897590187,1.0567040812054755,1.1348668295874031,1.1450558036636114,1.3082231158284854,1.3877518482192475,1.3989646587550157,1.4281947788023754,1.4398872695479772,1.4847922341495468,1.4958852004722325,1.5160695666734052,1.468336542235281,1.4938663707677173,1.529221368545049,1.392436431843464,1.333631726045765,1.282891342935524,1.2139082002633197,1.1465884701884816,1.0554186513288126,0.8683810122364006,0.7398185009639415,0.6327703636192251,0.43473897571333026,0.08740161043631088
5.460000000000001,-0.09888948318199905,0.0196868821423268,0.2445035948880137,0.49041916749194436,0.6287620570941113,0.7486521434820317,0.887900851626427,1.0792373623260392,1.1442984080102554,1.2245685038143512,1.366368934874588,1.3939881953807949,1.3954210003670893,1.4669274046783596,1.480979120988063,1.48186751502535,1.4698931062522724,1.4937058435318016,1.4916525116349435,1.4791186802432508,1.496627098061525,1.3697675620613399,1.3092441569919966,1.2449392210615675,1.1944472181962327,1.075399330476329,1.0189205491719429,0.9071759193866765,0.757108903392415,0.6341950062393236,0.5288461120234406,0.03955569335472992
5.470000000000001,-0.16206521762545492,0.06466981277460637,0.27681758821347735,0.4423168998920881,0.6730756552081789,0.7626495227273639,0.8769117745207755,1.0496822107671029,1.1893984705226932,1.1760149036318772,1.308530742624312,1.387249493533628,1.400824848280887,1.458709159571646,1.4529711186288545,1.48621877228353,1.5200058343009322,1.489296170216365,1.519325587417605,1.516409515839737,1.4715942552408885,1.40504832921144,1.3610695830665882,1.3012306503392304,1.2127671774392463,1.1095496897914676,1.0441021828282364,0.8984028178832938,0.7661750453733172,0.6420315668749121,0.46896160368461925,0.07354466246118016
5.48,-0.09229930410205138,0.10804558281425658,0.33411654365482174,0.5543014477718782,0.7221511074055724,0.7499442175506877,0.852964090646702,1.058534895450198,1.1057068150993854,1.2452816317322783,1.3150179162557785,1.3345075709742273,1.382030531593993,1.4370902300576418,1.466066257457903,1.4842250658448137,1.5059207058501054,1.5288426554960721,1.4274980388307064,1.4241895661534991,1.4152213720449314,1.3577657140607233,1.3533435238830618,1.2516038888136882,1.2285168296373388,1.0949842892694936,1.066597629549389,0.8832738193561448,0.7466087757334744,0.609271845405775,0.4612959722543572,0.02390748023721375
5.49,-0.0878797536257231,0.07360101981650018,0.21559541190397577,0.4315921770552964,0.7057030985988945,0.8063684182170077,0.8760382930669443,1.035474617074152,1.1221077931043806,1.214937351425947,1.2772458946381404,1.3815111759565606,1.3790765595463506,1.4013310517279671,1.4934028563013682,1.5007619983216847,1.4915985660054187,1.456003383784247,1.4448121991155625,1.4678117087158131,1.4921681873170183,1.4179362366541444,1.3866292428686047,1.270015690979902,1.2057739044852192,1.1049702884134653,1.0798812992799274,0.8640970493737661,0.7376800516537237,0.6265154170143482,0.47611434264495267,0.05067312705420604
5.5,-0.05525758203715891,0.10175564346150974,0.2712676911909728,0.44725295698740397,0.6657694219137195,0.7559853317954821,0.9075846852008767,1.0075013408233444,1.0770948841393018,1.169608172493822,1.297900850384613,1.3171110266765742,1.3685113098663293,1.4721212874810192,1.4931925095500993,1.4764484562783295,1.4449479662886124,1.4967334076302952,1.400559985716827,1.4735326490882827,1.4737124460438793,1.3673575540958094,1.312127727372514,1.2550824509084362,1.195930447147858,1.1039880993816573,1.0467356862329946,0.8120877254905633,0.696209472329349,0.6164018813744598,0.48756591831992824,0.0634744803066104
5.51,-0.04020512732807308,0.10446386542733681,0.28572641629629,0.39269449548199903,0.6401735130996168,0.7364369350153842,0.8357074006697107,0.981894949745735,1.1268924540533118,1.2413287860960325,1.320090543561946,1.339242900110286,1.395496037009195,1.441405488291872,1.4435366096159628,1.475575346153231,1.475498422109864,1.533513360341673,1.4740972719616607,1.4878074424309575,1.489729002064918,1.4066989866342625,1.3981818640958676,1.2725907266302143,1.191629736017214,1.1231617313037883,1.0614661393310612,0.9145799488622456,0.737524045679082,0.6348242919743341,0.45054305932357813,0.09376312349813881
5.52,-0.10367242594017809,0.1550719325411384,0.3214936869003786,0.470361665441617,0.6706630006734196,0.7786631256616398,0.8520112101883794,1.0184743914302705,1.0324594040314783,1.228000711680337,1.2572528842593982,1.3304286341960332,1.4598183061930488,1.4088689500358456,1.3963699100990747,1.4901029849051732,1.4721881728283055,1.4482800071375823,1.4160961030956025,1.452252690548798,1.451835973034383,1.4182797937785327,1.3605410578442372,1.305267619519217,1.2426078486560281,1.1565274926183808,1.0496551634537492,0.8622023048363845,0.7203201629963467,0.5879333342393193,0.45721339543192624,0.0423967521721597
5.530000000000001,-0.00576312222131025,0.17782897381982118,0.2945998006932505,0.43436679426438873,0.6581410148320497,0.7274265754619832,0.8179137579385131,0.9420073119034988,1.0237921124093825,1.239523728006646,1.2706380372579638,1.355042167228114,1.43415129586052,1.4255676323701176,1.4415481043496778,1.5340779476443733,1.412230928767614,1.4784320476551052,1.4593315702277156,1.493893044715912,1.4520700338106356,1.3922461104462622,1.3136966423468202,1.2725225500897994,1.2481593266769184,1.0555287097677792,0.9797903058376386,0.8121414627202937,0.7374752707355127,0.5974553051961932,0.4293235172737346,0.07564465197705114
5.540000000000001,0.03364678717078021,0.11917661806580859,0.2731953954389779,0.4413608123160009,0.7147664690693885,0.6982354639997896,0.8941632598196277,1.002886352793801,1.0502672834109323,1.1943746898912018,1.3123619959386519,1.307482340981338,1.453267754348773,1.4268042456162573,1.3750170296706823,1.5119933406590746,1.470552963656356,1.5238093495641158,1.3779066362656638,1.4609389269633442,1.4405115640308102,1.36296406120396,1.367304025770507,1.2798171409841588,1.187701348501533,1.0837393280750096,1.0638218802540902,0.9029698837428339,0.7663628986924635,0.663869982210015,0.45209468489616145,0.08486761289280978
5.550000000000001,0.007342555561538117,0.17022421287981637,0.29382431281209476,0.4460371724232183,0.6842070455626732,0.7401351100996703,0.8171966132525306,0.9071669375008223,1.0391596874517062,1.2186263156536388,1.3179215124904684,1.2393980852940283,1.43692322351007,1.4421816109821168,1.484646196849364,1.5413957344382272,1.455364778842019,1.5036731183301226,1.4606980908330092,1.4475500105706045,1.5051047551459371,1.3906986177767997,1.3098170341084738,1.258391193110787,1.143638472502678,1.0979954477521003,1.0189456580662373,0.8809573325675006,0.7754781100657202,0.6496991610551405,0.3893723853440189,0.1271713308202687
5.5600000000000005,-0.012954308712876587,0.1463387150648136,0.3271899123939719,0.4664362824661736,0.6555351335365623,0.7354240954142681,0.8595872994207915,0.9235992392466368,1.0124887002829321,1.1769145114805437,1.2667133521349798,1.3376223048515687,1.4078954289513161,1.459449572483823,1.4881672263840762,1.489274161839599,1.4565007801683165,1.501454195731818,1.4803762439823542,1.4891288324547935,1.4468958600007025,1.422730145273118,1.413484760211139,1.3377459440535335,1.261696154066824,1.132530624125038,1.0070722196752668,0.8500517643511627,0.6852637397187321,0.6203195514786569,0.4435047102935944,0.09372536058428113
5.57,-0.008528826727749619,0.14485785175052268,0.27215209907620136,0.38867022903332327,0.6914333540632205,0.7088137190502858,0.805959163419045,0.964600037805606,1.0419375090171021,1.1804800399731805,1.2669050644862827,1.323023590914849,1.3591524922378113,1.4008369867591763,1.377390445613201,1.5434424236911775,1.533759237555715,1.5420931085703267,1.514983508774136,1.4670028292007573,1.4592321231116223,1.3867155857465951,1.4273213025065676,1.2954232667536028,1.2108328061925782,1.0659972993156104,0.9467977893486355,0.8063880393400407,0.6893869679479822,0.5952024084140927,0.45190814907194904,0.1740227125781227
5.58,0.043631468878187876,0.21250580253349535,0.3357744026635278,0.43689983471960375,0.6767564940039577,0.6988859697027539,0.8323570140977281,0.9891626006824782,1.077260879455927,1.199412024052794,1.291053205676081,1.3429525130866231,1.4481458458975498,1.4469779594324224,1.5150122108394968,1.513961244487353,1.4460503001840959,1.5023602241676675,1.4133786023826442,1.4957272497301541,1.446833928531933,1.371468896851342,1.3888668359019158,1.2751760062580135,1.2165374683160926,1.0580358595231467,1.011127033437183,0.7904013519296195,0.6986439907123613,0.608101965481464,0.38247370780232165,0.08220439461348802
5.59,0.05562987494085457,0.18932285663656356,0.2913559597083492,0.40418038236300413,0.6193535477356976,0.6856003628392983,0.8188033177273581,0.939699828343669,1.0747216313735275,1.2774381096822414,1.3189126545341252,1.2671350793601888,1.4106576121528187,1.4506610492359615,1.400077834659533,1.4683383795217055,1.4275092344289466,1.4820225252084507,1.4405951825943115,1.460442137399895,1.4332834831673462,1.4357122494494374,1.3832696381325482,1.2803043518186865,1.223646933382556,1.0675830567030635,0.9699259665620351,0.8154574083839019,0.7295829813991371,0.6380521327056342,0.4760128324557299,0.07924114504259228
5.6,0.020956822409088912,0.18907559640915228,0.2837021789969196,0.4929965236518458,0.7030184257211759,0.7075134485670377,0.7814523077968446,0.9792358721129212,1.0371046287322896,1.1896295584395082,1.266546811816255,1.3465249448273506,1.4296997503239965,1.4382057623533417,1.4031828665690085,1.4804755562335044,1.438499640214351,1.4718117962746549,1.46308156072857,1.481670701390986,1.4648235004951764,1.325704240545822,1.3394394415397366,1.2814887567821978,1.1996300219399771,1.1650570414563728,0.9693226719521595,0.816248870400157,0.6842816753929555,0.6158991201255837,0.4631958202223798,0.1808867868217785
5.609999999999999,0.05740681438848465,0.17701784512113816,0.24842475858397203,0.379159719285541,0.6465688439487683,0.7058241778798018,0.8293225210168301,0.9207699004667645,1.0611131448037339,1.2171798699770238,1.2322471694641342,1.316940984408213,1.4571893468030168,1.4394141756352803,1.4635628087169217,1.5397268695505542,1.4526063761747885,1.4884768116915592,1.4258062283816129,1.4672473431371522,1.442675901871508,1.3614653647711388,1.3475060677450876,1.2260120392533667,1.1515571566485128,1.0876098425850134,1.004717699867963,0.828504275360839,0.6794916107956291,0.6523551790077939,0.38684594847686155,0.15825028645213624
5.620000000000001,0.10603531227980009,0.2627556865593741,0.2626698953232939,0.3761388986679238,0.7041733305845065,0.7165528011521035,0.8522144192280291,0.9789574387853058,1.1198147651131507,1.2112173333370782,1.2819704177819193,1.342218193998709,1.4309658750381449,1.454173082138186,1.4005400162576533,1.5056239745643283,1.4604421383481054,1.4801816430925032,1.4359930483207641,1.481601414347035,1.38999080625981,1.3760727951506442,1.3265709733776674,1.2153437058300889,1.2065693158252213,1.053485538432389,0.970007038688366,0.8159723476850842,0.6427765806248094,0.6445525837602036,0.4919387006643543,0.16417809210822853
5.630000000000001,0.0628029845760244,0.20274034647756597,0.25791283220489974,0.4235204295114523,0.7267859358284025,0.7094951565527106,0.813881431751232,0.9965305132577782,1.0575049301450916,1.1731185657128866,1.251913030411415,1.382292808342774,1.4574886655512345,1.4666200470440238,1.4547147576344797,1.5513203620306528,1.5015016031148678,1.4789736832129328,1.472764829255875,1.479702810222592,1.4238830258131152,1.3351117270778383,1.3120008804378394,1.2366575490894072,1.1770245119254121,1.0540262878697138,0.9489326015514064,0.8151994597219694,0.6537635913795823,0.6025637849156249,0.43470512636878733,0.15357079033848778
5.640000000000001,0.06658599112336265,0.23837581848071,0.2556256941095136,0.4759217203592239,0.6852547725511388,0.682157596229718,0.8909764716995233,1.0272249032369207,1.0782399854663411,1.2131724557545667,1.2588333460666905,1.3373851413449862,1.44757780411376,1.487678742150519,1.4706756845324764,1.5011909012516158,1.5100549675864992,1.5497252570729196,1.5068321854026867,1.4434197508485491,1.3901066533925999,1.344870025345292,1.376791183389476,1.2832670769740482,1.2451376766611926,1.0507441014694652,0.9305164526810379,0.8127345377247829,0.6388795474282017,0.5767121606522628,0.39138424608011135,0.184117194571644
5.65,0.12000192388314818,0.2425055201960851,0.24729211640363055,0.39944588394061653,0.6830623390859349,0.7348054041114337,0.8479906372516473,0.9569311048473332,1.0615614648651808,1.1980983836912906,1.3048485606416933,1.325058794718327,1.3602675135390991,1.3897151885509136,1.4635404427994398,1.4543450861720193,1.4895371207240697,1.5150130133592785,1.407249161399733,1.4060004032401876,1.3943118202138793,1.2848834821327997,1.2930929546830017,1.2283486376124448,1.176470768543313,1.065552923932813,0.8523079837037568,0.6866655767610056,0.6039171582095422,0.5298698734367013,0.392541675047855,0.1728091348215649
5.66,0.09553617566553459,0.23690929481171236,0.34175825849035574,0.4265741959845074,0.7300080852073914,0.6875967138131265,0.8673780845809378,0.9736452055648861,1.0657973756820005,1.2355013177659062,1.3065622503206586,1.3723609912106165,1.4019281211081716,1.412656058279977,1.5041721928532554,1.5787845551675537,1.5114981917767003,1.458925183624441,1.47372945657783,1.45884920453108,1.4107079785575425,1.308960464642967,1.2736115772660066,1.2318253614537444,1.2447145195153968,1.0742314286866708,0.8690950609767932,0.8003051678907013,0.6404234750532809,0.6208927018600484,0.3801922755451082,0.18036648568296137
5.67,0.062438937390827585,0.2825189474463213,0.24236970736276847,0.38108101056383975,0.7137757169074577,0.7333357978927975,0.8449653528357327,1.0099974744779507,1.181607373486333,1.2555303334985224,1.2525290077682856,1.374148163286589,1.4084044010075139,1.403538469564038,1.4620419610992794,1.4763771876741498,1.4928047009557461,1.4374042022902198,1.481375228012399,1.4321239821445093,1.3319417859027884,1.2805706852251872,1.2427719278605758,1.2270782776474547,1.141363597996361,1.0743420933987529,0.8735520744357111,0.7798064607681936,0.6113800944882513,0.5880256414537335,0.42332938300904494,0.21726208943897699
5.68,0.14080720789039278,0.2893219350027494,0.2965893103429078,0.45913351168728234,0.735036869257564,0.747822028504745,0.9287798862632896,0.9318664724551858,1.1159968363500297,1.2524954700677924,1.2863206428170628,1.3177237585688983,1.4046213194579429,1.5177463900077082,1.5558058579262801,1.5155349651623817,1.5067808399860203,1.4966885239712482,1.5084917794519106,1.5101158439086242,1.3914854733963606,1.3595953363514743,1.2715596247211476,1.2414558294271014,1.141244949652728,1.0417102773387306,0.9142009458051505,0.8148889892469083,0.6325110671253777,0.5539409179068624,0.399688422174525,0.2026717763680211
5.6899999999999995,0.127972332425792,0.23740395561460706,0.271559540866834,0.4105857127063686,0.7205503045430225,0.7172064286217673,0.8584824159587515,1.0368937009402457,1.1334069869373378,1.2396140564520215,1.273246676918218,1.3562962394434137,1.389563793634286,1.4666516226984088,1.492162472652574,1.5315947170246993,1.4878232320695481,1.4521934408348598,1.511560990383401,1.4087596415019585,1.428658788207851,1.3041969960558837,1.2824925496330912,1.2135885332137386,1.2053756900259376,1.0714649787328103,0.9167860463570076,0.7764892341573303,0.615652724830322,0.5912898276209352,0.4702668008248458,0.2532750186558697
5.700000000000001,0.09692845639487657,0.22911762739447708,0.2441809665326011,0.4601461441144566,0.7179927826714579,0.7451081696062,0.8658419928930454,1.0052915583238025,1.1485250195298076,1.2235453916564607,1.2450494297281676,1.3725239892076115,1.4383570879970304,1.4684202619521598,1.4866908231163376,1.475350551645904,1.5377078772745099,1.478329565671002,1.4709726358862798,1.4083712661794392,1.331023783981432,1.2524147480381405,1.2224092063692684,1.2678635989529523,1.2498164482873362,1.051840601024373,0.8574449429240503,0.7427490740506737,0.586124681192197,0.5994814302786706,0.35834535147924246,0.2021087186875718
5.710000000000001,0.11285789661750585,0.27643748213729397,0.28152778647617505,0.4756806819631721,0.7291267684270594,0.7038501723449954,0.8740204125727808,1.018614651316205,1.2147191866383409,1.1807817546082322,1.2555996075997815,1.3702840083157717,1.4534795371319735,1.4956018330585168,1.4839589602263725,1.4725127852332747,1.5389354534230348,1.4506350487193886,1.4964549548642954,1.444785820101375,1.3818337023799236,1.2081884010624975,1.1954020221263806,1.2254886997312604,1.2109150792866548,1.0207169241740022,0.8929251998500615,0.8117925640349745,0.5985091722252941,0.5865578253206534,0.45316092067765434,0.2781658236032125
5.720000000000001,0.11371481094017671,0.2596939685989095,0.3137260134086525,0.45716627421788153,0.6888865474054846,0.8137408564218936,0.9138470690603053,0.9879054252690217,1.1407223695393187,1.2390163251688424,1.3314532425795325,1.3268854106780479,1.4242438674443734,1.4530890877882805,1.5487324601205217,1.4716011025250768,1.521885482371754,1.4402172274335538,1.4584305009279177,1.359805060576192,1.356164224089229,1.2636941603215606,1.2131805700954037,1.2595578587169733,1.1557798196024796,1.0207192376772574,0.8346495871484807,0.7603234688527425,0.6339255412908121,0.6159883683592347,0.4477498818439777,0.28478171105246064
5.73,0.16638015569668996,0.2791447341988745,0.3635543516958052,0.4147458156342182,0.7230514986792189,0.7890313582021679,0.8403996183943802,0.9779135048336237,1.1213421892373705,1.2670105865576593,1.2940275992950314,1.368865311806965,1.3842404405331241,1.412213063910557,1.4904390258076385,1.4456565466987858,1.5002267533410143,1.3986973928621835,1.5225119826889004,1.3607887076163667,1.37420826541971,1.292882456228945,1.1697377601866843,1.1985052145387396,1.2072191471206437,1.013043494802385,0.8665603215163086,0.7459312513410978,0.630273180675326,0.5622838992210047,0.35957168329348094,0.32072558308485677
5.74,0.16566067883553692,0.2544818441968139,0.34254050791455426,0.456465292713987,0.7312193935802304,0.8102661248384742,0.8866445338561237,1.0425952503479388,1.1774355430073706,1.219194019863892,1.2808603124641706,1.3155463869383428,1.3529821383878282,1.4658787017616277,1.5107063546892456,1.4874238162026672,1.4559419748924534,1.4445341343062004,1.5343527003863442,1.3858135723964804,1.333469446443148,1.2910936386080472,1.2340086333269396,1.2552085397076573,1.2021921427135687,1.035994349652384,0.8643680916544974,0.7363661210680388,0.6342623801275199,0.5385206745390476,0.4047662645918753,0.33495539502294097
5.75,0.18157111715103944,0.23148327129048224,0.38452866039917616,0.47308719996723325,0.7063406376462129,0.7381861047064785,0.9164162808663274,1.034371378093534,1.1729596640328985,1.2277436839713778,1.2313639366788771,1.408435569804997,1.419490224677238,1.448505554890274,1.4944367649416892,1.4779044944075135,1.49349753644316,1.4415754567300283,1.5001792957512654,1.3940837805360604,1.378488816630518,1.2832181873054767,1.2048413304735293,1.2436674677235309,1.1838114611610153,0.9923109515526203,0.8506107670699006,0.7144401124160584,0.5291917079097548,0.5508385866951301,0.4379046068596709,0.3383629868281911
5.76,0.15319836489859828,0.302831843284168,0.3332694043413568,0.49673180742898926,0.712364489491278,0.73566200074938,0.8507300122050359,1.0513719155976633,1.1636519014797992,1.255152282956354,1.2297347447206801,1.3479604869137205,1.3535953032276193,1.493451780175637,1.5027295739233855,1.516388896417005,1.4821954323207363,1.4955841832733023,1.4873092691218261,1.3882545133920465,1.3949037957919685,1.3274320305633787,1.2318560267974712,1.2210932795713538,1.2277122490051091,1.048700088759817,0.9180864297696932,0.732142515720998,0.6116451166968999,0.5726361537126219,0.4335128690459909,0.31168283393534413
5.77,0.1488916442202796,0.31651119933002964,0.30706192460285453,0.44282724569150583,0.7395838204240424,0.8063804886513155,0.9179306797501144,1.0175875129279854,1.142929872506634,1.2929888801706875,1.3257367895791587,1.3281603081449136,1.3673545326098913,1.446440224625096,1.4900175096893793,1.4883012284148134,1.4180890789957052,1.4654471920979206,1.5288620158260486,1.3917582999900278,1.3423893305727448,1.2753415174711384,1.1656211255539606,1.2660097674913966,1.1732646988995459,0.995290134083151,0.8923799277519203,0.7135401282060251,0.5341840667952356,0.5736991655460703,0.4840379271187531,0.3289027353834748
5.780000000000001,0.12782041663955018,0.2708921781453634,0.35114356265937585,0.4708216588933961,0.7233022674704853,0.8268940914493943,0.9332913346776344,1.0173536778924086,1.1256654285647856,1.2006527634897088,1.3007581124734484,1.35988608199706,1.4119088987585835,1.472541643826541,1.4796308581645787,1.4287322112887921,1.4771142692558321,1.3980906886913136,1.480217995012311,1.3923972428108684,1.3704064905943647,1.336210714215533,1.115901229671192,1.2209584925519603,1.1706256657068295,1.0382986985001557,0.9450619554064431,0.7396368443878978,0.5422622862644431,0.5344453785250441,0.39061867242496595,0.2478038949904858
5.790000000000001,0.15500305310530585,0.21895980424506567,0.3212437141828921,0.49727054355787226,0.6883247506684094,0.7631062658000344,0.9117834598948813,1.037016836295032,1.164453738597037,1.2618972204393781,1.2750902112305729,1.3024160777588052,1.3578969390206355,1.4171872086712733,1.4572681879119183,1.483004977120195,1.496286454407674,1.494483057477731,1.4754673935349103,1.420809749252617,1.4170844139459535,1.2526189845014595,1.2010322557575797,1.2535656134444957,1.193298799131517,1.0241822762450734,0.9019637381464501,0.6536172074114388,0.5495333851705696,0.51522352535118,0.40065931592882026,0.2813836897825162
5.800000000000001,0.12282262093595792,0.22141499230598533,0.3295930003866907,0.4580096127715303,0.7005344457745558,0.7437602511030393,0.9139006190665333,1.1111005926148823,1.1514017272303636,1.2022268529115714,1.306852175104031,1.4149678210620091,1.4140421754829724,1.4817550090820382,1.4988198607953838,1.4427842006218328,1.4421599930678224,1.4726736035604397,1.4737739315425076,1.4548134118549116,1.379891731006095,1.277401580410171,1.1491089895870643,1.2001590539724007,1.1992875246457404,0.9730902149255051,0.9034427543916714,0.6695064911092609,0.4965580714056562,0.620559244325472,0.44470319398106783,0.34072740982636157
5.8100000000000005,0.11242245632969317,0.2096045665589482,0.3731324708268395,0.5205082603676768,0.672326441794444,0.7781766099957964,0.9350737259515397,1.075088556658377,1.166959212693103,1.201159596783817,1.239711501139804,1.29653819107044,1.373691004927444,1.448795712159997,1.470167448666846,1.4497681187455136,1.4663234312924112,1.473324800695944,1.48602890363664,1.4393138641980123,1.4384498868492037,1.2835480993483896,1.191874056508823,1.237758895447509,1.1664486065559256,0.9695055854707035,0.8917424252551817,0.6424085318534974,0.5632174712863224,0.5625032976376233,0.4033327003132242,0.29831588068893466
5.82,0.03610821895523212,0.22032116200673987,0.33262194768664166,0.4673446071090712,0.6424179603576388,0.7899759688833962,0.902871182167606,1.052322793633716,1.0997541838834053,1.2013978357391506,1.2688292346545273,1.2951698703156354,1.3318926846688461,1.4195970176842905,1.4525079991719052,1.497002106085544,1.5136542372108506,1.474624332588554,1.498483301453129,1.4201991090706663,1.3502847302305891,1.3297613376590252,1.1977028639907832,1.1934320762984463,1.1016246149362574,0.8941791972226205,0.9188466247753497,0.6707566144268627,0.5851758201888554,0.4905700755840105,0.3842195323428216,0.2568936041231219
5.83,0.09139682540726023,0.28012413293878763,0.33897784438710493,0.572442592526403,0.6636135417273629,0.7863984003889561,0.9051343057152338,1.043245020612867,1.1905270177632439,1.2307123717340116,1.3394261176748516,1.4043327439467483,1.4228093970231994,1.422677630231547,1.461691580563639,1.4784405390731292,1.494990486835144,1.4344935395298974,1.4837312099558857,1.4426926122686892,1.4182451082685823,1.3200759561238375,1.2388026679944548,1.1903007161292203,1.116397124462711,0.9538572538149513,0.9320278411113272,0.6505874350420132,0.563189500283441,0.5248984094399811,0.38174457212286805,0.33146783709156447
5.84,0.09030415737509212,0.2687286377146339,0.36950474197361427,0.4997879974749307,0.6446263196074922,0.8221863564043255,0.9133369641007996,1.1206740639586439,1.2112225860382702,1.208694357046712,1.3062866846542398,1.376518452087283,1.3877547810593733,1.5041155807025886,1.5122775620864641,1.4763872879381588,1.4976517739694348,1.4797018040471492,1.4819948127900482,1.3748033734007494,1.3480669244935748,1.3199654444809101,1.1738036254434068,1.1214647030351694,1.1075891743195625,0.8829840912329069,0.8976875207756183,0.6866584763863912,0.5395017422058169,0.48862994623471623,0.35513190937421985,0.21509376586419915
5.85,0.11763714373805803,0.2859475047596953,0.40896145697870767,0.5470194643241241,0.6617222492368818,0.8174327938269057,0.9568385098787383,1.1122656212758015,1.1276483892279803,1.161732430376085,1.300777203059932,1.3716865677415133,1.4302816574754054,1.4744360591347268,1.485394464300129,1.4570932830231935,1.4877066143769533,1.4949183284440415,1.5246286526766308,1.3473627037656286,1.3985705399518031,1.3224330265867528,1.212659774017616,1.164553879380055,1.0334340304871665,0.8555173151557982,0.8379632484574139,0.6226391173646094,0.5149392073795898,0.3835321676659246,0.31631800413817246,0.20645298187162633
5.859999999999999,0.10285340904393236,0.25832070424305215,0.3807713099577263,0.5869691179159775,0.6766497276938357,0.8764964503416617,0.9463343791148985,1.0842176685326703,1.1390929028725247,1.2109330833572118,1.285536421348711,1.340857607526982,1.3683084862478616,1.4558511459641517,1.5067137995738595,1.4811155270855458,1.5229037542859472,1.5825165667034284,1.614326178060595,1.4220369682270761,1.3055584425903937,1.3415092153964878,1.2448880960099395,1.1207529322575949,1.0173260113733529,0.8752384284589493,0.862115149031817,0.6236005081511222,0.49325845115359396,0.44562999783312796,0.2975011151549915,0.27085865607047277
5.870000000000001,0.1195314728851525,0.30480204318169096,0.43290231457636025,0.5076364242122692,0.6352451019878276,0.9118361364242696,1.002692827239621,0.9842699320484455,1.1521804772512612,1.1908700889119794,1.289524467197273,1.3522853833222939,1.3648868218981498,1.4803146507412366,1.449066688066282,1.471818158468508,1.4819005335522424,1.5034713185211028,1.5316538512311433,1.4000238140375776,1.3573694968969048,1.326634625802162,1.2319611253037122,1.0993392388248684,1.120755889526182,0.9450910058269065,0.8325135112699812,0.6147834334700972,0.5458394885028212,0.4144006425617798,0.28281421272862045,0.24222167283171805
5.880000000000001,0.15981047319701794,0.29505164364810077,0.40644089280159124,0.5847770096040211,0.5958044869497596,0.7739957434198824,0.9440631781646549,1.099849269241498,1.1208171024035234,1.2220338736093992,1.2791111541142701,1.340289093839652,1.3732115228663233,1.4101820271366388,1.4650405954947365,1.4470131420372663,1.5195451179234571,1.4588094199054067,1.4969566792567175,1.406495284111712,1.3835821320331814,1.3445648442559792,1.2648068273848794,1.152743880347594,0.9558445341575146,0.8470077739305865,0.8590844342736557,0.636902441363147,0.5348299631359666,0.3809774497404486,0.26631007832514136,0.23111101185331534
5.890000000000001,0.16852997385965182,0.30667464931347443,0.43338127760178463,0.6152463921579373,0.6301686254121452,0.8342490029434759,0.9672209816395224,1.0510287436559564,1.1674035403252625,1.231743641066405,1.2544443666225307,1.3823331990654124,1.406984053100191,1.4453252671224308,1.4610029606155743,1.578399060183953,1.513854230470007,1.4433318884922226,1.4750920859489312,1.435055898129024,1.3702725715979762,1.3595509827395555,1.256004518430038,1.070173374095121,0.9808623641194723,0.8362465320600628,0.7638596010958857,0.6761657534794593,0.5163945999683195,0.3966172043285906,0.24730307510894356,0.18321360843381893
5.9,0.15049404100883115,0.2624135919002372,0.4302051288584055,0.6272343338652305,0.6252957467409923,0.8921541402781247,0.9545525428186499,1.0541983522720804,1.1131726856361026,1.1397105712354165,1.2949011646093544,1.3557100574090244,1.3419324221808053,1.470639381251132,1.530226179614791,1.534767333226303,1.56211048213543,1.477735184693302,1.5274868199149174,1.4265582425500827,1.3725401535901784,1.37670604963414,1.2109337015110289,1.1076224728853385,0.9983102863338058,0.8615315891075089,0.8196848102430159,0.6372728388947814,0.5585253669634039,0.34055650263203274,0.20936747904346387,0.25793275760972845
5.91,0.12034170918667417,0.27855015635841257,0.5009077562886647,0.6265649736624875,0.5991994625099866,0.9014567308839081,1.0251548935213262,1.0381038140271577,1.146080377629949,1.19186832501839,1.3170333650004618,1.3755335974730891,1.4420015693673156,1.4050634470179435,1.4903168617897449,1.4614311592426659,1.5331288816299868,1.4945491221951432,1.539663052469693,1.4612009197255693,1.358567607326248,1.3389269065933336,1.269710767215389,1.1157283064485173,0.937897196998482,0.8865582211733213,0.8179427851167091,0.7037014314253615,0.5971373741729179,0.35172436643741506,0.21124755845673854,0.22927376994723556
5.92,0.16702264542325135,0.3699485298281396,0.49662020493639214,0.5981432191847668,0.6053390056284268,0.8769670911790196,0.9034532444562217,1.0328467936045918,1.1321140533150986,1.1936660123861824,1.3255182507665815,1.3902104249468248,1.4639728131962855,1.534176576559253,1.4547300252047317,1.4219379768321443,1.570315965050991,1.487649683800989,1.4771377700693962,1.4368911446520942,1.3590041005768334,1.2814569314749973,1.1934747994889814,1.0313749521527895,0.9398897615762661,0.8815649576698087,0.7475737620609398,0.7467704196754136,0.5825344022065179,0.35447817406254367,0.26799899826971396,0.21997519888307193
5.93,0.2016140230977854,0.3410861126091546,0.4800951750481811,0.6236749102044732,0.5598738523987953,0.8688016352707085,1.0216735736922595,1.0098667521827553,1.1153272529828884,1.176607073170955,1.3135330978233748,1.3304510969574184,1.362007439898162,1.4349513298177146,1.4598925187259992,1.4758565459194113,1.5159031547232986,1.5061348314874778,1.5023091310282526,1.3745760452037308,1.2847039392609056,1.2711362361679708,1.2430154973503957,1.0990928575343182,0.9646876244075377,0.9587860117028904,0.7994649783113109,0.6738065065313676,0.6196781409160076,0.3207493338576495,0.2264806854952411,0.2185444459153074
5.9399999999999995,0.19773196349721117,0.3965770466281427,0.5207189890863942,0.6355847435197323,0.5981382724291646,0.8495888633276525,0.9662657432139594,1.0048314381217645,1.121439256095981,1.1646742583693566,1.298672039241145,1.396987070204676,1.39598035451706,1.45082342731732,1.438612673485443,1.5223033317397034,1.5736658770296879,1.5130014387830701,1.5136446923369875,1.3661049102944514,1.318092833389328,1.2876325064685916,1.2225670296346878,1.0376495870869062,0.9700229213969089,0.9239720993153989,0.7621030515893928,0.7536535768488741,0.6204584753501962,0.2995377265763458,0.2060924748206438,0.2519373513338027
5.950000000000001,0.1935872139170401,0.3429648188112507,0.4821166144877164,0.6375307496300551,0.6448430879267092,0.8855310418078626,0.9932296381348618,1.0642518362364464,1.0687447404188273,1.1547828970594747,1.2924954994652809,1.3643588974195078,1.3847272952554293,1.4791700602943587,1.5259054432696872,1.4954949102488178,1.5384440708122131,1.4499694253294877,1.4776695163267546,1.3899872139937857,1.3379670694590695,1.2519606964082004,1.2089544260142238,1.0937292851906935,0.9626060391862136,0.813470717610573,0.729281099691098,0.7494590295780226,0.6649275308683261,0.3075273094925397,0.20065630048848784,0.22468118792444133
5.960000000000001,0.2391243144558705,0.4051837483776792,0.5282059314333609,0.6179497773764638,0.52267262089518,0.8872874975704323,0.9528163961355436,1.0102572037562578,1.1247365749814267,1.2168156918655968,1.3297714537351124,1.3821333372238025,1.3804271400233101,1.4630963575875855,1.4679452016399033,1.4713965708795613,1.4911793442532137,1.459816637471218,1.4749139427814715,1.461590558143373,1.3209742287116322,1.3108979099375395,1.2635437116266865,1.0727877551374525,0.9748569140142589,0.883394810977404,0.814479588993409,0.8369220528544797,0.6727320826214898,0.36399335612606953,0.11567148341847676,0.14643968414425368
5.970000000000001,0.17020754456249623,0.3167272184905408,0.4957515121102823,0.5956257107241107,0.5510041303230752,0.8967626527606869,0.9677840386301068,1.023689045557143,1.1000069849970626,1.1525190309395736,1.285992472523826,1.3564963239684773,1.37543076257802,1.4803427612590445,1.4198977809624285,1.4327663618189506,1.4671585671753087,1.5024734459164069,1.4654903715054348,1.4474168713685016,1.2831980757974724,1.288425125093446,1.2371499811347342,1.0790746753201526,0.997414650650824,0.9649826232949091,0.7548431122519901,0.8264317789860639,0.7487473553761195,0.41222842625604017,0.1953783626242525,0.1789059105647887
5.98,0.17829159105690484,0.4209199806774522,0.48269812156900677,0.5893799038202873,0.5300191949559029,0.8460323099107738,0.9879840432823381,1.0186413763856368,1.1030121772198496,1.1892422513877867,1.316537447365929,1.3545522411585416,1.4361124240272645,1.4477277006234655,1.4524958222040845,1.4977195740081846,1.5241300439101564,1.4609706650938983,1.511849301530517,1.4364832445515614,1.345780184806282,1.2980586914465475,1.2323293033589295,1.0776259067232543,1.0333108794178976,0.9318101367107839,0.7217239708689099,0.862936498153306,0.7038231958062183,0.3888014157958222,0.13592754400453222,0.17817276636255233
5.99,0.1812406291982113,0.36134101558458376,0.4413777312264255,0.5655803227635555,0.5866846536592855,0.8547270694412564,0.9654697655828286,0.9762234956479864,1.0706848520395793,1.2040299786443471,1.2934905792432625,1.3518473922477396,1.3925214859161488,1.4966170446193725,1.5083955500607087,1.4772637946335494,1.5576493099336755,1.51934833478403,1.5000929172365125,1.393899419029086,1.3510459626823743,1.3220506460647454,1.274424397276916,1.0838051217922626,0.9794177888522452,0.9649135221019618,0.7483209461150029,0.8875748977925952,0.7870448464989247,0.38740910559254826,0.12756610404748067,0.18682622130963378
6.0,0.21833250153849282,0.308283441731085,0.4579363081615175,0.5719948172729142,0.5741808477691169,0.8625597976113203,1.007071156711305,1.0614394835767569,1.0574355756153435,1.1363748008757695,1.3016019711069784,1.336753439097158,1.3845794010471084,1.3754794521238805,1.4479456389497938,1.5097024484819483,1.5527811570849388,1.491475386609821,1.5440413236219457,1.4147746133662733,1.3270542303305053,1.3055868758533549,1.2352461495287737,1.1031681090057057,0.9910197662227982,0.9857532155147755,0.7985145180541919,0.888454979986802,0.807237843076285,0.3632366881244325,0.1440343560382265,0.1509515324006655
6.01,0.1807148534372359,0.30571536948310435,0.4052610916215946,0.5594894882833331,0.5533502591988139,0.8348516401504111,0.9333120691414154,0.9885920898648327,1.138987029420869,1.2190537855758123,1.3884814047860137,1.3314023333932807,1.4134838463683628,1.4552690202530674,1.442417194386145,1.4806319739508291,1.4900619098218146,1.4735844417801072,1.471926631373537,1.4375711832903424,1.3276614282692654,1.2578930286014671,1.2761395919259113,1.1519611237726168,1.0063868870253092,1.0136477529599521,0.7850348487415459,0.9264450095999185,0.8345569206460677,0.3758591524125797,0.2554470983876154,0.13506997633819207
6.02,0.13779238172335295,0.3316540852759144,0.4864617457049132,0.5820387180118068,0.6189412208897008,0.8895215127827756,0.9918042550258171,1.0163802053105686,1.0602783516512937,1.2352160037869784,1.3190229243750475,1.3697421848960991,1.3893201813120435,1.3709670956583542,1.46385670614873,1.492940138267973,1.5199543571081577,1.5000458002799042,1.4744904749618855,1.4684949477642475,1.3533928591251052,1.2075300531239033,1.2184281037201572,1.1095557912717138,1.0083177940193886,1.0098181769835874,0.7425283268469562,0.9775162745350601,0.8338446061618061,0.4234328790240376,0.19834568421250615,0.08509254796590365
6.030000000000001,0.16728120509832162,0.3225030067465323,0.45489394658770704,0.54750354886417,0.538665118635013,0.8274688272737807,0.9282926030028973,1.0553218459169402,1.0819540016893119,1.190595701638978,1.2558520314325508,1.3576206713960846,1.452149449531824,1.4373748332905554,1.4763850645970258,1.4625467798167446,1.4760433139008868,1.4783426279564258,1.461603390437206,1.46318332967696,1.2945076516830019,1.2990644702779384,1.1806621061725258,1.1568647666864624,1.0929277181343047,1.025085514351419,0.7211456444038823,0.9497554856123073,0.8987679575202483,0.46023538970380795,0.24417812454185964,0.10721604558777763
6.040000000000001,0.19406408472097364,0.31466280110910355,0.4445846663228814,0.5192032349763351,0.6116978742739225,0.8550368714119869,0.9269226027194858,0.9833732039288137,1.06131988708336,1.1878547450813017,1.387681759230471,1.36021588941255,1.414544111190493,1.4434551030302925,1.4500281520571043,1.4714052351542608,1.503086201209947,1.4954204363473327,1.4746605706884683,1.439474765858404,1.3186052271250506,1.259212635902047,1.2370011041589537,1.1477357092418714,1.0305234324439552,1.1241733119306887,0.8240568878511116,0.9469940481265972,0.8647488017407655,0.3934378179044686,0.24444726655404678,0.06471413175410724
6.050000000000001,0.13750024681475476,0.2711183566374659,0.431671317652024,0.5266142687169421,0.5446129432197464,0.800359452644814,0.987005273794962,0.9573610678036308,1.1149096664325073,1.1974631093711294,1.2657608926514297,1.321047592946636,1.3606276376865687,1.3558699270507013,1.4489041149707762,1.4939249892905888,1.5124667614554836,1.5123018661532324,1.4619210197830084,1.4888919087485049,1.3348871293142843,1.251930096373518,1.1870295687554255,1.155728053047867,1.0860954919766541,1.0924707837141197,0.7537035613401193,0.9515643781153832,0.8337660204892612,0.424871153285189,0.24787011639988726,0.04791007373193014
6.0600000000000005,0.10036115347256429,0.23878760983825933,0.3872239030127434,0.5190933977745676,0.6033087906396107,0.8098901215198337,0.8813040855387712,0.9916556845378018,1.091374848569569,1.1421755044247017,1.2943571733368084,1.3165884936822791,1.4422141111776987,1.4722195160085219,1.4742411679144138,1.5023948189737142,1.5326294307390593,1.471832932645256,1.5224691821823413,1.49055289120293,1.3882762027914946,1.3154029792851736,1.2783987648756345,1.2346125039157525,1.0606370410021813,1.093672481319413,0.8522020771452549,0.9244879843440187,0.8920195107325023,0.45099715487491254,0.2655553393996834,0.11079599031495813
6.07,0.10152642069029226,0.26250606664011056,0.32673495230433985,0.5400117267376013,0.6579437775283956,0.8084617266441547,0.8811952292812977,1.0276446530827894,1.1108176388037079,1.2220041966023274,1.3142645052408939,1.295632695338526,1.3887499366606098,1.4405337264092002,1.5407522654532972,1.4936507927072673,1.4588484762261977,1.502444077205151,1.4677283721914396,1.4062628062677285,1.334950720948487,1.3009499879536475,1.2993407860244282,1.1874457489303263,1.0943473899403802,1.0942947184285248,0.8020450069284982,0.9191035596681025,0.8209185063270996,0.42364056372109293,0.20306738738863592,0.06382704664024266
6.08,0.035270682405777645,0.21321595209803632,0.3974050172374192,0.5529731281940671,0.6548928148181968,0.8434925777379295,0.853087845491076,1.0036426049289977,1.0780657235878632,1.2215145817328066,1.2861641282954344,1.3182170394180337,1.4078574172388991,1.4602402527119007,1.549310766064636,1.5016202511592656,1.5022469776219767,1.5263446560788863,1.4220503417238206,1.3859996173586935,1.3263927679032081,1.3911287106042711,1.2758904427900073,1.1762281012508855,1.0921115760934121,1.0659713420070294,0.8051565982717905,0.9366935561033426,0.8335656071342777,0.3800845202812448,0.21198118617449302,0.042796685299613654
6.09,0.08738401251600461,0.22300194085259462,0.3489414390952253,0.5217224970115671,0.7018863040286694,0.8295884928762689,0.9611676670089034,0.9844886366352467,1.0741923907934217,1.2166436963968656,1.309130023981401,1.3740647740473089,1.4322987015512458,1.4255383909139394,1.5070967012197882,1.522148387976139,1.5035163085586665,1.449745797263789,1.4763702888557928,1.4451064314994766,1.3734592593084451,1.3319466822893793,1.3291627273983926,1.2272237087793136,1.0906341630898717,1.0661082587195603,0.8597665700384753,0.957193421052137,0.8055449996197077,0.47651033160560946,0.2406415444406679,0.07948180056794936
6.1,0.018183113141065327,0.17439380915079414,0.42014688048018467,0.5518052308272373,0.6987950446266435,0.8838393443090502,0.9422702842493977,1.0188216435874067,1.153159523529121,1.2134782642818995,1.3323777178656522,1.324017412411329,1.4554742847701165,1.4573424552221046,1.495896697973537,1.4910710949310255,1.4804264872012516,1.5183261765013616,1.44282882579077,1.452683896794856,1.3728074574870102,1.3195725664323636,1.324612955684725,1.1674330646957443,1.0942962031454637,1.1266000678426982,0.9159732148020152,0.9326204523707491,0.7993526860960235,0.5065636644278109,0.25825104814082994,0.061440960163389624
6.109999999999999,0.028017558496789538,0.17587566199320354,0.3969354492856397,0.5778848699854106,0.6125913833490554,0.8781964573531811,0.9916812740532358,1.0420029138159845,1.0913906241371159,1.2652142656178342,1.3023506030014265,1.3269836286508316,1.4414135877179672,1.5143381126767879,1.4472872897082167,1.4607193513781087,1.483291093849572,1.4023986199667564,1.4303401147191361,1.424065433834517,1.334530124240107,1.3645805955327774,1.2995431157561343,1.238837420974778,1.071420432289716,1.1020012208318677,0.9057479216942896,0.9348055885127045,0.7643783810109498,0.4700447257398082,0.22116521884168708,0.039022645182045124
6.120000000000001,-0.008320860711812284,0.19741532781612997,0.3305619034094742,0.6296281266694788,0.8410644175555867,0.874899193598166,0.9327298986079148,0.9472238972606454,1.0926666098311064,1.2109687159743743,1.3389003857645545,1.3302903181833279,1.3581907569361131,1.4635005007106534,1.4669705266084698,1.5126776433971016,1.515797801197376,1.469277046547192,1.4442768165938797,1.4694676608124475,1.382109662505482,1.330248677855709,1.3107737757452544,1.2632570325546297,1.095504144290338,1.0802000466322543,0.8720369625394093,0.9013232096666239,0.7654013237757351,0.4272819638114421,0.24176349609670458,0.08908888549378541
6.130000000000001,0.06198224458584167,0.13429516212914153,0.3848198011228506,0.5233473038702298,0.7316587390743335,0.8565787767881162,0.930471332195559,0.9538535859485092,1.117518065439472,1.2385369023710164,1.28820949295626,1.3378630133338498,1.3965809742355648,1.421603205367658,1.4626541032921403,1.5187669278468054,1.5164349170413187,1.488134260023763,1.4790071424902396,1.4058296435716628,1.3941452657714286,1.3280124674642413,1.2658648795923686,1.155443019345112,1.1005086085291869,1.1360972726656555,0.7953216265380666,0.9159228210229015,0.7527950968383058,0.40933999225251244,0.2310540036894309,0.05272568276147446
6.140000000000001,0.038773726021834695,0.139086035479772,0.4354890409669094,0.5744869133274623,0.7688684317317075,0.826828942601261,0.9041451507900192,1.018687515464974,1.1180976191493923,1.1965994217053253,1.2755688349135745,1.3464178687922426,1.4233750571236472,1.388200394975525,1.4168363993519222,1.5223319554076307,1.4297658933105437,1.5223559184091684,1.3946959768372231,1.3982102864074741,1.3360823500256016,1.3426111709755648,1.2461779940155762,1.1969237051193766,1.065377481911712,1.1020221271657062,0.8761240592822587,0.948241078481442,0.7622344409892718,0.4453124866207174,0.296902717125366,0.1500639155162672
6.15,0.014018061319116561,0.16308642084557803,0.3782379107700565,0.59420402324532,0.7316653236763034,0.8454761882954404,0.9636204884393925,0.989490505277409,1.1687706586302729,1.2662069183352491,1.2884580727852208,1.3467023148096608,1.371468174367479,1.411655806668285,1.5063648192476087,1.4353231203457,1.464272927764465,1.4663048257089508,1.4192712880287066,1.4468732389351746,1.3766438370122716,1.3763250659907669,1.313739858640437,1.1720962122589669,1.1190062212553664,1.086488983985735,0.8775494503111322,0.8554653540630077,0.7324176444384862,0.4916840514888877,0.2801356508728302,0.08447417409526299
6.16,-0.031096671449644522,0.13131749031036366,0.36566603278881255,0.6016868215171556,0.762881766463828,0.8048645945070168,0.9638443097934961,0.9815125787744015,1.1538656006750956,1.265252412568461,1.2954762388111598,1.3070638301244673,1.4256382773593654,1.4171861879172525,1.442423478588994,1.4924216467473164,1.4600267137880683,1.4417521048792543,1.4350054401844097,1.4774598675248927,1.3867674073415313,1.3569243672611582,1.319902564099025,1.1697915080001553,1.1160921699243191,1.1298893003231292,0.8942749206625684,0.8439771733986906,0.7084532533458461,0.4819156377214562,0.23505328355074687,0.049675207447729
6.17,-0.08063549961058705,0.16022779334450737,0.4338710133541682,0.5981798340123938,0.7922246413491418,0.7806966616090717,0.8820179996413536,0.9642101892556869,1.1245542951300767,1.2643738895554182,1.2206720843102543,1.340714291296264,1.4179174692520478,1.4540407571185923,1.458219882043409,1.4626928757720157,1.4463312488045734,1.4670451817593506,1.3764916913348357,1.4050839060969547,1.3629370265724208,1.3734229063098977,1.3388144770169814,1.2317491446301643,1.1310916074154946,1.102850102419896,0.8809925280344141,0.835952419202636,0.6382752570176345,0.47899735450436537,0.29334841666913786,0.07893306296269377
6.18,0.013849870051566593,0.18770298780660294,0.45410923061785186,0.5874104399416329,0.7181171698015637,0.7965555171132553,0.9154172621868117,0.9728039004239092,1.1187231069956887,1.2437953418746186,1.2883064124880712,1.3191552358873913,1.428336305997606,1.4397857031303447,1.532446672647887,1.4933178994172824,1.5063795395556971,1.548172389111318,1.4395701557768268,1.4361946781886077,1.40949778866778,1.3685787246693368,1.329978417713902,1.2044704961214119,1.0991383586789485,1.093655681630886,0.8686714453709838,0.8016357772825905,0.612389996974633,0.46299151193802845,0.27799119244958503,0.10959393304256425
6.1899999999999995,0.03380063971005583,0.17981379075494366,0.4480723390358383,0.6016566626511707,0.7944171203119487,0.8450893347410586,0.8754836143725315,1.0166916086065556,1.1075118271861013,1.2466374106556783,1.337375274526018,1.3217772087184303,1.349536942784221,1.4493642123925425,1.4630918316170856,1.5097620102609157,1.4706824716040858,1.5111367138068457,1.436880143450339,1.4616580456398476,1.3696552468168506,1.3901800518553062,1.255276277388406,1.2343665929767464,1.09639452207619,1.0990207749492977,0.8476050734120103,0.8239168828516525,0.6445673466335198,0.44371829662314294,0.25644483605927015,0.22384829258490915
6.200000000000001,0.005751779634602907,0.17748483572079773,0.47913569270932554,0.5569108310788954,0.7372276249369062,0.8627540779322922,0.8819069532121182,0.9478591243922818,1.1053682212172107,1.2525975504466915,1.2389205204359137,1.2733958851406215,1.3782312003446602,1.443674272744735,1.4591746218680894,1.4815218249976279,1.4567238568399927,1.5646078476649292,1.4440619655923062,1.4514435470909388,1.3638576070691042,1.408011879094331,1.3642705149459438,1.3049362220714933,1.1502476252082232,1.1314994285835962,0.860754315117378,0.7787936279276092,0.592321254509524,0.5214175046235119,0.3211297849746658,0.2305944962352982
6.210000000000001,0.05108653453731467,0.20354831098432222,0.40847477917029446,0.5607996404038156,0.7473754849406771,0.8526874636454194,0.9350913678708651,0.9861777938469934,1.1094418525919991,1.2236160824487632,1.2710532076035026,1.3671082017650436,1.3573301325680762,1.4476869549521247,1.4913323807990018,1.4985733212460686,1.5312959113898261,1.4779858775600032,1.4072944659949518,1.4813331386412496,1.3641139126384867,1.4133695456694253,1.3390438282802692,1.2460158984318448,1.1151324758105117,1.09905227992556,0.87649597237355,0.7947258602973786,0.6162249994801863,0.43574252697604443,0.28618833156853435,0.20709726822952634
6.220000000000001,0.004968766651297946,0.19550093161437004,0.42552148685719093,0.49509235591059697,0.7030464533559886,0.8058194197955787,0.9249166513258804,0.9797527230734194,1.143021702220825,1.229901488699995,1.2565512679768385,1.2915863011732993,1.4111817672957487,1.4556684817744747,1.4401120459413255,1.5008048514922012,1.4387994918867457,1.494671555138668,1.4255598336932438,1.4761341515840263,1.394735624748542,1.4036678884518827,1.3868625577092046,1.2425371224307322,1.1824944928566445,1.0415897926983568,0.8688249743997878,0.789330831848257,0.608417122968499,0.5127890685418893,0.2764889800973659,0.2103959876225827
6.23,0.03491786842423693,0.26086132284459396,0.43331063007779846,0.5070069808014361,0.6882683868431845,0.8149092618509046,0.9203074183345895,0.9995486796331758,1.1643985276481263,1.2943248711618656,1.2884131215035,1.302520015375225,1.4253097302646704,1.4667917292621055,1.5433699100036191,1.485561903976198,1.432139344357608,1.4761025970661519,1.4131609055291614,1.442526807622619,1.408361763066762,1.4237336597424661,1.3740625335308776,1.2826664951106017,1.1249404117911108,1.0973730864146958,0.8747032291626885,0.79129260549676,0.5988421265059866,0.45568161565563814,0.3250506963895923,0.27861131463597466
6.24,-0.01190699432015094,0.18559166712643668,0.4196863272336573,0.5413288944751593,0.7122781997452262,0.8331482683745856,0.9019642589547305,0.9869257860042285,1.119980835862045,1.2541813880437231,1.3294025236414087,1.3704267754069162,1.3759526128745279,1.4399974659768737,1.4454922190490425,1.5178759975630003,1.5189706626594632,1.5058767848197938,1.4600782789547657,1.532848626990519,1.43703658984565,1.4074440656690574,1.315358133684989,1.2008065415067726,1.1591795040091124,1.0747012387164938,0.881688960672865,0.7644497558235501,0.5732860027810266,0.583952558314251,0.32492683439760434,0.25783382700150564
6.25,0.06468513272889569,0.1534813008163945,0.4181981782568702,0.4971894384731489,0.7147380725410658,0.7545984811663354,0.893109776780879,1.0456547304023183,1.1248199858831691,1.2314719208799487,1.2734279689277315,1.3647108576363942,1.4241134807835183,1.4707095956306013,1.5042855454173925,1.5084929101288593,1.4766853352076066,1.4917890715694422,1.43498318437683,1.4232621930029679,1.4348574438100354,1.41300410483796,1.4011323234030246,1.2438204483219049,1.198376985869008,1.0753676507825514,0.8888174803989652,0.7280598491671983,0.5577330839478707,0.49873431767643234,0.34927704446427726,0.3094362000020546
6.26,-0.013482935888630292,0.14650181718788072,0.4796049584061038,0.5472029714305728,0.7062915084293612,0.7710362340808126,0.8884550540336731,0.9926625290693916,1.116578079071425,1.243156495924801,1.2125975490089926,1.3637758850932542,1.4200191353166427,1.4351881537356803,1.4450996188607101,1.4957169715521599,1.4752682535049073,1.5021639882933029,1.4163417757651862,1.5180452038528793,1.4068075183207303,1.3954618744315077,1.4115087251928518,1.2604047248710242,1.1647049840881816,1.1039521084203212,0.8742208752712,0.7711742645981775,0.6354970283194317,0.49773746630820564,0.3074641941755722,0.2828571781525701
6.27,-0.0011641884756601918,0.18875533015812412,0.3742680864348765,0.46444178346136916,0.7138574247437024,0.7511862421122151,0.9123841542218328,1.0459884414948846,1.1129929938237528,1.2011203880026062,1.269429720184191,1.3245443069919958,1.3918985332797493,1.4728756934663514,1.4720965127660661,1.531309242072846,1.4916037977101977,1.5225570369055523,1.4679515484731087,1.4343316150444403,1.4018596038483109,1.4200397276127064,1.3722890787429214,1.2747735201752068,1.1668273615401055,1.1117333162362335,0.9308773950889686,0.7810767215044643,0.6383778415551656,0.5240363948987619,0.3668810248316697,0.2955034546223017
6.280000000000001,0.012404211404359714,0.2055498484555388,0.3996753959494167,0.49685039957664,0.7241766483937663,0.7504261126282833,0.8926683311094691,1.0173082520177794,1.165633418366589,1.1771284894120766,1.2470469829262125,1.3918877358569852,1.4408676572580403,1.4791999172086296,1.4818555280121437,1.470094530156558,1.4912742663756682,1.4822354295270777,1.5202076286934993,1.5230329155137217,1.3821300540195438,1.4136038753789613,1.3652682997428882,1.2988537366716038,1.1649603646133848,1.0760130066096052,0.8702140361672392,0.7387069427001208,0.5286389328413726,0.50745863492833,0.3332920912987333,0.34498508301298075
6.290000000000001,-0.003048666624335403,0.1768410339246319,0.3377960570044289,0.4800963976059163,0.6519603728139322,0.7330223321278894,0.8861271683293124,0.9752241264817507,1.1850034666892169,1.1908577417188217,1.2901301283681168,1.3633309114411762,1.3879936176996959,1.3960944819926389,1.4453091030177188,1.5568714471316654,1.521776861910031,1.496800528319349,1.4735729479394706,1.5172599329254006,1.4011262193508724,1.4284797974033194,1.4502401506848193,1.3584152807461005,1.1816882688104235,1.1016297687207708,0.8664144019130373,0.6716153304688606,0.4882418570888779,0.5629560630079116,0.3562579086977949,0.3072349356394875
6.300000000000001,-0.030798487482441378,0.13269043295651206,0.3077249621609504,0.4525518305444873,0.5996837533249804,0.7328899121387055,0.8745867177374207,0.9740341216557349,1.1515171890490945,1.2614646497925877,1.2474758818121372,1.406701779409523,1.442242018609039,1.5002728778593886,1.4486657071723996,1.4931246992825622,1.5430879772242994,1.4953228510157723,1.5184868714909157,1.5086665350745283,1.3576162683274309,1.3671432732420743,1.4801479047637978,1.2999286014096911,1.221130732721432,1.0588684315031014,0.9220709594671994,0.7405841836473591,0.5354615111412757,0.5753378376185733,0.419166273494721,0.3192376918193857
6.3100000000000005,0.01501517829676893,0.15060195377233704,0.29030345231386623,0.3994557972587801,0.6248385591777539,0.7069311714313669,0.7942291142631002,1.0602032421405374,1.1508541436969224,1.189564348803992,1.249025826279647,1.3599164779086421,1.455506005151631,1.452384567316179,1.4488700327420934,1.4779836959544697,1.55023602775391,1.5233588311614072,1.4944961507150414,1.5128806931290935,1.438571056134702,1.4394499322180152,1.442686430743381,1.325317120868373,1.1940000844439727,1.0205981987304877,0.9205943477638194,0.7488616577532344,0.5646237037586329,0.5795526895493912,0.35835186692409426,0.31868824851228356
6.32,-0.005587949827191598,0.16944125486167594,0.3364602946777274,0.410686628404646,0.5599784807072561,0.7697479675983004,0.8418974089537318,1.0632814610212347,1.1869150274197535,1.2217036246882937,1.2694504768534274,1.394939007001782,1.392048563152095,1.4124098288053644,1.5287672217988908,1.5149225937435693,1.5151775963018836,1.5333663184072963,1.505585889412698,1.5698217090023479,1.4544378983473356,1.4281268672231786,1.40697817591215,1.3114058460357585,1.2023838486945158,1.0611400303833265,0.87945139926127,0.7113483595021185,0.5619514606468414,0.48497802741793106,0.37977377603816487,0.30222292931700606
6.33,-0.0013642643880119112,0.1216683357643659,0.315647408010804,0.3866018550583147,0.6043173296589812,0.7342409237417026,0.8498410117619599,1.065705888599931,1.1105366057410249,1.117851857813227,1.3046752769013343,1.3637487001370685,1.4146676863262502,1.475215306168349,1.5113330097670286,1.5644580978711047,1.5195853009573792,1.5220336572046265,1.447759533304465,1.4738824399396577,1.4303234992650298,1.4418618647142247,1.395312425353547,1.3346324707864041,1.2346879164965143,1.0487374805938836,0.8736395141429404,0.6843857495627871,0.5509303089968517,0.5639157495514268,0.4105541031978053,0.32800108929787875
6.34,0.038384893064405554,0.11188373049371263,0.3048462614670022,0.3950232126415413,0.5976949559883553,0.727648419059067,0.8592920779040792,1.0477329050870474,1.1855089968817552,1.239579652841094,1.3120234884044668,1.3520021336193704,1.4427273842191817,1.5232851241545013,1.5130652906051336,1.5692437301303737,1.5614628752635444,1.5973601022799226,1.5000562247386426,1.5423625958986622,1.4087672722477098,1.4004736635498518,1.354962925193803,1.320739971483479,1.2093543170609795,1.0441698162398785,0.8917250356792097,0.6323884886223768,0.6099913819181593,0.5596421708303966,0.4278456688264371,0.2983758922479427
6.35,-0.017181388565875148,0.13116060710048894,0.23335369548346396,0.4061432356567204,0.586240866360066,0.67245415166898,0.8215897335761954,1.0445564718943372,1.2375437398774096,1.1844791702355522,1.2545078594929682,1.3845971125812562,1.4732135489861944,1.4651807492709343,1.5083687731431303,1.5832163463251812,1.5239007681643335,1.4668661056489083,1.529937163644347,1.495447071649255,1.3707219236683046,1.418488458687821,1.41404781558143,1.331409705399063,1.1805322310392186,1.0477418477330742,0.8982657662117097,0.6391996458970124,0.5819345552421152,0.5651349987974075,0.39793879540345856,0.26011630521801254
6.359999999999999,0.02284503605914612,0.11049939970325753,0.3229551577200406,0.4079448927068468,0.5830808998740058,0.6855854621646672,0.7929118596868046,1.0794417610536655,1.0872141855304769,1.1743245118679748,1.3495379588113945,1.3890777176937332,1.4897207095909468,1.470135828789577,1.4363016939187618,1.5275341290579754,1.508443463048981,1.533221827193043,1.5608851826014407,1.4683958578332115,1.3956204411185398,1.4039195276489467,1.377020998699307,1.2833354667603563,1.1856036373920666,1.0114217155839254,0.8630097139776769,0.6764217426731259,0.5143658164937827,0.6094546754237543,0.43774255766377485,0.29981324910814605
6.370000000000001,-0.05001898027161601,0.1280223176670775,0.24551950663863556,0.39290497040893757,0.6098083083250805,0.6829471622223913,0.8366941311994245,1.073068309870395,1.224382339654397,1.1665090540857104,1.2416626648644582,1.3340202779388737,1.4051971889517818,1.453224590429629,1.497946306183842,1.5539219310725074,1.5254604822425206,1.5142872907091798,1.5180838502395257,1.5129834719330204,1.3782195169139475,1.381287697919079,1.3656510269362983,1.3212992758678177,1.249079180905599,1.0375207744498882,0.9023035473065666,0.7283811793619405,0.5334153372113158,0.6284424664381666,0.4120871506999445,0.24959539262198516
6.380000000000001,-0.013472665772273629,0.11136903612014079,0.24001144061172572,0.3607504185409089,0.6058941907416997,0.6996096119868793,0.816528278352869,1.1202087776049177,1.1598021608886302,1.1540612943651891,1.3355539866862711,1.371987345603851,1.451757095182359,1.485763209119991,1.5137413778940059,1.514313605839722,1.5739378332517477,1.5036507795208984,1.5932910645672669,1.4879309374628664,1.3638773939791513,1.4026576019662962,1.4046510348099872,1.247637422823929,1.1350787570057705,0.9271059038020097,0.8847111399869234,0.745225711106106,0.6126647447311039,0.6538037865412758,0.487123844899877,0.3468142257779435
6.390000000000001,-0.03821244999185442,0.12941404292478878,0.3271594690623527,0.3446332233297233,0.573539467784689,0.6891021455179579,0.8856592770688662,1.1182874340321447,1.1638528463793258,1.2364883154112207,1.3291941803656242,1.3537367787310133,1.4525647060315539,1.478111644279759,1.5388101963350291,1.5618782578211572,1.536690417829874,1.5252358833913402,1.545472571730497,1.5370697387579404,1.382630989083254,1.4224195987561212,1.3194319624981805,1.260726271533588,1.2195929733739799,0.943647449834114,0.8808289995320495,0.6995753579020069,0.5786736647654579,0.624776664018943,0.49728049215612663,0.20672076610742512
6.4,-0.03775280247077533,0.1043037929604365,0.2522425143451598,0.3967117484085705,0.6070680687477172,0.7153366841884182,0.8730390430951525,1.0845649388807337,1.132391652396977,1.2511579416634582,1.2544023837070242,1.4076910951664479,1.4303378986571724,1.4582052031404298,1.4488102892920955,1.5553259110296187,1.4763043800981173,1.4838149272298395,1.542711236988856,1.4789119501916639,1.3997377738039933,1.3660424749121334,1.3408463781980053,1.2852922595386131,1.2108911998273064,0.9739979624724905,0.945560678454236,0.6485547038523869,0.5907425679646002,0.6586870477921007,0.47864466298920916,0.22314732026410425
6.41,-0.06343307603695562,0.09445008664021924,0.23589346375192694,0.42271279206856816,0.6261680288718703,0.7766165275350327,0.8877868023730949,1.008218311268624,1.106209100491091,1.1897731794904811,1.2909630775194394,1.3562382597757776,1.4823567138858935,1.4208150091436764,1.487806753430644,1.5287281762539775,1.5256256209609205,1.4398534353858894,1.5606403875504486,1.4425898595194,1.4132152233592168,1.3802723299392543,1.3505790791669563,1.3204603314165129,1.2520626124095315,1.0087060753914514,0.9318439896622407,0.6820202689647195,0.6278157744334785,0.6750631556624934,0.4487622389528327,0.12558250252537187
6.42,-0.07012139835000712,0.07466299846720713,0.2372290434646085,0.4156454577719763,0.581959061261337,0.6299866528863762,0.8446747434136462,1.106359733641324,1.1863787047134662,1.1834643744071298,1.3097897314484985,1.3081119619428954,1.40748833611942,1.4325126796381933,1.469353227141977,1.5236454366659664,1.5452431197411798,1.540899787542658,1.5315993873642055,1.4557077017749092,1.4265788880937373,1.3394744179194265,1.3481845657861644,1.2725957810145498,1.2465511500028421,0.9710523629715662,0.8920337279290937,0.7198699365708475,0.5945856568470406,0.6312922607568838,0.46703241543856855,0.1832559144919124
6.43,-0.06031609834082078,0.05845870554905613,0.1927325979441094,0.445032945195566,0.5540626106159069,0.7117010650614917,0.8627766135099518,1.0403001543318169,1.141922140950588,1.1547176411264681,1.3461717810238591,1.3715489674724612,1.39477974960085,1.471405891654534,1.5149543801733976,1.5017548117515247,1.4902657314245626,1.4788851011567405,1.506397536536266,1.4617413687705827,1.4874884438017109,1.4244815959715034,1.2791804643432783,1.3275003627447879,1.264311029691352,0.9796430771513868,0.9553539585348222,0.763555172469314,0.6243484875641231,0.637310682368546,0.4372940320252638,0.17890588994947174
6.4399999999999995,-0.09370408194371742,0.0784602719465074,0.2943529334353959,0.3988316619898061,0.4878554966119536,0.6916715176935293,0.8896879932741238,1.05082438328744,1.1316458550241812,1.1723314483396117,1.2913350366783098,1.3468918119306328,1.405005519604828,1.4645468312011323,1.501209838853525,1.4971437999209363,1.441946958605373,1.5267650406222144,1.5144506499016,1.4101941895963501,1.4176307437622486,1.3656180812761378,1.2764013726304562,1.302448903122419,1.2760929912707353,0.9284123384406631,0.9164285261668501,0.7594159155447301,0.667265172594212,0.6772951065333989,0.4881442714106567,0.1628398417218722
6.450000000000001,-0.08566179329720584,0.09921531317594712,0.25696403471129603,0.40690209046188086,0.5954670436984393,0.7191814737854929,0.8791339197988692,1.0571498089298517,1.1338311048839824,1.2220455806539772,1.3557645367877524,1.3459288021563462,1.3900556146643273,1.500577300024583,1.4611740456948672,1.5041974568992829,1.500758001912359,1.5389611323242736,1.5184322826849588,1.4647629731097769,1.513159680133957,1.3474515750511074,1.2893891140735485,1.2858856828591658,1.2508326887968588,0.9465601970760473,0.9651875310171526,0.7114786003607719,0.655441599937078,0.7113794888272619,0.5001272964919825,0.14149549297755412
6.460000000000001,-0.0589532065690554,0.10472082823291298,0.2203172432204488,0.41644556821544176,0.5467716547291963,0.7374307312698659,0.9395831965106156,1.0622105182536183,1.0793946771839436,1.1651623115370573,1.30028092425785,1.3390480275233365,1.427816667141156,1.4190543465892984,1.4559719202192751,1.471925869625733,1.54040498976247,1.4843576985667497,1.4402261015277618,1.4724722323755017,1.443040898713418,1.4440375289769978,1.2692639141537534,1.3030630801903924,1.2508696838226319,0.9738008703310909,1.032950639649118,0.7885719694552923,0.7284745742978737,0.7127425212394756,0.5380002514504937,0.1337147993306213
6.470000000000001,-0.07131283974562136,0.018332480962353223,0.20449309046538544,0.4042289509221263,0.6275437122447244,0.7115824470382122,0.8735481867779991,0.9969744961124632,1.11186557511153,1.1918192908911387,1.2707865727308802,1.4000150654713006,1.4406049497379476,1.4356977301107894,1.466246680206986,1.5025674097653745,1.5265077042249113,1.5659741645233016,1.4779263330276315,1.4405450021173944,1.4196158830738026,1.3955719132212963,1.3535049974512605,1.2793818065668705,1.2500760179100514,0.9650875636576826,1.0402548631422823,0.7562726194003291,0.7130699896531327,0.6598126677312263,0.5994399759741298,0.1412330630719008
6.48,-0.09139684701998314,0.03693914925510896,0.24177222679819643,0.4508898846625461,0.5523327357947906,0.7133041449565686,0.882431439164848,1.0580882795892728,1.098230082876313,1.1733660082887956,1.3009773645810885,1.3857509322031838,1.4264037670137757,1.4596482789902527,1.4889062473412273,1.4767725413070039,1.5201112689141456,1.5808799358999222,1.4814650668661948,1.462860694436518,1.4380426002731588,1.4019903437942374,1.2983208446210233,1.235938259215751,1.1907333162108595,1.010461422994082,1.0661089712955163,0.8243950226273473,0.718487369820301,0.6896625619469839,0.5648976741786776,0.11128855370053448
6.49,-0.12989693464709484,0.049472709018418916,0.20457458673652598,0.4651158817262615,0.5733268258727161,0.7375840878176924,0.8590818716196442,1.0244473184013494,1.099210777098528,1.1690438307951312,1.2787593762441751,1.3569264674570403,1.3804373462971713,1.4320561076828164,1.479080739869263,1.4505550978079822,1.4953785613644277,1.4951340470269971,1.46999264676707,1.4421951719216701,1.480127780603499,1.4900609484079608,1.3075321912756226,1.23260463189447,1.2318321550146814,1.0129218492602217,1.071806408964287,0.7950072608928159,0.7474663302825915,0.6694163860731484,0.5787987313642216,0.10134919387683888
6.5,-0.16525703794514573,0.050716817817854455,0.20269701860071238,0.433616962219099,0.5542577019682864,0.7876337591996627,0.9243746603938725,0.9987837310539497,1.0498018176266728,1.1869007259224393,1.3295068397306706,1.3369149726459801,1.4185479492315052,1.4095988616113522,1.4798859339118466,1.510388720723496,1.5505109566289608,1.5451319755243431,1.4993995168406646,1.4706041985522988,1.515358703525877,1.449272556895096,1.314162688960485,1.2636106297664464,1.2182841524576877,0.9592328057710804,0.9749027780369953,0.81511044727157,0.6829194560190149,0.6847038239141695,0.5088598469433998,0.04804186675921135
6.51,-0.10025798430475871,0.04006589835486416,0.2148206536575963,0.462351045224203,0.5892456186695146,0.8037289428414138,0.9930328549232701,1.0095818023049303,1.1470649721528743,1.1847925770775942,1.3768753300615222,1.3565823484895267,1.4704666570643197,1.4720265357456475,1.4864394949771758,1.495004718688584,1.500740138596965,1.5506109507458765,1.5051902754016686,1.506203535473461,1.5145096007896894,1.413877284519094,1.3284254213991942,1.1665228186759056,1.1890382671896538,0.9751704153435535,1.044227233185676,0.7837018487636838,0.6804038114609423,0.6852785395108356,0.5538216318982586,0.11994431865172983
6.52,-0.1548885375458849,0.014057548526191031,0.20190214651435823,0.41961972423398874,0.649535314675423,0.7711561116124832,0.9213648122254227,0.9732908509690105,1.0661415512517025,1.145572167703122,1.3460102605299804,1.4163988783114272,1.4677005104182104,1.4593738899437592,1.4853706314820256,1.4446352281502568,1.457377120133064,1.5278065280749988,1.4794659495842803,1.4477614850673743,1.52454047809917,1.4472084767071343,1.3207127210557044,1.1863638022791017,1.1555434171664811,0.927189185432598,1.057151163430407,0.8218953555723493,0.7089029288471981,0.6088912389594002,0.5020865967477885,0.07585853270522831
6.530000000000001,-0.15154881302058665,-0.03476087963848605,0.18251996998068593,0.5084205849803272,0.6593956238886836,0.7225635901634778,0.969979565165236,1.0045386907060794,1.0709460896499572,1.2402493642310959,1.3124856355377639,1.3667141945483587,1.4322067877531046,1.4530908792992696,1.4722445225518115,1.5267832063815305,1.5488140611582326,1.5466122226013261,1.5088214324039453,1.495621612801505,1.527372618526373,1.4996803878346663,1.3115385411776697,1.1748749535751184,1.1166774484647346,0.9459159962118802,1.066551212764454,0.8686362153137088,0.7090758036117798,0.6658048129109831,0.4706857293871389,0.017696015264134553
6.540000000000001,-0.17284987441371188,-0.010535742807288476,0.21711451931166287,0.5029782015547267,0.6299152463714403,0.740385863562372,0.8901369420891564,0.975458505277259,1.051244820063896,1.2172366506396977,1.2648219482458836,1.3481571409198807,1.4409441714335085,1.4150608308750923,1.4129101268404887,1.4652798286075026,1.5202543818335292,1.5305014904627952,1.486257728138874,1.522569473840936,1.4895976878567272,1.4099899317472897,1.2966795177677093,1.1715754082003416,1.132051218165199,0.9086194318958658,1.0621931303419387,0.8880405545040799,0.7050385301515969,0.5977893728558936,0.46462187451277387,-0.0080707774855584
6.550000000000001,-0.1588884042065409,0.007842477101537343,0.24268497818299498,0.4932288809614912,0.6356836981228025,0.7529105883622427,0.9046675415034106,0.946776498611618,1.0628045182338797,1.164792670515943,1.2457454019192111,1.3474409107081435,1.4782168340572799,1.4105928387744404,1.4703157930403372,1.5316570840419397,1.5205834784128633,1.5499376395956819,1.5783742528881752,1.5206518307299395,1.4619928431295317,1.498679561546024,1.353861270483128,1.1359585637108993,1.1343710618626441,0.9650237757681455,1.05581368102266,0.7689563660418346,0.6852860796840825,0.5367891570373132,0.4316632808348298,-0.01566780510615909
6.5600000000000005,-0.14102930967447164,0.01394017134466872,0.25178907755236973,0.5777959016567196,0.6356553522275478,0.8172477946767217,0.9483616483493641,1.0227365967830815,1.1165917122573832,1.2607836659720313,1.3183089470687146,1.3451013015715978,1.3968966704748955,1.4136973825868004,1.4983334332808198,1.5086961986153609,1.5385524756360927,1.498470846466062,1.5165081234508473,1.4559085019003817,1.5203010403640436,1.4169698697368238,1.3388256239349765,1.1496358273479688,1.0842330273273832,0.9940629392775276,1.0257646022156575,0.7995383024428635,0.7225925795208772,0.5278612315231779,0.3996664414872155,0.038705527677734684
6.57,-0.16638989875410007,0.07163213730354,0.25266363316551443,0.5573848822992089,0.6409354889750256,0.7670820911849701,0.9924217331913756,1.0226004625484502,1.0958385486203226,1.2342828447533378,1.2729343220318698,1.4044947618433434,1.399995203576579,1.4999989918835415,1.4409848917645895,1.4802747205518252,1.5214384350464658,1.5102215560358103,1.4923464470925252,1.480765975262655,1.5334798334916853,1.4246590588983414,1.370891865396356,1.20339909246699,1.0565593060240939,0.9688531148372297,1.044474230165008,0.8548736537751783,0.735582502647682,0.5493889699878872,0.42763587986928137,-0.0018680099345892362
6.58,-0.10301720360858274,0.08088526971855381,0.2572233057014583,0.553023972344824,0.6536285640718851,0.8252354395826915,0.998181559668231,0.9385616368507276,1.0729307756427378,1.1996508788958336,1.3259976317388813,1.4219375619403163,1.4423947494085863,1.4735411646210876,1.4372363501348429,1.4915183439423085,1.564630407233378,1.5949040381852633,1.470629303057736,1.4866916649182522,1.4913307044622144,1.4422983645587915,1.3229156641557924,1.1467385105935808,1.075138528736691,0.9403547673823592,1.0875586458050475,0.866899100363392,0.7529421320397041,0.4253011207031109,0.3803761515336577,0.0931161835713792
6.59,-0.1071287290493306,0.04561152677695288,0.3069904055258448,0.5994963103732017,0.7139613112447512,0.8333071123682133,1.0300632030142391,0.9932835250934546,1.0871439243712333,1.1577999280420508,1.343393072237764,1.3374023724253858,1.407305464673726,1.4225112319772557,1.4739771186265207,1.5336583544664901,1.4335997638119247,1.4982216741371441,1.484465333808574,1.4887326619465666,1.4545639874372693,1.4774707869720223,1.302563207175001,1.1002884609075696,0.9855080841028225,0.9643560172545582,1.041522351390304,0.872682178585023,0.7036079611585828,0.39188076572810193,0.3426198026522331,0.09619576712179814
6.6,-0.07878394840975579,0.03996845947095842,0.2854321820280582,0.5504686268945209,0.6921253574717483,0.853121623908349,1.0298396745050378,0.9841742323095826,1.1385721332354461,1.2263987775755987,1.3035778114792107,1.3377729143126258,1.4053707045966415,1.4444763416369353,1.5018364465161955,1.528417458283279,1.5091143125691202,1.4817767242653217,1.4704485971305463,1.485342929366613,1.4276445253613785,1.4313154165016337,1.2998504349972215,1.1109971930030027,1.0162219497703044,0.9416652604550877,1.014710690958812,0.8335272330383222,0.7233302459491285,0.4095996520293514,0.31739078214376437,0.10386515075115076
6.609999999999999,-0.12537918616170515,-0.010014401199894832,0.2660671310776558,0.6177643853241624,0.6645109702859187,0.8478650444899782,1.0306159874694638,1.0218514914941927,1.0731079908336314,1.2286869487274537,1.2966723053913622,1.3529077445917876,1.4437579431651015,1.4420120020325333,1.5011347803170974,1.4692413498469725,1.4635246898318859,1.503533245078575,1.4822356966125596,1.4960457054371525,1.429333270303894,1.4244405373010125,1.3113095019926044,1.082391144961381,0.9948528414509443,1.0244446626826953,0.986648711985727,0.8652916336881535,0.6901113924993877,0.4475011269051109,0.3494257048669548,0.09464730314399335
6.620000000000001,-0.050422750502559927,0.06878019738328248,0.28146283164019165,0.597527999019615,0.6981043423203037,0.8361350148046373,0.9624187292229902,0.9588464790786952,1.0644498106393538,1.2126436972291685,1.293542335707635,1.3911011436553307,1.448394292812312,1.495792993214952,1.4067440604143167,1.4574466285739822,1.5156255235793448,1.5171212237890925,1.4498109017077343,1.4961024848589612,1.469181376642646,1.3913609834207183,1.2612612610130303,1.0495570985248712,1.0050674974109448,0.9979801291285042,0.9990504468681867,0.8879238435090103,0.7540770163155982,0.4709191670032593,0.3195834550417176,0.08523931662615446
6.630000000000001,-0.04740899019276763,0.14950588032709325,0.3214124699697174,0.621761582664551,0.6888967774579549,0.8788151678841426,1.0078217226926889,0.9938845788141546,1.1178237276086942,1.2545938651619892,1.34662262024001,1.314190075804397,1.4129028657725786,1.392429233166607,1.4343995879708642,1.4670066952999086,1.474512307516662,1.5409559413158007,1.4844564867983103,1.4334882521023273,1.4092524091470253,1.4527972621747998,1.3449752113721982,1.0780956106256823,0.9885836162335394,1.0275919766387873,1.0071889379792842,0.8797875164808353,0.685870692955558,0.35725173641665503,0.266547952828523,0.10460436414143105
6.640000000000001,-0.07269633594929553,0.10510689320789149,0.3640087465518491,0.6737712752668144,0.656868205525147,0.8266189524698663,1.0366815314784947,0.9509868364423549,1.1350690882515826,1.2817389973872475,1.2759227457519475,1.326179534651013,1.384337754726656,1.4567310407657588,1.4698457958817654,1.4877668171207015,1.5031619840319044,1.5438461336911866,1.553330912180921,1.4747372108765506,1.4540046782327591,1.4221751292102438,1.254363667522776,1.0964960960322838,0.9890742201160441,1.074447352428626,0.9392332704345151,0.834871948866578,0.7354133179099669,0.3629816598768712,0.29944845979275947,0.18314729506746516
6.65,-0.06874873142604927,0.10159767317393086,0.3458889258960176,0.6139356485102058,0.7151507127408093,0.8695984703359233,1.0213960715250663,1.0397499516224207,1.1339631052592902,1.210486961599726,1.3131674213521356,1.3391596349788766,1.3817644535640745,1.4459079031275726,1.4441091100354175,1.5400108397161243,1.5150892521905333,1.52843087932267,1.5023405870273074,1.4651778511566593,1.4670165350281528,1.402136997480202,1.3041133759705816,1.0959444799412397,0.9965752108830395,1.1157090446533084,0.9800756371060129,0.9121689375086451,0.7678720700045619,0.39933366580479274,0.3316612590551167,0.1655979498887661
6.66,-0.07160673648563262,0.1115946583915059,0.38501370275669544,0.6642273109422316,0.7158382868657276,0.8807562669497857,1.0009295031911571,0.966060189809105,1.09081806770036,1.1712987931847478,1.2840053367568631,1.4038202343043005,1.3625838703391653,1.441048450038305,1.5350091736579696,1.524462513034224,1.5026467582226264,1.5461957975033176,1.4322620584499426,1.4476445017774535,1.4135103732684484,1.3264670971793526,1.2312898269964976,1.0341131231813943,0.9979454291458223,1.1241773951722616,0.9370161249169563,0.9781515259843938,0.7666811807479177,0.3627837838927741,0.2588809535855952,0.15436644012367076
6.67,-0.0005204115378676516,0.18374684121362372,0.3851648837435991,0.6126750470413546,0.7342774371680999,0.8838215203213801,0.9880315519831447,1.0128306779039264,1.106364455148371,1.2440317304954074,1.3073755466205441,1.392610955509733,1.427496988769627,1.4350335429639078,1.4792900049822284,1.516315665442349,1.4786488208659068,1.465615813636761,1.4026903773423909,1.4367833622106332,1.4054370184076388,1.3894177030803472,1.321161888917526,1.0555634340356896,0.9718801849880163,1.0581500459148712,1.007397923901415,0.93101817034004,0.7854954026133792,0.40508757458832834,0.2944895240379693,0.2864731237975825
6.68,0.01151027120835188,0.12623802402073597,0.3153086472557275,0.6291757725231205,0.6842661547560799,0.866604045006469,0.9567799666572869,1.0066703569703532,1.1750754021118506,1.2974063212094493,1.3328712248465469,1.3008101590226673,1.38969477076502,1.4672650973905499,1.4469125986344882,1.5121869807457216,1.4693879817984714,1.49802070725657,1.4350770856696744,1.47054259817332,1.408698941687402,1.3689578079902096,1.2648643167031097,1.1279881330306054,0.9533925589584573,1.0947223684358596,0.9735598328234054,0.953278308389114,0.7344164850485557,0.412429204623109,0.30760370824165645,0.2813590904861254
6.6899999999999995,0.03747279913973081,0.21546288602889233,0.29387302628869777,0.6041865410196908,0.7695944262706997,0.8482142739900105,0.960144229717269,1.029980863000296,1.1490332847237632,1.2333546610031543,1.3085253503759862,1.4129440438952632,1.3749593321297366,1.4224731898136458,1.4465260172334045,1.445815642754806,1.4413648454802384,1.4376515651333386,1.4392668086935312,1.4570779483795278,1.4494723445324702,1.376624515737764,1.2205483094469545,1.1695281328009113,1.0483744651188698,1.1317786643462404,0.9623367752222467,0.9222905379422609,0.620294233872977,0.366667176334325,0.31521338513715674,0.2876244539656236
6.700000000000001,0.01742022037443962,0.1836041629010432,0.29529652794829325,0.5635274976818244,0.7327224527818181,0.8691515942516872,0.9692250855083252,0.9488774658056973,1.1671269788979506,1.2672080837999116,1.2578438258592435,1.3478293307776401,1.3565031871329745,1.4108289333946598,1.4266552016175966,1.5043048000604384,1.489215065909854,1.4817467289723494,1.4671732018846282,1.4192942342123844,1.4281405754757721,1.4030404158922087,1.2881875992467267,1.1117936775901573,1.0398563510061845,1.1768525094337934,0.9977342539810231,0.9720791438127098,0.7319772743340849,0.3943919046895245,0.2742835184471863,0.2702410281363303
6.710000000000001,-0.026235855749358265,0.13554194210234538,0.3531891706349909,0.6000012438806265,0.7372192266310403,0.8564610890891925,0.9600262986253426,1.0022635569301654,1.1331434418616857,1.2155679827239483,1.2779308750718958,1.3369391827850645,1.3383464334981987,1.4157277653991513,1.4770707045047862,1.4818361807788802,1.438068565681113,1.4288385037442237,1.3802862671643783,1.408792309982679,1.4308809926854127,1.3268440384474127,1.2879590217443615,1.1628063562103144,1.1022730185241918,1.132871201431799,0.9758329502250829,0.9239894728419088,0.6923296835135342,0.40978800213290123,0.27808171611567295,0.3133160761985069
6.720000000000001,0.07644135769039119,0.20422933137490606,0.35532200587770885,0.5539094071979725,0.7242911097669633,0.9197554510647612,0.941251097920728,1.0194593511616716,1.199007643012429,1.2467972944059214,1.3112593469149856,1.3747029085513922,1.4393218168507889,1.4377109308981217,1.4913503870499327,1.5464188114645325,1.5521275170636861,1.5530754254384673,1.475467794178288,1.4423445290461376,1.3427539963511608,1.3927762197258926,1.2259755207352356,1.1612718761190506,1.0591764296752177,1.2387298983464121,0.9702814208376976,0.9060312352413881,0.6374472350547572,0.424875802223458,0.30138703986846904,0.37947106112360907
6.73,0.02580209880075828,0.17243048400459632,0.35147008724470247,0.6121200887659649,0.6773678203614031,0.7791481796746126,0.8917296389566756,1.0440481292935315,1.1942004827785513,1.2216286337776645,1.2770761880715789,1.3065683868565716,1.3936698155756213,1.4627715162734647,1.4852105566419802,1.4990451217099787,1.4718930134256196,1.5020729034866707,1.4667446810848745,1.4453106784461347,1.4252667499155043,1.3281551666431042,1.2263484836386773,1.2012161759626852,1.1060834154925279,1.2211162258172166,0.9335495630827242,0.8466139976729911,0.645918601226352,0.48200002108198525,0.27204615021757367,0.3170138696212282
6.74,0.007090301989433223,0.13511334019280982,0.30167515012334056,0.5109157323800451,0.6620138303802523,0.8367229446429705,0.918118590080587,1.0762129134318235,1.1734201255511472,1.2165743395831918,1.2850844809554096,1.306107908561801,1.3864185742195192,1.4568760852538511,1.4906414815073394,1.484881278522829,1.4292980744506487,1.5238927805824396,1.4614804954901046,1.383880791719965,1.4402096218724199,1.3617919582500118,1.2577257557561978,1.1837777153302667,1.0706774665784824,1.2165809131312528,0.9635283042884979,0.9300180929573406,0.6437186414609168,0.45330017730724026,0.3283383869973332,0.35757014762928746
6.75,-0.01766589536968658,0.12933591290301694,0.31870575037917226,0.5987401681824774,0.7160660660207161,0.7889389410955993,0.9246149108554146,1.0854822663534507,1.183736086608132,1.220645417048197,1.2435271341019771,1.3703379974583554,1.4089627295042013,1.439270350219738,1.4782222248339634,1.5051934524289496,1.479044374545096,1.5246326428451875,1.4160562027346701,1.3844398517087515,1.4421951277974587,1.2908410467326534,1.2732138103400295,1.3058526333873894,1.0720558945550918,1.1715487394654704,0.9057878618392817,0.8175523980274813,0.6720588334787229,0.44321270535798746,0.29119864418465435,0.3209444835547809
6.76,-0.03513600537616002,0.11839247777255621,0.3038920247694759,0.5384993375135523,0.7082837919500778,0.8283835202555467,0.8267476732598597,1.072807583016194,1.1234008296908964,1.220785635693688,1.2152773632756442,1.3985029195624545,1.4199784426515978,1.4167448414476032,1.4984900362545959,1.4161603423265472,1.45163271893268,1.457178243956297,1.428632390714462,1.34879895504187,1.3976473422920166,1.3542759937875222,1.2033717748837616,1.2392672566936256,1.101483680958427,1.1613325020757466,0.9183611541941928,0.852866368006749,0.6878282937509307,0.46218841869762683,0.2959627912892347,0.28371994729455186
6.77,-0.04918877238805279,0.13834662478206203,0.33604492655333923,0.5267968041426364,0.6396447410003879,0.8010535194639297,0.8902506551106442,1.0701673105978584,1.163627332982018,1.2021978397206106,1.3060058142105397,1.3867523351930733,1.4084796459492395,1.4271449546444321,1.4748375153080573,1.4831419573485192,1.4917010476000279,1.5144287372404899,1.440523640983737,1.471499020511082,1.4595114707062584,1.391062364380566,1.288196685349239,1.2440573378585447,1.1497383438249171,1.1998924802021758,0.9338702784196986,0.841727509459628,0.6290319600604269,0.5080234049940067,0.3073924554592675,0.2761907200279723
6.780000000000001,0.034941772542051275,0.15064411584582985,0.3281830582266178,0.530160884043675,0.6378214797582513,0.7911086144938656,0.9117834379581419,1.073744470290543,1.1813556123069997,1.2558978898115023,1.2358659543223212,1.3196124969694558,1.36986760777683,1.43122696901483,1.4793996552699031,1.5065679748601661,1.490632422733589,1.4342723418387415,1.4549353571105004,1.3729871131640978,1.427321262991799,1.3356089874583186,1.231986622472926,1.265718027590851,1.12901346131078,1.153009960774206,0.9574174053525862,0.8107217024709101,0.5658885211257152,0.480138569519679,0.2874843301079131,0.3128547068880385
6.790000000000001,-0.019482032674983538,0.14268584196849057,0.36047180185843103,0.5341636731907543,0.6515459382151104,0.829270417038031,0.9700808379166297,1.1403632577908245,1.1840213704649503,1.1675898943579588,1.237438995017167,1.2610315245216712,1.4035385561370373,1.380401894561197,1.505126604116683,1.4292853030445862,1.46014458407111,1.4736363255398068,1.4459391739290892,1.4415181938163268,1.447408334905786,1.3896422789103133,1.2198443676892492,1.334768298688908,1.1066456647797092,1.0780036826153294,0.9554368635443488,0.7567781817744293,0.5274507794831703,0.46100163719181103,0.2727737903379553,0.26089779414672326
6.800000000000001,-0.05660480598528114,0.1336797630684127,0.30817360155979207,0.526342627103616,0.6863199350373634,0.7726317021224639,0.9179695973244759,1.114892702209482,1.1684726737145847,1.2640158476344907,1.2688409532593778,1.4111621128860923,1.4511142477365788,1.4441336820018265,1.5046434816816234,1.4966343344951878,1.4052639395927387,1.449536927103782,1.3879758860649363,1.4377158866220818,1.3861423121316667,1.3236074528225756,1.208148561980274,1.2775326100084308,1.1024807500944351,1.1180787915908168,0.9394538964122573,0.6781930993002429,0.5289551639653157,0.4949444496515264,0.2539020973670986,0.22278778539785768
6.8100000000000005,-0.04535490590957674,0.15030038091289533,0.37290026967741,0.5149045549682867,0.7042012471798222,0.8709643153980149,0.9244713522445767,1.170248843814992,1.1984456397732601,1.2259683167136366,1.3291643066552588,1.3430746610627613,1.3374039182480169,1.4351965489043732,1.4826431997324143,1.4998881497986958,1.4253832528823864,1.5261755037037386,1.4495349612435637,1.4281303264518204,1.3204929843570412,1.3284658410338919,1.1531919180014345,1.2349949397835958,1.1425877842652719,1.0476388033109105,0.8727223093055987,0.6812185646772639,0.46066399530195085,0.5462287805136946,0.31165800791281145,0.27233344641775253
6.82,-0.005985783229808979,0.15862801978332836,0.41536685782260513,0.5422647069835007,0.6628183482748073,0.8612349588009793,0.9578668370382866,1.1467484690696679,1.1826437913836716,1.261565953807242,1.2886495292973885,1.3635395771854077,1.4201539997340131,1.452106773114919,1.4981178019279477,1.446205147904393,1.4365258278689106,1.4408467541729817,1.4810365659900062,1.434949137130821,1.415827610551101,1.3413593823866514,1.2324586943154006,1.2811390901876902,1.122889593787373,1.0813788226943806,0.9079590166920836,0.6590823242855073,0.43152538723596506,0.44352180731739016,0.29377326182147817,0.23440806061896663
6.83,-0.024091881466288684,0.07876314165656548,0.3471250925653544,0.5104780099263488,0.6429917640986882,0.8096346079968035,0.8768113332720887,1.1103453395594391,1.1838522425584703,1.2216378062276008,1.267571703002119,1.3563482535830182,1.3785277227167525,1.4321532366632983,1.4370075290925837,1.4488509003640946,1.4209745302405534,1.4805713212562583,1.4508294292493065,1.348884104342486,1.3773190074794648,1.3255722067693407,1.199630267250022,1.3003118656645203,1.1810152355653953,1.0627978019612117,0.9277536482178614,0.7235683426912787,0.49417124534724605,0.4974369817435841,0.2510745648354179,0.25748469876216495
6.84,-0.016235444110940307,0.1534572199861082,0.3898207426683585,0.539670147912707,0.6700980077727352,0.8321570459812181,0.9720529060308898,1.1010262420389048,1.2231638062385601,1.2570841444307632,1.2449144120646307,1.3832006719518553,1.3986565675562208,1.4370136993737725,1.5004956031455803,1.488034067942274,1.4596819740653335,1.4629514364581457,1.3963468736173454,1.4504227036979507,1.3732568052874552,1.3186074195300996,1.2134065868986421,1.3346849776077956,1.1349220503661146,1.0042855076375328,0.9424555919593038,0.6126791532393402,0.49616446570641565,0.5198079015432836,0.2857754846108338,0.2141822621757709
6.85,0.006473505936805363,0.19932368282910862,0.4031719850307177,0.5110238521742332,0.6261088392051183,0.7590232008268871,0.886332888801938,1.0970091098227286,1.2324649612551022,1.2164229665552158,1.2746109564266062,1.3886296031253378,1.4216293001300362,1.464493328460554,1.5197396266626637,1.4270612652161712,1.4368718971476597,1.4737638929944843,1.451281794032861,1.404615661855057,1.3724909625510702,1.3205632797723865,1.1802927370741305,1.2786022738564955,1.1824754964052218,1.0298442772016119,0.9196011452768709,0.5703581029073354,0.5224639074961402,0.46274367342716044,0.25044484686089263,0.1949612580768226
6.859999999999999,0.025585588842308535,0.1158775601179512,0.4303766862981121,0.5511582947107189,0.6339393076587148,0.8696669041642149,0.9017226447600509,1.1117646082096764,1.1189507520632478,1.1935128600979614,1.2089466868428402,1.353247196896391,1.3713965313034329,1.4458579270706726,1.5194208691514448,1.4546216756716526,1.5299776245673369,1.4184868632442071,1.3900670893552869,1.382437630986622,1.3698008396184194,1.3009367145175288,1.1691081405557482,1.3049947376038387,1.169056541271132,0.969901191349608,0.8140426343244859,0.5736307626404765,0.49467004762538147,0.5520871241552319,0.3102178536794727,0.2219035999437787
6.870000000000001,0.05043513399703339,0.18161250777947677,0.45232953051701824,0.5517303828167108,0.6572964086125122,0.7702703830528129,0.9240607858193457,1.0567753232141235,1.1364363955956485,1.251680649765231,1.2546288065185278,1.3167039820497775,1.3911953342606986,1.4013774974425277,1.5185674852261142,1.539578502619749,1.4733637438986928,1.4625114382295972,1.4635611829497277,1.396264083662415,1.388310305502898,1.3618231036757797,1.2474274285282185,1.3481722410923802,1.1552883872850885,1.024831665707184,0.8901790845710855,0.6526330422967562,0.4692475694570455,0.5554004451008373,0.3078439823380431,0.17962431958172081
6.880000000000001,0.02954930734298067,0.17420229001161636,0.4620974521210362,0.5220540864186679,0.6023285092427813,0.8045863792035655,0.8976971575215434,1.1350863419611155,1.153535041457081,1.2273491180404223,1.27109233555255,1.3333244302075702,1.3639349974664974,1.4391521559734155,1.458497721819326,1.4745999216495318,1.453805145318698,1.472007925298697,1.444049723204194,1.3659605734979037,1.3602732903712267,1.3089025434129264,1.19669282313543,1.2843805884644381,1.1809183520011244,0.9642922446236459,0.8074715780554248,0.6432225112560368,0.5200242814643485,0.5626378519187576,0.3289631236432959,0.20124196342104334
6.890000000000001,0.05570333177695662,0.16355604319851946,0.45788415683868094,0.5159477902013334,0.624269326783257,0.798543748744491,0.8910026744517009,1.09159741306516,1.1357264975648953,1.1771159783128564,1.2245948220764284,1.3263199511384274,1.3791064014631045,1.4159641984804059,1.4849935755355188,1.527249423163305,1.4959092671730039,1.5342446985017901,1.3803894921554614,1.417819971886046,1.3555124660691502,1.2879539726114684,1.2375184411688853,1.3152731604368892,1.2082835712948845,0.9116682326366715,0.7932684376247991,0.5805123484909335,0.5484693392115354,0.5490845829995938,0.26787455115972725,0.20659744040310357
6.9,0.1596388485149778,0.21149305920152073,0.4932311892344936,0.5594147782210832,0.6407261726108182,0.813471536234917,0.8565781097318937,1.1132789813841664,1.1579040463834982,1.2124986453530113,1.250571763768484,1.2961037661374928,1.4410158167002909,1.4058702382543748,1.415345329726978,1.5060376054881714,1.4896473460123962,1.4827383052860688,1.4462315524316858,1.4079237421846054,1.3244923676018394,1.3117085039189673,1.2293121627125676,1.2382471281766134,1.1522910810460032,0.9179406168959948,0.8097329314277734,0.6030508834203936,0.5581629046276162,0.5378333203978333,0.33115657438770707,0.17383713287566674
6.91,0.04869693394548257,0.21398815733143614,0.518266945479031,0.5333128328771999,0.5987720561104093,0.7843410859678418,0.8556886163475046,0.9924560320983493,1.0938064058623327,1.1767827816924665,1.2149570163459067,1.3093968380074335,1.3602426602077093,1.4479253555122025,1.5005548550179444,1.4197275749416458,1.4287148606829616,1.46588493034378,1.4351470395500654,1.3811819242897552,1.3521696570302677,1.326897401942288,1.1910893770591306,1.2754897346492273,1.1461966506930168,0.8674278053492742,0.7767452135020787,0.6220975064495083,0.545162919732666,0.5231158367244408,0.36640472745437125,0.1636895920091256
6.92,0.10171638643483036,0.2516694513055808,0.4622614753736235,0.49981333730280236,0.5746842054145502,0.7430293711562965,0.9115918914127811,1.0869835062628104,1.1044226313177485,1.1791931173460932,1.227329823564438,1.331414703486685,1.4226958818502957,1.4149266844929569,1.4940983377067103,1.499630659852624,1.4326011259157791,1.4815938202662922,1.4084191121616931,1.3599092983692276,1.339554335190131,1.3861647880739594,1.2534014684374568,1.2774945348896287,1.1413032714067872,0.9102658146816573,0.7911737917873278,0.678835579962664,0.5898382731970782,0.6371435530278026,0.30973746361853394,0.1479416984433613
6.93,0.09919739814442413,0.2568975686345194,0.4858778062935818,0.4574256829259206,0.5418663510551995,0.7191121587251414,0.84451609261824,1.0423098385685796,1.1246770132966502,1.1450154001523294,1.2665899959102214,1.4057013456179555,1.4762648031602692,1.4289346838741217,1.5012099738467954,1.456784291575475,1.4867089034212249,1.4798909757043237,1.4326914593730786,1.386700001609154,1.3940548762930507,1.3089710168969912,1.2796093672046025,1.3415909078937578,1.1592144495771324,0.8793996722518064,0.8192967181852195,0.6528480530735311,0.6004004211102116,0.5388687569581488,0.34425227809456627,0.1439155143870995
6.9399999999999995,0.06250880463053232,0.22111775919650148,0.46207286740668113,0.4689017014526261,0.5716763112436735,0.8608433483103648,0.9145870341300343,1.0606509402042825,1.1326964909681287,1.1591046097539688,1.306502432819295,1.3510402478666124,1.3977406116860989,1.4660616841614365,1.4876499312700247,1.5007511227326733,1.5028768512767952,1.4812310095396028,1.4299340254707458,1.3927107360064443,1.3887281431563203,1.3256065581743752,1.2426302875218778,1.3024732215770685,1.1655763459994843,0.9056007037662821,0.8092419721037264,0.6657714327654032,0.626112241697918,0.5815538549254361,0.3164258071242755,0.08441969962257631
6.950000000000001,0.16177362602523931,0.2599582732406826,0.4566789398516108,0.4317137379680705,0.5589297623467786,0.7744573939785981,0.8361728825022691,1.0060755617226653,1.0515241116372183,1.1583864510079618,1.2589620369887418,1.3628797373576658,1.4608082129121946,1.4451244351465324,1.4269655568723454,1.4859670504549556,1.4625436381842212,1.5117428001642563,1.4424121687092646,1.400115727540508,1.3966208093458716,1.3159008055176618,1.1927164899883729,1.281332032743365,1.18734809683226,0.8756594896488802,0.7825350846244885,0.7276141552543378,0.5948794193208371,0.6057903028124089,0.4127764421524376,0.15056808215915593
6.960000000000001,0.17595869457800897,0.2454526631137941,0.4847174234408729,0.4773143934433988,0.560666364197489,0.7055747853843664,0.8506376004659696,0.9953051973438425,1.1192062152576954,1.1847409450305224,1.2984080518359427,1.3288476921667247,1.3948150409591666,1.4912976203441908,1.4357350356798808,1.4297137888228575,1.4448308565199166,1.486605080563114,1.4387985972115849,1.4308706481764975,1.3761930593757552,1.3158777826805692,1.1742761567565776,1.2362292711632406,1.1945123927854662,0.8885707060835825,0.822156233524196,0.7078550176218388,0.5966932117547743,0.5962007568310597,0.34051268958182596,0.12103779262894829
6.970000000000001,0.1635943681730485,0.2799301988738519,0.48385779785817273,0.4629030221026103,0.5586704653426146,0.6797725085732436,0.862632704559328,0.9679386474232844,1.0987001808675343,1.1168760254074421,1.285631957316073,1.387888406703659,1.4346894280716866,1.446911615713963,1.4465555630647702,1.5325753850125359,1.4908734823136025,1.5046734086083329,1.4430649908049693,1.412312168667943,1.3236686983471484,1.331401209700654,1.2021917224333152,1.2178750650725199,1.1636718476520207,0.9536418648440461,0.8030507397098796,0.7764021227934534,0.7207832101865601,0.6205219264576451,0.405084849000584,0.15919218598755885
6.98,0.1393492831772591,0.27212226331752365,0.4445252438224838,0.4946971663910201,0.5313005881679718,0.7074957782115715,0.9116111688211986,0.9937905300167653,1.0843722189316185,1.194062111020776,1.2861402882943511,1.3482754635703291,1.4381175500380774,1.4016225806652036,1.4091728723627148,1.4971916805480157,1.4952116728803653,1.4395580205584682,1.4338841563330664,1.410565750794096,1.3137208901137463,1.2701356992247719,1.2581195554658777,1.2250275102495918,1.2215802972333996,0.8860939106136173,0.7239026161584525,0.7151858650958958,0.7188700023389417,0.6720830704606532,0.3837795071219682,0.08417944429248836
6.99,0.09817793355364789,0.29408624542628675,0.45038680932923686,0.42011550153013766,0.5817700014516524,0.7238296175248756,0.8887681838732082,0.9639818673179706,1.1158120070839133,1.1951637022302954,1.2623475742212762,1.3518140297648387,1.3684195689762981,1.4772336664875003,1.4780957100727057,1.529288190940552,1.4828315679739439,1.471883047275435,1.5123741982104375,1.3575831875585986,1.2849951485184734,1.2701003256734873,1.262670688122233,1.2352637998189526,1.2171325868382021,0.905190392036951,0.7773776653361103,0.8526584129120723,0.7341140665017151,0.6650668015542124,0.4503954839678394,0.03612087521394654
7.0,0.11906758929493516,0.31445466796198024,0.5123503312037806,0.39949442501145177,0.489822562533873,0.7290327127704731,0.8437490613427613,0.9236641105723348,1.112049867830442,1.1875193848857166,1.2547393925092625,1.3444567752730119,1.3967133201206574,1.4363760275933837,1.4611480543978728,1.52691461407575,1.4593732690183887,1.4396636257995123,1.5021266736808816,1.3793061366449786,1.350521832696501,1.257944019877817,1.254373679820083,1.2353215548822174,1.1752266339463284,0.9276848799353935,0.823274096450476,0.7897650034105101,0.7773998031583637,0.6513604069505831,0.3944192532309502,0.10312292394273398
7.01,0.1800046197279547,0.26212374137518285,0.43724608891542394,0.39883268562561947,0.5743741829018969,0.7244195771373579,0.9064189861334896,1.0242444381805715,1.0804426081049214,1.188821814475537,1.2204834892782856,1.3312483415896577,1.3838779586089245,1.4457111560364821,1.451944736572376,1.4819637658902296,1.4817255735876487,1.4463986401857936,1.5068961300278951,1.4297903115969572,1.2915132471762345,1.2526355918537555,1.2424581448991217,1.2391405073795474,1.1762216936000183,0.8878777961796889,0.7328744116442679,0.8151624221645679,0.7305878679625757,0.5864256193238239,0.35909575113558007,0.12611155762340706
7.02,0.1472495239071619,0.2895756027156516,0.4523805813059673,0.36217460148840075,0.6207659022261516,0.7443654501071229,0.8424622618815966,0.9829126054397843,1.1243808843509913,1.212197869052237,1.3626633942601916,1.3331907106638996,1.432058884516405,1.453283141055002,1.5139498891717513,1.4713620180479061,1.4911018962000275,1.465341009781965,1.4298665030710096,1.3572969846685905,1.2789739146665422,1.2607472340654715,1.246290712897054,1.222431469876639,1.2145877338797848,0.9188660553168945,0.7680180230943434,0.8259648492529208,0.7125192382462966,0.668494332349444,0.44134362344611283,0.13390345855377975
7.030000000000001,0.154495751252362,0.2533657466041302,0.37560077312368395,0.3357782281066045,0.6312105566678384,0.7250801721548708,0.8723367625314008,1.0107082780765473,1.0935294823904045,1.1880002317490217,1.2654520479752867,1.3922266327821953,1.4120786404886434,1.4442247834430422,1.4938355219804258,1.5013642073081488,1.5005822883519255,1.4656672146920378,1.5074421022863937,1.4098448430303523,1.3308505622662847,1.2828815340690067,1.1888139666893407,1.1661252949229068,1.1863942925469544,0.9300452700656038,0.7596059663806839,0.8407241848439867,0.7972274058056481,0.6592931743292518,0.42630732431594626,0.1371484822207299
7.040000000000001,0.0681216191549116,0.3005170743330242,0.3890030714130698,0.3995420107547086,0.621490888554926,0.6718474633926104,0.8659859390290283,1.0088827992777776,1.1336411702125384,1.2262040345812408,1.346570105888956,1.3437481792786077,1.4719220518240237,1.4657278848404767,1.4278845315440112,1.4850098666499634,1.5169598070911248,1.4794859693475073,1.4508856321467707,1.4026410457626073,1.3447361385875671,1.2734888081854725,1.240371626949524,1.1700342653662072,1.176717006319652,0.92849923187169,0.7583715393844196,0.8228966501789643,0.8139967438477765,0.5825206182078582,0.39872680297854235,0.09658636263149309
7.050000000000001,0.1848452563342633,0.316929909481385,0.3729657913990707,0.35487313384474706,0.6541772592872658,0.6917284712126123,0.8606044505955229,1.010480763699893,1.1490307011938634,1.170912920905759,1.2862610898365634,1.3731956230556013,1.4500368669102526,1.4645859160255577,1.4699354842426255,1.4972591933509978,1.5169979198981574,1.445449243351236,1.5205102395997452,1.3371521148050227,1.3544530397627557,1.2800103229338737,1.2832555580272627,1.1749200126010402,1.1920076609001606,0.9448877269580617,0.772264561783229,0.8892472432020325,0.7951952280766695,0.6037999957015643,0.45566140089475976,0.11755364214862742
7.0600000000000005,0.06352560685089645,0.3283269382602298,0.3686470077958667,0.43741491533775173,0.6382251411596714,0.7112805723470185,0.8708671691783318,1.0181740705508016,1.1259864248804021,1.2270706596830803,1.2766108035918096,1.359349847356359,1.3871959701836685,1.444064281505997,1.4555200230470142,1.486425118904684,1.5376323742771767,1.4569256676619866,1.500394341367615,1.4322367905075106,1.3115907620921534,1.225516583312571,1.2063725094518594,1.1748207960041352,1.137385276700948,0.9800393394506072,0.7865920407278829,0.9111664217133815,0.8246596782969133,0.5929304288960876,0.44713554631056684,0.15054744365821954
7.07,0.12103684842506185,0.2908223468639894,0.32078115434095006,0.45302512227934033,0.6159131953983632,0.7200526756474811,0.8851980691687603,1.0122772933776463,1.0706442775373994,1.1722404235835333,1.2701498746641378,1.3601731272251911,1.4206268155285253,1.465391816160128,1.423888094150628,1.482124867998483,1.5050344585816071,1.4079853663051884,1.4255338500193429,1.442790175502359,1.334890369405817,1.2356398775755835,1.2009615859253415,1.1266397914492716,1.1228946693663922,0.9437872477800268,0.7855634219015407,0.8322146689042023,0.7528728559367557,0.5704872785677882,0.4923580740799842,0.10906932350750045
7.08,0.17195479624606216,0.31586590153075306,0.33227076436922287,0.47360211199461194,0.6542709426094211,0.7443155204136652,0.9468048287609585,1.0048361786905675,1.060292046457451,1.252136728139326,1.316515651624316,1.339541835075889,1.4127574162236682,1.4517196625082427,1.4877908820670376,1.5560808977362293,1.5237049393330242,1.4307229115600648,1.4092206592389696,1.4058012404990534,1.281180065084781,1.1877026002533329,1.2273942467240828,1.1916888340266243,1.1373504376453012,0.9986010174130574,0.7858976453391961,0.8473495687664432,0.8095396054185967,0.6337901652194867,0.5056857061839262,0.0816231096107921
7.09,0.1755278533844516,0.29694247505886967,0.3333392526535226,0.46438449987251046,0.6654899692052859,0.7616954644294947,0.9400412662398165,0.9976704227050518,1.022822634941437,1.2234258152088746,1.2633814375090473,1.3940305321932764,1.4241234207173148,1.4497555221109342,1.3938322895730664,1.405618577027909,1.489147672777664,1.448525535404509,1.4497351418501738,1.397643205802538,1.295095206465149,1.201474485775395,1.1908077143697622,1.1358558678351736,1.116839070988036,1.0025362828687325,0.7933324012285637,0.8353254562950833,0.800903418739736,0.6296076303037483,0.43995856165415037,0.1365643447519435
7.1,0.1867205774743766,0.30028293943160494,0.33984820949087063,0.5280157743115099,0.7285290927955096,0.734783493065331,0.8477082794816335,0.9465009430053692,1.102157184893808,1.1869872588473214,1.2897427225529594,1.3408899936257586,1.38697872954819,1.453810993361856,1.4560165364637765,1.4830253249149763,1.5260125462395944,1.443935217799098,1.4350351749997392,1.3913437414856642,1.340239416305214,1.2077519300737896,1.166760847741606,1.1280566194032282,1.1403303236450606,1.0388056186019916,0.7784804711505168,0.9306866674334081,0.7761189393012555,0.6187749608825424,0.5268634666383221,0.20321918952350626
7.109999999999999,0.170197281662301,0.354348992283863,0.3595890495263689,0.470557386690584,0.7283076753222384,0.7136724822061312,0.9050641488510233,1.016367710059184,1.1407417213166273,1.2115087935822715,1.4082550554607407,1.3647546243096236,1.4466950203115359,1.4470302905159218,1.4072620108602565,1.4385752897584723,1.484526992653882,1.4446417011661543,1.4862836571182128,1.3609153528704745,1.337340959074904,1.2302934398074605,1.1837826303430372,1.182196203404188,1.1103159002602763,1.0881833281466642,0.8178632971575684,0.9351615658097554,0.7699653119112694,0.5446476257377494,0.4994655604488412,0.17637743999565234
7.120000000000001,0.19719855746695247,0.27179835514402295,0.26657573291360054,0.5508139549390403,0.7751141481085072,0.7733544976563775,0.9359524209236184,1.042909039226058,1.106871439133581,1.2848324432708358,1.361372652977179,1.3717302986244073,1.4106603123422559,1.4844231036412492,1.4642284926076612,1.4333018272960154,1.5219859191724867,1.5107625254621702,1.4475288573542482,1.3855511285206787,1.3505734563294967,1.237258323878544,1.1608368676782048,1.126115630665033,1.1083441464686055,1.0510494524961402,0.8232108172225356,0.9103926502832055,0.7035245533613563,0.5507587436145515,0.5032839739708985,0.16538733410144002
7.130000000000001,0.13585802077031367,0.2896704002303786,0.23605764775086413,0.5219807510853126,0.7231119935066147,0.7850166280840771,0.9600921753951108,0.9729165199848635,1.1021331802479117,1.177761673883826,1.3104927081787674,1.406933666389322,1.4219184546234378,1.4765140414536626,1.4612485933495782,1.4899108480347345,1.5490317024446696,1.4625308526718108,1.5107370151976616,1.3797000031366269,1.273130478065121,1.3055369131226795,1.1420427510943405,1.1461468208067938,1.1380991059854948,1.0912848062334084,0.8533879655906416,0.8973926140566119,0.7978528031140406,0.5252657551633135,0.4502361780132128,0.17940468658283668
7.140000000000001,0.106630226771665,0.2852858616174678,0.26955180729511213,0.543220242447687,0.7147983097538366,0.7769684270885662,0.8794739919871672,1.0384997777274152,1.0994803302072205,1.2297498984985755,1.319907315287542,1.4301938362889473,1.4632466827435884,1.4558326171555482,1.420637959565428,1.4696002699960533,1.559969071032871,1.462307815242626,1.4417828468256997,1.3594334895529496,1.3560676486876542,1.247713144279893,1.220131915267945,1.09842949626619,1.087583484703494,1.1160106116336639,0.8959272277374198,0.9558461195558849,0.730039325389075,0.5403739209755194,0.5368978976725997,0.23008275687115665
7.15,0.08892959293514778,0.21631772459634338,0.26447745583709914,0.5193779614672374,0.7651646970396809,0.8489943086360163,0.9248823180302548,1.0242508463618796,1.1234443587672416,1.2344274568994698,1.2995505906168066,1.335102356123112,1.4297410407130662,1.3797386018378277,1.4796746294348408,1.44422552531342,1.5271005863668234,1.4365781253424876,1.465761641438925,1.3729604932779444,1.351432962819371,1.1918162320224108,1.195986197689456,1.145826896554803,1.0805331454790075,1.159385735108858,0.8673208036677362,0.9823147379800385,0.7402399160968658,0.44531468521522255,0.49102446174317266,0.22155033895403908
7.16,0.1161791458842996,0.2846970388725675,0.2797871827517395,0.5448903233736855,0.7466864771463027,0.8167616376477344,0.9543383781327478,1.0081072411602123,1.0723676071019215,1.2267734060685467,1.2956262923664994,1.3539849188770392,1.3960057752312787,1.4286487123756606,1.4733099749500413,1.5035264630705314,1.506472171586398,1.4330706972570755,1.4965203182805973,1.4045685217649417,1.405659463473546,1.2694437035130341,1.1954198686001765,1.1303930931345818,1.075128519059596,1.137545210265758,0.9176768052242428,0.88914515185513,0.6933330289840693,0.5098135452154083,0.5350556345352786,0.2049749063384416
7.17,0.09462370031839029,0.23423207884792605,0.2635170471039515,0.5783343946093843,0.7448834332676201,0.7619989794698635,0.9116694714688639,0.9798259130696854,1.0780259669599874,1.2501045885187796,1.3410470962136494,1.36112927754681,1.3985708250543674,1.4847242550155015,1.494455391136069,1.4152704514491725,1.5215699127647833,1.4940129027184117,1.4568653575921304,1.4040729174406423,1.4356935459376041,1.3079496341974495,1.2022320562545659,1.2097785093227615,1.0895526628067305,1.1721253726236178,0.9599789052285002,0.9460493808290842,0.6829744148928999,0.4952962799266531,0.4456643292114206,0.17539547368636899
7.18,0.09117741011130852,0.20551188801793424,0.28713972566921103,0.5653662722326117,0.7817253057993118,0.8810683950889638,0.9703347188718434,1.0271730698863915,1.1228389800765641,1.2700580010544555,1.2792965260541005,1.292371725738971,1.399900062038753,1.4583443878337148,1.4928485651614989,1.5076899090819214,1.4767201705606883,1.4575630813254201,1.4943556295018419,1.4433409874319683,1.415409158182717,1.2725885654263036,1.1212310676794548,1.1343126321152752,1.1157052448219937,1.164800783308896,0.9543883169963893,0.9674115567648981,0.6545874789477162,0.5333585330261691,0.4775757960721553,0.2594274291042027
7.1899999999999995,0.032019978448882845,0.1822406938373771,0.2530161604658919,0.5630193376973093,0.7303434659810808,0.7732172272156342,1.0052239210406406,1.0243971001874461,1.0791680783891462,1.2333444052248124,1.2508183472533116,1.3648001813763895,1.4101136162051753,1.5005459614040937,1.4545309319288966,1.4777382474623433,1.5105094911967987,1.5198377117417385,1.4769870479168317,1.4471586195410386,1.5066748918855246,1.2762271360466446,1.274125056039169,1.1103012844508429,1.099822466432209,1.1460388305657625,1.0292646317027234,0.8897580486992525,0.6658756012193793,0.533374418478666,0.46436820198530454,0.17484848203081485
7.200000000000001,0.036039176061548314,0.18155907880378794,0.21489434492351414,0.60449688459797,0.7912181623509018,0.8255677508998579,0.9423847464294106,1.011016365472871,1.123602831513078,1.2732156015371165,1.2944030628999392,1.3880428288975613,1.4144736337159278,1.4191774644049664,1.5131502143045412,1.4403377456633875,1.5275292322211467,1.4979929508988232,1.4983024891796812,1.4312556980103681,1.366474202717977,1.3295602280560461,1.213675640754498,1.1543265649108418,1.0055287733421054,1.1384662190278945,0.986228394245625,0.8508608472885791,0.6024191125107338,0.4951227373964484,0.45974719269518455,0.2658727533788611
7.210000000000001,0.06334593372905384,0.1849880832959409,0.2223566095026136,0.6265536381122939,0.8091625770117706,0.8489227127372521,0.9649107881146586,0.9621938137551569,1.1081162523529116,1.2220780973707672,1.296854966034277,1.3787903643569956,1.4029900080243138,1.4417143105038526,1.4976389226174125,1.4350852971722619,1.530427155333855,1.4693463539007536,1.5258583209556718,1.4337903529337388,1.4726960501280526,1.3373243838057198,1.277951492159829,1.1718019100278545,1.1219790739513218,1.129252040200645,1.0093579957612906,0.8043681887836108,0.6002138435170372,0.43836548400766756,0.47216355127462956,0.332404910422904
7.220000000000001,0.022146345655839617,0.1600401032805543,0.23910140716608808,0.6175139544682939,0.7489575398632057,0.9350874436351257,0.9715247138206328,1.0502287055958293,1.0525144903350763,1.24032153918645,1.3546791825048667,1.37346721808479,1.391508733817227,1.463043448903034,1.4624000323833226,1.4762130510104148,1.4481976478296334,1.4830459277995873,1.5000504477353074,1.5063801088904423,1.5184801588752774,1.2892098963501792,1.2606852196903,1.1267803271092072,0.9710085908766958,1.1440160338815517,1.0311717387018553,0.7681374011602516,0.516056451233403,0.42949420781633313,0.3780946358033417,0.2384462283815936
7.23,0.039019361842128196,0.16155945754501444,0.2752725181717808,0.5994875706099373,0.715514638747945,0.8478863126058115,0.98952509747413,0.9845831281003398,1.1421656586837619,1.2233625835825896,1.315104404118797,1.3675712121716852,1.50087690858261,1.4621648290635292,1.4887510529555008,1.4574043545700082,1.472416984750527,1.4981342641428637,1.5120298492462776,1.4695669468955408,1.4488376348134857,1.3651557771581877,1.2775900004388083,1.1803804246040075,1.052774108003196,1.1476809124529577,1.0539574600762858,0.7807049105645276,0.5470195129257143,0.3763705526509645,0.3498230718087899,0.2766859361381881
7.24,-0.004639998929160526,0.1088618014010059,0.18568426323429063,0.5701273061716089,0.6939122989750194,0.8536617273147813,1.027109404251949,0.9883631388861885,1.118846873326862,1.2066092784935825,1.2776747190627267,1.3428679564240669,1.4252369091612689,1.4439461935447522,1.483266808081209,1.4793510776811443,1.4543339144460323,1.4667107848824121,1.4689710995693412,1.4504816046955513,1.3573337724297445,1.3104893705479146,1.306860117547274,1.1496230355907084,1.059653727967007,1.106717175675422,1.0172234217650833,0.7490402066033649,0.4595447297166234,0.3898416205530079,0.3626385329014063,0.2724671707124361
7.25,0.04640610067756712,0.1411278409418142,0.17797500434703528,0.5857120783193986,0.6880169414219084,0.8254781379510483,1.0029740502728002,1.054728489860917,1.1075759517885833,1.201705247721908,1.2975122749355799,1.3925465026271207,1.3956950087405247,1.4671931734456192,1.5031314063703094,1.4619478831065482,1.4838332592757493,1.4535717902403054,1.5476187300628266,1.4862857717324458,1.466238536589676,1.3771140983953598,1.3157483010562383,1.154512743565842,0.9913759124024316,1.0858299387820767,1.053527109534023,0.7630735943582962,0.5148140745873638,0.3723784712603181,0.2742143720855329,0.2637977318230868
7.26,0.05726635624183092,0.11303310569470665,0.22976643860888943,0.5936488702514526,0.7484935469400501,0.8668559513003762,0.9276323683616587,1.0423089298784585,1.1601138588659472,1.2236191186355951,1.3447056141351628,1.4162631634260756,1.3967439882896155,1.4873594901475458,1.4940599746131744,1.4590884583234358,1.5266353192627895,1.5315823577251524,1.5085019805931137,1.4541066831688307,1.46863716152934,1.3437992062137465,1.2590477356455498,1.1235936525773333,0.978896429421219,1.0336270122400741,1.0312345835475116,0.677731345489449,0.43252624683845,0.38530143449274035,0.3502190742760813,0.24723892781413992
7.27,0.07014609805862011,0.18375624423293316,0.25342343962622255,0.6222338987840214,0.6934951716255087,0.8432033111261691,0.9504795982889378,1.0230581877938159,1.1390929016664426,1.1544592393723625,1.2460272234262206,1.3376851569767179,1.4264604014744808,1.5017179590309833,1.4390967122146903,1.492087230885501,1.526194978509682,1.4932323416610689,1.4879956438445199,1.4697632507636977,1.4819109701102744,1.402948726318152,1.3521217119663702,1.1562282091447047,1.0138422990056075,1.0676094979906194,0.9933504295928618,0.6692398539139918,0.47599427080103823,0.33622697203577545,0.2669428621077209,0.30175315401473823
7.280000000000001,0.0020626219398129832,0.11959602894767284,0.28349405684053197,0.5803505621249836,0.6226813257498054,0.8948221916518365,0.9256591166695213,1.059199710298668,1.1195446568646408,1.2327826273871993,1.314786087492558,1.3714092845453547,1.4273725194480942,1.4463993435249962,1.5248210496095758,1.523264834598954,1.5390865024459033,1.4411482899452799,1.4757973502629487,1.5105454503241018,1.4461079090385465,1.3733863634827752,1.3416843580152975,1.1670683797039718,0.9867026245428359,1.0411978781532234,0.9819118853970917,0.6024088926364544,0.4579389398697708,0.3665278545896903,0.21336216809094957,0.23319507278040627
7.290000000000001,0.02482822405019567,0.18778137924579494,0.3120084454420944,0.609686714660691,0.6445017491028693,0.8413614397726418,0.9300784299939839,1.0375389293310706,1.1144974261730607,1.2207889944248187,1.2966175540606957,1.3124771258083303,1.4347591913709465,1.4904310550024715,1.454199627409751,1.4308035515375004,1.5186073431274572,1.4804163314047696,1.4942478227583293,1.4421982852713673,1.5010576091407286,1.3834053159784065,1.3547490674160216,1.162065046282233,1.0535128209068019,1.0108053008305289,1.0395055692580781,0.6281086555754082,0.4648291190861417,0.30842204573095944,0.20811582004370552,0.2719365901832396
7.300000000000001,0.025466854494960774,0.22040262247014833,0.317533549624129,0.5651780987810288,0.6354150942744808,0.8376164353981724,0.9598328086291562,1.0353020322189912,1.1363188493684184,1.1987425075897093,1.267542644022341,1.3783203426551631,1.3989369797718663,1.4686070619267189,1.5097998358155833,1.5609607209454206,1.5029828708511512,1.5405847103469432,1.4181691660921871,1.4604331996868298,1.4790299289874522,1.3864870371994586,1.3487105402574613,1.181094749935635,1.011227087193912,1.0166931338868879,1.0462886167591805,0.6257859456037501,0.4475171455096012,0.33153316196863564,0.24615590996915804,0.3122306634212247
7.3100000000000005,0.006884988184297787,0.17020622833598598,0.26411271574442513,0.5708202691055317,0.6169233010755111,0.8780638745669563,0.8937385350623045,0.9865957979787382,1.1507103829739078,1.1919545454841485,1.3162968711634417,1.3664762543022584,1.4107959939208667,1.5365226502747282,1.4750746461116802,1.5249442464647378,1.5519920770861133,1.4885002595063188,1.517148774460373,1.4777336056138517,1.460273543468007,1.3537789275291248,1.3586818160421779,1.2672719550752305,1.0743860956969882,1.0272244969886608,0.9542751401440253,0.6847549463517284,0.443824396221176,0.36459297388449885,0.2054995572853249,0.29679699289326195
7.32,0.026698727076430805,0.15368682695921557,0.3669849781175722,0.5735518698695647,0.6139306333268033,0.903442278276829,0.90232714273632,1.0559895934525043,1.1346825858259078,1.209778201549071,1.2507267316044606,1.2674573753574063,1.3659817164959882,1.4490234862977363,1.4838359359556648,1.5049416286469826,1.5217525230135616,1.494778253421981,1.479654907310624,1.478761065063385,1.4729460808087618,1.3115168540961073,1.3469050294331022,1.1607621978692706,0.9981040642635821,1.0280275697409813,1.0494463711712554,0.6262275612953616,0.4431956288938151,0.3745258832062609,0.2071952194226834,0.28618688473895076
7.33,0.02599383448714939,0.15048794199108176,0.38994822591039424,0.5526272540636534,0.6612766575209915,0.8881259927144807,0.9381149838460818,1.0792456941753061,1.1492682454513237,1.2307730200797296,1.3331452305619649,1.4094845127075994,1.4193695958651782,1.4731031810249122,1.4425758945414484,1.5635646667219667,1.5019486212008661,1.4603626732970671,1.4823821267755468,1.4110950149666455,1.4252985726913945,1.3066874442783414,1.3269905668965536,1.2359809232500472,1.0458811051075332,0.9480213747765472,1.0103063662560625,0.6325861977919667,0.47166379051280033,0.36770634614461706,0.19236858361900266,0.3131299641676345
7.34,0.04612978033398667,0.22298343875734913,0.35599809338213834,0.5667580785498255,0.5345435497476272,0.8116126531910373,0.8992431454411832,1.1059881059919583,1.1501765567661,1.1821543130322434,1.3081094407985938,1.3469257927028901,1.3503105339585046,1.4403155486133952,1.499761170645529,1.4898569099041494,1.5502510021682678,1.4393447729718079,1.559266355930682,1.484274933318741,1.406500882000534,1.3518737156569982,1.3400497874078643,1.252845515696619,1.031445100987841,0.9554182639295836,0.9815899125091646,0.630297865766043,0.5129065954449168,0.45511436551727885,0.1878465032741219,0.2864463851582613
7.35,0.021917211518077913,0.20665457746678936,0.38056700173464936,0.5563576051209693,0.626138805443554,0.83673884287854,0.9458117131056752,1.0494422379743344,1.2079328984156616,1.2062050015481094,1.3504819767046337,1.3761158233872979,1.4141091803622061,1.434380795507671,1.5144903991478753,1.543244317552817,1.5103985718503783,1.4136571699314797,1.5781286732650692,1.5057906693564622,1.4221137318704242,1.3634347805864937,1.3573232544855836,1.2944913552088682,1.078246210484434,0.9660236052244958,0.9381229904218259,0.6586195022299784,0.5519624668224561,0.43545034926285764,0.19102268521656343,0.2924643636576416
7.359999999999999,0.06263233191363374,0.18542025651825106,0.43845246163731494,0.5492902061072314,0.5458098605572561,0.8153149654880895,0.8503003985129166,1.0739220254868695,1.1513042796823163,1.2196424897567084,1.2755981563639733,1.3765783716654196,1.3972936104967049,1.4165317834594362,1.513256018011064,1.4997082474344414,1.5418262754691836,1.4807441461683488,1.509424440977092,1.4636808503818233,1.4575627418142882,1.3921442596314322,1.3678442212030897,1.2647191828645996,1.1043915243650761,0.9761733547238334,1.0545889888863789,0.631318475159544,0.5394987338559484,0.4419227571749459,0.1815320502337915,0.3171280991856106
7.370000000000001,-0.02143403070491063,0.1991006788061218,0.4030061036993427,0.5749924407298322,0.5816176794718383,0.7905266286569429,0.8444057020966869,1.017678075501509,1.1432823163669865,1.21734540675064,1.261510484864374,1.3554999552830498,1.4148949230959438,1.4724346573808234,1.4836805539563387,1.4865576283076445,1.4806585878166225,1.508881120721242,1.5302858571273934,1.4971784309020264,1.452925594886971,1.3092872320172633,1.3349494742939876,1.2596389000722539,1.1282294555223509,1.005780995330105,1.060730328926706,0.7619008545887371,0.5776908858349645,0.47829871099826315,0.22817415555895268,0.26542076244032753
7.380000000000001,0.04828049569428187,0.13355558433336537,0.4138628631059667,0.4870432449014118,0.5517411179015226,0.7996425179745092,0.8338654371260384,1.02222983455273,1.120499740386589,1.1861783252561382,1.329365677834443,1.3794775047799683,1.4612319852907834,1.4865380293677841,1.5542459147417198,1.492240773772578,1.4673241843555371,1.463032213261278,1.47002115503958,1.4460030340542522,1.4300995953335072,1.3523045737016093,1.3106285423326793,1.2942322834572475,1.178294265120649,1.0166203306213586,0.9507285113497872,0.7080427236919087,0.6773583438468513,0.46619938650632753,0.252383133258497,0.29048686881696734
7.390000000000001,-0.008599072725896741,0.15134875902820624,0.3342984719451202,0.47808432555433183,0.5917048470659596,0.7967338317871129,0.8480150153669944,1.0317766859724171,1.1792038168287835,1.175750603616936,1.3604999844674985,1.3904391982880258,1.4270143776854867,1.4523508933525888,1.4744599741980229,1.5046097040957882,1.494424570002762,1.518026780887535,1.5135438516337942,1.4867917716840304,1.438365177136275,1.336552098597509,1.3414050871411496,1.2949559606391796,1.1740258546152553,0.9863665837097189,0.9741967190723463,0.6988505584774213,0.7050851523351358,0.5565314946118716,0.2420034441688067,0.24687962428202148
7.4,-0.010698487527303109,0.12645710543619618,0.3886067909468391,0.3592765951171438,0.5330926567988153,0.7460206023635242,0.8333896352752415,1.011238090723652,1.1485147636376973,1.1607102233249125,1.2611641530772866,1.309281761877107,1.3994306826970881,1.5031716915248072,1.4841303711607607,1.5666488645367649,1.5380192706784495,1.5590708514334986,1.5357584264612707,1.464269124812747,1.4140699562606716,1.3899349359199848,1.3398653612046663,1.3781557873974666,1.2092443814006242,0.9477985402337149,0.9871038998596328,0.7033992093023016,0.6658823193138114,0.5477615109410263,0.287760616505281,0.2778010910670906
7.41,0.005682170826261648,0.18436367908733547,0.4024666594527773,0.40583572461391776,0.49434396015458015,0.741686456340532,0.7829593427956748,1.0649854724438181,1.1548033500469375,1.2139648560633518,1.2805020321002296,1.3721168287344705,1.3935351228512205,1.4779117341293684,1.5350695267764891,1.4913571428440813,1.482926519654792,1.4440715791154743,1.4936049851721596,1.5120209825861743,1.4894303801797484,1.3649231719264188,1.282989526843403,1.340065265212979,1.2354525413715027,1.0348170502356444,0.9516839338773566,0.7909239681768643,0.7636704256225512,0.5968168269273972,0.3567162943039224,0.2305719866480827
7.42,-0.04738770342552005,0.11781475564152033,0.34902825001325855,0.3226383919209688,0.5249950742525199,0.7586985120264513,0.9062390042931492,1.060677135823674,1.1512346916433123,1.1840323887389241,1.3302093268386483,1.3790118075363202,1.382197034683298,1.4707421593375716,1.5175963450961483,1.482209479368937,1.4993857544700937,1.4851852579391525,1.4304174523004218,1.4447049061118837,1.448421749811189,1.409131388233818,1.2897445463077422,1.343242567039793,1.2760590188426364,0.9878053545641831,0.9459975982914417,0.7793073446669874,0.7498637006846035,0.6184656010366758,0.30025342870124,0.2719584472347905
7.43,-0.06605871065627636,0.13561905695157195,0.44946279518545834,0.4167853655589925,0.5786188128277269,0.7123320881094294,0.8047369512584148,1.0579292266111708,1.1816658453046807,1.1750847412288876,1.318674386760895,1.4141815806541427,1.4022159062035495,1.4109722493324348,1.4744071011629187,1.4666208775678529,1.509164241086652,1.5254872445268772,1.5414641075908055,1.4223128491601997,1.4738827386211564,1.336193500193348,1.3329630765229916,1.3244685493278194,1.2561288285877068,0.9716774911215399,0.9309867936953581,0.8567152941650351,0.7356292180750823,0.5653151002637541,0.3221235387342224,0.19675800103390922
7.4399999999999995,-0.09095980512684768,0.13277405520616625,0.44067179114032456,0.4247429051620922,0.6109136788774446,0.697812767457605,0.8081350033791157,1.0483361347629532,1.1560986373560014,1.1717452901309255,1.3319009056281477,1.3181356839234737,1.440006938614851,1.4690405138408307,1.4875079048106903,1.5289040860877106,1.4938734089109325,1.4848393850358346,1.5007311012523905,1.5109013325529483,1.423670165151396,1.3860302898444035,1.3602132559102926,1.3122579271416357,1.2656278862037773,0.9467323849593304,0.9982186332685469,0.8860662141126194,0.7282711641912492,0.7087067932111557,0.37316864043973114,0.11017269480218947
7.450000000000001,-0.04133381507673813,0.09660879840188258,0.36545282485842423,0.37899033607363286,0.5938393992097386,0.7185843254709265,0.8471046071118645,1.0683145611930178,1.1873748462176574,1.187681363464518,1.299921619965733,1.4160171564241004,1.4344313645705744,1.4633469224296307,1.4944860925925634,1.5024820381770136,1.5165333438084327,1.5191459928257198,1.5077042374746021,1.4789700022857966,1.4721740769681835,1.3700906771984858,1.330390317791301,1.3080557484241013,1.2340568502158853,0.970267763893313,0.9996620587026287,0.8263078516284547,0.7350754644883405,0.6421027943797029,0.35884836011165755,0.16725061871960273
7.460000000000001,-0.01029420647642685,0.077103357903008,0.3792114851718394,0.35057969936182676,0.6312068172141054,0.6876132489734742,0.8426291779028428,1.1240624533351582,1.2217586258722462,1.1636483590953748,1.2505367312582512,1.4044527893500005,1.4089491490955794,1.4521757004250562,1.41600876056802,1.4614978519256385,1.490200177805127,1.4881350370261293,1.5321911025676902,1.5311978484506825,1.4786551627785154,1.405503170801626,1.3531933039135424,1.3073389467930918,1.3012160070487093,0.9470242409976235,0.9451941913919922,0.825718770902615,0.7819268493531224,0.6574842425776734,0.4220622477057902,0.16236886901644298
7.470000000000001,-0.09360456008807974,0.03526104505378363,0.36631117522596884,0.3797702456388981,0.5529927962639376,0.6698909392594333,0.8669495799348729,1.085261214837317,1.1562121915761034,1.2456533608550655,1.3345641108031507,1.4130382748983301,1.4572585656142514,1.435025566146246,1.5203860540220655,1.5398708363706957,1.509885816257551,1.4833197167140317,1.5152389232758374,1.5053413533429643,1.4512232405345191,1.41920341540607,1.3029541935530509,1.2964983316776677,1.2530819253665564,0.9890186936496005,0.9432950688013079,0.8966820206357209,0.7607949011410238,0.718494364262226,0.4139413644961951,0.06856322781206246
7.48,-0.17408809683532056,0.023732435213857386,0.3387601170052055,0.38858635229214233,0.6156749902815289,0.6884580959327031,0.8785111700301147,1.1090432521771887,1.1475404504834275,1.1196406199403548,1.2581145885924256,1.3613459364418838,1.4162292924140953,1.4624943329674134,1.4825305679846745,1.5037792728874875,1.4975607922800955,1.5266891908143494,1.5062235281139595,1.4558412038210893,1.4258227074386485,1.2996551123037254,1.3063641664163672,1.2335767421564532,1.27170785691443,1.0291751475431437,0.9073053791750105,0.8167115800167365,0.7894529770720199,0.67694923229353,0.37245286656915616,0.03778611589214282
7.49,-0.1723511208825952,0.06537164497308048,0.44181972351964766,0.3807745981736657,0.5523561395906933,0.6899660639332489,0.8757442663969554,1.0824837938459166,1.1814778710816796,1.1690514562741456,1.278570169858905,1.343800012185113,1.4077600740566774,1.4657795917822138,1.4489786147994794,1.4635684363722505,1.5004986070748816,1.4946420718685698,1.4979641375890078,1.5061841231374733,1.4248197068818222,1.4117680414933096,1.4089140855294853,1.2725738160336757,1.2254439134329276,0.9479251074646804,0.9555064821296029,0.8465850108958749,0.7065705462346379,0.6907215493015016,0.41968096096144564,0.07456820602943279
7.5,-0.10734209193203421,0.05543892632184795,0.39032982785706727,0.3998551057144845,0.652882468898175,0.6544479986460547,0.8562965100561144,1.1200203978232257,1.2217801464768425,1.2255659431113122,1.387550427440991,1.3385885369243526,1.3934784833019045,1.4771459036322048,1.5041608846131844,1.5093588515695453,1.4971181999384413,1.5053326700584995,1.5237612808334662,1.4532911313293053,1.4451113171051353,1.4744281800651162,1.3922720792783747,1.2346294564564395,1.2383962339028978,1.0039193087042313,0.9333723075950167,0.8236211913383535,0.73298853034097,0.7139900802101539,0.4517580684449678,0.0496655944675162
7.51,-0.15384658019094058,0.00956094498245728,0.40546279967201315,0.4140385003564856,0.6747671455961868,0.6862073423539895,0.8838025862809346,1.0805927523550218,1.1288412464427386,1.2666890240502164,1.3326510149383084,1.3162874784214913,1.3911585517204768,1.4246215750591862,1.503508608561932,1.513404903861143,1.5030129070476197,1.5712135353216774,1.555075729457662,1.4108468454573475,1.430317779298237,1.3905327932564142,1.3622314092985892,1.268883534084623,1.2331592851160385,0.9643538938631915,0.9318984986002516,0.8209147081941555,0.7678355486581884,0.6609572841616368,0.4729165635146542,0.011827971175521961
7.52,-0.1362775146390374,0.01238867297360983,0.40068423979781226,0.4281817545230183,0.6853078145631571,0.770788787190551,0.899790382236308,1.1013380220735702,1.1989815495359009,1.1750491139539803,1.2445919521035957,1.3611212961995074,1.428957216386233,1.403149099322381,1.517755431716642,1.539457051245219,1.5222843408057125,1.4975289748113894,1.510081558935433,1.490391380183707,1.433989205187398,1.398341870305005,1.3847787935366833,1.2517104828833547,1.2264485821850317,0.9679066330871942,0.9446912298422909,0.869150827204846,0.7880998763507487,0.6851876959350321,0.4634515314803132,0.003907613884380403
7.530000000000001,-0.1402963326491549,0.018424357699203472,0.41470835164716896,0.43484609343748554,0.6390713237171503,0.6963305829477728,0.9497963992843513,1.0770257712665272,1.151183967488785,1.306577609495468,1.3036918015246992,1.3639121261110914,1.406389130666038,1.428516927781595,1.5291169442005104,1.4878326939558106,1.5051333228375754,1.5556287450206518,1.44825990716243,1.5091091322186185,1.3795698537574972,1.4502155113797208,1.396714326197148,1.213686653553966,1.235177083178716,0.9588565098115389,0.939076398588696,0.8525256171662228,0.7367980137072184,0.6705815885827177,0.5172296790927443,0.055576049730384255
7.540000000000001,-0.15235470508298357,0.02146885347788418,0.40622131591762056,0.41924133453835566,0.7597688509574041,0.7092343218775049,0.8756347033576725,1.0596650178191387,1.1804453745278984,1.187405207639049,1.2917615293266356,1.388930748853241,1.4089714348314797,1.4265851091468518,1.455175377999859,1.512460260310912,1.4415468284999002,1.5520457800171543,1.4798955179867697,1.4930912248394081,1.4390732226021654,1.3990941070603415,1.3866845876807503,1.2154713980156366,1.235436354317639,0.9835450660308432,0.8497308210805421,0.9078747830515848,0.7417951724797183,0.6739311667066767,0.4791220773787985,0.034850890544783804
7.550000000000001,-0.15296441974557654,0.021797636777554315,0.4214911395453143,0.5567151650426774,0.7311091031464757,0.7746642239625017,0.9376452271163247,1.017788957329577,1.1525457232119478,1.2321333795053075,1.2856625667370267,1.3254158045469184,1.453140183450232,1.4761305632344708,1.516021826407035,1.5452144063990059,1.5154629546255352,1.4989578590544044,1.5200861601605458,1.4446814902477823,1.3685206955121936,1.4281042530189816,1.2776677629048587,1.117663939785607,1.099377612817094,0.9940771110515265,0.9171103311296539,0.8917949566651052,0.742921467484369,0.5788780709286734,0.531466946523237,0.029546933868585083
7.5600000000000005,-0.1073274449021062,0.07015383553297011,0.3972180922271561,0.5355977952402531,0.6785046048165274,0.7177998689038115,0.918283968604171,1.0655492928463424,1.1401109038609079,1.2739771614118758,1.3235797381116408,1.262552716928618,1.45865488632016,1.5232548508324506,1.4861448309588436,1.469500991025006,1.4863160411656,1.5110699123469007,1.4931045238565406,1.4983213589792697,1.3695954143028297,1.4099203511904967,1.3236614760166958,1.1135596388925302,1.0669592265967909,0.9263573145254991,0.9066799077641616,0.90674763167051,0.7212766735488251,0.5715345636050779,0.4619798284825308,-0.009716243731632988
7.57,-0.10933260580737444,0.08281768195580877,0.38869477739374136,0.5233645734659045,0.7360278221280165,0.8238574920954408,1.0140073968517749,1.056464991763251,1.1658430003979459,1.225140957283061,1.2671857455398856,1.3452402632700693,1.3927177962572064,1.457224825586581,1.4695952129585486,1.4684966808389082,1.4537728142348487,1.4774993977927482,1.4108862394628394,1.444323030966653,1.3546931078672415,1.446043531826502,1.3504640009612068,1.1685902698773392,1.1918303236999999,1.0326508187907444,0.8317461552413398,0.858701430470811,0.7182478592351358,0.5964387309756923,0.4994717085402126,0.002923051834144226
7.58,-0.09212888339416989,0.02763805706189229,0.43230381119532935,0.5237610135153299,0.6798325131651313,0.780186236455689,0.9774102616995161,1.0969596655690088,1.108613774021063,1.2335977589653346,1.2155954001925535,1.3021911019555437,1.404529041080969,1.4195050881488511,1.4407099396265364,1.4461832925494413,1.421013807223758,1.4569577423624978,1.455365752009387,1.4364766081288327,1.3331766161975744,1.4106497159574716,1.3793171936068627,1.08623464000137,1.066692893382555,1.067449024232911,0.848802395350718,0.899082701163166,0.7121786812407086,0.5697866359411887,0.47273549730821623,0.0989369587338299
7.59,-0.06171835142514474,0.06839215057147827,0.45773063769653227,0.6117910328812854,0.8112248144042791,0.8058952197721528,0.983010743958107,1.0066452998985826,1.0829733341372014,1.241749927505848,1.269484109670202,1.346903275117426,1.4285608449406386,1.4189533572385544,1.444747293130806,1.49045801256642,1.480719146060354,1.4900241350707009,1.4787863582209424,1.4367949861818503,1.3830457153016567,1.4500923208752263,1.3039359831268136,1.0916039834178748,1.0975765312364119,1.029500749737857,0.820052245491496,0.8686239952075386,0.6917141303830561,0.5026702392296338,0.510274481208539,0.10247594696791729
7.6,-0.08058638611062768,0.04091067489406066,0.4437488593952611,0.5428369802811952,0.7875802126930337,0.7724177360381621,0.9550853617024524,0.9928726864571802,1.1108149291758844,1.2272307383679812,1.2794243261848184,1.3428366951540425,1.4156289722038424,1.4814806946692995,1.469115724627757,1.4806811341617185,1.488688066465224,1.5414332865175373,1.5131600790164348,1.4831773491657778,1.399896085918875,1.384772284240199,1.4194677639590259,1.0814010741233793,1.0059488068369016,1.0084874669893495,0.8535360087146899,0.9179133846589752,0.7016906555825888,0.5597674860273575,0.49081731985378896,0.03755776581532325
7.610000000000001,-0.06351678427041516,0.15565119279912001,0.40913867488641564,0.5440523251402576,0.697125151396228,0.7588265669826113,0.9878493758012118,1.0016419968957608,1.101901699241781,1.2683079335991652,1.2686168949727343,1.3193213586303125,1.4408284113541234,1.4212130738306947,1.4794884685248668,1.5321427784475226,1.4971367172163363,1.5047430844103475,1.4541851365173997,1.4636526786159072,1.3829481635218999,1.4692907620858957,1.464626378201053,1.0946769953074433,1.0540535645841866,1.0279131570223876,0.8078827236785325,0.8750079991645332,0.7122669274278102,0.46507360350599086,0.4942675192531959,0.09604512021960351
7.620000000000001,-0.06514302261933903,0.1251377880655052,0.38595192013276747,0.5219978474842479,0.7150906816738186,0.8471878910589713,1.0087628497451806,0.9541683697382886,1.1022585363655186,1.2554727872939755,1.269648438665867,1.3519519672989804,1.41564151642482,1.4273864318979501,1.4350120853647599,1.4969437889343153,1.4763239127069512,1.4545502837303483,1.4832647577375122,1.5674250712746096,1.345246168604393,1.4011295027195552,1.3475849670140005,1.1000839247575247,1.050125765494785,0.9849620198164917,0.7842378889482712,0.8941340333818749,0.7484181880327967,0.47557149963884326,0.4204778039730273,0.14804487931974547
7.630000000000001,-0.0652530357462584,0.17549432145098154,0.40260100969437235,0.5829205223890777,0.7201913235812255,0.7969844539467251,0.9740781831354719,0.9517745919384413,1.0930576185346197,1.2515647154544327,1.2758449734541624,1.380497008844391,1.4346534432228546,1.4419920269333206,1.5377411202587703,1.5393917177011904,1.4442151846915108,1.5030411841277715,1.4335352845638247,1.4950409582084576,1.397539962411074,1.4427841515724622,1.356026361892771,1.0865223104535897,1.0335467169323418,1.0269829071030894,0.837229129529391,0.8184233515010688,0.6593910640511623,0.4536936313099835,0.462109135222714,0.1240175125961213
7.640000000000001,-0.012710727851745127,0.12292828354411021,0.4220675394168879,0.5897871765134667,0.6647147218573025,0.8272192528042068,0.96752114515587,1.0013123952634366,1.0613782088540522,1.182683981212193,1.2676964067992054,1.3459682062880782,1.3869538355412587,1.4291194570473702,1.4799878105611706,1.512170011220265,1.5071390756040282,1.5255365938459824,1.4913269799107836,1.5286751903823057,1.3606781637270196,1.409303780666266,1.3379994941609903,1.1367678897091784,1.084473652595944,1.0952452832100614,0.758775374288728,0.7869510884881133,0.681847581840167,0.39403563616894494,0.4500667713600261,0.11231815932559716
7.65,-0.06212375944259476,0.14142444667732584,0.39545531823218466,0.6259567625161021,0.7168954617409693,0.8589961275904086,0.944635417314761,0.9812226394963317,1.0574662570318565,1.3031434567033164,1.2928968025731928,1.2895720286021157,1.4003889420128002,1.430641075995545,1.5023067762218885,1.508034676700203,1.4946422018779841,1.5800075812290166,1.5131220626727258,1.5580662693315581,1.382953287133162,1.4491771112491585,1.3640885356688772,1.1348413556163799,1.029968664748366,1.084011170288834,0.8405648472661004,0.907863399253586,0.665412376490685,0.38590186607522725,0.4447454469247927,0.15332752769276645
7.66,-0.00018780821426242836,0.23931376619172184,0.34239838628705943,0.5801134918254124,0.6856629803395923,0.8241239397081428,0.9951001400763593,1.0058117124395574,1.1325652244502271,1.229424624987882,1.2735553846383787,1.3428320942780507,1.3970092959816396,1.3816879125816917,1.432326452149586,1.4835017738794016,1.462418932340301,1.5087833181918957,1.4557490733980794,1.534632592666799,1.3242171434010106,1.3611988133679587,1.3942716122193908,1.1234621914130216,1.0422079037032268,1.0998140333182802,0.853480363319009,0.821309099034028,0.669141527785385,0.4552224162702173,0.3914106829889734,0.11368216108807862
7.67,-0.024030444568842346,0.2003027937197639,0.3066680048257638,0.5853560645315681,0.6771933812557921,0.8043581810682418,0.9340598345655939,0.9377572991803373,1.0691459866502175,1.268951353330479,1.276017441705543,1.3456545160017388,1.4050532527076087,1.4689088226919957,1.461709761166924,1.488074870987011,1.5302566480888864,1.5291718314241933,1.4879913135012799,1.5132146589311493,1.3894352086865704,1.4298753168483849,1.3926698034032579,1.1023850903563008,1.0265344067189235,1.077323255544062,0.868744076826703,0.8503981003890179,0.6267262759630478,0.29041069046142,0.35558719755866963,0.15118661092386212
7.68,-0.03731292952897278,0.22668215751362852,0.35691443069211753,0.5878173162470884,0.6757335360985687,0.835533569541863,0.9416359560532619,0.9924278525374112,1.0563586626726964,1.2350147225270092,1.2943112464976212,1.343296777143036,1.4314079702709146,1.4241313229500638,1.4429708259747354,1.5081752155491943,1.486091464390223,1.4491341030839906,1.406406048142196,1.463648673886995,1.34717403785811,1.403599979287925,1.3628309131861231,1.1164315879575184,1.0098962524526347,1.1186662397424436,0.8179303157693725,0.8573078947738123,0.6357439909085771,0.36703393877166607,0.39996816703094057,0.19981854298835314
7.6899999999999995,0.06312117277951985,0.19762246420846358,0.3076498081597278,0.5714837288884802,0.7036136731332052,0.8215711676043382,0.9400430468228231,0.9820566824672622,1.06823016924882,1.2068795931414402,1.3152851644892611,1.3377161258892747,1.4165486903899152,1.5219771970818714,1.4267394196500987,1.4902966698987965,1.4892678468088363,1.5380394590068032,1.457009721834233,1.4722191707173928,1.3679102422283753,1.4275760509288073,1.3701886036467024,1.1209456991836346,1.0066720222959264,1.1144829632576823,0.8146060444376007,0.8064262003539592,0.5775539678144971,0.34157164653038014,0.3579973660101301,0.2000562905713594
7.700000000000001,0.04644061744056771,0.253404798644523,0.33172312123218783,0.5868237325230317,0.6488736866324363,0.8634773128833922,0.9756363130624247,0.985352852143431,1.1218117572270796,1.2080499011125863,1.2403706573896498,1.3705153218501172,1.4220512325907022,1.5297252856439574,1.4463757787128835,1.5319182540877985,1.505116524130198,1.5527055768758267,1.5080874792493852,1.551328723219851,1.3382092358963995,1.369160751060269,1.449481076514138,1.1006902705062525,1.0226019660229693,1.1229881575717051,0.8206211123480498,0.7713073261925268,0.6069508829533974,0.39696906200287696,0.3273157579736359,0.16913811937945988
7.710000000000001,0.09223406764370323,0.2585023109662903,0.3073683424111291,0.6262141047137465,0.7092014967260487,0.8927314102044586,0.8796235638430434,0.997884023361631,1.086820508822926,1.197643990306774,1.29494985952221,1.3352574152442074,1.4135846506537966,1.459515970402316,1.5047900099713825,1.5401425908816297,1.4923851075422214,1.5515252449924855,1.4560917411837493,1.5096161693263044,1.3127898776821976,1.3882833062756323,1.362656997343569,1.1876501682259701,1.0098809287297557,1.1262170717965327,0.8587709586292295,0.786039472348503,0.6306156795904572,0.3486073763188231,0.36284127161618696,0.23466733903812065
7.720000000000001,0.10442083607865955,0.2418472824604623,0.27871700819051803,0.5826189613500099,0.6625153343246634,0.8624438352979701,0.9422236259294333,0.9569563809596102,1.0897676698524708,1.2331745723975827,1.286798298253222,1.3152132360548154,1.4348112205563495,1.461706291266035,1.439780990456089,1.479070375526463,1.5232941917298992,1.5531909500131547,1.4592100570151738,1.4952590376490311,1.3808570025645577,1.3546046436820887,1.3751277673716245,1.1732148473410975,0.9588071747768998,1.0998279554629162,0.7931252995079107,0.7263890714189087,0.6119600468849022,0.37679132928223025,0.26175505887179323,0.2729076148266424
7.73,0.05604539149248013,0.29621506977119016,0.2999780073199604,0.5847170775087225,0.6984592409894309,0.887673423631201,0.8826510649198552,0.9966158895891047,1.069091834902846,1.2364221699100169,1.2550545638493948,1.2901560192052492,1.449214752824492,1.494647265627325,1.416397284519735,1.4708196564176697,1.4781428738971607,1.4862456002287798,1.4569684059732115,1.4709322806693987,1.3192930818794317,1.288913664837043,1.3489001733784642,1.1906580611712028,1.006761806463549,1.0813779732689093,0.8534286056410122,0.7433745994946357,0.5544304070169791,0.42457733870950076,0.30988665981209207,0.26722217852524616
7.74,0.09844582610222795,0.17792694241426404,0.22059314361693863,0.5263963714116261,0.6653015713737844,0.8438933920751032,0.8334409386638596,0.9961678122031364,1.168395469759609,1.3025165703743706,1.3427180866850073,1.409341111193947,1.4159526746459976,1.381526263798528,1.446133701946254,1.4962532459618723,1.4636103095542994,1.4505897872541962,1.5219759067012175,1.5086346100366506,1.3535951855144948,1.387285493468567,1.3395173484908096,1.2069197157642841,1.0366899277945965,1.064943293010094,0.8135135918059951,0.7247408345999398,0.5570329326885745,0.4188218468755899,0.24821243128710999,0.27217145622532907
7.75,0.1194258006245248,0.2754494324390418,0.2402661548904398,0.5477925563968569,0.7032147060911851,0.8433442760366213,0.9174489681655794,0.9774251405157532,1.1214956293132643,1.1924155247065753,1.265325126069715,1.3470086802124293,1.378459379458327,1.5018246909335287,1.4670748246309593,1.502145519911653,1.5279786690511254,1.534211387530242,1.461596576094486,1.4566276106143479,1.2775075190378546,1.2909374245896945,1.3132830988189281,1.2049685330291562,1.0448883136331322,1.0664307941052114,0.8255306209880552,0.7018538306038601,0.5656670912532675,0.3690366571240103,0.2645228933021347,0.23609550653066905
7.76,0.15403944656181962,0.3120508681208865,0.25041129013387126,0.5720589497923176,0.7058884347428153,0.8513638330392775,0.9329434663178249,1.0241554267923954,1.1129880473952165,1.276406582036485,1.2892455012909632,1.3789291841307347,1.4250189877093478,1.4583126971983231,1.4849338568446782,1.5250772851294305,1.4717219018414418,1.4942197395974262,1.4346043381720477,1.4387839688631305,1.3407209770216162,1.2963347911593295,1.363211993174959,1.1937454935975529,1.0558085372309987,1.009830980882285,0.8751563068547534,0.7650400091706576,0.6179778735492572,0.33525575276374964,0.22323334510932433,0.27540351636766125
7.77,0.1489971128335386,0.30111936585150667,0.2830019319441369,0.531538445337191,0.7258509986820171,0.8363585925558914,0.8554660923894387,0.9688120920245753,1.1278117729540047,1.2207435583173822,1.2861207977922442,1.3751334633915797,1.416165297080099,1.4455347603053177,1.5198379836109066,1.5442517038766241,1.5000036895234112,1.528412559878121,1.5096389627191447,1.4490181903726722,1.349717470809724,1.3025746045929003,1.2799218783278936,1.2302880616123204,1.0811829158531807,1.075254424680129,0.9003398003795897,0.7347962184970815,0.5134774235982035,0.40098093482531866,0.28349672164657447,0.21627557434001524
7.780000000000001,0.15712565888361346,0.38007485513908074,0.2763854436238806,0.5354870535331743,0.6580658339237205,0.7777205725510388,0.8564359853184339,0.996144894141158,1.1185738398323015,1.1861020473191248,1.2777957322842444,1.3649586183574591,1.4056618687412197,1.4643396484684668,1.437440225816919,1.5119934408769307,1.4651994354635527,1.4597887873323068,1.4669991549680144,1.482657708994068,1.3798517705811417,1.2180284207025163,1.309827193759667,1.2523353539552824,1.0832923824395528,1.049796514704623,0.877171701439624,0.6968423929573663,0.5287801693578763,0.3757916660776252,0.19128115597550727,0.2639406097800659
7.790000000000001,0.14887197955779666,0.30232719208290487,0.20286020228503981,0.43080712132284193,0.6741265063513537,0.8739107259184655,0.8639858116314152,0.9854680299269101,1.0471056076414342,1.19919876445534,1.3120425205675592,1.378302982715372,1.3583500764894114,1.4697924276713465,1.4836522058893504,1.4847060567116532,1.4365454600333742,1.4456818084963252,1.4138446433946785,1.373342703905028,1.4041084038302005,1.3411549982406943,1.2705699086457585,1.2663695420012682,1.0300593942899567,1.0719387592163516,0.8795596591820938,0.7202002903220518,0.5456835988759648,0.4321282269509844,0.22810144555258083,0.3075128193394195
7.800000000000001,0.1444782618402532,0.38800741938117056,0.2862220382488654,0.5030921336009893,0.697600727618757,0.8630784783510523,0.909664271720984,1.0168779274414799,1.0551644272835197,1.2032152206824769,1.2940896537654594,1.4100794536095653,1.4241093458215965,1.4477165517849317,1.457572432800559,1.4545028496699488,1.500006855577688,1.4027676809229124,1.4691432682269008,1.4095212595039475,1.3190667832915577,1.2827612816514404,1.2778972925703236,1.2819013930346919,1.1259736138649792,1.0968942271008035,0.9484883306033209,0.6607825724349756,0.5935250370001366,0.440737895157985,0.23562750905948332,0.3438930857890793
7.8100000000000005,0.16903154987112615,0.3155890360589668,0.28041312826664855,0.5012019848172887,0.7079123013312965,0.8515872301533184,0.8478394008171058,0.9463713791116036,1.1098239153478178,1.2365372496677864,1.2348175052060897,1.3764054676463853,1.420311460467351,1.4675840211932196,1.476238931214542,1.4171618746355237,1.5067023280409015,1.4982702850164693,1.4694355710477185,1.436427285584977,1.403975737368934,1.25360878511206,1.1864092909417892,1.2780604932777375,1.1398064950211777,1.046275857370296,0.9351781770989624,0.7148825646798042,0.575820219049717,0.44871204993500763,0.19613049180206094,0.27098935634444726
7.82,0.15692446058703713,0.2756477397380882,0.2534832550885385,0.4991965732094895,0.6800680121671472,0.8140510881540319,0.8673891418717612,0.9644674907708358,1.1492627314118438,1.2074182525231616,1.2492729491653256,1.3681105671494072,1.3779675501237252,1.4542773800996585,1.5123026291310473,1.4565802051866379,1.4784882952927858,1.4558829713585772,1.490418147078022,1.4099112518716819,1.3744552703300281,1.2200221732133794,1.2682638315913666,1.2794073616189483,1.1520057176990812,1.0405927985740624,0.9242325445824005,0.6930404296212733,0.5544407504155617,0.5272913903293475,0.2293740346399029,0.31397228917557424
7.83,0.15864755285147783,0.3316355595537444,0.25579342397315835,0.523062964951525,0.6887423282945023,0.8580879442073517,0.8887394551171581,1.0190874017057576,1.0801730253620891,1.1705211686194845,1.2465297745648516,1.3981287929165591,1.458422878114453,1.4404656434514809,1.4367107577442717,1.4750844152525127,1.4717743349663344,1.4879788196427939,1.4799314410793478,1.4451221730528256,1.4438600930366707,1.300702489493818,1.2531230993694498,1.3859776070514707,1.20929917827835,1.0652697350782314,0.9501326680766217,0.6899802182625829,0.6194445489465672,0.5587968646597854,0.28646199927960436,0.31413594163527997
7.84,0.12051020770964958,0.31576645305271156,0.33851039626221063,0.4467676632234326,0.6652039216069505,0.8000144276544652,0.8721135141311392,1.0257851102457118,1.0714630952007669,1.2503189438945594,1.2995029188286844,1.3282949590871218,1.4030519184595969,1.4246123894913114,1.468243691488029,1.4783549989245177,1.5028648914907796,1.413926777297006,1.45289449162422,1.410309714980671,1.4174683735616578,1.305532100850664,1.2772592637943991,1.2960285380658774,1.205552016479197,0.9804781852839795,1.0177659619708244,0.7414203939227402,0.5719556186444754,0.5680191342714066,0.2415784554247144,0.24762989406448663
7.85,0.1901461922943353,0.2915487600683881,0.2931870040108926,0.41547008286816295,0.6843933552662467,0.8139906058481406,0.800890492069399,0.9589920910939922,1.0861927101414615,1.1512508543356057,1.2229669123428373,1.3075800506707085,1.3662831938523567,1.4746536553455554,1.4639623232594006,1.5227766405895635,1.5238089196478053,1.4661437667802186,1.3426227388171748,1.361010582635295,1.4179822859609745,1.259079606240395,1.301041055413688,1.4051116677992617,1.2456030506077833,0.9351516727053933,1.0292200058735346,0.6881346190764968,0.5815461969980135,0.515257229688626,0.24355643518608822,0.3078425454950542
7.860000000000001,0.17648581144513992,0.2638590694413346,0.25425146554517514,0.45864330510571844,0.6067419320371139,0.8256015555586091,0.8099355428239337,0.9767363735757479,1.0908010266396349,1.2039017458363415,1.2219918077296212,1.3345654071493795,1.3829294485700594,1.4578990481249303,1.501605474502898,1.4339240438339638,1.4834325723199606,1.4393260538542934,1.3782641836919947,1.4152453184369054,1.4883424715683535,1.3426683775166972,1.2796694503804058,1.3690446333352175,1.2202099050109056,1.02973054851171,1.0850692675525022,0.7009764660762116,0.6304772173785395,0.5920529461317054,0.28434880324903866,0.2637203313137481
7.870000000000001,0.19930995742110366,0.3548870239834731,0.31136647239171455,0.45843050891395193,0.6241358006948748,0.7729603381992229,0.8706591840125126,1.0277757137340215,1.0900453686467202,1.1670235725886497,1.2424517957968897,1.3075610229181578,1.422129808140674,1.4640529556078838,1.4265205115609707,1.4697577787564509,1.4493864374367469,1.4321373428088608,1.4172149818560813,1.410893739561581,1.4274408235198714,1.2496846042454464,1.2115471740206507,1.3095223226514225,1.2325524885110608,0.9552119157745155,1.023439589625285,0.7611035315047083,0.6772899932935086,0.5777424073974158,0.3033821766411705,0.2933067040687016
7.880000000000001,0.14542495583179427,0.28637833582051947,0.34194445537911644,0.498777544052985,0.6002851722643482,0.7177883027621764,0.8223001134397525,1.087076128566922,1.1224122851175944,1.2045253900163135,1.210418956804104,1.2799155935588022,1.4462932921488765,1.370607254165453,1.4418177410105946,1.4395580473093283,1.4316270924299972,1.5307064075426196,1.4463037962525693,1.4377099855247202,1.47124420104159,1.2856342772334137,1.226803320362019,1.3046292992406014,1.3165552072198243,0.9566207441684522,1.0971303346453005,0.7290354715862235,0.6580948587441655,0.6084622844213265,0.27730443274647354,0.23463620039693348
7.890000000000001,0.10184148740976733,0.2338446471005005,0.3205089685982417,0.42052382918362774,0.5640295420185035,0.7521263465588327,0.8851302754504589,1.021841026045422,1.1139953583845774,1.2463768323137736,1.31318195871468,1.301364773403081,1.3951292222578189,1.485674973320475,1.484702154562905,1.4518510865035346,1.4645964454294054,1.4914223040386763,1.3874989938438589,1.4676247666469846,1.461344177794264,1.2857479347967642,1.2726870481914465,1.3949319075717694,1.282014949975117,0.9671531228805649,1.0633034106313555,0.7090988815775642,0.6434383338444174,0.6010982473051366,0.3082969359629076,0.27838001622182823
7.9,0.07226707014064995,0.2501993914259456,0.36712481244612194,0.40312301899237596,0.654645511300915,0.7283475318104236,0.8548097580896021,0.9939109515878153,1.0781547366418445,1.1375468502718102,1.262307203112611,1.3340203550542153,1.3833296261290728,1.3945317730784819,1.4555732123569318,1.4213809630509515,1.4402587290779068,1.4344256504294293,1.4369460650895143,1.448989654868483,1.489623369955832,1.2304644913561302,1.2418180168846598,1.3123761639528733,1.2048943766814282,0.9019823996529962,1.0242471218611091,0.7257039155180307,0.6762570099324249,0.6115006529957165,0.3559365725555231,0.34748207989844043
7.91,0.13475083827354747,0.22383169881004558,0.36257406926879693,0.36813607943163035,0.608800152391589,0.7211174062835103,0.8619847752552005,0.9337090016431672,1.0648778464032846,1.2400917843457089,1.2815856692604426,1.3561172353112174,1.4059157438982295,1.4504305056082336,1.4486818421992127,1.5113515015859034,1.5123922179333975,1.4897485864960098,1.3863387258195612,1.4722239320670745,1.5165107829631044,1.3541423850252996,1.2718553484941533,1.2445336603385877,1.2035848519994945,0.9248311629091072,1.0895881942840684,0.7492766031428101,0.5964274137949418,0.6563096787568112,0.31743723249396893,0.22446429487207234
7.92,0.08461233742685752,0.1996593918195634,0.37448379183955716,0.4113352521697208,0.5946811863420209,0.7441440196256097,0.8288847698442633,0.9438275145294919,1.0984216641746047,1.174738598629686,1.3094952370049278,1.3942303061399874,1.3694718332123537,1.434308377258992,1.4455156071899253,1.5423948402196763,1.529267522367199,1.524095159335376,1.4553791707946937,1.4501538125493116,1.4515178113162512,1.2981750823225475,1.2750273170300248,1.2361139019014213,1.2252662028552859,0.9187440271543097,0.9934811784879047,0.7576106902476516,0.6326672332677381,0.6254013309199307,0.3170507851604786,0.24021893662451507
7.93,0.0854357261207787,0.18708723941981034,0.36460941392571855,0.41389850140349543,0.5813190360045886,0.7281140106900512,0.8282468993302494,1.032818704161998,1.1087127040890035,1.2696067410857466,1.2603716646967713,1.2600530419908067,1.3652056074255774,1.3890692803847555,1.469445188416922,1.454079090264365,1.487183053836077,1.4721231879673573,1.4472302907765315,1.3690057216032874,1.4449192998155902,1.326141782122477,1.2287317345557813,1.2736163630953503,1.24883406833915,0.8978379112488468,1.0459865290811552,0.7109055630131244,0.6467173907504773,0.6560195348843363,0.3115290476271639,0.24261644899575363
7.9399999999999995,0.12274546743718957,0.23381285951531564,0.44094226573769524,0.4244505483039299,0.5403829037496664,0.7462540626633293,0.8503400791157513,0.9758237224435566,1.0629888471593105,1.1514532001659408,1.2657018767030108,1.3611809251147398,1.368892071943027,1.4306448443941224,1.4775073977077509,1.5192773893712477,1.4493700571206785,1.4459522133126372,1.4281223921951476,1.416196106720802,1.4343262068703162,1.3318766566669753,1.2331995601358967,1.2678286216065402,1.2238164771814013,0.889237806073682,1.093200379714715,0.743922031992666,0.6115251080258381,0.5921055696726018,0.33726578948177266,0.24701155197018834
7.950000000000001,0.1178759638349605,0.2359881638618111,0.4078194064996545,0.43540408361370053,0.6069689281338749,0.709330323266301,0.848081088520404,1.0195102002800127,1.1497039026937899,1.2109417543701269,1.2991138239772138,1.3329439029639798,1.3645026263746505,1.4646888376314386,1.485427670328011,1.4291728377840973,1.4097985659460228,1.4959643119662513,1.4237819951479787,1.4371879651415498,1.465923338480682,1.2861464351593823,1.2991769282246317,1.2979059321322945,1.1920722779300537,0.8902817823251533,1.0453735174143326,0.7579234959346941,0.6657845035944883,0.5982956171591808,0.317773943428471,0.28648655375105625
7.960000000000001,0.055047239097562095,0.20446930264651783,0.39257028482688083,0.40263263498031404,0.5856347415260995,0.7050684022731165,0.8555790234306899,0.9931176575222492,1.0868441135557907,1.1528466308316527,1.2794232885423196,1.358720961114646,1.4155440380797402,1.4036185526738973,1.5099568674467119,1.4200667523520996,1.4379714665733585,1.4467502706506368,1.4827479526778382,1.3769349394684498,1.4534012791543618,1.342674530296986,1.2662456922390548,1.2112859360236359,1.1473886814535572,0.8827296340095954,1.0088367826390958,0.6917313806930128,0.6178185078028947,0.5733430611097623,0.3569052107918209,0.15343782871423348
7.970000000000001,0.038598425099799175,0.225152454920051,0.4441528573125786,0.414845557142266,0.5907390102966182,0.7606028718305221,0.9159046418521004,1.0051865595295104,1.1081370984037877,1.2349438921010363,1.27619871721227,1.3388413429052157,1.4128678132298733,1.4861936944601786,1.4628031737676745,1.469084190968819,1.4760882577844328,1.516079094109938,1.4684859258681828,1.4453114692005584,1.4519078453034195,1.3136059369597475,1.300023212892792,1.2001955407464469,1.203047358037291,0.9127387028240006,0.963496669454595,0.7240065607297722,0.7031232226726669,0.6152837173385461,0.3848290561869979,0.2225044424922349
7.98,0.07355874980178333,0.18656253329324282,0.4601452311559766,0.4671746486677576,0.575199062004706,0.685222287807826,0.8956398982885678,1.0192772788710887,1.0843271566948907,1.18923283246779,1.2475883031952266,1.350991713944148,1.411267995160969,1.3872178204002876,1.471148203304086,1.480356573084304,1.4507033632897566,1.5026143270629597,1.4546263055827362,1.4579089286096272,1.4163620225255213,1.3458395836753974,1.2035358034598649,1.1626401227378695,1.1317774989089053,0.8692805220168404,1.010406723957,0.7839357080855827,0.6890486543337357,0.5542319010668966,0.35193221981257405,0.1812513522643555
7.99,0.08971912471517449,0.09240665212035278,0.45157419352773676,0.49730847264417277,0.6092960119507935,0.7207336151432019,0.9482286861985987,1.025827420457273,1.1318866941582353,1.1478286558249655,1.3344898888866457,1.3659120023528306,1.4243249966700848,1.4315678918197328,1.4893832954889437,1.4666023891789417,1.4512607504735915,1.5068542670866327,1.4230210378745338,1.4063426293190298,1.4465960592457527,1.308037520678664,1.2477649616000315,1.1702773673551532,1.0998701811573681,0.8834994460023189,0.9147694299023216,0.846163930140261,0.6623313607763179,0.5125239520354887,0.3876908762060936,0.2627462027491362
8.0,0.10503732999077123,0.17062007015148373,0.5244437708391043,0.45753132237277666,0.5150414818175071,0.7498621232687153,0.9563106508467758,0.9736029731449991,1.117317949375633,1.1907109330299561,1.2596572617360688,1.3239804985540948,1.452626091386128,1.5001387534118589,1.4470379209537665,1.5243695936644601,1.4887124693580327,1.5248537901472885,1.4343386945542054,1.4013170008612488,1.4173137621792025,1.3625953186749207,1.205584537965966,1.0781942539202785,1.1254084167671559,0.937758114681669,0.9195087478948898,0.8161614155913477,0.6713914768618798,0.485143506646936,0.33171525240494815,0.15163230824179502
8.010000000000002,0.03744991904968232,0.18860364995944512,0.4974057551027868,0.4732422446360446,0.5369236411663835,0.7719190214796816,0.9884840293832824,1.048027814578487,1.1348799466701152,1.159991497332106,1.2355010029279314,1.3465455189893507,1.395862804125112,1.4463869709835087,1.4826570045736747,1.4868870601553774,1.439162862813523,1.447654862010658,1.4558138237411482,1.4411943456550773,1.3710692583016995,1.2981851142652023,1.1885825678001045,1.088442733489536,1.0396003966527105,0.9060811577869019,0.8813211645800444,0.8884462174343728,0.754126266345157,0.5399034941777096,0.3226235842379809,0.17379592361766602
8.02,0.06256128195927148,0.1567824920711738,0.43633332749264714,0.5143167337013842,0.5715612974671554,0.7877831948326353,0.9730793439599075,0.99598373925589,1.0843219284739465,1.1412033759627385,1.2698369669858203,1.3392595634423665,1.4185579116835831,1.4071583020472325,1.4537151830942747,1.4336293438821583,1.4811660359397167,1.4985619280852212,1.4569516004318768,1.4232351512835677,1.3972862249939253,1.3468997002578889,1.2783384131347808,1.1137222298964218,1.0621427292789298,0.89137605499238,0.84974714516888,0.8562320709425167,0.7080355420275073,0.5075031734522313,0.38109012678746146,0.20717928053928858
8.030000000000001,0.029905818992592148,0.13828995166360974,0.4825899942331833,0.5252807916824989,0.6237920432385448,0.7676740750206092,0.960478387926242,1.0085373654612797,1.1019456860625456,1.1784371901039192,1.273295470973712,1.3586596242718554,1.4315102583652544,1.489977430142174,1.4271373928626954,1.464572758974024,1.4834875955904914,1.5034547563446663,1.4648491098193184,1.4369140170630934,1.393550801941714,1.3300098490908143,1.1694354154661806,1.0413532777071128,1.0703042393428388,1.0242849577487527,0.8262222490492792,0.8660903726033456,0.7666237477437166,0.4929784113360213,0.36001337521728927,0.24245268585240584
8.04,0.016798492164812606,0.18790342373476498,0.49379327155069164,0.5283493325108172,0.5621062963372735,0.8013861964403712,0.9306989548054913,1.0208093316714237,1.1186349116500482,1.1564812114389742,1.243750082894845,1.3765245191207565,1.366183544395014,1.3890536093366936,1.4570014755264207,1.4506533542146733,1.5083869664499048,1.4579337077973702,1.4294396488535792,1.4266136420168465,1.4194630795869647,1.3297614543239382,1.2266951907152885,1.1517259629035848,1.1323236457920385,0.9728444021191195,0.8687316051176852,0.842213595875534,0.7931152529779978,0.4976882352975726,0.4136795305761343,0.26217268189216736
8.05,0.03637909238216863,0.1808783454559087,0.5215133940000448,0.4805283447216167,0.5826789927816312,0.7888474806474505,0.9777654320987822,1.0848885358331346,1.1474128910092471,1.1825273317056721,1.3153612683522966,1.378249237803105,1.3788538572823392,1.484124816290295,1.4165525844501219,1.4450564755611621,1.488216335337097,1.5091825936769456,1.421994617251484,1.4369931682176122,1.3959258023119752,1.3278644689231704,1.2128888114796923,1.1091839672113732,1.0473207093858001,0.987966856473498,0.7932172432537674,0.9174782561500029,0.8623263766898583,0.5285079310608761,0.39188584814199295,0.1983580264904884
8.059999999999999,-0.022063503080501524,0.09803160246413305,0.4699266217939831,0.5202080305217431,0.5770972409834849,0.8137634396457218,0.9321112196230904,0.9522457897583627,1.1470673829233262,1.2016814136446607,1.2946661377396824,1.346950076320866,1.4362470516350778,1.4950497914629184,1.4995931077789162,1.478797732747711,1.4680448333605052,1.4918041281468488,1.4272087662549229,1.370833268936788,1.4086024772002632,1.321131772713613,1.1702723568837272,1.0938038725994867,1.0737696605063987,1.0616470606866535,0.7833733262807641,0.9874865195258914,0.8375494469160482,0.5020879063914917,0.45051634074506197,0.20777358375445715
8.07,0.04317213770506443,0.14530229438269035,0.44564421814415367,0.5172767464808742,0.6050546957509825,0.7989992725035147,0.9767899849271618,0.9982584003077302,1.1477407017224324,1.1868376933005709,1.2929542342558866,1.368835425791454,1.3289897663645505,1.4282236467914358,1.4653793760894152,1.434572484927216,1.4957600465604257,1.4628672204294575,1.47932411685046,1.407831040128944,1.3737154804301412,1.3430118305211598,1.2134994453448382,1.1521343216717888,0.9881933934261425,1.0691019044619192,0.8195127709217972,0.9442434772996443,0.8022575858687643,0.4880654438366507,0.4541335286131434,0.2745179029472459
8.080000000000002,0.012015234579218034,0.08579393136468892,0.44988599533592233,0.5420798501189972,0.5767695912424486,0.7608907212510281,0.9624473582092784,1.0316009622894193,1.0714060176443252,1.1632350322616154,1.240565180041286,1.340143729256078,1.4167968306550183,1.4628396102118715,1.4667517210374867,1.4898701095323676,1.4702649356418758,1.4816540228316388,1.4766097453892353,1.347862059429118,1.3469099501799822,1.334149424087656,1.1242507042671064,1.128068969708509,1.0787160143525885,1.0996536025480823,0.7882523772192022,0.9633901010775354,0.8414513544601031,0.5009925427818142,0.4419291313618949,0.20348631347560173
8.09,0.04117188603185294,0.13246817811666872,0.36274627110730817,0.5331085383671681,0.5808174509839547,0.8358240730772531,0.9395602128881996,0.9882191509888317,1.1045293725903234,1.1497772864899463,1.2200431052426932,1.3304504440778269,1.4091377640280687,1.4935355777357866,1.4893688647208794,1.4736797156060204,1.4981099204582538,1.4584976676745138,1.477105810753818,1.3889777775425802,1.3432327336076715,1.3556578014242469,1.1705141848743905,1.0881863793072388,1.1065343637486549,1.1511058380113985,0.8832494498429142,0.9570872661229872,0.8501655562257947,0.4894284575054382,0.47160661054160774,0.23858860337837456
8.100000000000001,0.015758589228373816,0.1927590886558738,0.38488914972973814,0.5218774391938918,0.5780449539357727,0.8130987947053125,0.8913407629146181,1.011968993449432,1.137066680637697,1.1833606551369251,1.2663946337466154,1.308897838416093,1.4115836119425438,1.395894895046401,1.4726551062404931,1.457193418512003,1.4539225109857077,1.438697638526308,1.4780431631020323,1.4484545031652576,1.3448595163708295,1.4439921134899942,1.1654037791698544,1.1315779282392153,1.068070807230655,1.1092148711522685,0.8237503352010326,0.9752183725334975,0.8818922436838754,0.46456919895604876,0.4315515986498754,0.16558931239067404
8.11,-0.08547392864252722,0.13474431333469342,0.35156566864701067,0.49565131148375113,0.6902196891175493,0.7701486466020452,0.9898625463406427,1.0336838958607266,1.1906395262897278,1.1607177597204625,1.2977511389350909,1.3684459976728371,1.4217606844997326,1.4491203853232635,1.4865779675014192,1.4883358584301611,1.5045861745319034,1.4602350714677528,1.4983900401065753,1.4172681793565056,1.387174170209365,1.377202346552769,1.2084322919396253,1.1306295751552125,1.1084918934888575,1.174228406460917,0.8144810520348242,0.967953608856711,0.9036701085388963,0.4827971530689024,0.44321387874267876,0.2169285470997256
8.120000000000001,-0.05514749545858626,0.08252007280744951,0.2711795569773151,0.523248031051579,0.6367774797592568,0.8006024355065428,0.9485840989435437,1.0026320157252477,1.221283406789703,1.1601102504644998,1.2887673471585093,1.3301157167571958,1.3979973385442566,1.4662703452803938,1.4783935305689078,1.4707002912321365,1.5519290674615813,1.4935006095170698,1.4414530590495642,1.3964149178633647,1.3517399656944098,1.3552912357534665,1.1655610573256274,1.2060658087606335,1.1130498141048646,1.1458223516318873,0.7862795792737828,1.0245195637916873,0.8069697304898923,0.4824530419244408,0.4183008467026858,0.09998700460906382
8.129999999999999,-0.05003687931677108,0.05799903814436643,0.2678355749409047,0.5242349465860318,0.640002036011458,0.8276413431590457,0.9250355625810677,1.0928870110679465,1.1942606680022918,1.2140359781116858,1.2480801496480696,1.3576868261611408,1.3900069160072526,1.418209383844478,1.5031664471610044,1.4544211852753552,1.4920053633734847,1.4960985043448756,1.4328728219426712,1.372739325228378,1.3161761773298026,1.3728542792361538,1.2188111702485735,1.1446788723531387,1.1036008247146778,1.1695076676452074,0.8312089131412099,0.9775059629036339,0.8289315191264427,0.5443259412244791,0.3793325867946381,0.13335525197977616
8.14,-0.09731319277649186,0.06168016686520782,0.28516808949217554,0.5474271909301933,0.67172225068759,0.8132421321498241,0.9164306610091202,1.0935333260437656,1.1594642376716993,1.2486299750542162,1.301082238117982,1.3445447673202282,1.397479871044543,1.453806938634315,1.5102914658069233,1.432477943634475,1.4437870122517276,1.5436901382718202,1.3879203997298395,1.376675923253763,1.3948820044253052,1.4272515005778408,1.2022822202083905,1.211915726957141,1.1022213116138162,1.1546158535177689,0.8189286037402908,0.9622794261455527,0.836541534188327,0.5322885259647053,0.41498784359023877,0.08710499542115441
8.149999999999999,-0.04776507036630423,0.1333897646664136,0.2558614247753938,0.5525797965450935,0.6437342181831602,0.7868865568415822,0.9246211986820385,1.0715682631698848,1.1891502748412082,1.2412831235546267,1.2801209615364844,1.359818807414159,1.395746559972508,1.5161287243519828,1.4737213303684837,1.462086055702875,1.5061663701203818,1.5221309822646343,1.4408656321884767,1.3667880399017136,1.335827287773066,1.3649711454606543,1.15931839331428,1.1422928021735685,1.031552444696954,1.2274137779049732,0.8756227714279571,0.9485870059131187,0.7668675479924986,0.4487843415324761,0.4068959137817876,0.11627086791343973
8.16,-0.03960995189164292,0.05189003050144997,0.23218379618698132,0.4904502986136855,0.6376654735430817,0.8074959475755066,0.9549737033618098,1.0629905908709085,1.1583566279709145,1.1871815647141357,1.2664578800900972,1.2957086991280333,1.390054874312611,1.3993890033839602,1.4731804997276634,1.4937713103490784,1.4936386564475645,1.546205974428151,1.4204636452978059,1.3989142728610287,1.3986552161034238,1.4337516278366218,1.2233770654852016,1.1266600096261703,1.0918482669960836,1.1860571946965965,0.8860416574710996,0.8870114726059131,0.7418168509370664,0.42484928621908624,0.427275676121583,0.06343916565576081
8.170000000000002,-0.09665021756187736,0.07620991792161416,0.19451772347547427,0.4773055711993661,0.6729062442864253,0.7997440233764931,0.9566766996470828,1.0449285361846414,1.190677825878694,1.1797860131913902,1.2243123960225766,1.3249158601175688,1.3929654907419677,1.478928728154433,1.5404642936842017,1.4643952343815954,1.5129632970677485,1.4809448007181656,1.492543001143237,1.4211438837174863,1.3548600702975708,1.4644890286499934,1.1760790157239014,1.2185987500191917,1.0756536896978464,1.2049284006729224,0.8033875242637567,0.8977572095223184,0.7095363737179192,0.43848656208121467,0.36698998192399834,0.009160972700479896
8.18,-0.12962947665450114,0.04066899769696461,0.21471039863937913,0.5376347431857796,0.7297674166428629,0.8155055239643574,0.9336782679383829,1.1551369877952988,1.2199265149560483,1.2263260222829768,1.2785046379503422,1.3464125978303139,1.457608082176365,1.4622001629010162,1.5291197782050814,1.5266008184973912,1.4469894922261892,1.4780333441375124,1.454800160721544,1.4243146581233075,1.3161213676333525,1.4444657732955488,1.2101054271730562,1.2136978913926497,1.0458862961453637,1.118908487039762,0.8262131903193526,0.8537100259961794,0.6846016243204812,0.47050838569245723,0.4246655776799052,0.0916792315935803
8.190000000000001,-0.1814928726795584,0.02608463170937495,0.19608762943591504,0.5622105830139733,0.7128437734010311,0.8448743653576894,0.887518817591107,1.0528280300318358,1.1562249518740892,1.2136102351057285,1.314435220448141,1.3605801285213328,1.369526920688505,1.4771035589644552,1.4990652870135321,1.4985133506058923,1.4916140363373718,1.512319880156591,1.4700549357992259,1.416673963442523,1.3859788797634944,1.4265927423865505,1.256152416491444,1.189153267106395,1.0986529441783928,1.1525007206352391,0.8292985535569916,0.945668095422678,0.7601953370312506,0.4196217673670211,0.30467075045680625,0.06707532686356563
8.2,-0.15111901230122443,0.05013853786782917,0.23551498686055472,0.6404424600805148,0.755253096426672,0.8131011400540508,0.9464467651179458,1.036341308633767,1.1597823032395005,1.2141537872654822,1.2734849063950615,1.4079443868954649,1.4168440164754827,1.4339465411173022,1.5088500306997117,1.4678065438800125,1.4991800734171958,1.5179248388860345,1.4498365935648887,1.353392633959052,1.2723529462701724,1.450394747489222,1.1772404871321827,1.2511690082322189,1.0744882762406194,1.1560961556509273,0.8663363657400753,0.837239733232722,0.6946267680035716,0.4335671320627814,0.2860088227209021,0.004294005392823739
8.21,-0.11887322429484659,0.05588551105019727,0.14793129910919087,0.5465618957767809,0.7546810413451512,0.890494960446142,0.9455015855724727,1.0960552237659833,1.1569631098711834,1.1859056153203158,1.2747352211030638,1.2547023630161749,1.3992789027271884,1.3964346906788339,1.478988605386651,1.4908365884745638,1.5135814799433869,1.494502865480964,1.416933609030755,1.3916825212311421,1.3515727878996464,1.4441277500307443,1.2080266104269919,1.2398219937441421,1.0704953896742204,1.106330254876516,0.9122447617422724,0.8379546629289149,0.6651343221527509,0.4224353689966073,0.2825926608616552,-0.01292654804405489
8.219999999999999,-0.146543381721075,0.05500476514680892,0.1634093730509784,0.587613257054269,0.758314014699527,0.8516322305343133,0.9124557695959454,1.05936119924903,1.1755952434624588,1.2121897172458276,1.2659427739301619,1.3043146921989317,1.351300590043463,1.4262904675180013,1.533775309832058,1.5186045316979364,1.4730471799780223,1.5426693121944048,1.5182642586960182,1.4305593593945622,1.282873510404104,1.342431722997014,1.2638081035381294,1.2585585515590967,1.1603917647849247,1.1592990476514153,0.9029223858981658,0.8422991887968915,0.6406508551554972,0.43203266319175376,0.2878086468564912,-0.02267721746718208
8.23,-0.07791299529917792,0.06612937182077601,0.2026443585061327,0.5694559970410663,0.7733497759372017,0.8712525025570779,0.9606605043800452,1.0961552936693724,1.1608048725366036,1.235222950885827,1.28068802700335,1.3445727475306486,1.3953111138682153,1.3721072330352664,1.4725562148378848,1.4291561027598503,1.4474719396548579,1.4804658536201056,1.485891460132434,1.4253547882293918,1.4099261422820604,1.4128840360892045,1.2279596268967903,1.1948590386253075,1.0703429888105924,1.09565393953441,0.8727646450808609,0.7637118618509797,0.5669135238065592,0.4257952263771455,0.23258665716504504,-0.017441905315477988
8.240000000000002,-0.14878790738279962,0.0682801529627205,0.2385752039278725,0.5074948993249431,0.7519098502329439,0.8598739434296965,0.9348383416452491,1.0907051348503345,1.1629595179824788,1.2397012752507515,1.2743376156846506,1.3592449126195498,1.415906467545964,1.4116527870175313,1.482587535682008,1.4215718870667824,1.5036096388509692,1.517222305454321,1.4559062045402376,1.4399964628080677,1.3656955507087944,1.4174668322244626,1.32047714630076,1.2156254684389067,1.0442279681890287,1.1059964735785919,0.9073774571824119,0.763021548358016,0.542609560702888,0.4181932973950432,0.2881501050972686,-0.014689999024684156
8.25,-0.08152393643070839,0.12871108019092248,0.2250294787097534,0.4977673367879606,0.7453562094486452,0.8437720050941762,0.9355270037499304,1.1115450997505123,1.1612922142822448,1.2064363461259806,1.2566720357767258,1.4112957249087545,1.3862873346628477,1.4544469345134512,1.4597786736575271,1.506178783470634,1.4874063880250035,1.4424257451243114,1.402481118879884,1.394461905393586,1.4323369526987915,1.4453151811522753,1.2768789027976666,1.2883568377659194,1.0933725521484823,1.096784394307398,0.904749182040888,0.7902889226171761,0.5741207270621027,0.40370466479152733,0.2715398521197896,-0.044088557220609705
8.260000000000002,-0.08321851031358475,0.15603931416121997,0.24870330978525274,0.5535945091142788,0.8001425424460102,0.8377119025645134,0.9033210201811015,1.1100319291893554,1.16298625072361,1.2066947957220755,1.2899934576900631,1.4134145711488415,1.3667798787122687,1.4585403510321509,1.5146431045440754,1.4729271429155604,1.5165705859799365,1.5297238428879056,1.4173128830992519,1.4364869664940758,1.3808452070355186,1.4087663023255168,1.2247928030009456,1.2656967318150378,1.0944578972401442,1.089394480639616,0.9527212731371314,0.7429422438839048,0.5462610178173947,0.4313685804837139,0.2745636170408649,0.012235645243547626
8.27,-0.01674398979507264,0.1505897940516407,0.2862541659939861,0.5451130696097594,0.7470718354359343,0.7772889310199756,0.8479520976155507,1.0754233687959505,1.1743045593325314,1.245089621043598,1.2828755138474113,1.3856197882039625,1.3898617400785684,1.4333933583072274,1.4566495541384514,1.4457925105838465,1.4601664758601105,1.472072953442269,1.473955794085913,1.4283578984057574,1.4009839407650244,1.3956910646407905,1.2881311416344827,1.2510239254439173,1.1744900382253616,1.0295986059321631,0.9339814903930915,0.7149546734724409,0.5473709297848218,0.4034314452149846,0.26484293166927175,0.014754035722198152
8.280000000000001,0.006951228112687158,0.15892906883888333,0.2609085841169584,0.5707155258584887,0.7618816783699622,0.8078142066877656,0.9059351480926536,1.0880826765637088,1.2053874513428962,1.2425106607284688,1.2792758966127513,1.3808966352032344,1.4169017723281718,1.4692688112008105,1.5066449470075163,1.4848526951309184,1.5488826947301921,1.5609886761722978,1.4530259562215413,1.4710481633286496,1.4044579896710563,1.3993984238791344,1.2906180232061957,1.3047516523290943,1.1738275265469882,1.0999637501036243,0.9685737881138697,0.7077441954960438,0.5583105337962597,0.44788923878200787,0.2680128223586861,0.08894221037957503
8.29,-0.015937156288464607,0.17658802497678883,0.2884859529435254,0.53371580633192,0.8154290630656013,0.8676999243473265,0.8935340359939239,1.0825633063116393,1.1768152510812415,1.2884361798773822,1.2900082103362507,1.3749845088528099,1.3758180531042496,1.390249791085186,1.4439524494199696,1.4993832872792205,1.4978527779828281,1.5524012142512231,1.4551552628054636,1.4172112994911816,1.3144467157949602,1.371864237077841,1.302771940806007,1.2484626639201615,1.1365409217390547,1.078671734900218,0.9473590108924871,0.6748512937842447,0.5479221132425299,0.4979105946010166,0.2498620065249639,-0.00938451887261214
8.3,0.018785964820239563,0.1827373732934485,0.2796426712553462,0.5834793306935634,0.773596050282746,0.7968965775960614,0.9462441112949453,1.0122102177456536,1.2058390853948555,1.2829968528078919,1.3069210743314423,1.3203475705464303,1.4222699018808582,1.4489806191824248,1.521812893388136,1.486959789800362,1.5501006368157249,1.6107229132376828,1.4369778711641292,1.4485536445892482,1.3763820523302623,1.4758077037951733,1.3375167360921023,1.3058933910337587,1.1388311499048362,1.0257141103474825,0.9998911925414949,0.7110289296415256,0.5536188599082491,0.4563190877552479,0.1906983372962735,0.06794238447454952
8.309999999999999,0.017778749628218387,0.2269099489745261,0.3809564924890799,0.5096482876694198,0.7459162172737793,0.8349723960086731,0.9244738765199688,1.094916007159901,1.1569023563233953,1.2540098920339244,1.3118417153927597,1.398169257515014,1.4085221226207663,1.4408241846294403,1.5127624972260882,1.487787220658142,1.5069624626756646,1.5365310322808892,1.4424338099532552,1.4465176254540664,1.4338835908985297,1.40700401077765,1.3152042639737709,1.232303473003913,1.1919481431935672,1.044340309126048,0.9909335820983576,0.6674396894646192,0.5101592561007462,0.5253216357364758,0.2061378741273313,0.06745223110600479
8.32,0.042069472664901596,0.25399974736938147,0.3710392753266845,0.555396141508208,0.7444339272290631,0.828335517264309,0.8740300869385715,1.0154150078631752,1.0867622416374685,1.2425975308168211,1.3314699089082407,1.3780972627582613,1.4270556431508796,1.4297864742428756,1.5246385910414386,1.4735190647518897,1.4854232537506311,1.5938471978341686,1.4509710090431278,1.4495786276049232,1.3472246260397043,1.3967043416256129,1.3580906598548108,1.32569269892686,1.190696052232681,1.0217800921263314,0.9603757400575481,0.672732307286279,0.5070493571651244,0.5616721549424132,0.2322744330775982,0.059466875815453325
8.330000000000002,0.049974215072992795,0.2714528486014389,0.4377168479399955,0.4612406213109631,0.6770514719077564,0.8137991755316262,0.8622374589923831,1.0371556665167885,1.1484329986809616,1.2447994141299503,1.3317633672159621,1.4163625751603333,1.4368029855186444,1.4617279906595488,1.4890737315171223,1.4739072194294616,1.5284304814558776,1.5203039349646215,1.4890664081111185,1.474432369164324,1.466092750111055,1.3636929772963706,1.3491978883926508,1.308109222340052,1.1953973314141664,1.0446730913303135,0.960769054906797,0.6183534511275618,0.5267255947624958,0.5631079072768593,0.20127301245126772,0.026106563135235038
8.34,0.10705582103844019,0.27487812698405434,0.3658910478924645,0.5102518584538536,0.7046536140759526,0.7956099166866634,0.8779774076849792,1.057837117293706,1.1731094264073003,1.259743993771133,1.3507437088445413,1.3669087586365645,1.4494251825766933,1.4538591373737006,1.517446222979974,1.4850739886968163,1.4998113121166878,1.5158993931891336,1.4590491226089564,1.4666294001093778,1.4010956629669757,1.3895146637446967,1.3299435330963207,1.2943808241319101,1.2279639108581377,1.0036228608981805,0.9964741850518942,0.6454933095351925,0.5645485051633641,0.5284642090280828,0.2493903015307299,0.1096081674859623
8.350000000000001,0.10591505329438305,0.31332788692231944,0.46179280115055804,0.5172480299324722,0.7180416575870585,0.7155357663355052,0.8528477012492841,1.0290238056232348,1.111534022673306,1.191886869191195,1.2759083439068883,1.3835734699888511,1.4356959142179595,1.4588284211681837,1.4763898701053162,1.4402971615620683,1.4852303323479912,1.5731002694182346,1.5153236569876631,1.4869249246450158,1.4472580839856977,1.3877599016117632,1.3077361696446999,1.2511545166897078,1.1921106800098802,0.9738096638793012,0.9890708624673695,0.688262845092296,0.5584826587563618,0.5879922401766235,0.2677204049231179,0.08640849121655902
8.36,0.1154224408488124,0.2886651429374958,0.36193969147984795,0.48256853914804393,0.6702833800758774,0.773922289625389,0.8963611503294251,1.0672832245697048,1.1495161180604474,1.243024367609262,1.255958937331932,1.3597550388295667,1.3640768324329515,1.4676989468490396,1.4283119222500975,1.5286292943795519,1.5280375764982759,1.5287181693888583,1.4343425292822207,1.4964644010461923,1.448648701272178,1.384866292445958,1.4043670630284544,1.33644982598842,1.1439325208603695,0.9481976927127288,1.027139288725277,0.6563761176407983,0.4775994580915949,0.5006915036268186,0.21235270225771088,0.12662196483112245
8.370000000000001,0.10327736491114597,0.3133070300804788,0.35322715709979663,0.46371494735597985,0.6840897014209394,0.7232684868688286,0.8855394190438175,1.0165929496342396,1.1306819949920384,1.251958078391798,1.3408042594668559,1.4051721668180004,1.4247032466275737,1.5017058691394494,1.4702869459014543,1.511536329571543,1.5357864533003567,1.4948095795628267,1.490327155164671,1.4921939694652802,1.437820804022666,1.3705365748746283,1.3367953507941401,1.3047424537353465,1.20293202806059,0.9532474082002593,1.035300377903688,0.629624302250358,0.5642400179730084,0.5797816667827328,0.2757621277906609,0.11939775912244971
8.379999999999999,0.13832971089933993,0.2762777952938622,0.37191717798548574,0.46712288259032386,0.6614805219049722,0.7422541864087028,0.8618389810803995,1.0641519344575032,1.1773788795029045,1.1942075080784609,1.3369265779814075,1.4447637461138678,1.412972797724104,1.4547189201266348,1.4474056868301746,1.450884345676549,1.512562371514925,1.534948041247789,1.5053947026912842,1.5124275244640557,1.5181559211600975,1.3600645947043517,1.340532823603064,1.2955882733157167,1.2394534493832121,0.9307115059915771,0.9959993835790456,0.6462023994463533,0.5643969503827789,0.5652615178793564,0.239438881080474,0.15326640607393258
8.39,0.1382977789058502,0.34533751158315057,0.4130849603306617,0.49287632089382033,0.642828076561829,0.7884382952379588,0.8624368971739448,1.02666084383783,1.1346456485300263,1.2364786876263132,1.3531292326312092,1.3688869982671348,1.474194700557686,1.4460713859071623,1.4523917478042454,1.4973141816924633,1.5369447003301366,1.5678158849965302,1.482574378971353,1.4606283608547106,1.449840343047411,1.3151732121072306,1.3974398846293636,1.3570444447873349,1.20064671951088,0.8863467587190592,0.9677733995908947,0.678936271049449,0.571714247820715,0.5995035115884763,0.2956900818631041,0.15183463250360602
8.399999999999999,0.16972956934009453,0.3659878376166081,0.4135607056183934,0.42373291898091914,0.6277977103398745,0.6879554835358107,0.8435155883077197,1.0139287860170487,1.209172240269301,1.243918976955197,1.248990065213445,1.3292466524537199,1.4484352024245557,1.4240456407915933,1.506499686948908,1.532204175074643,1.5253530651349188,1.5399451617377389,1.5242320116521293,1.5738934660670008,1.4521940601800898,1.3577058605621297,1.4050003416224073,1.24611813052773,1.2446486764621894,0.9565604937813564,1.0139210927218147,0.7102639558729199,0.5493192899237304,0.6172920899425457,0.2885336817401426,0.16381250832574795
8.41,0.2049607015640798,0.33375519639135975,0.4061722359155987,0.38884816621987595,0.6389195852873433,0.7326058728006417,0.9056630280829351,1.0930573483304473,1.1626363766157597,1.2138915030665367,1.3351427864508179,1.3884341591784277,1.452234818653972,1.505411629034676,1.4410943005970913,1.5111268205519235,1.4943320812272007,1.4956993045348415,1.492950531688606,1.51050788164302,1.5066823397102107,1.2595768221448287,1.4091871724063023,1.2837015928011501,1.2694328748100334,0.9900675344784307,0.9768970191305572,0.7131457017802572,0.5454706596114277,0.5907966243104512,0.3226307275120028,0.16405781504705258
8.420000000000002,0.1670030344338677,0.3301702564222368,0.39640315607523424,0.4594759588892005,0.5700093429698055,0.6846267852305752,0.8988382682405966,1.091665040544745,1.177163579307025,1.2194163916771408,1.3087513359029554,1.3734335651107783,1.4042496254606411,1.4319518105119324,1.5231528587744627,1.4750999540342267,1.477059842312006,1.479884136525958,1.4854400902074651,1.5205339566870184,1.5033561312878232,1.314957305890205,1.3753383683942426,1.2658188880705399,1.1952493139187899,0.9085199820012088,0.9461740102786496,0.6826808907186052,0.5459300673804015,0.6403122813120926,0.3266039868659417,0.1903263794618123
8.43,0.21547133651315148,0.32657300606216383,0.4151312458809099,0.42770920429314835,0.6421733533732156,0.7146695498368585,0.8908036651857629,1.1006573739566237,1.2238215826711603,1.2681877535512083,1.2879820078910695,1.3573171602364589,1.4121839519556216,1.4940064423624435,1.5194820529744746,1.4999760649647835,1.5457916053185328,1.4916718483102325,1.535768135466147,1.5239267449152338,1.4840046621708955,1.3243480781058539,1.4021773452418234,1.284970553946817,1.190896427988375,0.9366747401112865,0.9337955831718079,0.651768993967482,0.5562565760694176,0.6314264616330247,0.3457520336404911,0.1871370927464783
8.440000000000001,0.16553414357721372,0.2754324973681393,0.4043950124472068,0.39943137300929754,0.7007140330568604,0.7205912320076128,0.8751817363298061,1.0678953775937146,1.1138725248659958,1.16736796561436,1.325085833877262,1.4040713049262636,1.384626819512032,1.4763146632112798,1.5238184081903328,1.482671186434473,1.5246471992919606,1.5330587802035334,1.520276865152676,1.517256721096094,1.433088837036962,1.3064923925876157,1.3509295548377167,1.2473998306800862,1.1492306270164854,0.9625012947168587,0.9162260488437525,0.6751778514931093,0.6039597153997813,0.6334298264852444,0.37668602581969285,0.16985547542689639
8.45,0.163347296719812,0.30281548523085833,0.5091207864042053,0.4292826605970952,0.6591924274771153,0.6625719828574251,0.8915289783825014,1.0807017424998564,1.1725508871583419,1.2713002821514796,1.245185789591847,1.3507537138805987,1.4278015485666575,1.4492736171925606,1.47317816558919,1.5259392436794377,1.5499228924937534,1.481005582013571,1.520881309647521,1.5030075512347272,1.4228419575720268,1.260232774901814,1.3821767376971803,1.2643560949288968,1.1915035899544815,0.906179638504075,0.907516813089884,0.6786075967933346,0.5711505590240123,0.6446610205659883,0.4230812145515851,0.18157144211803586
8.46,0.13465807767175375,0.2513822705866225,0.42742044846882504,0.4389597144228993,0.6833650154696906,0.7155974481549735,0.8397511583970773,1.0808608081161517,1.1472883946179782,1.2110091217377363,1.3015361066591649,1.363029017715012,1.4241219997699062,1.4607729086746408,1.4779560241148624,1.4776175467002264,1.5353945196308965,1.4304214081612727,1.5830204800441516,1.5060577780814008,1.432049789016334,1.2733696211521937,1.3986692984413693,1.2236133618229492,1.2431884876550583,0.9222607079114366,0.8317815119232671,0.6947642189666294,0.5386327389336302,0.6089251420869434,0.4609584782863708,0.19866284758018385
8.469999999999999,0.2188813791743581,0.253295502931513,0.4479213580910475,0.43750775377009854,0.6362517166461714,0.74597932855722,0.9024196934387491,1.0574717522455823,1.0958080622403612,1.1550971627252238,1.2928053528267327,1.4328694696825623,1.4189202337306142,1.4510397646908828,1.5399341906297865,1.5384203967522236,1.568540816310724,1.4907356216023746,1.4866593805785226,1.507968775278737,1.4250247324922884,1.2927834441874297,1.333762941134129,1.2546863892656446,1.192456091704125,0.9344294818663508,0.8546315493477429,0.7191898339047623,0.5644522397084137,0.582137712579174,0.39424652941247085,0.21108764181325157
8.48,0.20535004214810137,0.3394073774945803,0.46117494031138084,0.4420536353412452,0.6964119996615382,0.699142227887035,0.8757615766719868,1.0956672227945268,1.171841349553254,1.2489133661477831,1.2789161732355323,1.3790773523398405,1.4760860491662038,1.4881317124320472,1.4435737405472044,1.5555016434161966,1.5459757993046817,1.4739290240153917,1.4662638996985884,1.4833620948388635,1.411652935052305,1.272270968049616,1.3651501503026189,1.2113197148890738,1.1363097956476964,0.9108749496449202,0.8624680984793996,0.6906791234398841,0.5528295495200876,0.5664252051112157,0.48025017319284047,0.22072226447773066
8.490000000000002,0.14133720442088218,0.1869441167055241,0.41662523193359635,0.4667791050007791,0.6494624963148343,0.7437360969111653,0.9604784824559083,1.0199557709287983,1.1249917582105935,1.221622457948812,1.3223535804017252,1.409788831527067,1.4678598208414162,1.4516546505962578,1.5570562786226936,1.5463454182855783,1.5103436726066262,1.420835669855239,1.4946595998042833,1.4711584762114267,1.2992236342717507,1.254189333541082,1.3194534690623663,1.1920096608722235,1.1501034591632702,0.9179895448709026,0.8860654971286639,0.732388738997823,0.6148879894989648,0.6357852197085198,0.437662596397841,0.21283741608981777
8.5,0.13627247810309967,0.24412073007874294,0.455782999656275,0.505731286393426,0.6198835020916275,0.681051828724827,0.869247851827115,1.0689881846908664,1.131398964555932,1.2272952954023841,1.3227893891934464,1.3160464893045472,1.3900976710605568,1.4950871613778618,1.4996250021099282,1.4905071641602892,1.5104103377293423,1.397226102193234,1.565287339852648,1.4719163387449608,1.3673923516947464,1.3057675352816085,1.35569111831973,1.2399833089735737,1.1612411363669572,0.9448819737219496,0.8547690630087245,0.6993776833198877,0.6512341207906978,0.6037834604621038,0.5103805326198597,0.20376325767973
8.510000000000002,0.18125879891862326,0.21272995043127735,0.4151220998332432,0.46299911910904445,0.6347606533285944,0.7354065039650765,0.8743611569526367,1.0274853756363496,1.1862461747318984,1.232869286123596,1.3494886562078203,1.3413342405946553,1.4377901423300912,1.4350335293927643,1.4763286419993713,1.5717942365275333,1.5236817810064391,1.4608039602050005,1.5046042179046548,1.4616112357106883,1.4246978922922933,1.2744801066612657,1.319731553306676,1.188450436913472,1.1474113901062928,0.9774062235510788,0.8408899556317343,0.7915027570849206,0.667125104548162,0.6587573725128572,0.47974523950934833,0.23573790372498535
8.52,0.13133500807729254,0.16928635286667132,0.43406319528566095,0.47757050639685356,0.6009100059480519,0.7766705141942216,0.970348535117699,1.1157914200393806,1.1625574972504795,1.1383745147324142,1.2766418431553386,1.3972018058091693,1.3887277597180887,1.4755546283223306,1.4531067332602159,1.5093637094980312,1.538981710249349,1.4734207945781699,1.5511947075419121,1.4592045879139741,1.3789219025571398,1.2540787812718666,1.2432884614297328,1.163225726157649,1.1795991620243034,0.9345996670167022,0.8165023358141117,0.7750817658129248,0.6773998600531874,0.5980203839310272,0.48927726314462716,0.23313492840094868
8.530000000000001,0.139856223894202,0.21079765673984513,0.4087203206464205,0.5148157310079842,0.597823411014814,0.7945302851614939,0.9476025492307858,1.0868944901304587,1.1653136394080275,1.1633928799527031,1.3079093581766432,1.355609702861102,1.417486118316912,1.5162042447378425,1.4930308554904712,1.503614290125107,1.5331058980564893,1.3993453629867663,1.522128730844214,1.4700818687712243,1.4004498238655203,1.2636855742246043,1.3455918723355749,1.2046921746938934,1.166940102454006,0.9870946038276394,0.8440345269938102,0.7588358458594711,0.7015271432950552,0.5923264050716758,0.5199474818157761,0.27529425306223787
8.54,0.09540248274809297,0.124473625638613,0.33032032344470097,0.522238792815804,0.6373239736210471,0.7537679751010754,0.9228660953873394,1.0404349419896892,1.142061213798322,1.2349811153982877,1.2955989706063542,1.3569100400549339,1.4507795027644381,1.425942948287914,1.5155569680018226,1.5049549792135883,1.5248489776994618,1.4492623678755272,1.4784955587578028,1.4175535294830781,1.4294684905934278,1.3014012473965775,1.3122613836951391,1.227043112675498,1.160098107014934,0.9546545755612716,0.8049374371948453,0.8043141199255671,0.699233174644439,0.6182804752630906,0.4999429416964273,0.2544292330044683
8.55,0.0516865766290649,0.10232949733381166,0.35284252915114606,0.4814358437403653,0.6201319925365855,0.7145468260252062,1.0224088416091626,1.082858284967595,1.164802280613647,1.2002645223053283,1.287456385303328,1.379238344905232,1.3433705550492931,1.4478721379912787,1.4678658475539021,1.5140801708993836,1.5710174631276792,1.4827564590398694,1.4855217529622917,1.4547636936865216,1.3347180356974044,1.2852632723131177,1.2776063608363546,1.1923905153189036,1.1263211480711206,0.9649875319720285,0.8659490791924123,0.8196554276264556,0.6644383283968295,0.573141102465697,0.5247014540265119,0.25704313544658874
8.559999999999999,-0.01183889358065943,0.13075493770103186,0.3689904564640725,0.5274196016150898,0.6047348967370729,0.7418391491964131,0.9223247443379659,1.0320530977831268,1.0903942083832057,1.127751796596501,1.293364075477179,1.3692191501382323,1.434839449824468,1.447684396082852,1.499798377122568,1.4453495880517369,1.4639038276219987,1.5049353113903101,1.512209049663762,1.4837721294330364,1.3755415078952218,1.3261584236415702,1.2739126642495708,1.1360266905307657,1.0842917887803887,1.040899648448429,0.8293132137291777,0.8055829872379051,0.657690970845496,0.5306035911142273,0.5214187706943212,0.2508952011188894
8.57,0.0036925887587992913,0.058429092785183045,0.34162376896840874,0.5194709398313883,0.62858767468598,0.7908108802985565,0.9434844765034718,0.9894790371627803,1.1237241241455183,1.261960969018754,1.3164757590017417,1.4304507106840214,1.432024125934686,1.4760168882897289,1.494126296372053,1.5179863163479794,1.4938474205363117,1.5166050536639666,1.5192505967691756,1.44679833277236,1.3885206704879824,1.3563664063772445,1.2601482878715433,1.2004962217348116,1.1268537269013523,1.0212734988380898,0.8339812952533557,0.791119791822375,0.6626228982141056,0.5533415644236611,0.5029674993507687,0.2530197455757509
8.580000000000002,-0.013599052011885233,0.09947358283096981,0.2834141872411983,0.5699750577064551,0.6365621767166212,0.8235615002954976,0.9400770538799902,1.0455749548146318,1.1351410096877912,1.22183152609087,1.3551301557212592,1.3597905123403593,1.4624269223767217,1.4851609378579915,1.4504398439485258,1.4994465000390553,1.5069536502691618,1.4995898993304486,1.4770855224331196,1.4857065210188463,1.3865986165896753,1.398476927646272,1.3347141536855749,1.1723247972883915,1.1467419334639186,0.9928504202107443,0.8192025530999031,0.8324020750837868,0.7192497774603918,0.5371070725141588,0.5583487047756567,0.22072530240840274
8.59,-0.05661128246341762,0.013858214496251504,0.28600307512451045,0.4825267648206868,0.619043571767383,0.7948184998264237,0.9691468529743693,1.0076472903154028,1.1057961304340025,1.1864267411424552,1.2831443538446685,1.3425042521031418,1.4070332576764726,1.5421806805220593,1.500551943430479,1.4768565444613082,1.5016050745618894,1.463471606401859,1.5004894381561487,1.442720983732452,1.351980647703016,1.370889373391108,1.3314148220191526,1.122732359754656,1.1153957192380108,1.0250537896237772,0.8284322491270979,0.8109157695323437,0.6748259590696936,0.4789956522617427,0.49659626229183035,0.26124898198081725
8.600000000000001,-0.0014818936672554555,0.05608832079549617,0.3356090238606085,0.5455313097216339,0.6150717975579905,0.8754682810808587,0.9642328958505111,0.9708794056379233,1.0668529443906134,1.1913143496464995,1.324510498675713,1.3971290364995204,1.3962988253169715,1.5100449701630154,1.4241189520796516,1.499119410315839,1.514003658962253,1.531196726941188,1.5238321245906312,1.4748624288963927,1.361957540843554,1.3750648158295007,1.3372867438274716,1.1597180592292071,1.093612373901608,1.0164745063746838,0.8518238632175313,0.7713084587479487,0.6753272722277677,0.44223989426140103,0.44765127831388485,0.2873111591930562
8.61,-0.10738226333224009,-0.0023730955389001662,0.27462202538085023,0.6045115598263939,0.6319903489583876,0.8170191669259368,0.9786882896776932,0.9894555014900925,1.1809253550477956,1.199647405392027,1.2760875458917023,1.365524534713004,1.4324476214165698,1.4500901117893448,1.4794996356310517,1.473007628215686,1.4241736509203187,1.444991487146551,1.537674602191217,1.3995731000260816,1.3930780356609573,1.3892435399783551,1.3081209451108908,1.1104816266346509,1.0980631870870048,1.0219989362486055,0.783379241591638,0.8312460575818928,0.6725907633990933,0.49257277990319537,0.46080991459834253,0.1829578875661152
8.620000000000001,-0.11796850754051982,0.004816916406291193,0.28613243138213706,0.5657508407497525,0.5081481303007542,0.8066678700526551,1.001923637719758,1.0265623036077878,1.1392512055548691,1.163644852917554,1.3348194951676549,1.382286034651502,1.5053063058937974,1.446248377519159,1.5276229905768892,1.4894973810287933,1.5459790047346031,1.499254022334763,1.4789093896369194,1.4926092951491126,1.444548540570539,1.4175322823028895,1.3533542105060545,1.1150647859121727,1.07385084526248,0.9840117433597119,0.8813895358772026,0.8278800687894337,0.665085418958167,0.4775238923800708,0.41716979108402175,0.22446811574673442
8.629999999999999,-0.11626998486608497,0.0006302766911644442,0.2707459128937231,0.569406696546026,0.6516372276930675,0.8364946210078826,0.9279630255523876,0.9704815668134696,1.0841159627691768,1.1607618749773096,1.309103842456475,1.3415315219406778,1.4383013914145295,1.4213747346531516,1.4622641501375175,1.5344380441856476,1.4718836779771112,1.464241626492542,1.519448018845775,1.5286983123287081,1.4219831722491663,1.4603000384913434,1.2801139558986248,1.1649539360585968,1.035875994737618,0.9958070932214457,0.8148188970128265,0.8340976275004339,0.7221705593176552,0.4499015680910623,0.3837789003495039,0.2514817204542471
8.64,-0.12452188822567482,0.015950758766092338,0.31237300800396395,0.5753085452099134,0.612091270937719,0.8668503399717682,0.9528653535805872,1.0189624712659169,1.1651169752268253,1.182569425801296,1.269211563551605,1.3581936875693223,1.416351686317353,1.3952515891027262,1.4280952932725324,1.477381938668105,1.482550831995519,1.4948201324581776,1.4834990622549473,1.4148722106018101,1.3700982040103766,1.4341119318945652,1.3449462411834692,1.1011538437434318,1.0905725524053222,1.0856053973472042,0.9229440092914146,0.840988953584631,0.7099517863953491,0.38249343817479703,0.3780462120346236,0.2111963141798643
8.649999999999999,-0.1517164987610943,0.04626996161119107,0.22889284081197692,0.60345378420094,0.6437658825228738,0.8722787541746644,0.9560718717458269,0.9483146024426515,1.1004727009698212,1.1191897145218666,1.2379328530935512,1.3621422872130888,1.4080812127505196,1.4894759153132322,1.5216718257827813,1.4752729587649904,1.485351509070483,1.5175934081115088,1.5677468124453338,1.482279556073866,1.367091303118934,1.3913181351887336,1.325470940635836,1.1233149242410145,0.9834076793995179,0.943849310947503,0.8704954756558934,0.8203595452804348,0.6919349000916001,0.4115003713421924,0.3812512094519735,0.1698535827522009
8.66,-0.1274037199637446,-0.05165185598459685,0.28427419864916736,0.6627361925930214,0.6379808057315379,0.8493085569640777,1.022148505907278,1.0136146613674974,1.082480422932772,1.1953766709453022,1.3373955204750188,1.4127219903467014,1.4449386740278067,1.4556808271469015,1.4616426848574782,1.490739354485337,1.5425872559101903,1.5317224091418233,1.4850928789898814,1.5447228878218564,1.4211135243960384,1.4321194165946611,1.3218244507524421,1.0835440164162764,1.017314734000476,1.063860844532892,0.8718708426615311,0.82551397255189,0.6929182676383037,0.35235638101171274,0.2993589120530974,0.21139257747299992
8.670000000000002,-0.11393518555613392,-0.022738282799346227,0.2376762632190722,0.5202790017074416,0.5617222037419238,0.8622348060974531,0.9603084076464938,1.0033463534350684,1.135471756843113,1.2021842675910224,1.2775040162432847,1.4065357699679548,1.4466781795986765,1.4131418868151626,1.4350437340476536,1.5521419758298571,1.5295813125779367,1.5022575547650712,1.4687106790311155,1.4711528730387897,1.3926549651180158,1.4921902917008951,1.2521816139030377,1.123183952456292,1.0784108228934846,1.0283068834471047,0.8943139669598343,0.8245851153468858,0.6544396199944872,0.3590514347218538,0.24576769660821537,0.2080443875590698
8.68,-0.10293694439854961,-0.008069417417869523,0.17284248562519394,0.6164804247516701,0.6152451332172514,0.8755808381769896,1.0003271769574955,0.9786331986304432,1.0864507666034116,1.2296121460754803,1.336487271346355,1.3974536415402417,1.4153464739968697,1.444266122982418,1.4788456050668835,1.482806315538639,1.5041241103918632,1.5545326583785557,1.483343236796248,1.418805838795786,1.3693016450283977,1.4144613715797287,1.2609795926691598,1.1047571761571386,1.0438604452619733,1.0018269357937202,0.8909696222697127,0.7977962084297581,0.6596645463800881,0.36705527213157163,0.2883769897651892,0.24297703132360116
8.690000000000001,-0.13839167627875246,0.09348015480650276,0.2680748596977979,0.6172642320365719,0.5931335266041095,0.8571564631685256,0.9542786388758612,0.9808128105826583,1.121453737713951,1.258208013257463,1.36381157050305,1.3223583241602062,1.4232138804672492,1.441113200682799,1.455908448842359,1.4582548353887157,1.5311478174329494,1.5560909864336512,1.5267550760438793,1.4223030290232386,1.3183186823839985,1.4718642517125595,1.2783598744936002,1.1207149913362595,0.9523009928643003,1.0026665590023933,0.8373189362278438,0.78097393069173,0.7392106520782531,0.30806352134726817,0.23583664165398444,0.19993743595402366
8.7,-0.12021171225703059,0.06808493132017253,0.30264705694279387,0.6321923203724388,0.6024338309398333,0.9010162671182034,1.00216709185371,0.9743969006510453,1.0806304714574413,1.136342313863655,1.2584366932722815,1.4282361290271222,1.3961633223406855,1.3985952111702988,1.4396831505690557,1.4844896707917594,1.5190971468035008,1.4970461876144223,1.5819456390315836,1.4899784406422256,1.365275752017025,1.4036023181597463,1.256511523349184,1.1055578098247671,0.9752659365763436,1.0167523338747078,0.8440882932815751,0.8033414321724079,0.6431750773640428,0.2668925563682719,0.18227268384308323,0.3201208208749719
8.71,-0.06840493689237119,0.14296050123937426,0.2871698237083914,0.5838285564024147,0.5877894207616562,0.9279795161690085,0.9689911374898398,0.9551967675814684,1.1063028244529143,1.2214150038385363,1.3149539431333586,1.3909799814484347,1.3701300251749764,1.4224105441711687,1.463365425327196,1.522398082008177,1.5515226905089758,1.5777607008230035,1.5110226973067264,1.4324698516501653,1.3956296704402462,1.4335867952678416,1.2562829803612674,1.0996381010204677,1.0020759787551248,1.0346939338952654,0.8924462375338468,0.8482040694781164,0.6568090680945845,0.31996928972516125,0.19888523496240207,0.2756831216706735
8.719999999999999,-0.057308788306110345,0.11161332107511743,0.2585625573264984,0.5929026573567437,0.6456045059000156,0.8806922819609251,0.936995034787022,0.9386176161395234,1.045092306660879,1.1278524718335017,1.3223783296600982,1.3718118301632152,1.434141675357991,1.4508908444846673,1.4553462743211565,1.5270539406050578,1.4879325029806483,1.5652897074513676,1.5138510955181605,1.4285177360588177,1.3550066306971194,1.4191706003939266,1.2709034977520701,1.1481677727454704,0.9829254765517591,1.0749169799255132,0.9085259429508246,0.8809339435524928,0.7189842490698536,0.37825086657512724,0.18388209102982583,0.26687398924229094
8.73,-0.04653005137643163,0.20084586293590814,0.29576412582874856,0.5748242110341684,0.5858995947459938,0.870993472354024,0.9593118413578868,1.0322295174382137,1.1304757049516896,1.1822429483559842,1.3296860810229847,1.388723566419695,1.4139682397263362,1.5136151232112844,1.4773615326866762,1.48600236825289,1.5791741839737894,1.5635125885699803,1.4938655791300914,1.4584410008714501,1.3289799090257786,1.4145775639445088,1.2534724168785538,1.143113367310088,0.999644117428145,1.1080336376646034,0.8725423781970796,0.879007172564055,0.7212301339730508,0.3388451996678428,0.15700252653549296,0.2901623308080836
8.740000000000002,0.021686530246847264,0.2040957555669753,0.32678767344539494,0.6724861353838019,0.6000359480769306,0.8384154926161249,1.0201387615636035,0.9356953765854483,1.0500436372436546,1.1435512707281241,1.3128267015664243,1.3502211800238615,1.3975921136276426,1.481363266448372,1.4563931244732302,1.544358826174547,1.5613857846925272,1.508791847951993,1.487831584504126,1.4313442351852697,1.3812693624474603,1.3700947228583316,1.2428306688397759,1.1667045380904333,1.0178500225799914,1.0445108477971177,0.8949930236538713,0.9125233212013097,0.760237182130246,0.3841527951824111,0.1915137621955579,0.3023583024971255
8.75,0.029441104423930175,0.1913121518296447,0.32966496631783626,0.568236459742117,0.5538034666150612,0.8285741323670157,0.942642900705945,1.0095786482145277,1.0945307771834247,1.1399181352343957,1.220743500820229,1.3640876684484144,1.4226576768615444,1.4140666872919985,1.4677250507548836,1.4775152086007886,1.5001067235664223,1.5615909194425923,1.51005863514204,1.3974479555639046,1.335070174049082,1.367190978175369,1.2108795012870066,1.1904744205041748,1.0725019852332158,1.1459476432431794,0.9297930363076174,0.8918791668279863,0.7564871878844343,0.3920201750638962,0.20309613907464885,0.2707588874887497
8.760000000000002,0.06177512521693415,0.28401760696450135,0.35279398873102974,0.5260829582501819,0.4968070048392368,0.8102948417043314,0.949446396432868,1.0063762330718626,1.0788347014348256,1.1875177269761092,1.2884183095629258,1.3771196017212468,1.469133298125397,1.4601578810963376,1.547107683448994,1.4579203102186353,1.5321483351486984,1.53955819288473,1.5109545816158212,1.4223166925395383,1.357602772322004,1.3836550787853614,1.223383078549061,1.2291419741540193,1.0880347608895709,1.096435521210054,0.8870898161454042,0.9337380147883099,0.7589700348031047,0.4679390423959272,0.23333863160527712,0.3328289189146052
8.77,0.10517609336962183,0.23778027859766523,0.3527233017084559,0.5361901447524101,0.5584594675200443,0.8389438905074059,0.908521566006212,0.9142094339282796,1.0504023862385952,1.181497907250492,1.3007399541995903,1.397558988777768,1.4527069740447245,1.4290789300712285,1.4304542064030406,1.4946951979766123,1.5381977244905647,1.5171459185644145,1.4835203048207668,1.3814443074972311,1.4261866207111402,1.36573084124208,1.214163145987586,1.2180387085082949,1.0963994026177786,1.1013931472513074,0.9626569836076083,0.9708285103207838,0.757162022038346,0.47460905647098617,0.23483191268791603,0.40967072810360117
8.780000000000001,0.08580098103989098,0.2312821048148603,0.3165018728563447,0.4815223321714128,0.5432032364454819,0.8515967379735179,0.9495382249613287,1.024170145733022,1.0922361562035923,1.2106844487756858,1.327090105244796,1.389376944717153,1.3939917697507425,1.457110717965905,1.505660880076149,1.4775951644830692,1.531306812419612,1.5289686620340321,1.5152736362096422,1.3742791570226431,1.323332548385131,1.3314699651056436,1.302579277962993,1.249423345863402,1.119469963977727,1.1350175145155497,0.9895363246982192,0.9469091811291714,0.861591791740372,0.453225259348218,0.18293735087374835,0.367364186238275
8.79,0.037287916744364186,0.27674751688836524,0.3014952852311914,0.5310012802048018,0.6181741416185669,0.8006692777149444,0.7970103220248939,1.003438749838668,1.1016985924053329,1.2129452756472956,1.3832384376102238,1.3067916000528306,1.4010496836001536,1.4110454936727106,1.4081738065437421,1.5248864478730684,1.5384827860273884,1.5675803294207138,1.545507828512463,1.3734511954268636,1.386528737725448,1.3579093921975778,1.2334886025210656,1.2705977745343684,1.1333434127801556,1.1296978488887406,0.9633850578109714,0.9598683756469407,0.8353445834682165,0.485087149698897,0.26633386861483177,0.3633972262359237
8.8,0.16317548921419442,0.3273985113448459,0.3585542659889277,0.42900752976894024,0.48612285927565707,0.7648050564288001,0.8815363742720934,0.9840419988631699,1.060169335713644,1.1622260149033752,1.2942692373635805,1.352122256093527,1.4110138401551036,1.4577477191800345,1.446019056114345,1.5118459694019963,1.5039957231025205,1.4730437216021752,1.4997730924792971,1.3888237554548168,1.4059351143997745,1.2815925464247662,1.149248761243524,1.2990227442068596,1.1914493808796303,1.2318824914156596,1.0347321438393682,0.9911720562759498,0.8983875698901692,0.525267721711506,0.2225595077351622,0.4148539094057211
8.809999999999999,0.05026764482694178,0.2860886771506029,0.3330945614748974,0.4284643096142367,0.5677159752348251,0.7721178473859159,0.9186972415061507,1.008072467206122,1.0308339775286683,1.1230424392327494,1.2792220657230364,1.361933814935667,1.4255245662260139,1.4575928773350526,1.4154876216374597,1.4290726977184325,1.4943890390809467,1.5063802997965055,1.5111742421364918,1.451117051023538,1.4389004120494502,1.3360037564769465,1.260037515610515,1.2594809646958585,1.1799957484794383,1.2304325261436684,1.0090760524791613,0.9399520702605609,0.7923294611719273,0.5772509429833577,0.2471065923292926,0.3271455334081614
8.82,0.13927179811243015,0.2995960306176694,0.3620120623323826,0.439665122776697,0.5973666997681784,0.7982662510710343,0.8298727704445394,0.997713711858495,1.137841752430524,1.230135568372796,1.2871374030787135,1.3756387635656342,1.3712664525284037,1.4325848922805533,1.4492502807022003,1.513603115173172,1.489077193023557,1.4925957209808132,1.5003044580898584,1.4328935841595976,1.4850202259643885,1.3785845832663668,1.2151106014764708,1.3487757627771493,1.218316681430183,1.1525639237129592,1.0578670449736478,0.9274513499328287,0.8368773706447834,0.589888733435482,0.3200920530929803,0.33629057974549686
8.830000000000002,0.09036564668125673,0.2722529661862353,0.36156550176690083,0.45601432701992517,0.5556516646821164,0.7489816779489007,0.8741695268925899,1.0040599282932856,1.0970199191990064,1.1230689429748175,1.2903180221321322,1.3941627742262321,1.384695633182547,1.4237721250794493,1.4592666478850755,1.4724980382767443,1.5209727660254013,1.558906603712597,1.4508810571991415,1.3753257867035393,1.4544844096264076,1.3119491788212228,1.1716166400597012,1.3278824812954924,1.2787046787371399,1.239699646339254,0.9924139501035127,0.941599495861476,0.8242107632708853,0.6082487987563888,0.27538931422005375,0.3392942430686644
8.84,0.07751626172420195,0.24461833492982674,0.3783058733111878,0.45185971845528117,0.6210434196848289,0.7717354542755133,0.8561066517761641,0.9604932460710545,1.1345535661790835,1.252346380924611,1.2475606017088507,1.3752221846649435,1.4018789661919682,1.4789621834047113,1.428427773854199,1.4943875450090216,1.4578300844556757,1.4981543961325787,1.4193625382204993,1.344748164020492,1.447782362786149,1.3313444791961089,1.2767786332590938,1.3451799120833965,1.2073013146328524,1.1859030912140807,1.0069979525373358,0.8848141339577105,0.8116539861115861,0.5784327415466858,0.39531677371397156,0.2928793466883791
8.850000000000001,0.1587600503027858,0.29693755137343425,0.40092122695248594,0.39039585151867634,0.5898822523399042,0.7442232775241653,0.8197515506973688,0.9662546803206153,1.1105802732015677,1.221315955934999,1.3556546973143293,1.3691686746833025,1.3746907314743002,1.4314462052425507,1.4949531039810733,1.5496747440370287,1.5548929586608218,1.460480917744466,1.4763182634920842,1.3767077636834288,1.4865740989876082,1.3093006242345278,1.1746495385687945,1.3645101842392993,1.2505891830758558,1.1570447894373332,1.0431510991975235,0.9573065606162998,0.8006648683894385,0.6141215617970112,0.3457584298204369,0.35237928900886006
8.86,0.12447812771418651,0.26866795158834533,0.35711491838081594,0.4393092729364338,0.626623870515422,0.7794138655902716,0.8730043099204481,1.0501550361909533,1.1456280583046978,1.1884429212188483,1.277490416493232,1.3686816540804614,1.3759946876122238,1.447203459556769,1.4742279062307058,1.4331687496339023,1.4697266075188558,1.4625147932824105,1.4515818706645731,1.370336081709764,1.4792835819797883,1.3147072462545142,1.2246813588256489,1.3910600109584819,1.3133586151368273,1.1092355919864119,1.0367399304491434,0.8904716076277392,0.7597770343581098,0.6108137471722008,0.3824218418754736,0.2923964215645126
8.870000000000001,0.10823842455559782,0.20317093425991767,0.3625257916687683,0.3938822370590519,0.644098851977826,0.7398908909477885,0.7907715731382073,0.9891787698077037,1.0840337597296903,1.2041042223869354,1.259238239566049,1.330541816874763,1.4647471234230036,1.3948721697672894,1.505257293343422,1.458083238625113,1.511398067016261,1.522640770713864,1.481135166981474,1.4416641888004795,1.4600297101243693,1.273344639436579,1.2569496845104082,1.3426963944499126,1.2252884725827817,1.1839783987771941,1.0560724007448878,0.8888851413479474,0.7509543885719234,0.6648183003831166,0.37606202511228987,0.3175436371753205
8.879999999999999,0.07257265405205501,0.17969794246909876,0.4008378098733009,0.4318570909498636,0.5837315593555317,0.6822364768893247,0.872422420394873,1.0229233113521807,1.1292479090555276,1.2204834851453938,1.270205484056706,1.327725231320913,1.3801443665158748,1.3996099596384897,1.522505178308,1.4879651818153772,1.455952100839295,1.5094077778793165,1.4713769857922205,1.482614980382297,1.4703638422661627,1.3018276398219408,1.2653197093935615,1.375131158805923,1.2766394243869936,1.1163672159462261,1.0613467362802256,0.8919105240947941,0.776599718901305,0.7524698181278453,0.3591720468071751,0.2197548737649984
8.89,0.053490485892771666,0.28284358252325514,0.3321769948516733,0.3716383965023948,0.6215929355709543,0.758615453070351,0.9107607300553351,0.9792705005797745,1.1296228334860212,1.2243698743468143,1.2735548811394164,1.34141108791942,1.3888503350457382,1.4438694863889472,1.4271164346704401,1.4467840596158523,1.4346055203911445,1.4791292151984312,1.4431379353190918,1.433950824044118,1.466515267202607,1.2959225966503831,1.2420427361901707,1.3593760872423701,1.2793169496633934,1.1295061266688637,1.046894863368853,0.8728384853546726,0.7320668576675456,0.6717427437279148,0.4156455688057661,0.2738144975794409
8.899999999999999,0.10547555376142617,0.27697723525982837,0.40587051420708053,0.38114791420294586,0.6315383447913389,0.7321480798870287,0.819957033486617,0.9907555079582814,1.0716547661450808,1.1740942522076407,1.271859719319521,1.348900046754637,1.3761225988716972,1.4751212814058945,1.489363753650799,1.4661587512038687,1.4875763150398265,1.4555901213447024,1.4014663846290891,1.411442025274958,1.423726988898653,1.2761118516886836,1.2645342514306965,1.2966135678603867,1.2546621794843,1.1520069743821744,1.0993397759473094,0.829846785567672,0.7526127251245438,0.6792934994707033,0.44085613648535116,0.3114483087690231
8.91,0.12328756569208794,0.25189415656826875,0.3970045951572112,0.36553730882864577,0.6544675436927667,0.7007170663898364,0.8134460898386275,1.0055040532103392,1.0992511048297025,1.1730979417498428,1.3155009657683034,1.338101457468213,1.3707792415199629,1.460796764384604,1.4858965552570205,1.4998953691029875,1.464849584921558,1.4724399975637714,1.4455037170517433,1.392445080060997,1.4539069538154221,1.2626996016299203,1.256302291942967,1.3065444432507731,1.2181252154467974,1.1073429377111357,1.0077678125837852,0.8429431455565272,0.7195848413849711,0.6719537096694661,0.43756081889947573,0.2614154900147027
8.920000000000002,0.10865842264810305,0.20542303617101465,0.4984688942392441,0.45249670729128905,0.6896690893168995,0.7156909425995251,0.8155989321319495,0.9658613590774623,1.027324584658535,1.198082002559621,1.3163945726683848,1.3633976748481427,1.4540628326540803,1.4491665393985793,1.486115632593966,1.4954988251913865,1.5355605513351398,1.5129542434127445,1.458035611716253,1.4145097261009183,1.4322880415802692,1.320994580244293,1.2948589577895715,1.3090384944075093,1.2128234831313438,1.0648640467914636,1.000971157708789,0.8385786102379261,0.6670417732760954,0.645430669731315,0.3826946331751716,0.26893733007996495
8.93,0.0562551973434586,0.19326495711665917,0.4361197903932329,0.42916446794303326,0.6126670918375403,0.7385203728166574,0.8558706912383733,1.014985387865537,1.0836250758054333,1.3114942854300145,1.2779402049585216,1.3523096409994075,1.3695399472977532,1.4265108936052306,1.5155355081619735,1.519793808215235,1.4968389190669116,1.520020147698193,1.4520977706412754,1.452354633012174,1.4219715233707817,1.2556141424622456,1.3221898051288747,1.348419822091743,1.2340002084059387,1.1160871618475643,0.9898205109784101,0.7421923755739261,0.5892985545368035,0.6423032752042904,0.46887468750508715,0.23722812558527578
8.940000000000001,0.012023445625646226,0.21303117371732835,0.41059600018646636,0.477783961306961,0.6597200500234984,0.7152755249609493,0.854994005782432,0.9641384494267218,1.156308088011601,1.2651562009424162,1.3005972410081144,1.3849725601019758,1.4217221730814606,1.5046434986797148,1.4369988130881437,1.4615922406470854,1.5713504890042411,1.4876544272515033,1.4514409689469403,1.4435406906294532,1.463607472964316,1.3005714616369015,1.2716567998989512,1.2821133080653209,1.2240674016523645,1.0341698573184346,0.9644673460363155,0.7165991247780507,0.6352734272179251,0.6114383303381423,0.41517766217551344,0.23186694875748293
8.95,0.04859272336915277,0.12212367151588197,0.43947091880017375,0.48193349600408925,0.6923550198464766,0.7063377919629823,0.8277340155428592,0.9494758454055356,1.080298945415741,1.1171062647692394,1.2728030817367977,1.3299577033798398,1.4003289148515397,1.3886021698214537,1.4717626865332378,1.4978284231303247,1.492183748991497,1.513796203487775,1.4112168321732232,1.4451409105399546,1.365380528553255,1.2357788367239493,1.2577963442145477,1.2726838194217358,1.2298659183877683,1.0376312692096044,0.907765061475528,0.7429908237115754,0.6293447846274585,0.5913446413918871,0.42499016254704325,0.1969661079846052
8.96,0.07105297850539886,0.15795522362099573,0.42807306812619605,0.42774617664569914,0.6666610540922279,0.734876467795135,0.8978230937127002,1.0070395077532628,1.067001665175697,1.2070791014402165,1.2375928001919356,1.3309352918046318,1.4042241175645338,1.4499414252881615,1.4236330896033258,1.4392780250948616,1.4688197789331678,1.444424130852742,1.4258055969963561,1.4339452947226512,1.4596994498003624,1.2972844850334289,1.2647875833487643,1.3384019217641303,1.237881861344241,0.9962632856104316,0.9211491712207694,0.7582509071250673,0.6045641039700862,0.6229485740777905,0.44279254732805157,0.21945033007808423
8.969999999999999,0.05531335649539963,0.1998023471945045,0.4680447216901438,0.5056982502941565,0.7178864504431859,0.6829387036267118,0.92920707412349,1.0093081190090878,1.1156148578206804,1.1758847175679732,1.3219308254099513,1.3210637616828211,1.4015090094723035,1.457594008628872,1.5028174425962026,1.4705142211035755,1.4595794718371902,1.385586310611572,1.4417278397913993,1.4378667513656898,1.3970687295513355,1.309298288809774,1.2587880967111829,1.2004246389974638,1.218587719217864,1.0027028756152214,0.8801137271840407,0.7205438728336441,0.6035097937582046,0.6850122828806667,0.4208903102589649,0.20578027419512898
8.98,0.04443636242671454,0.08323007469872669,0.3942547678966935,0.4809514314629613,0.6833896277347735,0.7478553089678464,0.8822841677528072,0.9792899914344092,1.111232176322543,1.1765457703865678,1.209403594099248,1.3350776168786676,1.3680276074880804,1.5036703589448597,1.4495783118309875,1.5181718779541808,1.4720834000301934,1.4357526305710544,1.4319093699390213,1.4705710949308255,1.3913810519208187,1.3194918886608147,1.3485607621107683,1.278869190070939,1.207756000200144,0.9887236875532383,0.900168962235685,0.7269466637559167,0.6227892466912338,0.6254115009976826,0.5243519149999831,0.28608337623601604
8.990000000000002,0.07657829659081214,0.15996442909381728,0.4463561029122642,0.45501802640534705,0.6207164487336256,0.7686921325470534,0.9040593542786066,0.9425878372702868,1.0797926463929917,1.1552330815410445,1.2553154684350774,1.3768913213469611,1.3764847415932255,1.425392258904904,1.4923920848931584,1.5017238184524766,1.4509500643251758,1.4381622968654952,1.4399815204360678,1.4485960235762718,1.4273425473641714,1.3368068074748403,1.3216848563199062,1.2412689518426403,1.1588665935974451,1.005655012723373,0.8254857748874553,0.7205442649198365,0.5903307739260715,0.5827635246890948,0.5041184632794836,0.2571720250493336
9.0,0.06727322537354492,0.13448075068468798,0.4494414144475259,0.49865527610835536,0.6293594571632137,0.7746591893182143,0.9375681014711359,1.0063224386039715,1.0851956159371439,1.19558336935213,1.2546075237283587,1.3867337056312585,1.361916940393917,1.4416714745814387,1.4332187220021895,1.490788922734241,1.4709385698296646,1.440535833990951,1.47886529468556,1.5501613524317142,1.4582781647276635,1.2889143688879392,1.3256996873123295,1.2069044798230109,1.1585451038337342,0.9766734028577959,0.8765746224353409,0.7034678687708512,0.592173627445285,0.5944824009381534,0.4475298516189346,0.1780657941373119
9.010000000000002,0.07384668161426725,0.1643429044616685,0.4269660429993929,0.5192906608984715,0.612870153883736,0.6893974495619984,0.8257935197834991,0.9798105933904822,1.0901038627405144,1.2259220935021036,1.276998515103073,1.3530000977656176,1.378381380842923,1.4621864154110658,1.4304928183719876,1.4977834234681016,1.4983634669783024,1.4930781498791212,1.4380462140355597,1.5146292513514807,1.4726386972934398,1.3598602580686898,1.323903569795344,1.237827668254862,1.1918507198808561,0.965927526921435,0.8672179211393214,0.7109488212856296,0.5833515915215086,0.5664133438098126,0.4545168417291058,0.26229452313750107
9.02,0.022708794374718393,0.10090896403025777,0.4279560160073574,0.49907061274630404,0.6389661029827614,0.7406816249194438,0.9224053257568543,0.9515264447268791,1.03311124678354,1.2323158167935462,1.2464110464711764,1.3181806559261613,1.4246915490184135,1.4540503685692108,1.4892015051524552,1.5193493789717543,1.4454059799483145,1.440682619095618,1.3672809711797398,1.4958394485756061,1.4342363786700767,1.2972071221823156,1.3611567208717321,1.1909635686738158,1.142071011191892,0.9377728309806659,0.8002291871615793,0.665053382879978,0.5845516497939974,0.6038379725226555,0.45509836508601254,0.19745687598283604
9.030000000000001,-0.007409581277093842,0.08586563591423324,0.3750480453368976,0.48494976094361253,0.6538967018074126,0.7662735122836208,0.9624462660199778,0.9875674553626749,1.0634898022482393,1.209340320085739,1.3266338463568952,1.4027798357801204,1.4161374590407418,1.4207881434359635,1.4586775702070904,1.5238646137673806,1.5071695280268063,1.4891996388999038,1.4162873466002157,1.5082813761813605,1.3910661111065206,1.3482637462099465,1.371603555448601,1.2145593710542617,1.2048576046410011,0.9905892767251886,0.8325609695913978,0.6754903966282115,0.5668732578809116,0.5900547856552639,0.47707613881273453,0.2435239729603697
9.04,-0.0023385758376935784,0.12136169159561488,0.34982081532357384,0.4878035723643128,0.6684379961876823,0.7561334107249053,0.9052275674108153,1.004882417098753,1.0630338336324918,1.2394737414651,1.2330754864563307,1.2844403098510742,1.4362502550506044,1.4641816671558665,1.4735272151297307,1.5097551282028734,1.492001427343879,1.4361278402009403,1.4345820952065915,1.546816370483954,1.3782565953214454,1.3302968086808182,1.3870131746384304,1.2243236436645766,1.1449131861329649,0.9325355575785318,0.824756542493544,0.670507906642278,0.5799236111774776,0.6029234199004562,0.5339945904055514,0.20183188409951935
9.05,-0.020294473876924665,0.09891403710407645,0.32950269102383717,0.5210153225995473,0.6720384712310495,0.7965287568495688,0.9555424877606293,0.9871776542272075,1.0904299965546818,1.2307035047822994,1.2372883920198277,1.3184801614350523,1.4279259082216855,1.446957809007168,1.5024302136496004,1.4962560472841404,1.4689907689256319,1.4675934996945788,1.47303006869906,1.5001500313861926,1.3958145160150681,1.392836537022962,1.4273720837765285,1.2124446667574245,1.1544702059961642,0.9503322625768875,0.7983761714713795,0.7024232231241895,0.5636943334009926,0.5878721983011719,0.5212232965112483,0.20490174222948201
9.059999999999999,-0.05422805904671865,0.11030699830701117,0.40179213837372274,0.474553154994782,0.6584288193322724,0.7092701823931296,0.8660660455529426,0.9153904388423347,1.1110511982887137,1.232159906769103,1.2610780463724172,1.3279600105811935,1.373707572947946,1.4179876315088882,1.4430391772046618,1.452288743719568,1.4455264610449967,1.450303758843148,1.443624553455202,1.505445341771792,1.364027603704155,1.368526617269252,1.4072961583634038,1.189219975728955,1.1467951810661936,0.9741530150396168,0.7392621855330496,0.7050574111225875,0.5500564392493594,0.5700364338598978,0.4706737963180345,0.21891859243490228
9.07,-0.07083122582512895,0.07418684283668658,0.3063058928987439,0.4810739598881503,0.642511981041097,0.833754050283534,0.8734196842015812,0.956937156291098,1.0353179981027285,1.2046508781251062,1.243263669838843,1.3259416987248538,1.4219431689524358,1.4514853941158983,1.431261398367969,1.4739178085399653,1.4469787745788456,1.4681150964185916,1.477194987029739,1.5327832110770025,1.3457300633735985,1.365433287463677,1.4849904210715095,1.216858182108603,1.1234444511675687,0.9372957621451952,0.8264425077000056,0.7017639079321177,0.5668523500031398,0.5497006774596225,0.5056434814466778,0.27656208047647196
9.080000000000002,-0.005992877834267969,0.09893805829137098,0.31567744801112646,0.49905516266917016,0.667780141168144,0.8169072782219938,0.9461425824780512,0.9955653815327866,1.1066650925107893,1.2614088460601103,1.3043969660288615,1.3468861210705576,1.4066562634305027,1.4488747394141015,1.456112411764953,1.5003859198524068,1.4096921194578251,1.5129236911192414,1.475002551654288,1.5026258422037773,1.3966854464262664,1.4474958962062816,1.4549195892180806,1.1849199615142347,1.1553358055513552,0.9369980105719874,0.8229623907983771,0.7063608797361351,0.538795628448576,0.4690691966318221,0.47773005794273143,0.20122920277941617
9.09,-0.12266024046377494,0.05419505118112034,0.3735282822786001,0.48483105379854435,0.6908897066169988,0.7928755063193991,0.9081324520291626,0.987077348629344,1.0295892859463645,1.1445540173270707,1.2446170933979341,1.3640348826870021,1.4258353859820068,1.4679970909823319,1.4525911069634805,1.4872602307119773,1.4555986522925781,1.4812134574831999,1.4198943060045397,1.5030888950009036,1.323070531530728,1.4887650836531419,1.4788201698559227,1.209379884209953,1.1526347843989553,0.9077873748551788,0.8140417542506379,0.6978161470165793,0.6028619164931297,0.5661368038561189,0.4786057064133601,0.23423188408109857
9.100000000000001,-0.07687597872896942,0.06264236540434315,0.3039571835709743,0.450648405633552,0.6149007772424374,0.7492832068568036,0.9234674821367311,1.0080025312242091,1.10090040868349,1.224164183833555,1.3138322777033788,1.3850127315139706,1.3658891415931211,1.4027160597374964,1.4795164090145625,1.5472337214911949,1.497969236272303,1.5086328052117528,1.504522109603672,1.4603416827343716,1.3399794046376095,1.4486181139750194,1.4069043909518062,1.1285880689700059,1.0749155724593886,0.891879446194803,0.7945160544311209,0.7191823567781577,0.529059310296917,0.4706522180307279,0.43393845107470025,0.18981218371212524
9.11,-0.09586800424534023,0.1064582469445208,0.3144168171848099,0.5032923010540127,0.6429398374200911,0.8446604819346657,0.9643591410864222,0.9954149045280271,1.1088829155626767,1.2018505805168866,1.2755054036527849,1.3457985845255696,1.3942418954587485,1.4066623533527527,1.50372102454187,1.5114408100835142,1.5140271618918848,1.4153545262735743,1.4613566807050504,1.4691996096090358,1.3493154808808174,1.372188303781685,1.4079324061811433,1.164787227234825,1.0888853814525294,0.9044324799070107,0.8209722346228342,0.6744984915980042,0.5449777413005373,0.4696059516754089,0.48732199793687614,0.2308213027536329
9.120000000000001,-0.08932093371509939,0.05989813235286427,0.24127756461477035,0.5356233730969817,0.6767609969079805,0.7624701913415182,0.9962528572501306,1.0510385118539836,1.12665157115764,1.2263744913478727,1.337766273463173,1.377144112588966,1.4163907642924194,1.5042667713228997,1.4848235606473137,1.5460385392931477,1.5321984410746325,1.4992262279045176,1.4672756632427697,1.4998072595690173,1.3286331455868277,1.4076169229671196,1.391516566320743,1.1050969423495078,1.060625498617675,0.9394748273756933,0.805365958093259,0.6502224371267555,0.48654824723821977,0.4822417611617866,0.4434767679359618,0.27402443867474
9.129999999999999,-0.0767366339921147,0.08921454068071852,0.28797724010067394,0.4677406519802511,0.6476559100343202,0.8125038742289918,0.9265238222651436,0.9644103334364655,1.148342965095463,1.2267865199603596,1.270516143679948,1.3569571569525614,1.434774990230864,1.437933076491957,1.4370648098489056,1.5521783211076046,1.4417292089841207,1.5220550594324695,1.4434326865376277,1.5026593942952546,1.2880619352725133,1.3496104642801372,1.396018126063375,1.1812457175977857,1.0788102067251588,0.9322489048674109,0.7729523919608376,0.654526801665817,0.5676427824925157,0.5231187438427589,0.36165452474097526,0.192053408057219
9.14,-0.09909883824095726,0.07733616626320473,0.31046531680916994,0.5683192036297707,0.7177110386201488,0.7915460422745972,0.9428037973968498,1.057543697252506,1.1396000313836878,1.223256233051142,1.289656564950772,1.365460844272119,1.453405169481301,1.4719462895726307,1.4550365968408645,1.4617582894060501,1.511786903902464,1.4482998951052624,1.4321789773346851,1.529031885177067,1.3988194738183395,1.3877931794179197,1.3390628833683993,1.108555618554256,1.08396855021142,0.8942100003267724,0.8362968650187571,0.6613685843758008,0.5401514123383135,0.4651658030851526,0.3989242258277808,0.1914475103503623
9.150000000000002,-0.03789694885941863,0.11684872646131286,0.273889802128322,0.529408227857451,0.6762683792931096,0.7932072589718518,0.9095689510713701,1.015830166164075,1.1123859640987608,1.2264974409397817,1.2858718925370494,1.3304577980951726,1.4039041324245376,1.4745924469200071,1.5049621617688969,1.49140875545402,1.4941922023087433,1.5042970892535268,1.4980372583214931,1.467176765896466,1.3557097428192788,1.432670172682999,1.3599109266555092,1.0482084244555958,1.0144288026342514,0.9068627821158044,0.804621166014399,0.6625015665717213,0.49989462298999304,0.3831560689345513,0.4000024032196968,0.18023330114716987
9.16,-0.07283612041691638,0.1435729517815788,0.3017901596605734,0.5531804777945581,0.6881982796527063,0.8015154748372904,0.9577263814270289,1.0088589872960827,1.113636074337317,1.238362051304627,1.2986031600714771,1.3232087439345985,1.3931686186396706,1.3943276179868374,1.4540808926571174,1.5341029615056976,1.499452914459599,1.4675438243830885,1.4261428706257082,1.4891715353113295,1.3757287869081178,1.3346969890489957,1.3519004460564956,1.1571866515552185,1.0160196686317917,0.912489264780803,0.843910061787707,0.7123309887969251,0.5370791971100747,0.4000476133305038,0.3809062482958281,0.1437403674175672
9.170000000000002,-0.13402713921502576,0.0698372251873264,0.2650228066807817,0.5535951963334804,0.727850447800608,0.7846898092342013,0.9401798694767488,0.9924274663162783,1.108529030819917,1.28176992126352,1.3470808487096115,1.342632543722466,1.4399274865628808,1.4326784572599474,1.506881766352677,1.530876474674295,1.4752315598854475,1.4419640562114513,1.4464477053503526,1.44916094292584,1.381037670066263,1.3811874085104572,1.350351652252521,1.156477199483154,0.9961165580622016,0.9163273957770941,0.8876897337129132,0.684626774297911,0.5147343779345642,0.4278553676449586,0.34054754130556153,0.12167319310505888
9.18,-0.07570496073024564,0.1384416835489171,0.25345816291645706,0.5852250174158506,0.7052436140574996,0.8013721842968061,0.9685756987513781,1.1103711045959503,1.1318364396654634,1.2337274778012577,1.266330145085777,1.3264771694480941,1.385313045566321,1.4315699924621472,1.4722313417528643,1.534145769422631,1.5097664793546084,1.443214026885367,1.4516671008621593,1.4475397964929457,1.39602450827791,1.3842994723732702,1.2810570947014488,1.1475092826265287,1.0453809036785802,0.931110890403352,0.8187846107585468,0.6073810851003978,0.4798794433452382,0.40484064264845293,0.2846998263340422,0.12743906916086217
9.190000000000001,-0.04150475253161934,0.17824760929533726,0.24585266245848436,0.531057991156344,0.7351713142990663,0.8248613661399874,0.9704873555559986,0.978461239168819,1.114643142615415,1.2095714964146704,1.2551800837020959,1.2889955473973975,1.3923603334811454,1.41400091253442,1.471342893661312,1.447555775030153,1.5195563250436848,1.4551689397291687,1.3848883924230915,1.4354914723661982,1.3431072912332342,1.3573952616166418,1.2657203357278746,1.093041644967168,1.0788550379221162,0.9526791415461562,0.886409647390298,0.7159984934297423,0.5329255540948561,0.4319566696250202,0.3314979580255149,0.14597535735904293
9.2,-0.05490750170499845,0.1537793375426959,0.2327635364164505,0.5395812157244824,0.7652609934051501,0.8261610512747958,0.994680923340377,0.9916610440586344,1.1486530029689868,1.2654287158600304,1.301766724719411,1.3739900603097996,1.4074020036912454,1.447514475382149,1.5020903082556738,1.4907431757910188,1.486082237966097,1.4489305794586123,1.436443567643421,1.3571056136713426,1.3762446168139075,1.365926583345479,1.2950849716874704,1.088412342702282,1.0050295266834464,0.8989274745264085,0.8354338933890638,0.6493190385729091,0.502645824531558,0.40591370012423394,0.32609079767243343,0.21549937992257273
9.21,-0.0022868149321280066,0.13770989248035212,0.26252362161185255,0.5864010609881415,0.6986104665879649,0.8252392512613141,0.9385952199930852,1.045043228381286,1.1379912927445073,1.2403495611093436,1.3040876839890942,1.3103885230325722,1.3758753971380844,1.4546455727313392,1.4605222547979178,1.4884065622485176,1.4496865616984627,1.526823504175231,1.4759705669277736,1.509221191353919,1.369430938686966,1.3191087520663667,1.2009384553295823,1.1243744779864768,1.079790974406186,0.9261275522971296,0.904318505323267,0.710424710533331,0.5813182935495872,0.471235278262972,0.3089513950194772,0.1601189033429044
9.219999999999999,-0.02709960697422578,0.2507616246716218,0.24768563071156133,0.5325980946604234,0.7742086798196298,0.8236203177102028,0.9873169697735189,1.0401194438929549,1.1460458467917798,1.2596583966682933,1.2505645303881698,1.3555353765962397,1.4537796326732515,1.4382592462944594,1.470687541877855,1.485504747526147,1.536928833975534,1.4682503007736556,1.4643961349683865,1.4365039884683337,1.372957085882456,1.339075669587737,1.2082208778280688,1.0980661405189984,1.0472513439588644,0.9493991043465693,0.9154358424312485,0.6202196083433096,0.5238934409016641,0.4369375429689274,0.32656437265747396,0.13778532142536995
9.23,0.03433085715294383,0.26630652876496236,0.2844830200281759,0.5656640729382576,0.7941809672233904,0.8579634736097795,1.0184334494997334,0.9977724055300035,1.0606036245453399,1.23098183717612,1.273398072735272,1.3543582968459071,1.4605757448339345,1.396999165379167,1.4232811273953538,1.4578857373957779,1.4975916513164738,1.4936598938837526,1.4040252067253984,1.4007385573155198,1.3658858147819466,1.4194888600527527,1.233931401083613,1.117256518570332,1.0869592083223025,0.9287058353498038,0.9337292008128735,0.7136401426364761,0.5900161922914842,0.42957814945091255,0.3197294534548941,0.15762943692845188
9.240000000000002,-0.038103176568209725,0.23340244213822423,0.2210629017629781,0.5924871887682873,0.7688420340573358,0.8045452431673255,0.9752519986175495,1.0275439731402034,1.1199287648389211,1.2358727808023,1.3139194222956443,1.3765553010713325,1.4283983342724424,1.3820402626902482,1.4713515602364755,1.4722538393049536,1.5111670560429846,1.5011801073780564,1.4362234742777025,1.3859702236261733,1.393453516716381,1.3565955388414714,1.1674318980481124,1.1129590612265308,1.037016047775204,0.9252154857191819,0.919585007189694,0.669007384166584,0.4737581351991899,0.39407728726307717,0.30758071351674776,0.14695763423948552
9.25,-0.005987121451790435,0.22494785078057009,0.25530716393278263,0.5712949141567631,0.7522208501488495,0.8377159019630999,0.9877904557100678,1.0447638549126854,1.148658471347837,1.2533361340807603,1.230113264174238,1.3623031487301895,1.423552626740829,1.4612351213737922,1.5163570254390253,1.4327420782631728,1.510337504960405,1.4922624585834052,1.4058957153975509,1.3562232413041497,1.4572506687124305,1.351669739738831,1.1526601315912393,1.1117048590658982,1.0195359514605928,0.9952727694422357,1.0060211177315526,0.6710047920573354,0.5484846506416289,0.4068376388740405,0.37381513461739324,0.11889265809767115
9.260000000000002,0.0022261401968187815,0.27711596657751586,0.22546943179561774,0.5955559736815076,0.7799712040200074,0.8133100817417441,0.9191069092840702,0.9793179328975641,1.114271306000416,1.2372646134376113,1.227312311131547,1.3451137744169233,1.431410619797347,1.4396441218442293,1.4238328827328472,1.4176950163085322,1.5012854507365214,1.535414379967989,1.4823818951144234,1.4380447170194905,1.497373373997706,1.3799423151897547,1.2221380276097626,1.128189925768662,1.1059941013271404,0.9385823162666426,1.062563456651067,0.6895768461189302,0.5242518837249196,0.45667406715017506,0.3406569434432342,0.14939233554727452
9.27,0.04388842386537399,0.24722456079406296,0.28222542912158405,0.6011264366396154,0.7892143137454783,0.8768669719365257,0.9817268313823313,1.0239595246903475,1.136684461342591,1.2728262663763694,1.3201856377699899,1.3604198441462267,1.4049428759362728,1.4774779828316364,1.53142755829005,1.4656948368651332,1.3904773044143166,1.4681529927145807,1.4642258297543023,1.3728179128703966,1.4248193728971024,1.3726761290124854,1.1705385010301401,1.1513127797346723,1.0081605999109169,0.9316210791004652,1.0212132928898825,0.7088179937367025,0.5829916279022661,0.44496649687998296,0.2860575212058081,0.09502838785874919
9.280000000000001,0.11932166721542448,0.22113291794014037,0.2549785943730303,0.5936364968823051,0.7457880647081724,0.9221822243651987,0.9614552032480601,1.041965197837938,1.122215908595233,1.2396663173950888,1.2080153701343237,1.319537919637775,1.403579923098985,1.4355506476303832,1.5147239098790903,1.4919260576814857,1.4874949847392007,1.5286238680602617,1.5099245214513652,1.4005136586090607,1.4759370442135333,1.3120752923888201,1.132946465867122,1.118068208506416,1.0624595219073687,0.9684114925000585,1.0952232783422875,0.7086976831810297,0.5134606483960621,0.36896722303314533,0.28593422066415836,0.10181903994453723
9.29,0.07787030692781984,0.22072851695021295,0.28325865653296206,0.6010722658783881,0.7557193095447589,0.8390781421968306,0.9877489808894941,1.0618708987227417,1.068672569505356,1.1812294293206684,1.302506748096017,1.4326412991563398,1.4349859571271812,1.4086010469425996,1.4560719918656182,1.4908756626459811,1.4677088944851782,1.535188621394391,1.3988804098337748,1.3750685250755807,1.5441344026037613,1.3547197361099736,1.1882926402026601,1.1359428000051899,1.0054749619113768,0.9377657236807744,1.1346508103306912,0.6597290947758394,0.522498853957019,0.36732821647528957,0.28601829573881266,0.0622321388035796
9.3,0.07753469510299074,0.2476289425643736,0.3396586663666665,0.5770341452374737,0.7799690467027941,0.8857107734438389,0.9495275193507722,1.0093895040362293,1.1257436078680472,1.2626140646739508,1.2587974950980438,1.3380596676061103,1.4095368718435217,1.4524092919223395,1.5016850561647936,1.4556748961674182,1.4824897156385735,1.519347944315086,1.450245769215631,1.3441424085251397,1.5197757226346553,1.354952577121352,1.2155005239036933,1.0863604750977491,1.0455238108136258,0.9454094283921637,1.1197290420677264,0.6548735503671785,0.48421192551682657,0.4354314218361293,0.2847343644668235,0.10694996929943364
9.309999999999999,0.04661604421527312,0.19763585956411786,0.3790568945067056,0.5779513371132412,0.7301162000242435,0.8935785399041829,0.9541558058216182,1.0601591521085885,1.1595956576576545,1.2666266835369002,1.282136601769554,1.3043225917312653,1.3883605761696418,1.4586481215207592,1.457163247779065,1.4435334547692362,1.4393366569525643,1.5200774620292672,1.4299483497348415,1.4210217263500136,1.5037103811251862,1.31133123233407,1.1880329284736926,1.1331209233756323,1.0778213078023615,0.9057518644221177,1.0204751505463105,0.6824286449812091,0.5195373271349403,0.370270888997735,0.3063624563563223,0.05495102101892031
9.32,0.1240144580268216,0.2427079783108343,0.3786995312710454,0.5974900740040514,0.7358560571802666,0.8364454468602973,0.9650834059822038,1.0734428967262768,1.0756229415502478,1.1865791296000245,1.2760792529159746,1.2953785841811385,1.4083565557699296,1.4800391112320106,1.4500459552749174,1.4576270491382395,1.4746519557490307,1.5000078973233444,1.546586480645608,1.4123518459757956,1.5273118646128756,1.3595828961177625,1.2290091912195305,1.1016629765748156,0.9951848621296039,0.9474511702214818,1.072723811525996,0.6685297688124677,0.5421657379894699,0.4227932164261808,0.18638833575600888,0.06826746851190134
9.330000000000002,0.06670202947917142,0.2697999504211052,0.35195062015763834,0.5863997604794832,0.741558540087921,0.8596529778647409,0.9950345367212712,1.0312876752894948,1.1071877851240202,1.234436848434623,1.2478311581894688,1.297789112851296,1.4863075967709245,1.4633800724383461,1.5449564067371904,1.5191581521227406,1.497252161887211,1.5305435622964056,1.5604332762730975,1.383604375627348,1.4862183157716942,1.3464067844062,1.2283486702782287,1.0531180315719302,1.0651676050592227,0.9413047445589243,1.0926000451852553,0.6199120003841786,0.4861394578541886,0.36872077521360996,0.22778269480728064,0.020325086904225922
9.34,0.02838341033753868,0.20691554309775587,0.3495781442931378,0.6168379413650369,0.736536658277964,0.9196753352510437,0.9627625687798713,1.0738726099046207,1.160812025651045,1.207640142889926,1.3445478260302877,1.3684895040226301,1.4559712779783773,1.454195568953903,1.4446448864974888,1.501370181588042,1.5038164763172945,1.5184661659054617,1.4962242409085318,1.4244020692878152,1.4364407694596524,1.3274365942072417,1.219312519122153,1.1052810534962827,1.0405871259361485,0.9117219559683761,1.1018896316747309,0.6464076406733733,0.5003077258419949,0.32550655991512173,0.23589296178663116,-0.0012588054996738637
9.350000000000001,0.09856927945512495,0.2126828295531835,0.4323741113580943,0.6475038581604922,0.7449513968416902,0.8814497094698293,0.9707902232412603,1.0254992360765318,1.0931841338008361,1.2994309441279899,1.3299285577489872,1.3396866344371592,1.4381475557280146,1.4280055715555053,1.4311119023139132,1.491189850100671,1.4598622399519448,1.4934976115858036,1.4387360669506295,1.4008963965960852,1.4440087405342867,1.27747682627021,1.2323422660582,1.0748921251805907,0.9998635651326049,0.9444487459594791,1.024292882494801,0.6094454380754964,0.5370439790163674,0.4341001484193521,0.1991457213011651,0.014915306221252866
9.36,0.128419195045634,0.21792964120309272,0.46258160535525206,0.5877669337921756,0.7404025043843738,0.924412724372827,0.9287133008933255,0.9990928979318867,1.1032334889158761,1.271875725247412,1.2418324313678129,1.3171714324397767,1.4162392982472691,1.485898502511489,1.4616038010779175,1.4965614364488546,1.5172051929147048,1.507631462163316,1.5045977522260319,1.4219641970558115,1.3915389999309622,1.273931923622616,1.1859136203525984,1.0944125975796475,1.0300417322059603,0.8954446408364352,1.00957192019142,0.6332809257293043,0.5152180591436891,0.3589911739578846,0.17192177191007713,0.051091284970287226
9.370000000000001,0.09416446475133503,0.2755441044892099,0.54790683237696,0.6007716603721092,0.7207830989429116,0.8558954303180746,0.9431405987661646,1.0384709597564117,1.0906397303036943,1.2469159877781992,1.2999040708234675,1.3827168041919122,1.4296932977561778,1.3927573352028908,1.482735492709084,1.4923378785302575,1.5277753167293162,1.5399324394093723,1.4506370237845645,1.4728774777280977,1.4465400684472716,1.2631850793280677,1.243810536309096,1.1123743723930368,0.9988577688232952,0.8800306864217492,0.9444567153615395,0.6587919747717172,0.4935103971177612,0.39611278804708805,0.23531866706418836,0.019935022754021633
9.379999999999999,0.08068711726538176,0.2053679996187537,0.465124074935519,0.5599751887594985,0.7134314534309119,0.8453801452720324,0.9366697106885165,0.9840442707553692,1.0930759244265387,1.2341261046525407,1.2695739813765474,1.351986838870532,1.4758773521815844,1.5182597326878369,1.445323432459263,1.523824220162742,1.5240263295490504,1.495686852022732,1.4719561508047525,1.4437318072930887,1.4954156086219998,1.3098628521365236,1.2541483828264064,1.094942843093544,1.041532954344269,0.9026961243264457,0.9619527434202862,0.6009160937004896,0.4848897785836979,0.3112138356491727,0.1663204230552498,0.08152825506078973
9.39,0.07831127506260023,0.27787904569783445,0.5854197112969587,0.5943373572412295,0.7321559762892504,0.8435370386946782,0.951384494283846,1.0401207399489953,1.1843462479444047,1.229992230438859,1.299320240888302,1.3695471338578393,1.4423150916775573,1.4071071563285413,1.4845735220029241,1.457014625500212,1.5505728797183513,1.4801055085876418,1.445686857174006,1.4195946511396667,1.4740702510421757,1.2937565221801957,1.2727780765546644,1.119136379664482,0.9926610896381743,0.9475771199649174,0.9696776766461493,0.665600533391976,0.4746522492838282,0.34010389881925124,0.13317396548645744,0.025143285917203977
9.400000000000002,0.06485034265131959,0.24545325175627455,0.44738467176929486,0.5812848254838572,0.7551927005782717,0.8032507480190884,0.9564112282724841,1.0548064161535142,1.146196672319322,1.2859863905726563,1.3081979107714925,1.3123157376542887,1.3985007056386316,1.4918858515671771,1.443712911192322,1.4986916708755693,1.5689461625117098,1.5042083688178964,1.4981641525729747,1.4655923588660242,1.4729983141778746,1.3008069213183457,1.2723101154697278,1.071168384618286,1.025597583508858,0.8941571889213648,0.9207654687854093,0.6467233044913518,0.493806360123701,0.4116041774989482,0.16408261029741758,0.06670153305810468
9.41,0.07058519221329523,0.23849565033806086,0.41380782861522175,0.585993920071198,0.7186511119048791,0.8639033338500942,0.9301885621036937,1.0507180036097097,1.1934761533446707,1.2180861068348394,1.3219081494750367,1.3712453431312954,1.445568856172378,1.4952653573483514,1.4888188681133492,1.5050539813194335,1.554667459401263,1.4740083622098696,1.5211873145137615,1.42624387906143,1.4251708213624514,1.2830973776462373,1.221361997531682,1.1238891672646565,0.9897695545060863,0.9652442874178188,0.9115376211292472,0.6547067978400203,0.4540091796068687,0.3473464710840886,0.15044422982994257,0.05727404130202707
9.420000000000002,0.1097858880308066,0.21526868758527223,0.5604255906281275,0.5614685349130815,0.785495680840834,0.8344328186657658,0.9376308279613048,1.0382049079143012,1.1504861423910904,1.2457892432294584,1.3023388842428043,1.3817536067294356,1.4113710436611455,1.4982821907823776,1.496824600301326,1.5135328025332064,1.5472681751930026,1.5312807729743592,1.5242248753290457,1.5010892131846096,1.3822132299719534,1.2293910953163372,1.2932182068332807,1.1669944003724753,1.0188164603771415,0.9536029146769667,0.9100865090259511,0.7255239067873921,0.5350912610497415,0.3745042602985064,0.19657077027316192,0.060020285900409434
9.43,0.11765445405505492,0.23878178213880827,0.5731326446406705,0.5465736685545727,0.6950807961564819,0.8272131303067459,0.9241437285431151,1.0561422884315868,1.1524617992289807,1.2004431312598864,1.2679134414585949,1.374334575513487,1.379684655622645,1.5022146682538258,1.4586145640120192,1.4663739289253501,1.4785253883174065,1.5268157037386814,1.5354669420214015,1.3708760449974773,1.365737164043321,1.3133222862877962,1.2664187408601546,1.11697452908641,1.0288458786740384,0.9537434498104728,0.8287654772293721,0.7118337378860184,0.5314082468658301,0.3657067339750727,0.2015667039516004,0.12073333651905532
9.440000000000001,0.11673092798337395,0.23392623779259886,0.5320779754682499,0.5405459455386649,0.6860791120252985,0.8573939765018089,0.8939949470030186,1.0515003219398977,1.1595248609920499,1.2084322849563753,1.2860334308520434,1.3541216076695919,1.4613810999260646,1.5089874431560002,1.4377862052707902,1.4636287991023802,1.4902501603622753,1.473885137671029,1.521002784607414,1.48020174284311,1.424297835318845,1.2691281407931987,1.3038349494089627,1.1439991048397824,1.0617432165470544,0.9957664040925582,0.8877059132080952,0.7234567552823405,0.5741735150701205,0.4316972846714065,0.22884691702211044,0.09819015004187921
9.45,0.11216100639133944,0.20343777231184268,0.5076687182541126,0.5181415787986687,0.6813183137412515,0.8333664041154927,0.903263311450025,1.079785258421742,1.160714149140075,1.2871037984306588,1.3135904837451409,1.3939650500646206,1.4060795201203466,1.4543127870195245,1.5074455974926637,1.496000920918346,1.4912983518349325,1.4707859916458939,1.5273524608580704,1.435732365188664,1.3761650778458019,1.3030252277871661,1.314289495673778,1.1253368051466623,1.061419937812525,0.9785031199709774,0.8242886034790405,0.8064812704261418,0.6013144534025089,0.44571831464861467,0.2059061494547657,0.12908245136555258
9.46,0.07276504646322068,0.16139259645714799,0.5028361180721307,0.5793042446553327,0.7214134381756284,0.8161020065124653,0.9236934043555658,1.0812144544216922,1.1131782588478343,1.2957365097179727,1.3224095606418562,1.3909616808858156,1.3997980124201062,1.4255271793912698,1.4981793088117092,1.5634617737937015,1.4784547926448839,1.466253916596359,1.506958197692331,1.4767450198024754,1.3074516598189934,1.2558393421847516,1.3040529624201709,1.2313496273602202,1.07947693123956,1.0237210731292623,0.8192405181898718,0.7812277641757539,0.6507109388981839,0.45811162859966525,0.24711142804571481,0.025590675585524227
9.469999999999999,0.005616498529245175,0.159307337161625,0.5498550388970135,0.5253742897070595,0.7191732089731248,0.7825228381544719,0.8935714950485597,1.0082238499741236,1.1131511807893868,1.178755721971079,1.2967938982751044,1.3376241538689997,1.3609343164493033,1.4552711140316963,1.4615620916214194,1.489261628943362,1.531386961759058,1.4842511407146814,1.550058082868181,1.4521961253813722,1.404131805296942,1.3208830251600847,1.3388355269407268,1.169395123213116,1.099133521601907,0.9880227678206837,0.8426678324616748,0.7738281461061634,0.6457840230821899,0.47670739231463216,0.25777453829564695,0.1392723245181653
9.48,0.10353279977417133,0.19327648185339671,0.4864629298005626,0.45870671461612833,0.6932303790921742,0.7542158688227326,0.895283764079948,1.0178401595639661,1.1620200498951274,1.1727859650529395,1.3268156511154756,1.3228267210915947,1.3695127510246559,1.4727717101727584,1.4903050860626987,1.544363833507241,1.5590127848651025,1.4612882332977402,1.5646719406766663,1.4937310286690917,1.4127918675126991,1.2938878136363647,1.3122969079538263,1.2138918807880172,1.1423018616427274,1.0952080179640944,0.8217731844774869,0.791690955225062,0.7081365906085093,0.5376670929126717,0.28432608527761527,0.13283116940498693
9.490000000000002,-0.004476925748738154,0.11857697622376011,0.5067457378791486,0.45179478727231004,0.7018795545084261,0.7849900534923294,0.9327765998078854,1.042306241238923,1.1427034341323816,1.2310877341424937,1.3607184430864288,1.3845251147268458,1.377732742162853,1.447975983429611,1.4665636607628876,1.4214793216024713,1.517212602833558,1.4500055086865211,1.5366170320934558,1.4881663873033408,1.2946331873645138,1.3042800847646887,1.3459893922424073,1.2355709173712575,1.192488306011271,1.0978667395697348,0.8469467031983546,0.8111492957754802,0.723783239979487,0.5191177498800466,0.3675165319785688,0.12669873055529096
9.5,-0.004803645975104218,0.14660933754540065,0.41684630309182297,0.4713215792119801,0.6545530333932976,0.6766269094938832,0.8869464023110277,1.0535257651003018,1.1387149714819553,1.1976124361542364,1.3422293230297169,1.3811415023681852,1.3891949648500121,1.4449909379138823,1.468418244919725,1.4786857597705878,1.5122508226732938,1.3876497591986297,1.5147207312689253,1.4765060918658373,1.3701395833035976,1.3096335699909505,1.3263430389632043,1.2504222356738186,1.1387451550224756,1.129442849731585,0.8621696299235367,0.842461281965224,0.6977549020010307,0.540706706151609,0.32147415417455844,0.12054188952127233
9.510000000000002,-0.004215851578710792,0.09788081016093508,0.40453326563373904,0.44093317079700906,0.671512537301787,0.731960959317444,0.8763904721195566,1.0537492307305265,1.1916824324769422,1.3283117299600316,1.3531936520611887,1.4476661999590423,1.426748416775744,1.4687716381980978,1.437132315297456,1.5095990368446959,1.5361062389920657,1.4024426338630853,1.4927064091197613,1.509018760731209,1.3320727048890693,1.3343384215067875,1.3112958815177769,1.223443852965091,1.1459975298208624,1.0580792647403987,0.769217604513182,0.9108147142737245,0.7072827718236036,0.5643956431553662,0.3105384014548634,0.13895156056309693
9.52,-0.03413521522431937,0.10509607879674435,0.3381005169317534,0.44567745464172626,0.6015789683213437,0.7304793097758744,0.8264009907023891,1.0530825885685822,1.21378274431308,1.2193585073420625,1.3087044868417055,1.4138498525474923,1.4019400284121186,1.4731773029416424,1.466193668654043,1.5079755384764353,1.486327345468926,1.4487790221869041,1.4810403370159972,1.4614074693395986,1.3006390525215956,1.3588828808685565,1.3550011087835279,1.3314714297646144,1.2029840710406376,1.1026116047518726,0.8593517580640113,0.8365464465389784,0.6775207880772401,0.6112195119371893,0.303436747333198,0.08524691633347634
9.530000000000001,-0.033511314655721665,0.04333997857667833,0.3400140175617006,0.3550240581752411,0.5946836336533695,0.6665849310490336,0.8328917960612234,1.0955087068786642,1.181221525212574,1.294814728149698,1.3370869099461031,1.3801443012443475,1.3926454865230553,1.4210208788057965,1.4650591843991714,1.4445452347410368,1.5106980171681592,1.4462646729323216,1.5056826764392344,1.4954447804247615,1.3391027707255216,1.3877789160540954,1.3711327080217792,1.265157505802158,1.1938030090404128,1.0864064652885612,0.833000574797148,0.9017930000646187,0.7425254693756322,0.6369592616817864,0.396762970850631,0.11618085231623254
9.54,-0.09170831311070833,0.06933410655990488,0.39924021582374125,0.4175833997158321,0.7153864240558119,0.728934583225828,0.8244549459026574,1.0520126338016091,1.1705947467355948,1.231328270512165,1.3139165251279414,1.3816405318758387,1.382123150807416,1.45033493234493,1.481435321148508,1.440023993836811,1.5049799471656475,1.4394606486456105,1.540833831975247,1.4545500213283518,1.4044873269318665,1.3938246809083514,1.3411904458399342,1.333248838537669,1.2478070014608738,1.1608531950381256,0.8454088021278405,0.8793165987269207,0.7217173116437386,0.5936417694097711,0.37512717264831097,0.07120892931102141
9.55,-0.06285923125532805,0.10187699490312176,0.35522026016170877,0.38943274592500976,0.6968500036078347,0.7037176324120143,0.8431191940553293,1.1184021201398784,1.1368117824863937,1.198359980598707,1.282313722720655,1.4013057948498757,1.4033695215095012,1.442700752335598,1.5097205449059086,1.4741501110887623,1.4807945328306142,1.4934602531033754,1.5220137368936075,1.472267872825159,1.3532436789143254,1.430110797425172,1.3912606228064115,1.3512859259394734,1.208638772002471,1.1608806437788919,0.8414842149068353,0.9295036879412892,0.7379512612356396,0.5898063401056445,0.4243604144199697,0.11457167368782906
9.559999999999999,-0.13876984069702664,0.04308456881000999,0.2743076506828227,0.3931415575494246,0.7021337208510645,0.6589281379530556,0.8164234151048083,1.0349669548527183,1.1698612446905152,1.2436160445544762,1.3243538179023397,1.3368817348728694,1.4216595554377198,1.4227579282539344,1.4570164769185208,1.5191168259306291,1.572202896147096,1.504271282953528,1.5253802969118144,1.4814816673596554,1.3472781219242052,1.3666959096595168,1.3886574163205323,1.311569770394213,1.18370890855075,1.0872830725875298,0.84995389135975,0.7949264988961363,0.7547947001397773,0.6037320708834941,0.47885116740939343,0.0892458504215349
9.57,-0.11586767028578661,0.05408438022586477,0.32592898918888047,0.41848400879484354,0.7750512308501964,0.6750571133629503,0.8319769632857021,1.1201759382483552,1.1653364245049453,1.2395892056407083,1.387926934665827,1.4202493255397586,1.408912324834063,1.4797130255703133,1.4794501689238821,1.5415414576936306,1.558543790540023,1.4509382593747446,1.5197551451048885,1.4708843033919314,1.406121211264851,1.4159775182677836,1.3625538857697475,1.2753940436435098,1.2048510160758177,1.0996163198966677,0.8431577338326606,0.8597097696239989,0.6812778218816903,0.6268182934682942,0.3738117834865663,0.07385143733768718
9.580000000000002,-0.13306803842331108,0.028681323896989276,0.26168807492911145,0.3444110895545683,0.6776694003515832,0.7093831976522972,0.8512035126288702,1.1042622329246459,1.1502158540437077,1.2195691185602018,1.3332693254353765,1.356393259389302,1.4353158059613687,1.4660888184203928,1.529855525299113,1.5275729139297685,1.5216948948734492,1.503825494223116,1.4913814633480451,1.474926004165241,1.3723808143666272,1.4164972947437693,1.3292210808213167,1.297562760013113,1.2310614175308283,1.1390288198781042,0.8241374984525871,0.8280404665804375,0.6919700683597086,0.6201677736985697,0.48674291067284126,0.11387104183550982
9.59,-0.1605504987587685,0.04429767044943088,0.25777616213492394,0.35970306272313124,0.6783228163515735,0.7011402406952153,0.872613720600674,1.081710397521351,1.217699628978334,1.2894291330205396,1.3119752665285942,1.3438201670407073,1.4537780250772208,1.4860573612355152,1.4928107676061138,1.4986659708112162,1.5528554966221757,1.5595743253388477,1.5262355436157073,1.445130808067498,1.3760203257243142,1.4360143913685819,1.3990914598444455,1.323268590449453,1.2636032963060946,1.125872458008889,0.8487510055995715,0.8197919236744506,0.6818850717672302,0.6541093788308355,0.4784702983853373,0.05666665786948972
9.600000000000001,-0.11514368533079868,-0.005374291670250622,0.267850505103568,0.3822689636927197,0.7364178153691552,0.7554524944805386,0.8624579474931664,1.0976954835369175,1.188150826068534,1.2761771957255248,1.3619977720241137,1.2806894747647097,1.4110156467477346,1.4223927596382477,1.4828133597330289,1.4747356054604868,1.5257586723563235,1.5340346982858177,1.4950227560677498,1.4185606254860113,1.3715366353909164,1.4146588960802817,1.3801084838314694,1.3578996431209274,1.2371410063770465,1.143421406153028,0.8867185692831263,0.7613707719946,0.6798314374180645,0.6056577301084082,0.4668570820340473,0.015401229354754532
9.61,-0.18273604684198408,-0.0015013607544067803,0.2710797103740109,0.4025121349551925,0.7003966934338741,0.7302787076377674,0.8599347557473909,1.1043548565822134,1.227720956702028,1.2878631360649244,1.3236553661428556,1.3437423592697415,1.3726108472052834,1.460847836169101,1.52019167762207,1.5478691952384684,1.543075619395716,1.5828241630480298,1.5029293379991062,1.5121127909779184,1.328836526663925,1.4236807399542124,1.3139771404295053,1.3118366942376547,1.2225077711713719,1.1243268788742318,0.8379666091063498,0.9068994350263759,0.6695376431330903,0.6815427979018114,0.4151949432840151,0.07263483258498792
9.620000000000001,-0.14239598988426838,0.06892524041599594,0.3297677207273853,0.4376559772457541,0.7720225496926496,0.7394493614241845,0.8453637574011575,1.0616533509425183,1.2151619769158857,1.2405853964715934,1.28760994434491,1.3162437662790678,1.4477970781043603,1.4126717539986393,1.433704002545394,1.502170156481171,1.4766920876917433,1.4637195296321934,1.486003116440976,1.4841550491853097,1.3716439816421728,1.3921399472070792,1.3218449250775404,1.223136810511587,1.2353383351697145,1.1061756675210213,0.8680526056292982,0.8862095601430746,0.7160450908941675,0.6835322876396666,0.49070732523112043,0.0001505639465603885
9.629999999999999,-0.10130519726441989,0.0404024012781677,0.2987028548476419,0.44847367009702466,0.7485545832317583,0.7057665844312645,0.7888891900601209,1.0230749869845408,1.1413704616674958,1.1891184208234566,1.2746397576068313,1.365595958563853,1.3871097074539291,1.4755188079910082,1.5686483637744397,1.4952342761352306,1.4512324194888802,1.5043249739578395,1.4658750866687917,1.4612138806887143,1.386670887555032,1.461251719616606,1.3812258851177674,1.294636983527119,1.2365835408444195,1.0896369106630992,0.8715735025418965,0.8355698984804834,0.6464767481235207,0.6321417283151255,0.46752329975350077,0.059059397638665745
9.64,-0.08830356220287619,0.09445058646179892,0.28251004065666147,0.38855125254806033,0.693780332822882,0.7062980869428308,0.8831715801674469,1.0752628107596536,1.1656832766277199,1.2702305593436216,1.29737230458823,1.2938279992122885,1.3781929303255271,1.410427225859126,1.4667128399592417,1.5332176823818013,1.541414625149609,1.5060536674231106,1.510363685740763,1.4442174463111788,1.3833375104863754,1.407133539970441,1.3441221850692175,1.293344160646008,1.246208688772597,1.1251053734992968,0.8934240356787897,0.8319915121770345,0.6804200474128839,0.6446251779699899,0.46921042451921646,0.059351088775032194
9.650000000000002,-0.11123372400367551,0.1479370942776883,0.3439390775684211,0.4731508761081781,0.7367806030732957,0.6939535244166182,0.8435202687599701,1.0120459808885216,1.173713066076685,1.2260266021539805,1.2879027992728194,1.362157489727353,1.3769403787409105,1.4236809612389805,1.4993135723934605,1.496415797730102,1.5333232292929255,1.5060330606166925,1.4095246557903853,1.3873491226764036,1.3245854686849188,1.365065804808761,1.265484340534886,1.3442641534841397,1.1641128381221097,1.0472155396435496,0.8881291145171514,0.8995445247795706,0.6721283413216567,0.6597262064034949,0.47602620065392015,0.039785065348613986
9.66,-0.07474041874753073,0.12355365956302747,0.25505510068086035,0.43197048565140544,0.6769502932427123,0.7418727447917564,0.8342941575677553,1.0537928498374007,1.1438132997983594,1.244280264912523,1.237813155013179,1.312384405130564,1.4155657867917864,1.4073328734667263,1.4857424667807557,1.5287850160133707,1.4873965759914771,1.5256225703311415,1.443376020386368,1.464275682964414,1.3589981263451705,1.4073967963736362,1.3398168558614167,1.2670591735290584,1.223375196103466,1.1319032418660702,0.8870715895939757,0.835236860091229,0.7086809747229763,0.5974348049321874,0.4691703766370476,0.08167491648376403
9.670000000000002,-0.1156478096462688,0.11401073159487013,0.28364637927785313,0.39763855835335093,0.7309224898161779,0.756697875712645,0.8774902686950096,1.0686741645695852,1.1184826600673892,1.229888257099539,1.3177679988806965,1.4161678098400128,1.4012833964571882,1.4614387936309188,1.4541693444583288,1.5319215286397285,1.4949499886484872,1.4998633941492063,1.4986647157584074,1.4235169628956095,1.3525196272329914,1.377137184907424,1.2660890871222277,1.278086300364671,1.1714238055335742,1.0731508330157684,0.8877600323694739,0.8365798369138436,0.6898687254922342,0.6170621475395139,0.4525798471131293,0.043942507666985854
9.68,-0.03324603931949121,0.19836676349648902,0.30501275671222194,0.4744647902116786,0.7080533989961171,0.7066682361084109,0.8778620980136027,1.1204000021274507,1.202615061555025,1.225165570567063,1.3104211468827518,1.3675694924979651,1.4536031439697865,1.4101174890371166,1.5092438263144963,1.4891550008509218,1.4690279426265518,1.5487934372786603,1.434589372883231,1.4245136389131652,1.3489773011081074,1.386772611604435,1.2386563351661422,1.2613845908194852,1.2580894856472078,1.1147688388613428,0.9336607943742568,0.8047500441852518,0.7020654264489736,0.6137799173340441,0.48354224533792783,0.07410671785347833
9.690000000000001,-0.010854179017897394,0.23601997772656053,0.31454520343976167,0.3950058185080128,0.6378462140469687,0.7174767712669209,0.8875223451414016,1.0728428031500867,1.1770420753243727,1.179838356300346,1.2634747700235442,1.3622628319737993,1.44864480577743,1.429930335520945,1.4767227136930778,1.4723716202729016,1.4759892580013019,1.5103169379741872,1.444020823807724,1.3833130066963555,1.4022681613602377,1.481193386332957,1.271589803613974,1.3282073881433418,1.2326386242974043,1.1042376360386637,0.8974478449269234,0.887358669960363,0.6700301321931852,0.5987552269156744,0.504902778378321,0.09491242280894265
9.7,0.0646880176612756,0.20166068669677337,0.3350246675686599,0.46499900320860016,0.6951815163021824,0.7679087845274911,0.9153831507133028,1.0409456016364822,1.1676714452742907,1.2572237093850727,1.325794700972984,1.359657366893227,1.387653176988695,1.4207382796432655,1.5056382895412552,1.521355153996276,1.5309867659623486,1.5571290488587064,1.4472619346664473,1.42994067071555,1.4618119447166273,1.4097929121003432,1.2542085946791506,1.308189997679568,1.2034013005895305,1.07652839104146,0.8928094910272706,0.9052624088525318,0.6489447948227874,0.6371788898510369,0.4347719636087265,0.135596225975211
9.71,0.028526893882219635,0.19380161821981076,0.26140739000896157,0.4371758932196158,0.6571559234344455,0.7136377421729488,0.9174055551706684,1.028652110237338,1.1485274607976521,1.2125336354781573,1.3050310290263434,1.3373260192662904,1.4475966576052237,1.4641501858856725,1.488999170254313,1.4853753610769072,1.4827042909134898,1.544491136687837,1.4318318925328173,1.4503614389402955,1.422076682114097,1.3751343445091353,1.2499887206331879,1.2349964476041495,1.1728429487053782,1.1216991193755705,0.9709692321860375,0.8812616907743525,0.7507464900460487,0.6420165127160707,0.5053959656864967,0.13249078991295318
9.719999999999999,0.08608916642934542,0.20731777039007074,0.30538323539745,0.43606270961187277,0.622960334962479,0.7835550530482375,0.8533866907052222,1.0236509964612421,1.1386322399317503,1.1906665050726757,1.3269448211727037,1.3502026264884968,1.3886683502773884,1.4384327112006576,1.4593168257622666,1.4660509538031312,1.5150197088983401,1.5155071174012842,1.4264768617881243,1.4093487651449015,1.3879639599959037,1.3498078690249093,1.2041893669801573,1.2614047804869088,1.1830079743199673,1.1340017441492192,1.0174238549883872,0.9196504318885655,0.7707823854970239,0.6196205916452553,0.4058408431793567,0.1438980846001397
9.73,0.07352610874581779,0.21186863555180593,0.28154011621478714,0.45782840401441716,0.6219943079865935,0.6949714244992787,0.8645904516151901,1.0186618666887315,1.110514475572364,1.1633769108855745,1.2651247836719701,1.3499111165482207,1.4365259778022725,1.4039263542868012,1.4878371638370744,1.4986928412330374,1.5141438330380723,1.5417022891280876,1.4736081359096167,1.3833263971207284,1.465738361443234,1.3830364709715293,1.2353554497976535,1.286092161617151,1.1710708916670267,1.1971984215069391,1.0816572909822502,0.8787637105396776,0.7298285053928475,0.641262417851734,0.4727177016040626,0.10919102158761687
9.740000000000002,0.10186247338947538,0.3142692071472072,0.2927023123192112,0.4876806614266498,0.6081308874830554,0.7413405839890812,0.8209047216569367,1.0403310280049967,1.1699440117467943,1.1674484138383592,1.261061623474769,1.311825471153153,1.4293094715520536,1.4061945047629645,1.4505455067455855,1.4365699516175743,1.4580620110555311,1.4916637758475189,1.477129389746688,1.388233029038916,1.4028762477487942,1.357428789690518,1.2581786336679466,1.3389837544846723,1.2651604898159379,1.1656275161030163,1.0158147467387946,0.9226511830144861,0.7680532334748955,0.5774358571012262,0.419890956481152,0.15850578073751975
9.75,0.07050364676203698,0.2828564994375575,0.31964291656013144,0.39719106229926776,0.7074243451610988,0.7522452688934892,0.9073957817571551,1.0956214581242292,1.1225101899212704,1.1987539834239413,1.2937426774780851,1.3235924859097725,1.4306952812355016,1.481874504091632,1.4564031793391634,1.5312266884552972,1.4930123705179217,1.494080329750491,1.3940741662666913,1.3357219374929619,1.4184489068835133,1.339153122351709,1.220916959150585,1.2973521242112536,1.1963647093888343,1.1787393317338342,1.0409768130420562,0.8708450940629578,0.7760955183081784,0.6488662676930492,0.4177010304635132,0.18936244091481474
9.760000000000002,0.1427863155290337,0.34295094962840406,0.2771815329748511,0.41801557813396373,0.5775373621993081,0.7221276850325455,0.8602648513086324,1.0610903363788633,1.1594384642240532,1.2544119595766114,1.3031370047673718,1.278136982676592,1.379367761355141,1.4552957438433791,1.4484295259948066,1.491289140845154,1.4265897943846404,1.532668015215058,1.4738758571633843,1.4323424134881813,1.4257943138181808,1.364021571951376,1.2210731617242732,1.2780016385798072,1.2780200369515538,1.1126343912493013,0.9863073702961994,0.9165620541633074,0.7194695886347056,0.6057440444012668,0.40686581764086555,0.1775686000307317
9.77,0.14948106683964094,0.31320674219233907,0.3013175257723906,0.3966883101558542,0.6255178592804727,0.6890587888473841,0.835320915779445,1.001876813434096,1.0728970319218085,1.2273329110307893,1.3221814106723362,1.3675361807280366,1.4233093951985354,1.4658706696715478,1.4350971895263431,1.4740517538789621,1.4634514342342988,1.5495963064945506,1.3675275099893793,1.3885809736428596,1.472754535886168,1.3455501987252365,1.2630821492563102,1.2701808945125879,1.2132436409568397,1.162435837177491,1.0111322031366792,0.9479083384635475,0.7327139261022462,0.605195377445265,0.41138441304228923,0.20662915429663362
9.780000000000001,0.15780602302079552,0.3609742112359303,0.2418781481955626,0.40665023408993595,0.5956556016638687,0.7395374994350474,0.8201577385101899,1.0922984267186804,1.1528692706951216,1.2021501130770884,1.2541568664553202,1.3296015939779016,1.4016901592013449,1.4285847129815268,1.4522014566798325,1.4792605402277308,1.474998646732295,1.5550088749287825,1.4239176848855746,1.4375353381901372,1.4335995693808767,1.317449684895458,1.246241549220048,1.25533936401426,1.2100889472703216,1.1971474331830612,0.9890320794324439,0.9522775368453119,0.7890217707891728,0.6022215111681014,0.42943313480130835,0.2404352759505003
9.79,0.13739339163540076,0.2909648329815555,0.25401939184217565,0.42499197982058007,0.5844821320505562,0.7279264085701351,0.8873647146740747,1.0807574132523832,1.186232441921477,1.1956205387571766,1.260829644188782,1.3300952375394661,1.3878440402752599,1.4513447866852593,1.5253152101821887,1.5064167501370824,1.50020991189207,1.4573065918799122,1.4101158845627053,1.4596280064818772,1.449521406552752,1.2791319642800205,1.2311019276621795,1.211246764191904,1.1561920047671503,1.0988099114754706,1.0389413130971745,0.9063408357767514,0.7930815313617186,0.6213635488983964,0.4251755707755233,0.15502211276909547
9.8,0.15375212444112366,0.33230446861061624,0.2538042516664905,0.44194211342947576,0.5845509848779347,0.6939908104350623,0.8555236050101851,1.0508618086673807,1.1119218823789971,1.1375709519116237,1.301143779164894,1.340117684927968,1.4134427365988542,1.4342535835522061,1.405987736238077,1.436029579663941,1.4923263675717833,1.4882932403943225,1.4702197664709393,1.428486376399942,1.509135186047175,1.296918749978306,1.214179479509386,1.3039073947521436,1.1918359771726208,1.1674424038390447,1.0619669002216274,0.9529404206525164,0.8036167643061574,0.5465053985630918,0.3334938321784826,0.16086271217100828
9.809999999999999,0.14859446285312888,0.2881345219705731,0.247669334885757,0.4329144617549253,0.5497186972166174,0.7090839639127171,0.8411329092019924,1.018430081746457,1.1923717522052173,1.1738710858315913,1.2803713186216412,1.3672139142282291,1.4235927828162631,1.4758690278216373,1.455479237967592,1.5098001723604018,1.5071732366444484,1.5380477511647528,1.4575404559122296,1.4347498862541965,1.4730114270958645,1.3050569623838197,1.247986410877204,1.2368166370083875,1.1227797207611387,1.1633523498048035,0.9791034419124448,0.8892578052729376,0.7850415790328777,0.5459889866693762,0.3659349101563471,0.19854362128374764
9.82,0.20739047512196582,0.345723292045182,0.27313449045991756,0.4304011805961134,0.5840805744257871,0.7403140446320051,0.8404876152116983,1.043421629917893,1.1413572416887667,1.1696412573098907,1.2816407898494444,1.3900479482977788,1.4364287380042404,1.5105147423337526,1.507608591343252,1.5241544684109714,1.4795601750370768,1.4476267883093739,1.4731498553163596,1.440923872143263,1.4419243783243545,1.2726107686829382,1.251577987730613,1.199176886227395,1.1805406386478081,1.1316623865945303,1.0907059650915043,0.9563152292750502,0.8214081918167735,0.587326443731915,0.4644462809112191,0.1661705389079883
9.830000000000002,0.22581835662081007,0.31370757682332334,0.2745478841034815,0.39081464230148305,0.5889393114380906,0.7553993694973343,0.8427902637614132,1.0060129881663509,1.1670541299970456,1.17260746505913,1.2927603243875765,1.3174279559114153,1.4349066052137527,1.415358034982245,1.4438964205680451,1.5216307883002786,1.4795288220691738,1.496929776017581,1.4710401538327058,1.3963740285786035,1.4129130268539143,1.2491944774220094,1.2759915686878283,1.2464310538341006,1.1893000692916076,1.08761993807292,1.011086756349388,0.9558984637897264,0.7896741140097504,0.5642048298255746,0.37396421403213315,0.12739080356033736
9.84,0.16889813211831595,0.290798201536366,0.320750840209192,0.4208552243721919,0.5656067261519722,0.7389860107869278,0.8383764086090919,1.062592587231997,1.1589621688194194,1.2192609854700904,1.311963576433236,1.3336620453920873,1.3969491509763914,1.4742885252947375,1.5372623606581128,1.4318906812450207,1.4897878844216104,1.498330344528185,1.4338346945456233,1.3780802337646088,1.4533924022867095,1.2125096293579716,1.2338961031283167,1.205440220220768,1.1588938650573049,1.1077780223474611,1.0207691179846383,0.9250973809069124,0.7555484225436618,0.5468328750517276,0.38236916078590893,0.2116102880709782
9.850000000000001,0.14281331817277332,0.3009238490644186,0.2463249720117804,0.44197723745597156,0.5727932070371954,0.7248230927487522,0.8778527987085889,1.1184229087860988,1.1635309644939635,1.1975139262156138,1.2827436410037116,1.4217425157154568,1.438383057678973,1.4560207906677076,1.48160379442973,1.4723714446861438,1.4754044292993769,1.4652810491508466,1.4678073522303672,1.4112397412395876,1.384902845576056,1.2304730423198758,1.2351554174225725,1.2700836882955722,1.1700135824794433,1.1051622359564273,1.0141688636391868,0.9681153963346298,0.8279146179752146,0.6053390715889175,0.4239643366550691,0.18222874148799
9.86,0.16860967081881503,0.21987300875327973,0.2936269103462856,0.4585405043246825,0.5847529958454112,0.7351393438257062,0.8524618358601769,1.0519603977083334,1.1020102925591784,1.1707227028613747,1.2902181072262089,1.3604951247003496,1.4247818469421356,1.4307114714327662,1.526675836668173,1.506788621464777,1.517692257995483,1.4708793393072193,1.5177984941369596,1.5117342487926506,1.4477309287918556,1.2672902297487476,1.2038157471909288,1.2356396115378216,1.1600614061428276,1.1307174384515513,1.0552183296398194,0.9659761448504994,0.7563052751824934,0.5416290956023668,0.37005958130763944,0.2361547002304184
9.870000000000001,0.16350510175476482,0.27076129744310534,0.2885124698678311,0.40329302319700305,0.6230215466219218,0.7893753769051268,0.8613568628079918,1.0227243405531772,1.1127563468769992,1.24601300108958,1.3397760051891296,1.3694457936928486,1.4220582586844257,1.4397344457171806,1.4614396497232287,1.470094089245449,1.5156627409215455,1.4525313983923038,1.46651591808895,1.4602111834350187,1.4190549365885061,1.2822842268182064,1.2677257384957625,1.2437560417204097,1.157963952051214,1.2169345730505574,1.0214851984082043,0.9502573335934839,0.812238806485183,0.6065353942647039,0.44452198616992517,0.20642681514874484
9.879999999999999,0.12291347808209147,0.25552775222817564,0.29072762662894835,0.44363498008854113,0.5999805764095998,0.7286156338508454,0.8531646153638774,1.028827595216552,1.14310603900709,1.2217122932268236,1.2695474871026666,1.357180532517007,1.3954483044598867,1.436715173552527,1.409388270795209,1.4820079564950692,1.4797902524680224,1.4637503116711517,1.4592441411068462,1.4405123874958183,1.409323284670768,1.241210509240139,1.2669325536375515,1.3368810954759933,1.1555587095677053,1.1540679983491489,0.9692911291268475,0.9447813936930811,0.8687048655524992,0.5611016015932749,0.38050728776429626,0.17554178569114792
9.89,0.17435544632467304,0.22973580448937791,0.2787297502759433,0.46208393038407786,0.6227403746702572,0.7539795252230213,0.9139703637362737,1.0514651424117987,1.157292862339855,1.2251058105489367,1.3210710167427056,1.4289103927675118,1.4238856251208019,1.5041274968249674,1.4524045793188474,1.439419419983873,1.502330505962957,1.4187479098901041,1.4460102446268286,1.4477167908987396,1.4809071735757076,1.2687230451463305,1.211229595210285,1.1956143733920805,1.1969077667630312,1.1531193754588664,0.9331776857279571,0.9530791034345142,0.7903718004855766,0.5415224807280696,0.37483301296143456,0.197119256449815
9.900000000000002,0.1525394073491766,0.2536426500960202,0.3587753516904757,0.4300926157077897,0.6362621445460903,0.8097074265974311,0.8378017374186155,0.9518482796976085,1.1283288360138228,1.201559452476486,1.2531604402388554,1.356730273617882,1.4258313039862949,1.4271544224524384,1.448308068647231,1.4415903058333,1.549643928187906,1.4299661828147898,1.4828875301440554,1.503095187484828,1.4811826123552823,1.2846132322953927,1.305354408672661,1.2498134043481985,1.22540281870185,1.1492964227820117,1.0099261121998806,0.9671110592683763,0.815066482199634,0.5646799928637021,0.3457298405177705,0.25353185332485884
9.91,0.12853690794586237,0.14708150154739524,0.2941617613644862,0.46742242493551495,0.6014016713117223,0.7595989738893552,0.9489952114410314,1.0165591701263184,1.1478978702375642,1.1470939777683224,1.2945594823663402,1.3935274493091316,1.3332473049194742,1.4246195881871464,1.498637543453558,1.486572510663588,1.4457639415633736,1.4974164069761755,1.4912485874344452,1.4712870600486487,1.4549846622743565,1.2473188532993906,1.2306643888834816,1.302668786638959,1.1849600179863913,1.1648825811114614,1.0758675096148087,0.9853431450429704,0.8817032517838225,0.527434701431015,0.3779621427638166,0.26816697138626516
9.920000000000002,0.0990743827384637,0.21623708035613806,0.2868678988373673,0.4372544704908529,0.6294014851965528,0.7103119466974221,0.9079981247149289,1.0564246134033137,1.0900434609693277,1.1833174538822795,1.3386324516313408,1.342059893873361,1.4373037117051735,1.4666058230890109,1.4975353446812707,1.4665139997798147,1.4945565081714636,1.4714076261471223,1.4528095267498358,1.3623422452484253,1.4202014994305774,1.2999190842664636,1.287738405083265,1.197400004461653,1.1806773697065491,1.1007981685913564,0.9958747843702677,0.9855542077133798,0.8550932796812494,0.5566202293717312,0.42573623704513897,0.2975554098570735
9.93,0.11764482428424727,0.16008270880276715,0.28116268878747164,0.44108279326897615,0.5825527185667995,0.8041185786344217,0.9009546780692653,1.0266683024736727,1.1120350023280787,1.2498786538212094,1.2866368254123612,1.3769618761305673,1.4017683151627676,1.4200785566678076,1.4630743779429014,1.4136899311947426,1.5280987673446709,1.4809756789744344,1.4474659573342086,1.445484353026841,1.464283535114342,1.282878617364214,1.2886532531307884,1.329861617036437,1.1702274634428818,1.0825344791804956,0.9714011027118638,0.9163968413422728,0.8019178744180084,0.528550542454363,0.39200028965073,0.25205713799698587
9.940000000000001,0.07766615237171758,0.13892085362343654,0.31999918621049944,0.4896806531543485,0.6173120480407818,0.8159563112393586,0.9330410443839192,1.0642556148979767,1.1722976109107253,1.2066099586898864,1.2916195145172247,1.3318366909545996,1.3758287722534108,1.477806112064479,1.4623960758226424,1.4735054612726701,1.5159194743142774,1.4861405272078814,1.4692183989672523,1.4269649570293301,1.4779782324798167,1.3476331741297667,1.2779489420420023,1.2605750498210855,1.170760905142595,1.1538581353325088,0.9902927948989609,0.9608519143825346,0.8567885019464019,0.5266255056762638,0.3713591498725159,0.25726590712637015
9.95,0.016732460273897732,0.15137693161215526,0.28239651687073514,0.47759792663088446,0.578901697566644,0.7575109126984095,0.9111292459400144,1.0634252691111021,1.1143967382791389,1.2352286595344533,1.3002767992158673,1.3387488205829186,1.4028610849677976,1.4742995351423707,1.459808865693059,1.5251550248638992,1.5123094427076997,1.4609804261288988,1.4562282568938496,1.393479237971753,1.407642800394166,1.3093913797868852,1.2971433849212555,1.2988578630358287,1.1507248194820385,1.1270674189888803,0.9961292796669103,0.9555691561152918,0.7685103650778012,0.5785098574801173,0.42177671116948523,0.2795178979092355
9.96,0.015528119676183949,0.13391271346606654,0.33149304307729643,0.5229045864498255,0.632375989334023,0.8175392764139724,0.8585771730973191,1.0249207049421574,1.1565693200171638,1.2191727644337627,1.239184324644987,1.2826059186696734,1.4327128695818034,1.482056543653463,1.43828687190524,1.4693427282308948,1.494313161068251,1.466469733078265,1.5105179967338396,1.488498664411943,1.4497033897750646,1.3467921157267135,1.2588600479315308,1.2410212302051136,1.1449245981120353,1.122070799089636,1.010261678729156,0.8743350422331111,0.8165976870268167,0.48975214852847754,0.3696040109547126,0.2524966014536259
9.969999999999999,0.013514287493515213,0.06509368641631134,0.28889810678267375,0.511494701008212,0.6414201798340601,0.7531694126632748,0.8959535883415682,0.9932721438829218,1.1695337561383194,1.1551028431614836,1.2907249732576302,1.3835780635923325,1.4087346834063443,1.4444991061462984,1.4765561244173464,1.4284959649284314,1.5188198112640894,1.4732889292691604,1.5321170621473468,1.4481845652420546,1.4391047471146483,1.3862063133920381,1.385080796663822,1.229432850664164,1.1656492393814686,1.1472941892232937,1.017029893861644,0.9725730825658752,0.8155417396743982,0.5766496511049821,0.32492879675973396,0.20209739482570466
9.98,-0.012647635642235776,0.08297044033175058,0.33676922609914445,0.54733543126681,0.5740295758972462,0.7908961973679912,0.9046453061502413,1.048010490799931,1.1052131957897258,1.2367518191057274,1.260843956285137,1.3290291970902852,1.4336544229537858,1.460576073821077,1.4322700777952508,1.4799286683195554,1.519679100417479,1.47540222056036,1.5088158477700837,1.4845703060553213,1.4652416793002232,1.3677970852331438,1.3298503091144875,1.280824193135458,1.1368849612974077,1.1436226317965497,1.05037274384524,0.9779355343817754,0.8255624547350559,0.48105618456999766,0.3565332007537909,0.19927856536847524
9.990000000000002,-0.03419924922047637,0.06370847488499587,0.3501328299460326,0.5230757174591119,0.6392803991044446,0.7908099244255051,0.9216255320041173,1.0460174631630355,1.0784460374696248,1.1656774986181242,1.274590100254686,1.4206546688583062,1.3357236185159325,1.4412808532694303,1.508023752807406,1.4877469589431491,1.4727226050925466,1.4851980397797673,1.4851971745171721,1.4688015032489792,1.4596790768472905,1.3763503007296813,1.3820611465723633,1.2908702577994184,1.1205604567806713,1.116014210665842,1.0319685784112596,0.927555976906545,0.8651796030892666,0.506725807636616,0.3426736415159482,0.23896654816874216
10.0,-0.08940642061085309,0.0945133544715083,0.32937884552947744,0.5175285701311626,0.6326106865577346,0.786474078338899,0.9085821545195708,0.9884598674151156,1.0362930309317424,1.1750816363426635,1.298931501119893,1.3109250328787465,1.4107992704609098,1.4187508407744358,1.488037943684297,1.5121934767458949,1.5000955225163217,1.462008717430345,1.539873309454301,1.4653648289676893,1.5128784864960718,1.3982327222814617,1.3559691996618712,1.21235811214459,1.153645782155229,1.1282349245778598,1.0396062575204557,0.8705323368339737,0.8005433697788075,0.5220834801498339,0.31668178212312886,0.16603527300851467
10.010000000000002,-0.053443820903865194,0.031195745065529645,0.3770617644005982,0.5327206789694272,0.6360093972858855,0.8522423284288795,0.9224636046417892,0.9534448341093944,1.1073513122921441,1.2409224819225488,1.276874909021361,1.3359050544175388,1.4131755630213614,1.5045701699784642,1.4938756648324112,1.5194814052138852,1.488061101248403,1.4755454104199281,1.5026849680295151,1.5382223699835966,1.461388967277663,1.4363310175841837,1.3521846477818775,1.229872910669857,1.095287376239279,1.1012001563101728,0.989022262265907,0.9485064917684797,0.7708423701027272,0.46709314539430047,0.35018202056760156,0.18136139529347944
10.02,-0.10351342545350795,0.031947538701966205,0.34234332224223835,0.47546655125922943,0.5697181492540189,0.7956080719956201,0.9521505748245085,0.9564496393669912,1.0762953685510672,1.209198548500561,1.3045213709007695,1.3593716812644148,1.3692734494617471,1.4698071305933609,1.4576528147595431,1.5400029631608665,1.5243623213530646,1.456268260680481,1.4661406520436913,1.5194662196154478,1.4645134357057312,1.3868609493663617,1.334607269601019,1.1603275891485325,1.1273436204474458,1.1085780923503359,0.9857653847405219,0.9552994157231881,0.7482235198753494,0.48533584118938966,0.3020471943410043,0.21589799005149346
10.030000000000001,-0.14064254756906353,0.035291834463218485,0.37095844349216023,0.5683509275608899,0.605270441489379,0.847116672379324,0.9562242236951283,0.9092274624436352,1.1153894424088742,1.2182602293424252,1.2552501174256108,1.31511293222922,1.3981137792411027,1.4725670550318073,1.4592337837267044,1.511024343426229,1.5313321317074369,1.4430150003509001,1.5043154000332613,1.5374699144350967,1.4600634458217083,1.4580206151077018,1.3764350924565565,1.1725908553407725,0.9762278958239547,1.0267422923786025,0.9795523757341659,0.9126658387635831,0.7258211325929901,0.547296871841637,0.35075226085244426,0.22150434643999545
10.04,-0.08510402944749554,0.051697174625868605,0.4346297578363287,0.6053803522525911,0.5959921432672975,0.8986369202709897,0.9653975016875304,0.9668078338398929,1.057996828826284,1.1533667860753465,1.2960601764401858,1.3566440534815687,1.4100323582321679,1.482478773687136,1.4882591564903147,1.5409706792942084,1.496384867163654,1.4801768303477671,1.4967894523630105,1.570418318935271,1.4379221471895554,1.4491471419242712,1.377735542512484,1.1388699115107843,1.0663996201544288,1.0607968219324655,0.8994573030201012,0.8524144490820375,0.7146872311620356,0.38331739405134535,0.24776033917554632,0.2854653842540358
10.05,-0.11015026310223561,0.08573463053061392,0.411866515596768,0.5544339616464926,0.6214115186529463,0.8642739791613965,0.9397445015295202,1.0117106358885208,1.0610665092761595,1.1601739232300723,1.2701599480980397,1.3796853085265042,1.4378294130190232,1.404828676954207,1.478684956302848,1.5295435216592577,1.5388306504195097,1.4554910494285105,1.4903877091030193,1.5038131443775407,1.4656660153471717,1.5167720358544163,1.4027385456961874,1.1721351037545849,1.020626326487664,1.0933304548107634,0.9007318539252978,0.821767839629534,0.6914862254215094,0.42384825177409025,0.2551760465479748,0.19979757799785527
10.059999999999999,-0.14915733142307638,0.056911480460462585,0.40922906080913773,0.5785102537186189,0.6233990770358891,0.8526149960034102,0.9708715257870484,0.9755774246165037,1.1119444076304321,1.240983882464729,1.2957560576694687,1.3331022900248781,1.3465716867810817,1.4353372942067724,1.4422977650322761,1.4814609169299682,1.518191492478596,1.5289843216752745,1.5957005468389627,1.51298278700779,1.4456802721519453,1.4452136305547014,1.3976343975179026,1.1533295479107484,1.0315885732414602,1.011770163654066,0.8918877520894911,0.889061245518882,0.7236313228298271,0.40548762776041913,0.20346633260578456,0.23527090120963953
10.07,-0.18266915157375152,0.07106744259144221,0.38876209031547065,0.5850462417725573,0.5702483884805454,0.852066777821977,0.9544666656588514,0.9274403424563026,1.0618327175491433,1.2047512395625684,1.281996166115752,1.3545287966802504,1.4272933165684556,1.4321689660146877,1.4062998503415594,1.5120683187221262,1.5447518070402695,1.5072867168947923,1.4950270524206961,1.4543049096779033,1.3948843853780328,1.4639839518331128,1.339187278972579,1.1718639390780845,1.0086797183217366,0.9545696520531771,0.8918743675630378,0.8388877674693958,0.68196286807978,0.32563931353639125,0.17876244197903904,0.24436192659977557
10.080000000000002,-0.06195681710470771,-0.007807775122353922,0.3667777325800531,0.5706737985816308,0.5884779799180119,0.8845765076332667,1.0132240666319332,0.9574826354211954,1.0917145581919654,1.1582765080103892,1.2370950520853785,1.3655914933180124,1.4298011722923205,1.4296816878867902,1.4845977874834693,1.5311994123901107,1.5082304388866399,1.4724109691602623,1.5411928531017962,1.4750986906050134,1.410460547267356,1.3967574216801273,1.3090130730724459,1.1022887786101025,0.9790623000980387,1.0045750523791244,0.876233375120953,0.8506939231219778,0.6746467268929077,0.35782371145630515,0.18699855279796693,0.1858507424596269
10.09,-0.09881005387176679,0.07341843693798769,0.4296889194200917,0.6024099117532828,0.5773155996401734,0.8276709769752204,0.9158031369989902,0.9526749415841332,1.0833949465406596,1.2170313047715275,1.304694773243065,1.4072581071246624,1.45878034658808,1.4093076027172897,1.464175204056436,1.4685203889555247,1.4902693895609882,1.491456885944677,1.4967102567695543,1.4563455455186554,1.3434525865073563,1.431922115332906,1.33110545757091,1.1532235933839314,0.92389938484587,0.9629201543002577,0.8287804488841649,0.8113296340799667,0.706614694993099,0.32129642052154905,0.14686540811135465,0.22896564361253335
10.100000000000001,-0.0661990951404508,0.1357434539295063,0.4637562369718545,0.6224242316882809,0.5335501407578959,0.8541299274144489,0.9913243341834481,0.9764524247362231,1.0430003220813673,1.2129467483799283,1.3876405255731181,1.3809558707943743,1.4023225551088034,1.4254459697556088,1.4465269957724762,1.4898143980876652,1.5723087730493475,1.5485561406267798,1.5070321545847059,1.4748286947579592,1.3958381078167488,1.4671840008793873,1.3146274391989996,1.08908523952928,1.0187110133455648,0.9645708402584274,0.8104672848650963,0.7728437015899023,0.6844116983010581,0.2900381732370405,0.17146153334332598,0.27339768807214326
10.11,-0.07418025552606317,0.1268059452643247,0.43765608414137513,0.6476980577049031,0.6017978796730498,0.8487574111109366,0.9253797960916157,0.9634520743794558,1.0564281725897156,1.150841926512265,1.3169402175718277,1.4167270566394188,1.4414763768996868,1.5066724975700654,1.4258358718540391,1.521588761235914,1.534533498375988,1.4996871894012436,1.5820809013676842,1.4462289038454235,1.3348108008734982,1.3733474954492433,1.2537039716574487,1.1620692135748603,0.9743232618286267,0.9671761823552006,0.7765803505971278,0.8439459491147084,0.7119017094706978,0.3218998094266748,0.1508501339695001,0.2576644767651683
10.120000000000001,-0.060348110941638396,0.170956862921408,0.4560298149921742,0.6278478595593615,0.6304041154881356,0.9364822482141486,0.9828012351986842,0.973565289415492,1.1394597877749182,1.1671514337693298,1.2781926666173062,1.340785218521611,1.432251358344876,1.4376798786734208,1.481400547319469,1.5680731115586775,1.550477002293139,1.4944464644947222,1.5446460593281435,1.490768270514273,1.3195580970752434,1.4288004420468976,1.2741635115513525,1.0900437111405163,0.9519663176398612,0.9545367782677883,0.7787254025196813,0.8226842161856429,0.6974419563888907,0.25716848397572906,0.09206984953222486,0.2502113764918495
10.129999999999999,-0.024333234366497373,0.1833905266135838,0.49732497278080423,0.6025460493234694,0.5074387866735013,0.8666283475868973,0.9234244907800672,0.981734784650428,1.031368908282197,1.1245624946321537,1.2621392659637487,1.3974398756868496,1.4561446946070955,1.4655038324610812,1.4613557140364746,1.4720692491515366,1.5072301862808661,1.526497513449514,1.451971107365044,1.3808254728904787,1.2931436611471392,1.430447600055354,1.2487825899219631,1.0730673145978993,0.9778895957854982,1.0000256813206885,0.7715528509942686,0.8524195633629158,0.7652003373776334,0.3079315525508982,0.13345412267979034,0.3210992482404389
10.14,-0.019154572305803166,0.16198795342519173,0.49074237692036227,0.6229844724823189,0.5688383760034917,0.9599433518445178,0.9909587181145458,0.994617405778519,1.0517088694440035,1.118594388649445,1.371689006511514,1.394420720409168,1.4174460817953678,1.3816289869622236,1.4614474487864588,1.4703250561816936,1.491696814448442,1.513163163738896,1.4740618180073561,1.3970652967469959,1.3016099218532322,1.4196031935021403,1.2699106958745257,1.1161236299588568,0.9984637717868475,0.99913800014747,0.764280958691982,0.8217469942868444,0.7192188114559024,0.34097949383324344,0.1945624316509835,0.32529569833426125
10.150000000000002,0.014234833999502495,0.20738509887268178,0.48313603303823877,0.6260266594611198,0.6009639213569558,0.8808191594347039,1.0091282014786702,0.9595373764788262,1.063401221909585,1.1852022357931449,1.3756326197326976,1.3474670317629058,1.4527412725184325,1.5098789249143265,1.4517477320017063,1.5206141594932692,1.5610520050916608,1.459849357817319,1.519803063953148,1.396457346763332,1.359179010005923,1.3877375974083719,1.2970618554183573,1.1505720028380568,1.0160845498191426,1.007019387215238,0.7691477589983046,0.8737123114709757,0.6769492361420139,0.3409552484724126,0.12232670842260426,0.3392028112871396
10.16,0.07395459816921596,0.19804714926878977,0.4437064140711785,0.6050630945531507,0.5753870385775085,0.9149505947920287,0.9430175698148705,0.9682190399317181,1.073423128485265,1.1826986422746368,1.3481939474833495,1.2954829484822203,1.461719419505032,1.4462966540222708,1.4047556623401334,1.5259935303277807,1.5160475385339989,1.5217814988361382,1.5172915953421229,1.3976108476444784,1.2776907538564313,1.3407579065230562,1.2194289431206347,1.1440400642665671,1.062467984083176,1.0408098144304339,0.7971612681058166,0.9161031377684055,0.8050587766381184,0.30412869123408814,0.14559858718349863,0.30344245134956477
10.170000000000002,0.02414097679039047,0.2045780327164051,0.46842036629195083,0.635263869657413,0.5682896942613708,0.9042072435189764,0.9939339486258109,0.9693941666006506,1.0392045821936589,1.1406357389125545,1.275200757350998,1.447634033548495,1.4271240669481875,1.4342204121730253,1.4945121935424,1.5351825677220874,1.5251392956687915,1.4894870504944613,1.4361640141598373,1.39045580920058,1.3821592625910664,1.3352717713906248,1.2688273610421361,1.1304120433555875,0.993284278739821,1.0748190725053373,0.791065915208454,0.8066231396916032,0.7642918084515363,0.35635869269999687,0.16456828670502796,0.30211323180745026
10.18,0.05890782136432822,0.31017781490486024,0.4791016978236563,0.5758109118023762,0.5797011168031696,0.87631494965504,0.9452155708339401,0.9587033200426625,1.0731934837189756,1.1986007383073587,1.2736255149338915,1.3544526406854422,1.4423576118558845,1.4157774852336757,1.490585373226608,1.508964834108165,1.515424960738271,1.5313481011022623,1.4660974197004744,1.3941844058889667,1.2994668168554837,1.359026969105523,1.2362430709251802,1.1724925810935367,0.9636809766679901,1.0403155929280254,0.767048675345149,0.8965346446630125,0.8487096963704414,0.39721650338191905,0.20145208901552833,0.31786802690414917
10.190000000000001,0.0448125219341398,0.23632855295646119,0.5318481746004102,0.6183061629174814,0.5928308095995831,0.8287116013001274,1.0050262204531222,1.0304946321380064,1.0669459146166653,1.1265970788801483,1.313971932040758,1.3876990473742954,1.4169687304901284,1.4473239141060095,1.4596413970260687,1.5117529793747841,1.5060065140311736,1.5026353369573469,1.4185188986179442,1.424289805399486,1.2586070848300845,1.3717988835919697,1.1683208533968055,1.1178132980031863,1.0136018384073362,1.0700615152765072,0.7268309944446698,0.9035462932234622,0.8544106200987812,0.4158624430036258,0.20714690323118465,0.3152190655722137
10.2,0.07317070303225341,0.276967717450471,0.40674481007463203,0.559682647804302,0.5715135567951144,0.8476578813089536,0.8919328936165869,1.0048046171251155,1.112225952118616,1.1339751766514579,1.335159118786798,1.395737820964894,1.4052328452272356,1.42648748317687,1.4428730844626978,1.47340266469304,1.5020834216287557,1.4932821806798358,1.4873787331642059,1.4245162379923397,1.3770073781338308,1.3260743879249508,1.2347784663155459,1.1492080211122735,0.9930491291524272,1.0526042062353749,0.7923365639767267,0.8709792297043588,0.8029132543716928,0.3898365879043315,0.2416105778486783,0.2764794834206976
10.21,0.04527995983169189,0.2266406361431363,0.4283950182576033,0.5788418410539733,0.5764515322255755,0.8704499093125904,0.9514945796465271,0.9500130651444934,1.101325455892691,1.1919063982901525,1.300409143098254,1.3420568325965254,1.4353055666342303,1.427160866722768,1.437045978159343,1.4451901082054392,1.5252687126878346,1.5341200862886353,1.4674804012646934,1.359232364455904,1.3313054787367706,1.3654791528992432,1.1835274890854781,1.1637072769854857,1.0922377664012117,1.0594561743060684,0.7221105966053993,0.8052179052647169,0.733251143464982,0.3618590069652331,0.23369358831957487,0.2940094154479375
10.219999999999999,0.12998264937515086,0.2467249172569478,0.4123395887888655,0.5504881366377461,0.5755104584324205,0.8441356540422724,0.906392989320397,1.0042743276016548,1.1007243710660475,1.1128589840123455,1.2674385589051194,1.3770852253568748,1.4318812990057936,1.4705573753923344,1.4357859763103489,1.4804695315683774,1.5603439373232137,1.4918611520216911,1.4757054952026394,1.4207500232696697,1.3218602316890633,1.340915177435078,1.1912667163135868,1.1949914847843899,1.0914444283798312,1.0701583626649664,0.8280431248175718,0.9065278520918622,0.7386568798717349,0.41782781295204113,0.2574243581170967,0.35926685724554325
10.23,0.1282375969470838,0.26865256182405245,0.4018007651210177,0.5376889880271658,0.5265111849905743,0.8047690598710502,0.9374813427114808,0.9512226059029832,1.096244962087116,1.1428265803593742,1.3232203385406138,1.3543220950389028,1.3652051089067816,1.4434488277693878,1.4322104119101526,1.498165208334189,1.501422126016529,1.4874340720568693,1.444489286429376,1.4069843784564033,1.3042817200938015,1.3295552240081818,1.1653918593791626,1.1019113201372304,1.0701049645750889,0.9896132261793803,0.766226443865226,0.8914708132502024,0.8162049036584466,0.4604621579416791,0.2867382765996684,0.34019040543233153
10.240000000000002,0.12895271305826728,0.24696814609985474,0.38609505598958166,0.5822057146908989,0.5317913787640507,0.7758700059381595,0.8935031694133089,0.9768819513368155,1.1117842419019763,1.1381981651484891,1.31008262656872,1.3696829855240618,1.427884706582275,1.4528362256628111,1.4172572176835356,1.425518607249704,1.502703516931686,1.5801319463314032,1.4898286521205424,1.3561197333463233,1.2887685440198964,1.2868533066023788,1.1590625942788222,1.1613893967639468,1.0781444865264516,1.0597016733701736,0.7756383207114783,0.8681701439838629,0.7451813439118019,0.4517924333560019,0.24847707594478952,0.3420489948375189
10.25,0.09898059921664101,0.2807433377590314,0.3642948408404562,0.5266856297897422,0.5727741510697649,0.7803533284434746,0.9350036049044449,1.04271875186253,1.1492671852959349,1.1656082408552144,1.2656094413442611,1.294030541205215,1.3696848638527996,1.4348623552687485,1.4665441379786035,1.4997605056909296,1.536268349801279,1.506726133721481,1.413882206252378,1.3956184036936021,1.4074357155980044,1.3392734204005297,1.1726726461841492,1.164618666891501,1.0025652138149657,1.076123938767655,0.7852594198938109,0.8465824982722484,0.7617558384421048,0.4395783183512849,0.24711339371134086,0.24604051414236647
10.260000000000002,0.06443630502848313,0.24526647234508253,0.36145866622705647,0.5395455772577393,0.6383547608636282,0.8255287934156026,0.9680302028945771,0.9984900781453336,1.1351480772387879,1.1778357921752303,1.3022361418634323,1.366629155259403,1.3972854198323716,1.405537891758169,1.4901022947370302,1.4427650873193532,1.5236899578638259,1.4743951866700422,1.4976552361437632,1.3395630954623363,1.329567691452474,1.3355354728968079,1.2718811040847158,1.257657780243665,1.109040843323348,1.0255246942464116,0.8638105472655012,0.8662769566788353,0.7666749665410049,0.46477417244037494,0.23732620519547715,0.28299339273888474
10.27,0.07627914738332474,0.2802054055185772,0.3963412483552214,0.5865302982894471,0.60187131911276,0.767931169777492,0.9480519102396834,1.0089517995333335,1.1222889156973612,1.2531967908051853,1.307840064840237,1.3495273879372232,1.4444473302680223,1.4315774723812154,1.3937717869796298,1.4332764704989867,1.4963478247894593,1.5615188756136422,1.4555691907268176,1.3712043664583737,1.3338450691830928,1.2886811637836861,1.1973927050404014,1.1226048331157157,1.0536239542367805,1.0324656872839486,0.8520250569799199,0.8545038637056352,0.6682377501201342,0.3755655354090674,0.28917233032240236,0.2726642467885873
10.280000000000001,0.12367482290371667,0.2957093815199902,0.38224511731522687,0.614966584554946,0.6071699228758658,0.8267670501815517,0.9728078342688978,0.9869793849362332,1.0943515835836755,1.2056895638555394,1.2803441700739708,1.3222007645604206,1.4301002874069266,1.4451039546637607,1.4560011793523036,1.4656904674557436,1.524472981463912,1.5376686469052134,1.4304253118546262,1.4212285296135674,1.379509378342086,1.3123793941071273,1.1958326591808905,1.194916332908973,1.0514215424294846,1.0290748832846643,0.8183262390110261,0.7680905343814964,0.6724579803201524,0.48099491288751417,0.32292681239479115,0.2515281256926939
10.29,0.10794469655736495,0.18664527958153512,0.3071571593508018,0.5277174519992271,0.6025552523914522,0.8271912907739174,0.9623177130000783,1.0024564190315772,1.1635522256971496,1.2192778794444834,1.3565584747026218,1.3422826601002171,1.4301923814797373,1.4448057981915572,1.4849500899885222,1.4543093217989613,1.4838235984321808,1.4555055787987465,1.4655897065276802,1.384804952264992,1.3654776229466357,1.2886313676456929,1.2599332219384878,1.1267500657603906,1.0854831392077133,0.9992373716886814,0.828264108224111,0.8083082966025806,0.7033895257925318,0.4275788366648734,0.3034439446007364,0.173275609162652
10.3,0.08659947327877222,0.21795488375822314,0.3057358562556919,0.620265036698669,0.6421327691868639,0.8367544765467164,0.9629800976305818,1.1114186371475188,1.1622498504326118,1.1522267745746644,1.292788766487039,1.3405035988731437,1.364326407369593,1.3859526479787645,1.450578647681211,1.4405210594225786,1.5170396684242415,1.5168710797939842,1.4246695582867193,1.438477367503417,1.3950929896480837,1.2734198125163874,1.2449821812982167,1.1581187358201261,1.0632631805985724,0.9914071641952534,0.8319817634703022,0.7788735665638635,0.6870049037653252,0.4541449155363567,0.2923436803916203,0.23145551633620418
10.309999999999999,0.05019575611523369,0.26085124345502214,0.39182028470935504,0.5984002411814885,0.6648489036293663,0.8706972361508301,0.9303357372250085,1.0137362153379206,1.1534776868211365,1.2351126834114334,1.290507623301408,1.3427809969960316,1.3713970261860757,1.4997941697899557,1.4636754140780925,1.4757221257586566,1.4810529794793663,1.4790325813704102,1.4447424072603932,1.4005069407707949,1.3684608817533643,1.3362179354186225,1.256817724559606,1.1294545795016986,1.0776906995067936,0.9802834281454373,0.8414357719922413,0.764989993902762,0.6378755862047015,0.3828319124993309,0.291376516553138,0.165843787380453
10.32,0.06655959054720818,0.26451232821760057,0.37722602722515003,0.5849071923046462,0.6703627750786785,0.8372525352877257,0.9806649661748601,1.0385029881704102,1.0873779996115038,1.2100705212429494,1.2558623754720946,1.3534828957460996,1.4117860996050633,1.436893920909322,1.4608670598999234,1.4569541266316781,1.5592088048920936,1.4996095402124032,1.4089010535152373,1.4345140785198789,1.3106861739534095,1.2625007129833767,1.2415986717648348,1.136220579346642,0.9840817390369205,0.9399273161248805,0.8429126589426165,0.745921082520616,0.5842194247015936,0.3363751383031459,0.25809202273193743,0.20901427195348363
10.330000000000002,0.09645302120064292,0.3006450026721744,0.3702897259127611,0.6191484072640854,0.7256500591364714,0.8753989627863854,0.9928879073887014,0.9873778255720199,1.1561732780725762,1.1903200511458294,1.2864978720938416,1.3103921754678496,1.348125229237826,1.5148416205959254,1.5310309448075279,1.5288836392451588,1.5146097134341752,1.487890629067946,1.4065197994641712,1.4247332475632972,1.3537075192991768,1.3116027380693556,1.205231572854656,1.1272739997476586,1.0600243571800676,0.9390194472091393,0.8496083515214174,0.7535305634788386,0.6674006607757117,0.40891357755973784,0.3067154488917743,0.24236741137892895
10.34,0.11513521081442343,0.2170441526985342,0.3522537326387633,0.637509516096846,0.6854597883035282,0.931078679620833,0.9619869882505748,1.0404393412779294,1.1677868795175133,1.221327882995138,1.2816962024590828,1.3299067552256987,1.4050369755508263,1.45349241283626,1.439036033123091,1.4406202470730018,1.4239521030655413,1.4966058915348217,1.4704433508102135,1.4576902346512208,1.4019364621243235,1.3457304028908268,1.2843673494646142,1.0518934314342838,1.0102673181433113,0.8992051834369901,0.815229851735703,0.7683382301690065,0.5988820622043105,0.35463437260579733,0.3134363678189778,0.1618065054780255
10.350000000000001,0.15916023100102325,0.20764613711463617,0.3998294443642965,0.6411919987191574,0.7428321913015917,0.8868733505053257,1.019624231664487,0.9954780915804863,1.1073235325299722,1.217233661892125,1.2902045470948167,1.2790828615411012,1.372421145496272,1.4209535818112662,1.444563655203529,1.463107949572745,1.4422307027768642,1.46662189876248,1.453037011479233,1.4676566102570092,1.3696664376464691,1.2895428436443686,1.2671176222995717,1.1627671205332506,0.9724313046896446,0.9062735081470348,0.860361924686615,0.700016249171144,0.5789403484408915,0.38756361848735527,0.2513813241557227,0.20295452588427637
10.36,0.12072322319418696,0.27653545853593314,0.3917657716165641,0.5837721009244496,0.6354045311329403,0.8466094591871473,0.941749614745132,1.0083073653183103,1.1779530795262338,1.2911656198661097,1.258296911516988,1.3589781186411385,1.4371137148670177,1.4395855839993976,1.5027476000065512,1.4642971747985603,1.5363399278530159,1.49616073875106,1.4775522758625073,1.4291649659697332,1.3621837006569404,1.3245205121381178,1.276418144058061,1.1012521768321208,0.9779720926963444,0.9466781160815345,0.8888455340028941,0.729252930673552,0.6082097977215944,0.3951976454498962,0.25651327884254777,0.19904058349061735
10.370000000000001,0.1270362304689357,0.24854188042598682,0.4080099502344341,0.6721731235401488,0.6817153969732088,0.8584335165979025,0.9771429776385976,1.0186635238791875,1.0837610660943815,1.1925920796923255,1.226840980358776,1.3560018460387202,1.3906885004713134,1.4701636973094212,1.4401576206739848,1.4790663450923056,1.4814701595190882,1.4715283241757176,1.394439482504292,1.4383408828615791,1.40701785869301,1.3419733526141326,1.3286984000283064,1.1262282789408131,0.9951702227705022,0.8615983411351366,0.8973705820175027,0.7504984843587972,0.6029746679317601,0.3677847075753362,0.3126338782705142,0.21833491531829438
10.379999999999999,0.11797774197480576,0.22524425481411603,0.468613513027915,0.6588983053540861,0.7006304108050747,0.8935449146169682,1.0011635782837953,1.0297950487722922,1.1447676587107818,1.2247869295968197,1.262579322570129,1.3369962512608615,1.4034859453803077,1.4321769698136582,1.481624906016328,1.4792621782684068,1.4293760307169345,1.4427798778063634,1.4486602605024856,1.503359617078165,1.402925284906119,1.2755231785733507,1.293677189289246,1.0991449287391832,0.9746664190515293,0.8972907309380317,0.855693503398093,0.7326539853566941,0.6480549283606961,0.3314095539889875,0.2545476001876934,0.18996231085701482
10.39,0.12699150601054018,0.23018844126781715,0.4181553704842386,0.650195250219743,0.6864348297894624,0.8932481149017865,0.981051960825702,1.068556997873755,1.1618093099991822,1.150360887397449,1.2562332105847434,1.33182916254889,1.377970765284562,1.4417766885211318,1.4506180626320866,1.4584979947706296,1.4601228455921498,1.5204747596234576,1.4472934002591014,1.4648787594380943,1.4126821482104384,1.3343988023639177,1.2925069323674037,1.0830475157558217,1.022876818028496,0.9059965076345096,0.9211044332242573,0.709218785157574,0.5974472326037338,0.4049055865968244,0.27622184348236006,0.21354535065943223
10.400000000000002,0.13576626122338775,0.2776665874902624,0.4101848017796902,0.6326256278320722,0.6901163277986821,0.8579406770920547,0.990151313658426,1.0411983231029618,1.144691055422805,1.2122355562746914,1.2726904829673393,1.35072774096624,1.3938962066201281,1.4498312124177233,1.477915618591289,1.5473789461418586,1.540232641682514,1.4980366982309794,1.4429288265641596,1.4588144545819361,1.3975757249454417,1.3427729842604668,1.400746635720147,1.1644611465038375,1.10147331195782,0.9124333163303167,0.9292211370001533,0.7454182598126163,0.525576645361917,0.3218634545037478,0.29602906034631604,0.16209042052211653
10.41,0.1237154416449198,0.2376679530985863,0.428008341645817,0.6706938057207323,0.6408086941951296,0.9222424182821574,1.0346574138625437,1.0477426204898055,1.0941772099159073,1.2063462992809528,1.2297056114223506,1.3662337556003152,1.392245666231531,1.4650440040024757,1.5054734828181087,1.5137918437127031,1.4927859270543735,1.4620820146525302,1.4553605632790423,1.483716602450153,1.4268738335146745,1.3332789205415054,1.383874555933888,1.1516718633215492,0.9907152744591224,0.9187142309888272,0.9270635424425608,0.675254242903517,0.5907154439481016,0.36023468828899524,0.28483241491271954,0.17177245709234912
10.420000000000002,0.16724178221609567,0.23962288200274742,0.32772414225939783,0.6373204307409751,0.6988237780252833,0.8569173206064193,1.001396175739837,0.941301516102905,1.171740586682484,1.2231890944954984,1.2760917352650702,1.3571113938952775,1.4186898682466513,1.4347083075296383,1.516891162559994,1.457730177148342,1.4851744114774916,1.4637822922934387,1.4545939550678568,1.4824693660999209,1.4446978891919529,1.2964904352487687,1.3956063151044185,1.1034916126869292,1.0180816142377007,0.951498009575183,0.9650904450556976,0.6983230654221529,0.56826575359512,0.4022184030425212,0.2886420970301807,0.18109291742343586
10.43,0.1206111102692708,0.24666210880072179,0.38721290405132347,0.6421164007457579,0.6355708264901825,0.8445971901770597,0.9887940699464726,1.0370622430572798,1.091999146839,1.264221170054214,1.2785199564840828,1.3794075342072991,1.4484071623401331,1.4548390419108586,1.4637441188116136,1.454417651569555,1.4954142487484885,1.5009422217876616,1.421281167647343,1.509605364193471,1.4076176698908454,1.345523321036812,1.3835926438374733,1.1211290886650493,1.0385360349316821,0.935318172240218,0.9193460450510211,0.7367972344017252,0.5879507547809706,0.4183899363405595,0.26230377533658045,0.2116974548710302
10.440000000000001,0.12949819403128307,0.22274340378745355,0.39222124639828665,0.6051604975805617,0.5920939123660877,0.8260461289087817,1.0336407287950762,1.0144115273231789,1.1224069799028404,1.2289399923151887,1.2826424360220385,1.3824171812916308,1.3968459679017866,1.4635296332342242,1.4981760671297844,1.5276926662248957,1.4818513401426503,1.4245655208207686,1.4789702710492756,1.5100031486620795,1.484292595664273,1.3246284836051292,1.358183889490208,1.1082163087891175,0.9908496853000592,0.9364071583846215,0.971447566930394,0.6983233457893191,0.5349553271073002,0.37645192283189605,0.27387404719906494,0.16719528551525314
10.45,0.10677957264836622,0.2106049794517743,0.3581359048944935,0.5883724636966503,0.6156573395309086,0.7646420398040487,1.0058056812931455,1.0963995716390746,1.1694233754658667,1.2081479290477952,1.313550552131721,1.3834915365405702,1.3771863464283152,1.457109679027862,1.5091015561020593,1.566803554559581,1.4351395307503834,1.4723048982850466,1.5021764397773256,1.537299354508223,1.4377135304876785,1.3678948561648432,1.4489481884937918,1.1108063544054085,1.044382109438161,0.9801149759958245,0.9246626348143492,0.6845684126841659,0.5685690192929671,0.3638960577933488,0.3172139298107609,0.16042953993973377
10.46,0.04854674273998991,0.21378159469559405,0.37098093926444625,0.5755197267507782,0.6417477732620172,0.8200058579195276,0.9313507005932293,1.0899435916922973,1.1218603987544273,1.227969903642549,1.3235330605942663,1.3343170684514043,1.3961426191151423,1.4468558204974464,1.435124558655339,1.4737625744222225,1.4971717694982802,1.4694517658735982,1.4421782615741958,1.5088344811093273,1.4466920166094264,1.3704813822226083,1.4209831242086162,1.1939437967021365,1.1010563690664863,0.9628558767780571,0.9237171124805637,0.7018117466090948,0.6106974900134463,0.4151462880063335,0.28516494568097506,0.14975593945073304
10.469999999999999,0.08861684272440197,0.1765789755342066,0.2902674244239869,0.5825142483472369,0.5943362361423143,0.8063803654955769,0.9896843655452285,1.058451563646027,1.1777498723419912,1.2360546532138632,1.2082758345232847,1.3402037096082426,1.4463473281821022,1.456292286928391,1.5114380311893285,1.435930916553638,1.5405511920085904,1.514938663168941,1.502854565121311,1.5010552805400412,1.4373670445328666,1.3043707041787822,1.4156355768444033,1.1962241106281684,0.9907085654416415,0.9146152043722633,0.9649498092310445,0.6902684735414669,0.5694586542065215,0.39934087920419764,0.2897112485712814,0.17891916477053504
10.48,0.08110705373613171,0.1878391360354095,0.3452320737153522,0.5314690610188673,0.6768829036759169,0.8524303405797691,0.9494325235640179,1.0381944462678674,1.1728289297264365,1.190237763843569,1.3075737416228934,1.306081852956893,1.4058257368429639,1.443049770475462,1.461451517452816,1.4825902613547761,1.510030644029739,1.491443487830404,1.4950731849358099,1.5362100428907053,1.3840134030617826,1.3477516122812025,1.4336127820963638,1.1356110102789052,0.9938757559901058,0.8831484171483639,0.9654960089275969,0.7654777889554336,0.5531120211840497,0.4047057541404071,0.30649985459681667,0.17734222817592246
10.490000000000002,0.06911679721935875,0.19862961830162704,0.2713478655712375,0.5230225510143144,0.644640001368114,0.8326933457077521,0.9832840558015317,1.0683809322122744,1.183890072514813,1.2938532748688962,1.32913431598923,1.2948964872268538,1.4063585546001658,1.4856831795802963,1.4652537151906289,1.4869275893849099,1.542227733818751,1.4649077675159852,1.5810396058148914,1.50964388572395,1.386977623518375,1.3725318386846006,1.4129082266238553,1.129613762588543,1.0496865211201096,0.8804331133121588,1.0000628294921514,0.7543549768224254,0.612084441593367,0.4348287564286688,0.31109778092258394,0.1238613301416434
10.5,0.03347804847253464,0.19835592604095117,0.29114718822456503,0.5059244576769418,0.7005628305931741,0.843444968671265,0.9319544150711541,1.0766203873671416,1.1132735544994663,1.2175251541190173,1.2533435156961144,1.3433013371457452,1.3852188605901758,1.4200704532428159,1.547978292546821,1.5432629560833577,1.5430300565963067,1.553674611960906,1.5321451667486372,1.5135040332397884,1.429472849510121,1.384330714199829,1.3994448746792223,1.1662604445822509,1.0789212344042036,0.9406958189825858,0.9271372098446653,0.7517352264786014,0.5615761341896762,0.4288145964108906,0.3305476544583979,0.11022404426613261
10.510000000000002,0.009643261578758677,0.12773827617351377,0.30178260148931896,0.5487630315150339,0.6893452237253709,0.8462369685953814,0.9812962064781453,1.0409906922928949,1.2050526112212339,1.2327146705113134,1.293810030540786,1.3945377724255088,1.424667756501935,1.4376357394236476,1.5301747116209545,1.5482400514446593,1.5183534551747637,1.4314350809383733,1.5023428119257543,1.5166838228591675,1.491125563121074,1.4067531706776655,1.4192049572349363,1.0855832951101843,1.0547961222517253,0.8679318228401203,0.9400686510237127,0.7314127463102924,0.6038500850431835,0.400694367679659,0.2714766927822806,0.13305805254660463
10.52,0.011978445447812822,0.10406420440458483,0.27589626009769436,0.5009671760927358,0.6703900135476598,0.8338819771546246,0.9285864608861122,1.0510689592458513,1.1269892386380782,1.1526842657416754,1.2889273393961647,1.3588443931883005,1.3869604667535214,1.4875482803208604,1.4937576967145039,1.480237381517921,1.5358856925900688,1.4357864445715451,1.4952799291351264,1.4746225153396528,1.4121568616982747,1.3385474843102476,1.3579133846980453,1.1638454642674665,1.000116002809241,0.9075133775461629,0.9651471714013674,0.7086124005079286,0.5227111241312078,0.4222385019209464,0.2746978663938594,0.1444306124724764
10.530000000000001,-0.004879716103481514,0.18229865933540126,0.35046510398024977,0.5552722610055589,0.7027652025530924,0.8192927077406421,0.9374155585011554,1.0468403428035196,1.1552177528384109,1.2117095323468736,1.3438847455557854,1.3986745057945242,1.402234238197517,1.4066919218678575,1.500864984295427,1.5153490960443325,1.4821082461248742,1.446124407502202,1.5012385663273604,1.5089258525599256,1.4678613542647745,1.2784884505527778,1.3447771680381417,1.117976642204328,1.0020400217219911,0.8825901495966966,0.9771922968763214,0.7079996076084342,0.47434191614497084,0.41767991971275975,0.3657256298329994,0.13706042288690343
10.54,0.03922898857511876,0.1556264500477112,0.28952205956732247,0.510163736305651,0.713579961984803,0.8495166986759614,0.9292372219626848,1.1103028585805432,1.1851857629601374,1.2438546651026452,1.3233936835041265,1.3456007122476634,1.4318630589313583,1.4160995966035015,1.489189035357665,1.4513807270473644,1.5282365383503969,1.4743996260707948,1.5217169013068526,1.511491754074887,1.4193597829764977,1.3696477676955499,1.3158870171401014,1.1510871911345524,1.0143324898085597,0.9196265569321428,0.9074572246780508,0.6913934587198741,0.5755221369634715,0.44591490071596546,0.3208325597690513,0.11083597387289815
10.55,0.022720584752337777,0.1198024704143483,0.265388268850042,0.5339419758031729,0.683300800691917,0.7592088728426317,0.9774743647808041,1.148969290763989,1.2142939292235029,1.2634868402996864,1.315240398159183,1.3150253666673912,1.4288909735555415,1.4793091127768558,1.4800317544820882,1.5223458564907493,1.4786410193459314,1.5049422994400325,1.5689617135217488,1.4514982151489102,1.4045592403084708,1.3503753975946489,1.315763805684136,1.1446434841577793,1.1533632982291961,1.017503428587801,0.9130438146084765,0.6575185186682466,0.5916982731830065,0.45000471864469593,0.31211037736903885,0.10694605525012253
10.559999999999999,-0.06555722843211324,0.1391910397072725,0.267265847969267,0.5685775478507162,0.6695406163548144,0.7797125365823101,0.906982978438323,1.0397219142820882,1.1951171788753778,1.258791171581834,1.3057864949962412,1.380169628044834,1.4616654004532659,1.4282846802086016,1.5427903752106686,1.5052092936477979,1.5166565572677786,1.4681644425035087,1.5313454965786595,1.430218023944527,1.4105037641657399,1.3611776176322463,1.3583888184360209,1.1439682087668896,1.010745552283088,0.9315077006005885,0.9398554729592203,0.6776723223357248,0.5837834937383037,0.46477344799105647,0.3533843042370537,0.09123209064163107
10.57,-0.0038196304204557545,0.08808969206450458,0.21749047028964624,0.532202786678339,0.7558301680784558,0.7665916226825344,0.894302177698461,1.1051637429533212,1.1199813544694328,1.2291341083974143,1.30416827447709,1.3718006387969046,1.46215824429608,1.4230066100625431,1.487027783873598,1.4909839578183761,1.5540581456320735,1.4458454166752008,1.5280439268590613,1.4529425562305587,1.4421675325943677,1.3723668233568633,1.2825748350196278,1.1858304154848405,1.1011223690765808,0.98371352096683,0.9514734631511975,0.7027777374154602,0.5637306529384268,0.43710979111980075,0.34776043502867154,0.10104520609370438
10.580000000000002,-0.03871750509811496,0.07380728056526818,0.22562683131899236,0.5543635409422201,0.7506336553831523,0.816950624116289,0.9591520489913667,1.1017055317816167,1.1396478920527124,1.2071012915615824,1.3139218789859792,1.4152579205909306,1.3862182100809228,1.5215137200936515,1.4779303841412892,1.502612884913456,1.5546782833183872,1.49380538079922,1.4997552801544094,1.4322006517658166,1.4502536472214027,1.3548636678300758,1.2481938993338746,1.116245336961834,1.0652852836853044,0.960366550299253,0.9417863803064784,0.6493024758261493,0.5513062614798824,0.457604037803819,0.3528495671553238,0.019202319698986267
10.59,-0.09730042504837849,0.11421685187078234,0.23825378711752268,0.5197394078775357,0.7566812710451727,0.8406569349685586,0.943983422639351,1.077608304091679,1.1887830750885353,1.234141466514159,1.3214429375815437,1.3739817137400472,1.3987595583110415,1.439738913938998,1.515850401231992,1.477560271135847,1.5282083990569535,1.496254003140586,1.5382066733225697,1.4468472666827583,1.3972480021558973,1.3556071997083416,1.2286868177503067,1.1757553930357387,1.1034527166388093,0.944627546797972,0.9562863641154425,0.737401068619647,0.5613643086982723,0.5593412678429751,0.3576905562078598,-0.010719323426619756
10.600000000000001,-0.07163557950103619,0.10066525312902452,0.22197951899490018,0.5099573323498603,0.7567373195856398,0.7973004378494546,0.9291329655817289,1.0771395191088116,1.1917569910355228,1.2432734306454003,1.2953560506229418,1.3838457999567744,1.3990985077979954,1.423367977808474,1.5080466467957143,1.5095584503873236,1.4743507081030076,1.4538810709644436,1.421832178608286,1.347221666266027,1.4188136330680676,1.2799972645814652,1.1672497566100148,1.167453166632511,1.1044994846915945,0.8954029674872976,0.9696648027984125,0.753320590428998,0.5358458431542075,0.5222200184074591,0.4240448273792818,0.08603902866894028
10.61,-0.036365236725045255,0.1318883669903196,0.23401455827436723,0.4977037416807095,0.7522138234482585,0.7974569409219087,0.9458097827191143,1.0764657658270542,1.097459227624609,1.218803935380741,1.346045905701733,1.4014142535867604,1.4571031602731592,1.4287743913471513,1.469128286826443,1.4835194051124472,1.532148969574747,1.5392829094128386,1.5209116076635996,1.4339985753260747,1.4935538188251953,1.329791382424528,1.1767542492902154,1.1817215838190112,1.1037060366941134,0.9673050690737499,0.9840733500513761,0.7466894491987396,0.5707856127633535,0.5294893073074171,0.4054223550622422,0.05459686246953741
10.620000000000001,-0.047288283115149675,0.09357973596005623,0.21476794916374686,0.4897670211357934,0.7507228104895182,0.8206488214134897,0.9699552550878842,1.0804602394433496,1.2084061720172674,1.2587061048036878,1.2860556885903514,1.3866055013471066,1.393837518798615,1.4750567841402187,1.5068640156616697,1.4792656190421667,1.5421507960448941,1.489547647976399,1.5150917497095384,1.4342891194559733,1.4870757789085232,1.370408820822766,1.187949760686051,1.2377348275604543,1.0949141854747269,0.9878464196485333,1.0271253199199746,0.7030055500092898,0.5507048091095446,0.5351389610917672,0.4420110877238626,0.1037592406931917
10.629999999999999,-0.11790517236992744,0.01073660129850542,0.20381766804701557,0.5151780470554248,0.7211933351222225,0.7822217807945056,0.9441989391277629,1.0227757156576023,1.1461082117617771,1.311372739762277,1.3288049201148706,1.3071716218701421,1.399168163438506,1.3707502025815346,1.5361893115947822,1.4870857684787713,1.5447996725218482,1.4479242164108135,1.46825549807719,1.3765235984207105,1.443196990564755,1.3611301601295422,1.1961629153562132,1.1944625994593658,1.1999007020879673,0.9369420642181538,1.0537646919641848,0.7135652309386092,0.5304898589744181,0.5358197209915309,0.4267198593481541,0.08246310043219954
10.64,-0.09511304048465447,0.07436630590457848,0.19916173848612412,0.49622502265177265,0.7406572330160395,0.8182850540664018,0.9684985728740689,1.0570766631131212,1.13472427978841,1.206352971636808,1.3253329008740125,1.4088912959424498,1.470959984622609,1.458921065190549,1.4334891639676732,1.4866218951096049,1.5754614152554802,1.549757772865094,1.3876297047734696,1.3659173588781186,1.4886465683325287,1.4192392769243298,1.177850779244658,1.2146020593018951,1.1008401923023916,0.9412098572476556,0.9887998889310963,0.6514080552953112,0.5142983536359338,0.5572590219981027,0.4802899532337102,0.008571011233986413
10.650000000000002,-0.15396767644569273,0.019653572810269783,0.2286945021868016,0.5170702520438695,0.7604876140478574,0.7979754001101391,0.9253584940375769,1.039268861568633,1.1535481173786575,1.2771574957841143,1.3286914154815568,1.3144762062996835,1.4298106832805897,1.4180986296651086,1.484972053595987,1.4783433047248193,1.517513974655981,1.4667053454221537,1.4830291238826518,1.4186462914489106,1.5028468310781204,1.432729496677114,1.1750567038923796,1.185249228957418,1.1134259276685474,0.9846301210554612,1.0484316765866852,0.7014601453024611,0.49618078776353336,0.5841733914762026,0.4777035413935102,0.05879355827282018
10.66,-0.12462031051762805,0.04280252002532124,0.2452026146406355,0.5341513662824993,0.7406471149688146,0.7468848041866545,0.8987604531803601,0.98347623548918,1.1538511555237438,1.2265728996356133,1.3185340073086556,1.3959851059282349,1.3852554157285577,1.390169873629634,1.4528412938198934,1.5045772434731588,1.4959895226544049,1.5306193648237507,1.3968790007349403,1.33540301250042,1.4901529338644688,1.4306185483612657,1.1910366427532024,1.190051244496238,1.0896818504014074,0.9845758633458012,1.0670922390925504,0.6788812487553287,0.6020758074493958,0.6165418754216185,0.4974980485055195,0.029943621847455696
10.670000000000002,-0.14100222143057983,0.0327104809054727,0.21022991100265465,0.47816749364330735,0.7572237735243075,0.7996996287853818,0.9748118759698026,1.0128619736888513,1.1312832253718987,1.1665169489181653,1.2642271522718835,1.3818454424390119,1.4085806512488448,1.4246613593369128,1.5135102654809285,1.470368427783834,1.4971341576351764,1.53079917969205,1.3898607509361287,1.3996023075851807,1.4826503217405953,1.4427729247750296,1.2373311184061289,1.2235690255671186,1.1642299858487555,0.9987410824339075,1.0954100632468173,0.7135254689302293,0.4597305503810001,0.5946314994841687,0.483499897989768,0.06174024013471374
10.68,-0.15764005730709332,0.05910177763019488,0.25420839797003325,0.5011709415518601,0.744313986892147,0.7859100795167109,0.9805990358302334,1.057823540127431,1.1165206470415985,1.2579841998173695,1.2748437359940001,1.3211088774126227,1.395635087852306,1.4308268512686637,1.4913358129418122,1.4230722665117077,1.5097545059850284,1.5121891245447836,1.446547002065193,1.3437555136785082,1.47562349990424,1.4791653847187929,1.228852310685276,1.2583870555752112,1.1741330467593023,0.9692366533105674,1.0411437513705109,0.6430783342094188,0.5112573363750663,0.6061324308156176,0.4985998007087302,0.04029331625943445
10.690000000000001,-0.17236656028786082,0.017447686468939193,0.23518482344215358,0.5387115025872787,0.7804375231405367,0.8040585529802499,1.0072531802850926,1.0629963072094217,1.1612056025942203,1.231754680381212,1.2974801553393385,1.385818177121026,1.3832958603039807,1.445203586976244,1.4693398910399995,1.479924179582821,1.4765986786463174,1.5179690773601482,1.4302252431515736,1.4087793271557103,1.5377396712912512,1.4930251779441148,1.1971999223410592,1.213950270041791,1.171974566957143,0.9553184869694356,1.0559088367812384,0.6550962514027705,0.49779934373347423,0.5586025677856117,0.49470701036092996,0.035872696785056085
10.7,-0.15915991298036378,0.046196488212173474,0.1671257164053963,0.521045541855477,0.7390972528389511,0.8333245519244401,0.896860497030545,1.0060876247375834,1.095355887793403,1.24270217372965,1.2308772443627123,1.3272348002650138,1.400945852816801,1.4369039734073699,1.4389085961708765,1.4634328806921686,1.4648140545902981,1.529764099838087,1.448246500160376,1.439003415405443,1.4563729034295512,1.4645497026452148,1.2026651208118708,1.1820237459036202,1.1168097524283582,0.9196306972068196,1.1389884205124308,0.6378964368846571,0.515237490997833,0.5877673209719815,0.5100225989057967,0.06059366883029625
10.71,-0.1943203526706552,-0.04215921039417086,0.23026872973198895,0.4566791966507492,0.6942164888356616,0.749344232064022,0.9343911361779097,1.0499555373181921,1.0977511221611207,1.15827520199503,1.3441194014937354,1.3275681644012376,1.3900044860380663,1.4021263882082557,1.4702258323897757,1.4854604919605436,1.4871763919063972,1.4959546142210423,1.4685181413006794,1.4040979126791726,1.4780132660861973,1.5056741082618181,1.249597179288283,1.1854812927414358,1.0918693991157329,0.981986252103016,1.0748330427114,0.620731901952798,0.5026252472876542,0.5358550491384462,0.5001360773778389,0.031058928936809255
10.719999999999999,-0.13536496534451492,0.01922764086136028,0.19705062745217095,0.5041539475742278,0.7302833901820023,0.8268319656103287,0.9687538783433683,1.0180729700402376,1.0476043481770867,1.181600621715459,1.2765011297549125,1.340186205978852,1.4384748980972815,1.4304454026594382,1.4963589400956128,1.487209181592771,1.4629757415163298,1.4994120977648573,1.425098800180041,1.4260197952519817,1.493639369625999,1.4912104888236322,1.289357367616823,1.1801397172770378,1.0878617702381859,0.8722075102939445,1.0759608204383355,0.5973329452527887,0.48901115324184335,0.5795106486379711,0.43056765054638924,0.05652607583560854
10.73,-0.16420325852929538,0.006224084185692572,0.2728518337160482,0.4786390291742174,0.7576971771256049,0.7917825379091755,0.9739467282692285,1.0623322574981247,1.1281057962665113,1.2058915526777712,1.297782721002464,1.3581652387509475,1.4137308626320635,1.4293706937451787,1.4501435193903898,1.452077435147979,1.549584169224408,1.561998805427535,1.4946532772611516,1.4047378951698593,1.4717724278410813,1.464739992566222,1.3002387546761032,1.2051604074144966,1.1292358108999951,0.9089215281521373,1.02527615347397,0.6917518959560895,0.4815464592791483,0.5227862582740918,0.4131329505571104,0.04173348859692862
10.740000000000002,-0.12882255651717137,0.024974134705294748,0.2425347823724128,0.5165517564705318,0.7555136424396409,0.7645756852411268,0.9653665920376525,1.0127669836343454,1.1022296586706513,1.2272489666308204,1.2761315893908578,1.303896066974166,1.4223061305999054,1.5117390338764194,1.4437973677953297,1.4829495132914003,1.4572624403731635,1.5762062330554079,1.4252250244732871,1.486401350521587,1.5144097466690993,1.4298669882600161,1.2422307266205874,1.2136643703575434,1.120696901449564,0.8832530247076382,1.015599903690088,0.572433262765153,0.4533669968943416,0.48212677063952636,0.4480617524226936,-0.005330401778221798
10.75,-0.1040862298598233,0.0004351557190348191,0.2267011012083327,0.5079091510900162,0.7616970668976614,0.7826057611911306,0.9408600684844826,0.997350618391111,1.1643580898729595,1.2550266579140725,1.340031802840974,1.3512899806114216,1.3861085157012338,1.4577465328036172,1.417979795788809,1.5084269135735888,1.500523422527485,1.520094277771553,1.41568727422776,1.3725519799491988,1.4818628268093756,1.4566125742751994,1.2932343661677117,1.2006921646600734,1.110143717601304,0.8789005323147779,1.0545588022553176,0.6318977301464594,0.45171835654114784,0.4992725922028152,0.45177861318214046,0.04774258659330935
10.760000000000002,-0.1430103662210979,0.06365165555761754,0.3127307252274311,0.5266319109029727,0.7483640834042599,0.7926752053678577,0.9278349142560268,0.9613163640679511,1.1167441469104076,1.2373281238427187,1.291522036363446,1.303107793765485,1.4205666872465428,1.4460420499082027,1.4165148029323074,1.5185248766481794,1.5057382231196788,1.555634237118987,1.4663694061135106,1.4556328089620134,1.4943840020228667,1.446393525963732,1.2949521679442992,1.148298059650131,1.145571535434184,0.9065805870054462,0.9858434697694073,0.584357719298311,0.43286926583157515,0.5139195612227971,0.4261963087391713,0.04835080366850422
10.77,-0.11357615993659403,0.0009875838387465238,0.244564651479927,0.5324171299416325,0.6668207100946706,0.8209611693606036,0.9406690714286661,0.9889463239091242,1.1209621874499542,1.2256484942917676,1.3320198663965566,1.3569822703409986,1.4319667346014493,1.4226549421689916,1.4803706076366674,1.523108808159333,1.510395711767768,1.5217755354741709,1.4975447211835173,1.488731447512938,1.4822526144300483,1.4614580729626505,1.3173416011487844,1.1312404961492202,1.0863296279782075,0.9081224487684872,1.0313815480504607,0.5554149200820427,0.4361198058439668,0.49990086359852076,0.4571784298304732,0.0781441989067394
10.780000000000001,-0.045648203833406405,0.09851904751676102,0.2912600924451072,0.5184821371947521,0.7188659651326149,0.7972639643571858,0.932433695558098,1.0029975156743058,1.046031943134507,1.2313571714562235,1.2418876503036533,1.3375480995374835,1.4387953467017869,1.4069141550480944,1.4767310832222122,1.4953731899687939,1.4705744384855108,1.4947095057874573,1.4607536448652687,1.4654364645048477,1.449800550308298,1.4222435925169319,1.2878175127121962,1.16112226945198,1.1557244104011224,0.9134542875203991,1.0209415094058452,0.5742423367841593,0.4845631320133004,0.5137038072297172,0.44902358851646584,0.12186772674183487
10.79,-0.024876314263579467,0.10507323316424215,0.286112372020433,0.4823117151086914,0.7134165968875719,0.8498719261635562,0.8997466970433072,0.9707899163056581,1.115719814482031,1.2530727343295007,1.2316867787400139,1.3037650557157436,1.436139299612663,1.4567472799661134,1.4584531553244997,1.485687589302278,1.4033169896111874,1.5026656023796023,1.4441328847095587,1.5462426820747444,1.4783649557630663,1.465449807714205,1.3089075746808487,1.1516011914015378,1.128318835801613,0.8812453161642158,0.9420747841875551,0.6023963728185526,0.47716125649546265,0.5225223211922927,0.40849659194097826,0.12342448423986752
10.8,-0.06929396020303209,0.11377382216224231,0.2936357326891164,0.4853142818761305,0.67236271773156,0.7619404459513305,0.9203950741978475,1.0158582269199001,1.05235485032662,1.2546097320148972,1.2968302204904545,1.297875299361758,1.371536572376158,1.4385882627807867,1.462274194597452,1.417446952344696,1.461691471247366,1.5662380228724682,1.4699004161645512,1.4671724959211838,1.4433686970140398,1.394508980809471,1.2803387990621822,1.160134788254999,1.1078106787650797,0.8641522684688147,0.900622315469066,0.648447960076729,0.48855734521411454,0.5167659722256153,0.46226239892470555,0.15512175213154433
10.809999999999999,-0.0009537230885146002,0.11438982918368108,0.2610402674522895,0.5119857955311553,0.7265796590651734,0.7527258314005911,0.8927890568132443,1.0686797764903138,1.1317995416141404,1.3124485896326126,1.2849108142045593,1.3772038460385807,1.4250264093163063,1.4838353324560718,1.4819642944983387,1.505365055319155,1.4687390970005514,1.5048285640627257,1.4794848190653345,1.455608808547313,1.4147608916142584,1.4444714195037065,1.2356785354516102,1.1675380509192372,1.0899032679469722,0.9502258126202813,0.9375877612133965,0.5791481998500075,0.5217914039476642,0.5373173835101902,0.40743595943838534,0.14268288308490265
10.82,-0.007278798442492473,0.1460609925070068,0.2782515938557628,0.45268061821162336,0.6725312473056936,0.782131893615133,0.9588223764299663,0.9629385519497883,1.0927284333582967,1.2219196491049713,1.319479714288525,1.318798019439527,1.396311348957976,1.458676597422092,1.4248912337131434,1.5022154600898174,1.4646393226312662,1.468431501956218,1.4844818101751123,1.485876668929479,1.476092405357303,1.3548202899308162,1.3042406084044678,1.1289690329281588,1.1486923305515533,0.9028789852394878,0.9035655475163556,0.6317159188783938,0.5042014304892828,0.5007949142591208,0.3839223689711527,0.19753687133292355
10.830000000000002,-0.006454410063877683,0.17155186918049692,0.25442848406790636,0.5481605141718819,0.6879475501466933,0.8125447039932089,0.9477614333325933,0.9563683127746103,1.0652792163384301,1.2327393725882367,1.3227413894485833,1.3438863272185733,1.3881513078079817,1.4324603750485885,1.4537347200911843,1.4494716205666385,1.4397607056088206,1.4808812472536272,1.4786788556482586,1.4567920553665568,1.3891509438444833,1.3728620323889318,1.3089170941358728,1.2156365262756863,1.0688886977370762,0.8730015863567648,0.8829535028820582,0.7237946460173079,0.5705934268480753,0.5628436653826129,0.45491645496906985,0.20946085315961405
10.84,0.08630093577896863,0.1482624757015582,0.32289754335899207,0.4921734848323036,0.6514402970115025,0.75577352693586,0.9032409226940846,0.9889137947023486,1.0470086379419767,1.176816475939318,1.2507136478167677,1.3086701439866808,1.3953060600800358,1.4056894678261858,1.4213409913056405,1.5252885024380394,1.4723124762613595,1.5180343209246667,1.4090827400933008,1.4095397011665944,1.3698160137225577,1.4052930412840674,1.3470951504784914,1.1961479797773646,1.1457980548170474,0.9108080851856961,0.9035799137538859,0.6012305859641689,0.5650671016850981,0.4891434922682718,0.44830029158526874,0.2853023146386911
10.850000000000001,0.004791500636971995,0.15683625884020774,0.32162427617512207,0.47226462234681477,0.6716112913747941,0.7166174298860095,0.8605699717618017,0.9737843329561909,1.0563467680943086,1.2426732358729602,1.2280944917931824,1.3385858053143547,1.369748817087937,1.4627948196257543,1.4380305583488597,1.4747754928751333,1.5229082036243025,1.4934025171781518,1.4946456410590905,1.5445792483875382,1.4001391028475483,1.3334416542584027,1.3372448617295574,1.2594300132008716,1.1657441152027748,0.9349738396500554,0.9567285714459765,0.7350346285632496,0.5800191426279514,0.5038788523292841,0.4308931152500598,0.2564766657832835
10.86,0.033533818812057206,0.20663413582571866,0.3111991317896778,0.4625587457810613,0.660959029797897,0.8196220775757429,0.8982424394012407,0.9533593820258967,1.0718584535907785,1.215071667019705,1.2436589160506466,1.308626956812601,1.3915551303573594,1.4979834039256448,1.472125331611188,1.4788644928031376,1.453055795406362,1.5041624806680085,1.471457643724587,1.454121899676743,1.4205676340033786,1.3329919439197677,1.3402910326776938,1.2475091103425662,1.144278250600061,0.9795962294702071,0.8593984629143466,0.7321687146333219,0.5875065070825709,0.5779569509420875,0.43584597984058293,0.26105776411753945
10.870000000000001,0.040798503530388566,0.24596592083275948,0.2634422153104493,0.4260996879822102,0.6013615336657402,0.7059908769338412,0.8652031558274964,1.0188011643590413,1.1263504532040578,1.2085621952806895,1.2605023776542157,1.3495893454184378,1.3538942267658252,1.4564366147654293,1.4684045363069842,1.4737548023568694,1.4917357407305702,1.5012591465446405,1.4857572960720566,1.5074131418564594,1.4336033163892377,1.2998749445947484,1.2974410203544933,1.2651804004686318,1.1987624600950968,1.0014773082201824,0.917760949462463,0.7813456445155852,0.666323820394334,0.566251566474808,0.44805067010124544,0.2933620541108002
10.879999999999999,0.13009665100822398,0.25336423909390116,0.28649182091071285,0.4331465185896115,0.6425812062883485,0.7734042369094973,0.885622441830199,0.9842369905737784,1.1230783409655307,1.2578276634429166,1.281396828727586,1.3368127405240173,1.4160049166452882,1.4661114642270978,1.482645898706501,1.494537330763059,1.4586768862836,1.4754453581667493,1.4760625458248506,1.4575932260750577,1.3781720577387973,1.3275629466184498,1.3419902198784404,1.266408473796646,1.189759755246631,1.0069386820565152,0.8771175985099862,0.7625720935499599,0.6096181127640745,0.49247003189847005,0.49301409621680253,0.2497796004096688
10.89,0.12681193870087995,0.19185816046686466,0.24581107194853286,0.4591096232116215,0.6198302463844969,0.71174564050413,0.8609583032741923,0.9867167606532719,1.1394720951622495,1.1856251789146208,1.2789460713619636,1.3496744459733871,1.4343122084082267,1.512983812205424,1.5077198815552397,1.5518324938480195,1.5348302996475374,1.5295499786044011,1.4994946266571185,1.5544660052193189,1.4170510681929058,1.3345562189857125,1.3181515665081995,1.2575891841502393,1.1684346954920255,1.0375079460102405,0.9778024759662164,0.8213411929591111,0.6896653191060634,0.6852898657581371,0.48672718806484416,0.36243591352540283
10.900000000000002,0.0419418429432182,0.2829006359821654,0.3023477148933375,0.44942933630191434,0.6267687256677278,0.7281718109615741,0.9120424080850217,1.0758415536897195,1.167256950529447,1.2332498539654342,1.2885160805086378,1.3389821165430302,1.4134578427064508,1.451079068840593,1.4898143149581373,1.4710522451960657,1.513543519376117,1.5360174549317618,1.4564328356926513,1.4482461747401842,1.3858890471644758,1.3378234416538806,1.2908201858358042,1.2626754459650693,1.175962535252081,1.0041214994362795,0.8846311453326926,0.8090824666896987,0.6048173107401137,0.5963687895614249,0.47670699909773273,0.29526439144248684
10.91,0.08480102705440445,0.24295574002034698,0.2865187266926309,0.3733398348637893,0.5850550220595412,0.7235425461768892,0.8547782337058151,1.034944384863099,1.1782495872769452,1.2089009947977465,1.2473783624282906,1.3707115608829328,1.4323419992333895,1.4946444668986036,1.5020762180614473,1.4465637120255501,1.4887609351585145,1.5083450361033277,1.492618478573636,1.5162091746431061,1.373238650270055,1.2640289459124983,1.4082285026947603,1.3169653446328604,1.2652524253598356,0.9934873728709922,0.9002000818092757,0.7796662079094214,0.6149332033053164,0.6549798668572678,0.461494633259112,0.3266634381883234
10.920000000000002,0.03766659267406412,0.20713451100786232,0.2882066056270688,0.36792560570099414,0.5767780184038245,0.7324972081772754,0.841052591259395,1.0021465192789443,1.2078274510570077,1.2331877528093673,1.2959580721362136,1.3225274845328752,1.4064192232222126,1.4927097596594927,1.452397264481621,1.5058929758240236,1.5081116079133492,1.5381591247630024,1.531597273593205,1.5292352512441478,1.454739377573335,1.3293871902459278,1.344978604898505,1.2497489310947925,1.2401460930143862,1.0251558254492306,0.961351826759865,0.7668449700437182,0.7496695454273088,0.7154285780604198,0.5519927837862969,0.3462664435323767
10.93,0.056147153599897186,0.20221770312682996,0.2730761215244866,0.39871339591747773,0.6089892373901677,0.7040526954718388,0.8313448126697566,0.9624236871516942,1.1826048948922931,1.2348032537058269,1.2264516669316545,1.331243174648375,1.3983462478820161,1.4338437702777589,1.49605264363886,1.517136841648097,1.5032608303076633,1.5072313340883987,1.4665426854349255,1.4806185110376815,1.411465875226618,1.3543412652976763,1.3756912785094866,1.2702738863917216,1.2576925277792368,1.0077293613263718,0.9323375679327174,0.7729621390457617,0.7142712041677302,0.6353257535678977,0.5095963796575503,0.33197789057898897
10.940000000000001,0.08885404687713544,0.23840792527487512,0.1839551742491123,0.3333651436312068,0.6064657258076979,0.6666832887672218,0.8594908901491849,0.9973063861725998,1.1299231068262143,1.241969406994492,1.2897305736635287,1.3965776322953827,1.4551233598935094,1.4935960702028308,1.4334537025144334,1.5612484085182694,1.4719801694160786,1.4932652266677884,1.6139324107210942,1.5268913284725432,1.3555019105642971,1.3116441518044686,1.360984952907975,1.309836132187276,1.2457089231875829,1.0758898180092955,0.9699139980856983,0.8008315439399346,0.70771380709601,0.6519049044827417,0.5237256301304867,0.3297095568407413
10.95,0.03241072398292086,0.2346547846048754,0.21296674668100038,0.3461718858740674,0.5875370542064517,0.6514873233878833,0.8118739112552529,1.0190241579971377,1.1604965886929006,1.1885018481380287,1.2542318005247097,1.3875111899056582,1.3756722420181349,1.5021805562216568,1.5125889903559182,1.5631517322934736,1.5552887871756707,1.505550065923665,1.4936891375715866,1.5070658884652863,1.4065067316280166,1.3136075816795223,1.3704321553090966,1.2708042624799356,1.1829690833426418,1.042299301305885,0.9409890335570402,0.8268510176531831,0.6475272848570232,0.6924784053160274,0.5262848670773899,0.30920133119883303
10.96,0.10486496884427346,0.2268540605738873,0.2186145128604448,0.3893164842122161,0.61763190169047,0.646310259318584,0.8369785427933407,1.0132580167527911,1.1543004451261765,1.2327516950924078,1.3017056734442016,1.4350414544506938,1.4264652805311522,1.4588982918584255,1.4987041448558107,1.5276555496772706,1.4845181843612056,1.4246777282068925,1.5438186372051235,1.515481080075493,1.4278074704904482,1.3437221293796682,1.3629659025056313,1.3137789404029125,1.2653018268984384,1.1408458700352553,0.9468642780849339,0.7651281328211009,0.6981143672330562,0.6866463618254731,0.5303374869603839,0.3190883359350268
10.969999999999999,0.06484358695961681,0.2011598672140142,0.27071070447428414,0.369985144718196,0.5643265611914122,0.7281203555857756,0.8629078760772214,1.0714858680074788,1.1116831817423674,1.2674335675889774,1.3434470679351418,1.397704406499778,1.420061552247289,1.4913362533005357,1.526274922807261,1.5270737777935124,1.5422922497405047,1.488266443903618,1.4959083405868334,1.5391690821527337,1.4299142740653414,1.315703581988628,1.359270503777046,1.3120332791725553,1.2652229164206263,1.076356703418257,0.9281845881313592,0.8332357906207754,0.6747835908635051,0.6756741988084869,0.5400351230449741,0.28271135348196985
10.98,0.07716989447015078,0.14872177239334897,0.27072201553633396,0.41453916791060913,0.5873639207008722,0.6997168768411728,0.8530994450384841,1.050796114645205,1.1411060176835357,1.2018302872048032,1.2766181006020765,1.3812796459201868,1.3996546897433446,1.441885331060344,1.4874509864467225,1.5463382614634213,1.5204657077942245,1.5000853281813926,1.54737600354266,1.504632765695001,1.4076705037949289,1.2815762497373504,1.3480919397854283,1.315472853500126,1.210785225486438,1.0525296521342118,0.9655018575578338,0.8079163824242576,0.6466030915328494,0.6954037816407457,0.5640404235000118,0.2379061563075516
10.990000000000002,0.07516950353755508,0.19244100063571498,0.2722942679861989,0.41663640144943676,0.6393323713625603,0.7015812503252625,0.8679965439963565,0.9999689628027768,1.1188798570473855,1.184956116063006,1.2522384949326566,1.3899458464116325,1.4051565273763393,1.3903059840762164,1.521816120824008,1.522521259619109,1.5262144912148075,1.413282934549854,1.5156880944845892,1.5142631425461393,1.372964655499211,1.2899490838131833,1.3955968100460452,1.3325665769491226,1.2513273485870795,1.0293013872528054,0.9074805398370928,0.8070491521744744,0.6662276151241789,0.6555780195650756,0.5182213581078283,0.2473316052389737
11.0,0.1092145798546858,0.19999871594384727,0.2670666977170768,0.37725862032936397,0.5305667273474713,0.7019135850869195,0.8928549155965522,1.0624619376194235,1.159905413235061,1.1714266596950766,1.2735395966566154,1.334910206653895,1.431137129163102,1.4428947572745419,1.4928890864597146,1.5055707796404105,1.5478013897099492,1.4399787931185524,1.5109326528148495,1.513691835797268,1.413730404786607,1.361498986431246,1.3539546988104232,1.3090222027822749,1.2307997769157073,1.027866778850873,0.8762794298136303,0.7784145428193953,0.6672953067874043,0.6717964202075271,0.47842228041730817,0.2706928479135632
11.010000000000002,0.056455451941063564,0.18175307732247906,0.3000387752519565,0.4257823707828179,0.6071002986912173,0.7008512099153904,0.8599032441227397,1.0438541386431637,1.159279327545138,1.1973128936140522,1.2753147033995056,1.3745794084693173,1.4183142221190408,1.3893499489983347,1.484442107187538,1.50425165740173,1.4918101674915265,1.4396509402287985,1.524167290993243,1.4324702726039913,1.418835173052413,1.3472101252886652,1.3825691370531212,1.2973715018061769,1.2034470504617567,1.0742673684853112,0.9612590595062078,0.8007095096507768,0.6946513661927198,0.6413619772747708,0.4426184753901645,0.29770018973352197
11.02,0.09609502041085441,0.20109614712215845,0.3023725029701915,0.3598296506079944,0.5872506597681919,0.6397566024369205,0.8845950417413223,1.0721043713882612,1.1620977155232197,1.2057482171636025,1.3637792343239203,1.340373223809258,1.4292370625474202,1.4209255274090364,1.5031015007962798,1.5142672543737374,1.4873302630847602,1.4947932244493265,1.5035304069755262,1.3854355188397607,1.3803487431613584,1.2984641806100639,1.3480191986077463,1.2807009670365,1.223532867761551,1.048119649039029,0.9179514446496235,0.8450010615880695,0.6886929733979111,0.639409012112373,0.5237348552306114,0.2677433484822554
11.030000000000001,0.07360037190034938,0.26556830460127295,0.280147709504384,0.4429145767303515,0.6250847000270566,0.6736423975939143,0.8889696414037942,1.0545183133052514,1.2354824729509282,1.1843172145496856,1.3106760544791527,1.3936405549064024,1.3795828238580248,1.4280214893654415,1.5322672556197967,1.523340518894172,1.5570170655093596,1.4580649004100763,1.4899416091106379,1.48225665049248,1.3839728205401725,1.2674452165531311,1.2637567498291966,1.2652330747889176,1.186017362958617,1.03669009765855,0.9236793755185011,0.8127121407017031,0.6484456468177966,0.6549406218952216,0.5249997025841886,0.2730739953073943
11.04,0.10399150427194173,0.22408072886682223,0.3099683784210502,0.45377849875284565,0.5621037769423157,0.7550570922665513,0.8866237257965478,1.0204818041518955,1.19140759227396,1.187359842985832,1.2640469570596733,1.3944032979844594,1.4586091501869713,1.4568320441450149,1.5523342326741472,1.5416555110543142,1.5933883154246373,1.4310892374199347,1.4708751216646914,1.486934611392453,1.4306883911415111,1.336801609232388,1.3316559626151863,1.2254968797526302,1.1853926568131903,1.0203921940470893,0.8960012215156112,0.7501634831063532,0.6670480078373396,0.6284158278808136,0.489443076540842,0.25286173633658954
11.05,0.13267663964367568,0.26408209454523257,0.3372143092355491,0.46105817177439734,0.6431056162847217,0.7236977259749426,0.8770123751815971,1.0803214307431828,1.1978726648684437,1.2175372331491574,1.3422167679779191,1.3490508824870366,1.4571627214839697,1.4080362679448253,1.4743672218793196,1.5292435116659497,1.4690072927234075,1.4392462073584147,1.4266084951710054,1.4341593873726683,1.3852511676623958,1.3425772175860595,1.3556975792786252,1.3008789594989982,1.2327230954896673,1.088538186596014,0.9345817000050293,0.8030568805124936,0.7068301242019333,0.6289614110151047,0.49882719582913376,0.25702472993927733
11.059999999999999,0.08355594675797928,0.24352147863660678,0.3356208506113426,0.5177359875310533,0.6503459808337709,0.7260698656243382,0.8263379121113956,1.1035390422966858,1.1871260437789948,1.205596888206463,1.341646068712409,1.3528579655741562,1.3960308967696804,1.491228360553194,1.536180042355697,1.4208851760192793,1.5224377877416897,1.4560321162511425,1.4457061856870843,1.4483531698973124,1.3758868478804256,1.2462964742204914,1.2492366172391633,1.278209631243963,1.2187723309758032,1.0296466874532981,0.8850801654640351,0.7554458190976443,0.7302772380327978,0.6130866180994485,0.5193632932501462,0.30369929763044085
11.07,0.0913809615221482,0.258343301852951,0.29519377420606674,0.40381427888022153,0.5695853251680271,0.7636714630641577,0.8859342234895061,1.0516889262067433,1.1514143652430748,1.1924304189580055,1.320574001065179,1.3302242922907612,1.3800659498341832,1.4534472860766692,1.5066914960648958,1.5104118001069877,1.4925536820704841,1.4612060044014101,1.4518534105036576,1.5113801564939724,1.3735068737416947,1.2701331721553104,1.2922425322414843,1.2822545733305635,1.174285141027485,1.047183552126899,0.8634854615980796,0.8101808356932167,0.7354706716021645,0.7000617742545112,0.45494836598194693,0.2702359004319011
11.080000000000002,0.07079679199931081,0.245462615434773,0.35964656150874463,0.42903567334602666,0.5735404540747195,0.7129110467715478,0.9006516162478304,1.083598912752807,1.1578472599694118,1.1614246852823007,1.2251350546442732,1.3120003064185746,1.442898694122068,1.4684026855993983,1.4356357544953489,1.5144565860387313,1.4876658773332654,1.4179963216287572,1.457480117626313,1.4668452847330964,1.3807816277660945,1.3303383026308142,1.3094144229229476,1.2941061810047383,1.2008654636929768,1.0393955820790932,0.886907866149023,0.856192306702251,0.6760587143910749,0.5945069213933133,0.5103332459456696,0.25520647903213844
11.09,0.09660786664304905,0.2645434075492199,0.37506804942877936,0.4578478402200175,0.6428358173020192,0.7836265315550061,0.8442254626460077,1.1025444777680453,1.1645388684263258,1.1793574367329864,1.2558525575883146,1.3174962441428244,1.4410999402888294,1.458908083660069,1.4630816675166534,1.528352830963283,1.482438646624042,1.4877638121994101,1.4046884610489574,1.4467563103760963,1.422986795121655,1.3009257468224609,1.3031653471154625,1.289773315366756,1.2362399834008422,1.0704093951687204,0.8514010559401415,0.8163900785000548,0.7257294031152502,0.6645018758123851,0.4895160954397303,0.18876196150830493
11.100000000000001,0.09427687592522638,0.2172055976173159,0.3975907443398834,0.43604729121756974,0.5588246098092654,0.7085343886305123,0.8752428073536014,1.0600535677193228,1.1399712228233552,1.1721422170475306,1.2775354855382406,1.350090029418075,1.4258658453217223,1.4063278935381958,1.4580187816116852,1.4831528694202225,1.472670817801711,1.4894754296039847,1.4796405779231598,1.4329962978946023,1.3756979079140614,1.2882684764250176,1.2835882255752173,1.2760021324826452,1.2002760999322923,1.053969074519194,0.9047658851336672,0.8343979706186881,0.7867857313836277,0.6273949562281484,0.4674040408191195,0.2791869783937985
11.11,0.17307988786280157,0.3041248407965773,0.4093292275101492,0.4314324638805216,0.546873857754659,0.7299270031429165,0.841456439973051,1.0713311420463008,1.0847055339851466,1.1702209293303527,1.3058443123584724,1.3835907132744998,1.4252904379464877,1.4233368587923552,1.4618381614934493,1.5082276565729262,1.5233593354097636,1.5020197663905952,1.4050779781454041,1.4238012590929254,1.3058843696392217,1.243711716098777,1.2236827935808523,1.3287267618705882,1.2125073977639187,1.074453091268615,0.8709388603276482,0.9153114145930221,0.7968050187142544,0.6043508035523764,0.47259515222328913,0.27205587050923685
11.120000000000001,0.151495570107836,0.264705706242301,0.39847299505055667,0.4047618688882395,0.5454862182082768,0.6910979095950148,0.8849231573019394,1.067941766570857,1.1523480868569043,1.1672153031540102,1.2837976610833717,1.381303474080315,1.4577192188797974,1.437179314856082,1.5172390951943646,1.487321198052951,1.4663885869295863,1.4414341436692535,1.4441479182979402,1.4549257132281834,1.3655299394350848,1.2817550285308974,1.317023679401439,1.3301541665089063,1.2308137903824505,1.0675657766211524,0.862013089616763,0.8638601921553082,0.7319613643030964,0.6605938392883645,0.40813318053232334,0.2655190405195483
11.129999999999999,0.1674714597770629,0.29910351612249597,0.32144795304550455,0.42297951718526366,0.5218033786474302,0.6999853927262004,0.8226883385425957,1.0107423069076098,1.1492103560972409,1.1656383915661512,1.2930932181251333,1.287131859710783,1.424454877310392,1.46036034010053,1.4749411125272864,1.535585932557015,1.507886939365829,1.4677234284652803,1.3983731490392253,1.437028386250418,1.3725238846995949,1.2258872186072112,1.2137686489942183,1.2582245932328378,1.2311767420457804,1.1235273557491894,0.8637941992803155,0.8833261105759469,0.7755469886556275,0.61387868822811,0.44392034404837366,0.21669753444470322
11.14,0.1261887000749098,0.36810398302572067,0.4382693122664079,0.39018998362000634,0.584670983711089,0.7081006138890852,0.8343278118018967,1.0191970039949496,1.0943829981955007,1.213787538554263,1.3124643858047689,1.2821237250880881,1.4018404885461493,1.4067470166299196,1.4544595821728172,1.5445341245385895,1.427259395210693,1.5107536110726068,1.399358263325639,1.4056480466747439,1.3612801153385239,1.3388868992962868,1.3220010960977686,1.290206129069365,1.1807854848728752,1.0515832728581718,0.8483694701693482,0.8823214041519333,0.6828245131535297,0.6083445786722308,0.4014310017268486,0.25154688149591853
11.150000000000002,0.18221338505655643,0.36975701481253864,0.4028966129256579,0.4268258937006981,0.5757450111309285,0.6817925632953471,0.8283546295918384,1.057511838513484,1.122741220283893,1.168916333873638,1.2444235874879743,1.3371931607748344,1.4477697897073454,1.4299369379542892,1.441929410001851,1.528451240798852,1.491863550322227,1.447829054897932,1.4362569021499119,1.4673937775115757,1.4288227518727423,1.291071867899869,1.2620209202597554,1.279800836173488,1.1610138363657416,1.0385120182169572,0.8724955016826099,0.924304003403007,0.8204724920543535,0.6151328705693643,0.475298500566002,0.19503740663974445
11.16,0.16044953326250883,0.2688861727084386,0.3212927288387204,0.3463952590576329,0.556193641507757,0.7234760048032047,0.8651618811134554,1.0426354846253942,1.061421657701243,1.1740243247973907,1.298909921959548,1.3494952935371047,1.437074088138407,1.4392077436530728,1.4409247557192186,1.4938304352685752,1.4769543466174806,1.4454107683737845,1.4076683050693664,1.4170202712823279,1.3515270042218805,1.3210347805101814,1.3041528424304505,1.2671750543241547,1.1987694339887596,1.1092249154417857,0.8747544749676994,0.8689244314034461,0.6920995480993116,0.6470410179013916,0.4414028495802894,0.195694152550367
11.170000000000002,0.1828890369514077,0.2968787644403414,0.3615921434112173,0.416934426351417,0.5852560804230857,0.7437557241809231,0.779525908435726,0.977561533647893,1.177700725105936,1.2048050678517082,1.3069813803955572,1.3307230774980547,1.4355639828914672,1.489141985934036,1.4897761209994382,1.466689603978793,1.5267932556987531,1.5165499469692258,1.4769101576545252,1.477580768465955,1.3537522343502675,1.257044639670557,1.2824115948023136,1.2703432408785584,1.2446940552557713,1.1283576272752105,0.8617017188874253,0.877871797047127,0.8327875828506579,0.6881730522515136,0.4216409068680394,0.19316271178396763
11.18,0.06839315415363012,0.32630521055539236,0.3819076038732282,0.42996720612559725,0.5400086255624401,0.697749167857328,0.865062285145216,1.0231968485921328,1.0952142400358376,1.144010311716401,1.2629543106890921,1.3764208216796219,1.4278818229337873,1.424631703503768,1.4665047315930115,1.4766004476841492,1.477910481731914,1.4544552002337872,1.4559268884493541,1.4825873902899767,1.3600241856418258,1.2495017228678187,1.2023653100542537,1.2958472597786057,1.1822897661033185,1.1271146284318954,0.8219983292881701,0.9183231415698411,0.7886011298674368,0.6459048986308904,0.39905666085962965,0.16292260272609665
11.190000000000001,0.15715617850534033,0.22163599488398558,0.3551976068004576,0.3550572441777583,0.6205644399453731,0.7107958996147458,0.8392662990453139,1.038116835491295,1.0778752460532515,1.1334284988146677,1.2676880327836968,1.3395313947059038,1.4117898422171986,1.450355192833622,1.4501951726952824,1.485120239656118,1.4291921809697767,1.456253265526177,1.5064228674467042,1.4575993395075777,1.3947054482296957,1.2697930256830054,1.2424019859912452,1.3137492179632608,1.1978535398795018,1.132994647003685,0.7684626282624418,0.9279869073224586,0.8330378586555517,0.6394433782627105,0.4036450249208115,0.16310595266885003
11.2,0.08749484616641508,0.2747777796530066,0.38184299695396595,0.3764441295705984,0.5590442296258091,0.6866090924289446,0.8483368162806216,1.0648519409222672,1.1407628193680033,1.1990859135247285,1.327612601099477,1.3257935456304453,1.3819928285879601,1.4480229479593894,1.4634293225145063,1.542624015368276,1.4660270570902554,1.5029748128515426,1.5267970273015734,1.4559435764186563,1.2980130295975063,1.262475742821294,1.2387040626065158,1.2749927046757328,1.188460757032388,1.1232829887638465,0.8546693070064049,0.9459531653475295,0.8279963450264657,0.6198231484356849,0.3936963710535159,0.13085474930992638
11.21,0.13788072906841575,0.3026396099447912,0.3662794137932221,0.3973965761744517,0.549639716851046,0.700274310466002,0.8012468880225776,0.9909436788104335,1.0855861291301867,1.1905473688125698,1.3335217130124033,1.341899672742189,1.4415057185171407,1.5096845202486968,1.4406962213265992,1.516855908748019,1.4624979425334688,1.4929546106792324,1.3988332590595522,1.4096613268243539,1.3671870798596855,1.365811596481374,1.233133852769123,1.2578075491164527,1.1956263679225272,1.109259481386625,0.8024936380567729,0.9352144765735688,0.7519238990293761,0.5892599549101729,0.4055134477136682,0.15695467323907333
11.219999999999999,0.16546213506870316,0.31099208301494113,0.3965984436041636,0.4141643266670629,0.6153167003376516,0.7118783789032747,0.8230139119572764,0.9943866157025978,1.1712366244013506,1.1891739129835708,1.275647003580167,1.328058096243465,1.4040843543268575,1.4418746941265175,1.5008676842551794,1.4756535207009696,1.4635241470011602,1.4644525504124646,1.4836528462392455,1.4134795366225958,1.3707609732984989,1.2631881716213327,1.2463526853583182,1.370553837570391,1.2476008386625848,1.1806620492468258,0.8430015583536098,0.9021126662335499,0.8040406401059911,0.643211709092207,0.36730401333880813,0.13251941884902235
11.23,0.08880372477190053,0.2597567127325076,0.3220774230319391,0.4513030070233053,0.5925334421190876,0.7656073036679463,0.8228592484978745,1.0454533839858544,1.0587319827581312,1.2016718998685756,1.3021387155754396,1.3350887334657144,1.4283980333340502,1.5081550581930139,1.4715957152110597,1.5248474137095982,1.4589086054894422,1.49994838136535,1.4976701672181212,1.381587977875846,1.284304705652266,1.3338425303402761,1.2396619827864106,1.3215365492484175,1.1882335598934912,1.1313122260603339,0.794226178496289,0.8628278835810005,0.8002541896692492,0.5409583815954344,0.3749093134217534,0.12350019285243584
11.240000000000002,0.12404052021099124,0.2718327635832693,0.37616450201956314,0.3802082596950902,0.6111145611340348,0.7139567145069724,0.8569304932876719,0.9845233311760421,1.1094536471579965,1.2063751668450655,1.3180648612391672,1.3469231565932767,1.444980795649822,1.4272002790343097,1.4824447552580708,1.4518154643568415,1.4873529866365327,1.4791944312201646,1.4304295874456523,1.4283791012305376,1.314844473996183,1.3001216491483318,1.296796730819057,1.3401175364990388,1.1847111262041183,1.1572389829047807,0.7997610987690726,0.8692363756708692,0.7616131743669665,0.6036748343533334,0.38464109191686113,0.10055487717855942
11.25,0.10168081349498492,0.29179415327927355,0.36425269907985575,0.35581123225905137,0.6025629189514888,0.676741407129975,0.8570036370688467,1.0644574540866456,1.0708326712159146,1.2009456960312028,1.3299351851469177,1.3386216036728058,1.4281514822335812,1.463524631322389,1.4503153481010058,1.4813849022575516,1.4482206352726592,1.4400079877510497,1.4792391075388827,1.3883925578059872,1.334489366168205,1.243651122516212,1.2029601462405848,1.2570714818504765,1.1654893619667497,1.1172373916383638,0.7646276112361925,0.9359457344763724,0.7885427673526854,0.5689322559524738,0.4220596898606025,0.13032143275330788
11.260000000000002,0.1075186197521372,0.20544014916588096,0.34511643100928724,0.42644731688513915,0.6769597980014495,0.6861541010988674,0.8353035601307874,0.9894842464020558,1.105885296499254,1.2543373395484383,1.253516048179744,1.3547444823903647,1.4577394447561385,1.421531462494701,1.4615947068301414,1.436497494800321,1.4719190222126437,1.46458584727132,1.4766951035262446,1.440496005144275,1.3511224398414885,1.2908810037606244,1.174935000829889,1.3073165314306607,1.2127396317878474,1.1328934784440208,0.8156081189878972,0.8674437815856784,0.7987876791281078,0.5567233102451925,0.3810262141385869,0.06468727714301946
11.27,0.18977995400853792,0.28813105108867404,0.40401356006047445,0.4142526987396913,0.6259978671865315,0.7108847317506825,0.7848937191024653,0.9994581265688826,1.1337058443470127,1.1992759350757654,1.3068190261757695,1.3061035167069552,1.4047176082215693,1.4223536570230566,1.483208062127696,1.5142043464961046,1.4589082547697467,1.467129615204582,1.4873245982547985,1.4054144060697078,1.2770828430850265,1.296456887712448,1.215186595525276,1.279752540187981,1.1913938840665366,1.100393543002036,0.7430198072229998,0.8378981735702493,0.7737519108811654,0.6359570045904851,0.4649332986094834,0.1061756337398891
11.280000000000001,0.09742754771890427,0.2726487724591866,0.3412271241555585,0.44917055064391553,0.7298332943125879,0.7457175346923945,0.8127896765380208,1.000905563133195,1.100145563796953,1.2814897625900805,1.3137453648998416,1.352623866327355,1.3873733536875679,1.4401604312323617,1.408888426132285,1.4920211305170517,1.4903631550181227,1.3813736499212839,1.4841194402384164,1.4014514048555857,1.3335483736902256,1.2475985303084625,1.1538735992420643,1.278573526027062,1.189845693237109,1.0849044202417684,0.7682675592671001,0.8895509972450787,0.7661761066415905,0.5905041602444098,0.36772776864852386,0.06300859180891719
11.29,0.07212648036745148,0.295126452219012,0.43832697302011725,0.46116073399735363,0.725548692013781,0.7484833899530831,0.862046585099323,0.9877411271954868,1.0959872192243603,1.213969689091892,1.2414710951243393,1.3877739742760624,1.3724506374265921,1.4088503686935872,1.4470000929437075,1.4241736807728373,1.4499183892182723,1.4763800527714936,1.4728486728827548,1.3519523355044258,1.2959087396594422,1.2534473349329118,1.2082173703824302,1.278455614959289,1.2899958454911047,1.1175059550876976,0.7751800667475593,0.9052311399300081,0.7524522451964074,0.577903416746873,0.435530629339036,0.11182219224712482
11.3,0.13788253002291287,0.27392985282335947,0.3815624659335485,0.3945263187513515,0.7319060692073683,0.7113063172225462,0.8379935007835813,0.9376211791627016,1.0876771116284827,1.2418354425943983,1.2312649590726599,1.3235002945754815,1.403084231180955,1.452699661296628,1.4563798251380884,1.4324094832161696,1.4585975144990047,1.4727549164187164,1.4607183327170548,1.3969634970839588,1.293782987609947,1.2513008731737387,1.2222626681925883,1.3593987059105936,1.2625879071936255,1.1487033644078137,0.789659105262777,0.8815524633045223,0.8012824585671735,0.6592333245440293,0.42358478818384043,0.1256006152268126
11.309999999999999,0.06298591694159071,0.2753209425120132,0.4015140716864118,0.4748085981550645,0.6804851858106293,0.7074670444180032,0.8377109200752036,1.000567726456814,1.0903508598119567,1.227220030858892,1.2434315911476281,1.3399418045273173,1.4389298600977778,1.4964579906842703,1.4917576252470295,1.4613415130079175,1.501273698581829,1.484269048512744,1.5317810981699287,1.3735928457714253,1.3405663500005536,1.2595063102662123,1.187525872616837,1.2594378686893413,1.1663373071895602,1.1362515025469813,0.7756226797118797,0.915985134953706,0.7818728172644099,0.611213050240985,0.4019088519355154,0.10466482070149438
11.32,0.10395871527635672,0.19142583762675017,0.3935796113235014,0.40899963807896594,0.6996724935499128,0.7228102215168811,0.843493697338323,1.0754187485792994,1.1585571057669197,1.215229381744265,1.217230731358179,1.3010082786269999,1.3897303195762976,1.439762427800581,1.446761137007108,1.446971058812964,1.5135836367554152,1.479352217889487,1.478705637729367,1.3910234304369145,1.3338512989878628,1.2742150468828253,1.1928234785552938,1.2670445524977365,1.2304775964836996,1.1908866797234443,0.8701067998148188,0.8749156175116265,0.7218398403297052,0.6013150039299512,0.4420942144407059,0.08778245180888838
11.330000000000002,0.09070165485672638,0.22435092298399611,0.3622233606570604,0.4110493434449614,0.6985003080762943,0.7586437151813179,0.7830261996505585,0.9856129624364467,1.1314917241402966,1.2021665290834138,1.2419081300445802,1.324988824420221,1.4269138797489163,1.4570816321733528,1.4072292925047951,1.4966320355456122,1.4772632823512715,1.4732265417333283,1.5344899087837964,1.3577924705308773,1.3523329682921426,1.3396230921347796,1.180785453677422,1.3238694242600169,1.2639066524080047,1.113240833095882,0.8022201683805498,0.8742042887100154,0.6933229618217417,0.6754878283856682,0.4836237417169078,0.1479074756201284
11.34,0.02605304509181986,0.2006132976181259,0.3502321102743501,0.40406479548514507,0.7572920178318009,0.7884560932445617,0.880495767356457,0.96544054394605,1.091737732526836,1.2702425158919188,1.2582429024369275,1.4032740568782947,1.3563333304771934,1.416478562659959,1.478864880843531,1.485979568290388,1.4938581894494158,1.5065346957736745,1.473020816431729,1.398312156347062,1.3724187196472595,1.3386375624807054,1.2341549162053498,1.3288544185572468,1.2722579656510673,1.0937555971901909,0.7954457894253764,0.8513839093406306,0.7224232617390528,0.6565748882447715,0.4513624592333918,0.13767511618567135
11.350000000000001,0.012443808106689646,0.17458058835531143,0.390753652858934,0.43773479816291205,0.7308818640889991,0.7722273705673879,0.8462520840867843,0.992041564012352,1.1238638332315347,1.2388706533722833,1.2843663628235187,1.3824107463585693,1.3985599256468246,1.459754035122548,1.492163595472927,1.4944915866117172,1.5020186948804921,1.4857983148159235,1.5352408932015038,1.400336156172098,1.316844901602144,1.3365754105252046,1.176231505901999,1.2989927821547838,1.2451331533436159,1.1280598257351981,0.8284252599476565,0.8677704698103688,0.6983971190561339,0.6137781477160072,0.4766533552200385,0.10277019251570482
11.36,0.020369431013117736,0.18135654058868633,0.3520382241870854,0.47422316293600686,0.7621577270914721,0.7764318403147445,0.9069375377628645,0.974760827929308,1.0658852921664932,1.2349663163182054,1.2996874140411314,1.370211775848347,1.3822466181477981,1.4893162314485606,1.5450065815189513,1.525704229076573,1.531749923946946,1.4660744525650298,1.4729732175617265,1.3503923102349926,1.3240518818313673,1.2810395752630994,1.2279908870215404,1.3147155327826527,1.2243793724077077,1.0982944781686268,0.8548737538556471,0.820588210985926,0.6953900577484852,0.6428868185914481,0.41633333980984866,0.11196717815701174
11.370000000000001,0.03771558177093486,0.1885310652537812,0.3577299786480456,0.43403442398690784,0.7163418334195879,0.7441273818372636,0.8658068958087891,1.0077976483337543,1.1205820751219349,1.2689921022565689,1.2772452626957567,1.3154284757350927,1.2969559510875532,1.4274502168786498,1.5098284876303811,1.4788665900660132,1.5269922099790232,1.467764483768769,1.508767589126659,1.3839771470755138,1.401400789676387,1.3385872345959167,1.1966905670368269,1.3126495177955233,1.2047146934209032,1.088574072066124,0.8654268515689395,0.8057109114742844,0.6652300132989037,0.696538848068164,0.45651195621854024,0.14661892097843315
11.379999999999999,0.04495128605670165,0.14322678982031078,0.3616367852470427,0.4427534040847744,0.775126845862459,0.7669517950082746,0.823714952271928,1.001200997115855,1.182343881782476,1.2727474929981615,1.3166109353297353,1.3774709831450798,1.3915464339826888,1.402179161312241,1.4595601871982538,1.4722423396032587,1.504702130624674,1.4957986589982577,1.5103544135780924,1.426927439658222,1.417534877044758,1.388860093151824,1.2639925203083304,1.2440336332668551,1.1707394823633206,1.0812629491462973,0.914231286196265,0.8217279716167367,0.6431463090664157,0.5928274565707243,0.4001549423681753,0.08754570996118358
11.39,0.01531635295979089,0.160168977709658,0.3927999560005521,0.47479465397166287,0.72924686828213,0.7861886994976097,0.8887106391715935,0.9316694099210936,1.100367593197344,1.2756948908897687,1.2954130021698924,1.3882522461910787,1.4509988984601188,1.4838181729477093,1.5029910513757097,1.468612554691011,1.494998455194305,1.544618629533304,1.481261769318284,1.4585730160104802,1.3967969277524719,1.405158677436692,1.2753031125415994,1.210379128559677,1.2227045322791739,1.0208247571460325,0.8184533903881112,0.7273465767710219,0.5518173300722234,0.5651504705468121,0.41440450120190275,0.11447504798831418
11.400000000000002,-0.038089140995205474,0.1361056187681496,0.38659992267913257,0.48909521551831053,0.7709086317152886,0.7572530021516536,0.8691554685079651,0.9848285108722981,1.1141167495717885,1.2610095505309344,1.3283194252247819,1.372017937872486,1.4446538587764974,1.4521434058201454,1.4874747380164122,1.4967045885141543,1.4873706024995543,1.487508210891883,1.4446516338809012,1.3986796656361276,1.378169550029669,1.355671125521801,1.3188314770185738,1.30299072791047,1.2114287496143885,1.0639461564829678,0.8549759021097241,0.7376825535798962,0.5691748697788716,0.5604859481886209,0.38230876210150494,0.16079310425198456
11.41,0.0027592918796228213,0.11744989439982256,0.419281360769626,0.4942862986562647,0.7617158384916876,0.8026372594560816,0.8921651826614203,1.0412956586060393,1.139080869659117,1.2370534396554653,1.3276839987847422,1.3815824479209284,1.4066974188300865,1.4722601116703251,1.4820367994316754,1.4530713445596468,1.4147522053270378,1.494638031681306,1.5383829110130094,1.4433057372216722,1.442573045958374,1.356652394379209,1.3146969749022854,1.205161895756317,1.1729722040522552,1.0191119157001327,0.8875492295451837,0.759979729329816,0.5714303148849756,0.5400462259514799,0.37305742549581167,0.1308782887208527
11.420000000000002,-0.05050523818992287,0.15723003380004402,0.4848693525754014,0.5462039605845952,0.7883517513457161,0.7436232434700584,0.8953780360471127,0.986473128082415,1.1160687107970864,1.200259027482894,1.338909198294183,1.3518022746330751,1.3977150464524055,1.4322335127141923,1.4734334385754488,1.4640223403469623,1.4758043059728816,1.556357597066302,1.5600930159137731,1.454351954823272,1.4242131592172833,1.3361365063915016,1.314252133640472,1.2160569455589543,1.2117048165855382,1.0171457825736525,0.8577506213546034,0.7291955850205255,0.5632618866087682,0.4902720061239359,0.3066027890753441,0.16850842719812378
11.43,-0.08646543620478384,0.14383286268411732,0.5142091306609781,0.4439117557648127,0.7170897910152092,0.8110366819378567,0.9031397674062557,1.004008258826215,1.148830473610552,1.2532846106194608,1.3499901577441913,1.3522690021775146,1.47715996306485,1.4740798410728497,1.4739000051291928,1.5209803309047483,1.5210452202980502,1.5309285542895812,1.484991007305336,1.4231210911927081,1.4147618790947643,1.380179327345425,1.335466908288906,1.210365083403222,1.083399105865354,0.949320974773974,0.8340762085419259,0.6129421942550621,0.5459314941060988,0.55358668289568,0.2826353009250559,0.1680573221856723
11.440000000000001,-0.031064431765255363,0.09761013755272656,0.42068977480667435,0.5057406276487915,0.737241548221331,0.7873102963326232,0.9582122978139391,0.9860094978736413,1.1376226582529279,1.2757762380979214,1.3349193396896075,1.3918653362931601,1.3977318206559823,1.3851533937336544,1.482041979316881,1.4828952767514392,1.498811875203697,1.473449176382016,1.4661441021034427,1.5030019825532155,1.4100313790086028,1.3989527742891448,1.332297975962051,1.1187224034920646,1.116962263076099,0.9811225159909385,0.8830275877098075,0.6626229218469996,0.5520761321000798,0.5018970913074652,0.3666286770732697,0.17090960439104574
11.45,-0.07207007322424612,0.11754395368850731,0.47078513606167666,0.5460487032443168,0.7535587602267356,0.7790578964234566,0.9863382602327859,1.047202537719362,1.1567604537193474,1.2566616226090839,1.3180956811580564,1.418024359585067,1.4249394614008095,1.3546864440291313,1.477396142265873,1.4903204875259475,1.5227557161114076,1.5321285217475968,1.5088344094099375,1.5210496391938648,1.4495478656295222,1.4088636225036928,1.3337685859804191,1.2197725113222613,1.1413186217386728,0.9407396988582193,0.8650419579943267,0.6682080524604315,0.5367996052888784,0.45261216261456216,0.2516069949307732,0.22750723615188653
11.46,-0.038790439438315436,0.15981494184543824,0.38295598199849074,0.5378649765631379,0.7805750194879331,0.8977005059108446,0.9377206415233852,1.0164318187122319,1.1204453935056229,1.3341145022590237,1.3511631178845012,1.3829866960386925,1.3792333320682282,1.4749459810494365,1.5426946791980503,1.4696150428608352,1.5562583435088515,1.5395974519128983,1.4921742653415042,1.4694466202048693,1.3695454999519951,1.4573023916694803,1.343257125212161,1.1323312472207692,1.1271840496672476,0.8987188291907975,0.7943240210534906,0.6180610823130078,0.422962516600985,0.42953557440457235,0.28722380129523467,0.2138812654033313
11.469999999999999,-0.08150031592356673,0.14865628145368853,0.49283477351958854,0.5718966013047363,0.7738567801736881,0.7844889059429825,0.8945414086236695,1.0687616817364027,1.1283881727486338,1.206071385413399,1.3034203130490118,1.3754620075554487,1.418423944374403,1.461742263914537,1.4783582699117943,1.5009417096346285,1.4801670139558123,1.5391191883881417,1.5268948192920917,1.5221805634020957,1.356608421453002,1.4482576511820946,1.3652415269653677,1.2064125144240738,1.0166369831563844,0.9197520677552486,0.8547124158264795,0.5400495195204131,0.4451620567742826,0.41979029486018576,0.28074576878361607,0.23408477889760881
11.48,0.032627308678813804,0.14070167759023597,0.44472543158847655,0.5323076871376226,0.7068932171718736,0.8175168514217446,0.9124253532457749,1.0819067724298659,1.124130657050126,1.2064931445196516,1.3477901746210161,1.3933220282759624,1.406914161288191,1.4813730803472218,1.4587742049973778,1.508604766370394,1.496816365612182,1.536952379079518,1.4566496521324899,1.4833204834242288,1.3836466398392742,1.3791112059812656,1.3397161255036827,1.118679217651487,1.0230847034994075,0.8795317000743231,0.8646383069367918,0.6302315071497367,0.49322666252329905,0.40178849462826033,0.24152121874810345,0.24853201601047642
11.490000000000002,0.012557423929468308,0.17181047091647147,0.4797283259172009,0.5045944730344314,0.7187062577452241,0.845418220976624,0.9398722247508274,1.0164771671603563,1.1653417878377854,1.214490598627355,1.315625241147444,1.31823277904195,1.4249934569002356,1.518471677191783,1.492062574569633,1.497787635546074,1.5164282189770786,1.5324736912383747,1.5353556579304488,1.4956071177341546,1.3058900803445805,1.3835602578735737,1.3779436958377749,1.1358601363039733,1.0275376369593059,0.9518277036714325,0.7678364463115528,0.6925547787158239,0.46424294597886884,0.3226409033971247,0.20179686200779098,0.2417637881525518
11.5,0.004713038052592166,0.18684939896970146,0.5204063233490512,0.5286583210252601,0.7030453098769802,0.8323333551925767,0.912185242742801,1.062748919399551,1.169765929390237,1.2564772808319211,1.2731539175847253,1.316182562733479,1.3604344890973652,1.4137552828175826,1.4742197673148283,1.5239990715990794,1.515487741791611,1.496257834129443,1.4587373733870421,1.4879254078648685,1.386893001302873,1.4287978284598795,1.354406450599999,1.129242786001628,1.0644612012312327,0.9252990189235039,0.7275484871606195,0.6168029730698641,0.4676962016842613,0.3791179424775819,0.21552224186942792,0.2883388217197138
11.510000000000002,0.07014737037006354,0.19600346432429516,0.4924632295640687,0.5645333656811846,0.6595632916185982,0.8423997943242727,0.9597507834327287,1.0893957875469171,1.1719566191864528,1.1899049187803883,1.322158297359507,1.3937011814019458,1.4201552414459053,1.4392520807322238,1.4826718823800284,1.5413796696780506,1.5501056037821388,1.4832318706226275,1.4818365587901088,1.4928333149209905,1.3332869583974865,1.4198194938621624,1.3673194721200796,1.13331864629538,1.0060240005039707,0.8726357849578061,0.7237586661174501,0.5754679679470653,0.5003051859517131,0.4063801291211383,0.2449730466113966,0.28687562581071313
11.52,-0.025560725231255164,0.2016321312612303,0.49890045935841,0.617161547790573,0.6764047005485618,0.8793250872443529,0.9689397913891501,1.029069925465274,1.1211059135644525,1.236512192922228,1.3438730290597447,1.3340432577581853,1.3675408140447385,1.4370109007320673,1.4814213083338226,1.540853939555585,1.5369609155210189,1.5217632358341937,1.4575961986971024,1.4859348835676525,1.3578194647854718,1.4146847250428307,1.3753927935681673,1.159727901008673,0.9818980170762424,0.8562406632548898,0.7711401216812721,0.6144280028092121,0.4784125639729359,0.372491097971543,0.20016994773793764,0.30480288448756915
11.530000000000001,0.0005014281766922667,0.15686352282722898,0.5020565783007879,0.6273614457718593,0.6757060211331976,0.857036496366113,0.998746246805905,1.0631081043426083,1.1767979141317992,1.2401655082528031,1.373679673524694,1.3641759648257756,1.4273293138568113,1.4739278501629942,1.4964164162857019,1.5600718875155482,1.5582661505177202,1.5085742350266744,1.4634799042861997,1.504427431467216,1.3940097015341595,1.3634092943454015,1.3610584989944896,1.0915544906656869,1.0296649431865292,0.8764976638938452,0.7916979219363246,0.584489101846898,0.46956025791779027,0.2829648874975823,0.17412679469244266,0.29228137771142626
11.54,0.01126389023376755,0.200133104045515,0.469791498389294,0.5673053778753879,0.6225669709106687,0.8486095401324714,0.964352952945368,1.0902159562423341,1.1694749855982063,1.1696594823242228,1.2978058899197562,1.3631754615580376,1.386883608559227,1.441972576934731,1.4670640762715859,1.515181809152893,1.516026046460501,1.5593283550621841,1.4183362981594374,1.5017397358701778,1.3747666253561954,1.3490626883448564,1.3363103592220285,1.1348711219064216,0.9897426308445582,0.8142401377231574,0.7482399344773264,0.6475657122284655,0.543000300244835,0.40046795999797724,0.2291365048258946,0.3025441275695826
11.55,0.06252975012604647,0.2209038717662247,0.4859040407834347,0.6079809272436205,0.6667800639590533,0.8345102493843575,0.9669486253419068,1.1002545779362944,1.1700749127620973,1.267096229619809,1.2725743043225353,1.3490817317594932,1.3874957921357571,1.4149528485041813,1.4946046677003948,1.5733808737700028,1.4924376787035933,1.4861400407640988,1.5007049282289548,1.4957457354324386,1.384803978409785,1.412494764587925,1.3805092910177463,1.1429371237834092,0.9473886752501924,0.9356740310184262,0.7215427322847625,0.6966128299461356,0.5385979329649657,0.3677021796567342,0.24718341927481888,0.39936346553004787
11.559999999999999,0.05684574015182678,0.16772883032916452,0.4825661138111035,0.5959760920908487,0.6688089999924361,0.8737660709132283,0.9614124149139899,1.0235553185832993,1.1510998493186277,1.217077112182464,1.3103840276101106,1.3431661961553347,1.4617497061847422,1.4230436650131049,1.5398338399017768,1.5595798465434287,1.5165721911650187,1.4770866128191207,1.4637802952492087,1.4418299304059807,1.3094290073283532,1.3350011564751139,1.333390642570813,1.1227215307506562,1.0247184464389865,0.9267483036593402,0.7577842288490654,0.7288415471323055,0.5667083992803402,0.4246464109204997,0.20362573604075046,0.3372613650355453
11.57,-0.024854167111652205,0.19247363892964087,0.499590167548227,0.5459105730300396,0.6472987229154592,0.8211999256957224,0.9247316155936609,1.0625144946022165,1.0591861699286225,1.2485573603045548,1.349528479130783,1.3527194810871974,1.4748452427271845,1.4409314645486442,1.4747464892106903,1.5214295836725213,1.5215515538180784,1.5132503321747341,1.4786702409416914,1.4923216094499565,1.3488679469085925,1.3556945391508202,1.3607683605954812,1.1706861868939227,1.0926685935236808,0.9431175399976531,0.7698865038366067,0.6885702426359885,0.6074788642236655,0.4577477956309955,0.22976518834384815,0.30712999293359056
11.580000000000002,0.014794465520460728,0.1807914913676472,0.5265879357818972,0.5590474910922871,0.5673106702637642,0.8434146741176141,0.973939737695313,1.075260646581432,1.1759502833345257,1.2316665283478645,1.363610978382474,1.3074006446689759,1.3957466538875396,1.4101636793659325,1.4558884166151753,1.528657139582488,1.5450194600692317,1.555492964413754,1.4651077113870727,1.4442877637504377,1.3559034376836474,1.410621331480534,1.3197017301027265,1.1414434372769935,1.0862654188974186,0.9089684302857614,0.8110410595377119,0.6497908369211493,0.5931229069514086,0.4357695135781956,0.23446048309226775,0.32092646602721636
11.59,0.034339071810229264,0.16780826066048307,0.4555713145368463,0.5518649633914654,0.6423829052347773,0.8686631992479272,0.8788050855129604,1.0407782676506194,1.1284600429765033,1.1197609579910153,1.2712942784295458,1.3572860420225177,1.4886513659287361,1.4854742935918193,1.4343075129034661,1.4999576017962193,1.5042145964873772,1.5154924904391913,1.4712437751648073,1.4794696864677435,1.3213454201151258,1.377645630403043,1.3570818258731812,1.157950955797835,1.0812259298101223,0.9307262945222512,0.7792586168769978,0.7513170600203216,0.6842690338685307,0.38532187058304507,0.19006989913005348,0.3199141885024905
11.600000000000001,0.012758757836043529,0.21394101609837937,0.397797659822362,0.5176058446669818,0.6069998141643316,0.8133710513470014,0.9164205520536737,1.0217998264681911,1.1316445179734187,1.210730084678088,1.3007441424053399,1.398161261504785,1.4496939566127167,1.460905072101714,1.4955257418185028,1.462468874209193,1.533572188362056,1.5535211615713163,1.4465341768276545,1.5166747638559124,1.3533805359498299,1.375532333613872,1.3447928970293133,1.1677304284170318,1.1057636013226793,0.9705917089505407,0.8635726818919827,0.700725146174524,0.6175560078421475,0.37404009277231676,0.2152418753373813,0.35613927928104644
11.61,-0.009723415146903516,0.16749774887301971,0.37341899054654426,0.467872998342656,0.576863188660947,0.7877048826271683,0.8845461818178021,1.0625865011554347,1.196080048051198,1.2244816235977796,1.290183960995965,1.3241692980257183,1.4012418850236041,1.4950804454984254,1.4823440964314067,1.5338652745769514,1.4511288233298791,1.536407943145489,1.462465609560882,1.492973731693345,1.328482981965736,1.348116001329422,1.2992431106646418,1.1249956456408259,1.0427225770007453,0.9722311120766971,0.7667109702967858,0.7110760674605126,0.6178126506156418,0.4837553629154695,0.2517254833044628,0.2680131033995582
11.620000000000001,-0.05880319149155568,0.15069216555766718,0.39562822714031126,0.5413416225375184,0.6035943218561932,0.8163802078856562,0.912135621514682,1.0405498301220812,1.1416071919492328,1.1768164624518322,1.3085544000520921,1.3484484093639548,1.362197222324407,1.4026773862933952,1.4360485222298158,1.4942086336273315,1.5079232674411416,1.4570236260400673,1.4349252332620797,1.45017098370411,1.355457012259926,1.3962065346150216,1.3460966452395213,1.1631634834990763,1.0929994151804747,0.9447020238761921,0.8492700283715332,0.8153827094565811,0.6503490731607879,0.4512370621555206,0.22041634408562472,0.26870772276747823
11.629999999999999,-0.0649367924825855,0.09454723004114944,0.44698035346125564,0.5180758459042174,0.630784134297702,0.8226382054592634,0.9448513629545262,1.0853101037455684,1.141994128082191,1.1750553523203096,1.2659233804062338,1.3184579103562113,1.411359456653532,1.398273204253079,1.4517278423824858,1.490527683419861,1.4880072584306934,1.5004113028836357,1.3949693518803588,1.494069903562763,1.3106677976979375,1.372179936050362,1.4059089810897414,1.169325325515071,1.061631519406311,0.9187280847651649,0.8266963633294182,0.8332306128823161,0.6677670490472121,0.4496822861653959,0.27757493581848575,0.23419636615642145
11.64,-0.06158913195759126,0.14689051382487198,0.38205714813691816,0.5353806136224558,0.5525523502840728,0.7922963047988272,0.9414768490263046,1.0546255741540258,1.1166707968184866,1.2379450774244534,1.2720612059903826,1.3172915940861163,1.4331019505612101,1.414211687204113,1.4996505048986055,1.49998284593973,1.5094329026153321,1.4424263363924235,1.4000765146486498,1.448212181900284,1.3542252014083764,1.4133167786625183,1.3224967164557746,1.1701888750212008,1.055187614612612,0.9457511756930223,0.8457167067143819,0.825475959180487,0.6230817482239182,0.4388180316793087,0.23887121569521205,0.19202864051617227
11.650000000000002,-0.03832234376638857,0.12558968889022223,0.41078520533676155,0.5021068887490496,0.5703188723250384,0.8004596995891572,0.9072649509450681,1.0504397294959535,1.1380976328679888,1.1831894731033537,1.2913339774909414,1.369939062384298,1.4388213378194386,1.3799776236641088,1.4582290046785205,1.5432352237168674,1.5229011213672725,1.5209880929811657,1.406533439800482,1.484329928319409,1.3109911614414413,1.4320204688443918,1.3474318829363268,1.16523115017233,1.0720583085935416,0.9432052897411562,0.8908607354555286,0.7364383177152782,0.6092441281738318,0.39435384114614447,0.2731511975545114,0.17178951262018416
11.66,-0.062105087408257605,0.0663785183103344,0.39428186099705637,0.5231570151919291,0.5564055167927071,0.7990362056676124,0.9108197119300296,1.061781789677947,1.0789222729204433,1.170578019304801,1.3029514173151617,1.422076170811031,1.4158429589653494,1.4456077890278762,1.4423016164168714,1.4842386818511708,1.458846163724736,1.518562374513366,1.4827690232515818,1.5083492785389814,1.411585175687957,1.4093405953173612,1.396834720847137,1.1999024137376517,1.007872209028936,0.8866865364284265,0.8259107107189635,0.7431888629809134,0.7048016817820331,0.4162742673207603,0.25494492627971166,0.1638134423356612
11.670000000000002,-0.12509706910835172,0.07037690576692976,0.4180157848026411,0.537831573182671,0.5633277325435698,0.7923906407465546,0.9411954522912593,1.03715735934728,1.1580157177763446,1.2206216912043124,1.3154349774230236,1.320189437196222,1.3625351781244457,1.4312980177083434,1.5181330556269557,1.4832086638333646,1.4515112892070872,1.4932413766225237,1.4444397917397125,1.4609481702181075,1.4182588223428534,1.364552727149147,1.3235173435422167,1.1136610924188894,1.0706597837862621,0.9720537170217357,0.879911094644745,0.7723752968266753,0.675782518446505,0.3677729679734667,0.2377563738229584,0.10591213411394314
11.68,-0.09280519122920873,0.04587823412960289,0.39741416785550815,0.5445683714648174,0.5910406233219887,0.9137323391051891,0.9938653004286598,1.047323884719962,1.1405444210642777,1.2219685251880386,1.316859710727479,1.2931835124685547,1.421410592677379,1.439441746258832,1.45921163240474,1.5230509538794244,1.4472797398596229,1.4951475685465065,1.4618655322404788,1.4937754124614242,1.4472085355693107,1.4151687951731196,1.2961356704252496,1.1189230885431984,1.004151433864869,0.9519255503918131,0.8692929330891087,0.756668352321813,0.6689638085138131,0.4272740124836288,0.2463376710816923,0.06591954214801346
11.690000000000001,-0.14125859006427455,0.09857477719450722,0.35720173212902373,0.558476552733278,0.6239962711774631,0.8641918733149364,0.9981607237712162,1.014319817358773,1.0379996407603926,1.1354800404966463,1.2422970419324835,1.2778140010555479,1.4016502217880025,1.4153360139116746,1.4454498201747072,1.55715106144524,1.4709982834350257,1.5970172362568045,1.4818044117469056,1.42035836974193,1.3381247709623347,1.4084803236311703,1.3349854141566,1.0883926889706743,1.0110037932142282,0.9443897660768982,0.8179267682063941,0.7543059132262518,0.6473275898798889,0.4121418075544651,0.25127870962099325,0.03825870241505827
11.7,-0.17544666281238405,0.0833442874002402,0.39164151148400633,0.5714491687848974,0.606884253210474,0.8375457850452952,0.9699714741901259,1.0086718119475049,1.0912597367861396,1.2322651002153553,1.3245257281321756,1.3969005027177572,1.4501614146224773,1.4182459537384033,1.4592590124343228,1.5007084667391548,1.4553493469888366,1.5619749019742744,1.4698855124517578,1.4596193114137888,1.4298316211845687,1.458301208375213,1.3139610277603928,1.1187962321781642,0.9828005710598945,0.9048637303307302,0.8313941734983611,0.7601745453820018,0.6499980309736222,0.3484401000986367,0.19598094268768168,-0.03913048939763667
11.71,-0.14304106512356615,0.06288349528045094,0.42601800417515084,0.6011641168594005,0.6144646833954891,0.8743927858142089,0.9425545795062249,1.0515791729833914,1.1896207000052705,1.1739871489165297,1.2787133087235396,1.3264734682348436,1.4536950254157723,1.462478996252042,1.4716722467543382,1.5316527026219457,1.4924161094571817,1.53045655754749,1.3886842335998584,1.4294190046433388,1.3614623870909448,1.3970120905599828,1.3476559475554104,1.1898308772001602,0.9802315416962579,0.9577025097001408,0.9124288261934111,0.7209913925563669,0.6920066840903003,0.3427360106980872,0.21423754802674574,0.013525169005306842
11.719999999999999,-0.15324657561027552,0.03351267494741322,0.4213059971496323,0.5825016715096598,0.6759030991989707,0.8355939964632878,0.9421673186523741,1.0524769430115892,1.1166268043894918,1.2598408149527327,1.2657158997015459,1.319671267393235,1.4423243850828502,1.4237645651153432,1.492874480801146,1.460559695303131,1.4693020255890559,1.543732823830268,1.3930077305281525,1.425225323596749,1.434143598403782,1.4139128334620263,1.3236378819602654,1.125874830946229,0.9375760108109737,0.8892934932280707,0.8300878149809955,0.7481386353624759,0.6569275946951499,0.3352467383642397,0.2746698754084785,0.023168956801533944
11.73,-0.15360315519234477,0.039591675714737914,0.3731874987667345,0.6103973664147988,0.5991281301530019,0.8871615687542141,0.9069531243761109,1.0626589026394393,1.1139743084604852,1.2010960957758434,1.2967118132086155,1.3145342399322344,1.431110461612739,1.4894575648564317,1.4363691855259146,1.4628281251869997,1.5358495747026646,1.5025866582880323,1.493447209414577,1.4855811305813484,1.3814475141697047,1.4435074660101177,1.2644205467646246,1.0882634620423823,0.9346566248758946,0.9108097320237668,0.898249239805005,0.7935033172593943,0.6425611803040645,0.31092211728095404,0.25588659795883184,-0.022564887382586617
11.740000000000002,-0.1131519276425168,0.09662878620895095,0.42729642707911697,0.6114640629414477,0.6590978550999255,0.8622109565153786,0.974373602746355,1.0403983566431447,1.1272417448949763,1.1806436114436554,1.3195038352214894,1.3374033597943344,1.4175982352626475,1.4537580588792938,1.458819359082362,1.4660093263374914,1.4165857498702912,1.5213027211684484,1.4866647156890014,1.4600265341447074,1.4439998446616826,1.4042464306048776,1.2949367332631134,1.1068884528359415,0.9556448348768055,0.9459116453883919,0.891671500306046,0.7963834853020343,0.665347462726288,0.3724135427019526,0.20076397430187168,0.009175753233474544
11.75,-0.1238515602918899,0.041559461473014314,0.4012959629599247,0.633727961881338,0.607600620524741,0.8676190144978031,0.9795024506842194,0.9733929373539406,1.0719985829042888,1.2153438282877422,1.2198465378152923,1.3429941206851674,1.448095948251637,1.4748388883946242,1.5253580393524784,1.528371034651052,1.485269156352616,1.597413054921617,1.4656128542545626,1.4747196525316846,1.4474235816378416,1.3911013722276941,1.2985700931542252,1.0949364436348397,0.9733421875638555,0.9450557917182425,0.9062704188874888,0.850266215679044,0.6834374270908241,0.42490329588322473,0.21959881210703663,-0.014560105693909309
11.760000000000002,-0.13679339316747163,0.05384412495632403,0.4193234885887049,0.6835490356378471,0.6460156731285747,0.8738408897029446,0.9127029396789601,1.0015460226697515,1.0724491291664469,1.205379420015283,1.2720554754028592,1.3168483108704179,1.3798461988649195,1.4337000638414834,1.4966482967197994,1.5142926397246883,1.4819310586187244,1.5440212546554974,1.4559954210357822,1.4357337789940732,1.4152029566088167,1.4393245546077311,1.294959589863254,1.0769829121598848,0.994592062236284,0.9079201648273187,0.8979439986304674,0.8700694202495928,0.7378068822190329,0.3364239219717533,0.20396061379191646,0.03347382604383794
11.77,-0.1035398434352943,0.08675132519194419,0.430213534750667,0.6698022884134929,0.7413422400351627,0.9171263000069568,0.9276728502021435,0.9764257105635159,1.0660331913831886,1.2002426857581434,1.2217762007829018,1.324060895254847,1.3854085109861065,1.4239691030728259,1.474902743059002,1.4903612769788483,1.5189992083366932,1.573743585492024,1.473179137595705,1.4655425994726272,1.3758716806906297,1.4058725972807595,1.2633615834952587,1.11163627927943,1.0427397230092694,0.9506330114057387,0.9004436418552579,0.8291736887779914,0.7661742737363704,0.39003178658915394,0.17311543953592243,0.04740518921622912
11.780000000000001,-0.14444238107379076,0.07959313078537565,0.46413202929226416,0.6468257973945175,0.6485801540233597,0.8406207698553854,0.9514888172698281,0.9212604935059073,1.14390333305648,1.2177062888882229,1.3004004293712121,1.3672742059097682,1.4306821423171696,1.4508278632705394,1.4812683111642837,1.514506944689436,1.498695413743456,1.5375831968801716,1.421096630401194,1.4728736840306802,1.3924300744655291,1.4273425843447085,1.2597086626851797,1.0876840406472223,0.9559837882816901,0.9581909837999336,0.9261648634242254,0.8292046661900359,0.7301916550386991,0.39741266223072874,0.2417159570433244,0.0199809994422087
11.79,-0.16036056374392185,0.061995621179620326,0.45615911190085817,0.6104026370876435,0.7040159002317847,0.8764108515797908,1.0034276853351873,0.9589221830809316,1.0926813103783453,1.2477038841543937,1.2925728549428186,1.3378689911613506,1.4571682273774464,1.4504371104248124,1.4854780793247386,1.4815819257726288,1.4729691066346158,1.5427387587169508,1.4835745389506942,1.4359097033044947,1.3956949231972278,1.4183847812369639,1.351257431839448,1.1277823936262592,1.0638110637778084,0.9992053074384487,0.9256124267109546,0.944363698667462,0.7872933749319176,0.3923776192415683,0.1696593752161764,0.02142289902505481
11.8,-0.16145228673913203,0.040767265512603026,0.46430569300493896,0.5834338848017182,0.6676276093305298,0.8744126408523766,0.9529985203822711,0.9291287611602352,1.0989977953150516,1.208797422151703,1.237876122517991,1.3090810378845767,1.3729564832266146,1.4611420208610544,1.535278549991311,1.516966498169465,1.4765704325473226,1.4932385275710696,1.4612370998385822,1.4331104526226974,1.4222439920453542,1.4203484247691334,1.30539547608278,1.1632980387690184,1.0097249931649042,0.9831791602844181,0.8876360053044183,0.865029754926304,0.7762439502580967,0.40750102624381945,0.18488444378924457,0.049571978623194304
11.809999999999999,-0.12880635590093828,0.08146704132068715,0.4495379952042727,0.5875202268272772,0.6964545704301144,0.8936416717383959,0.9978659716441979,0.9325215151975546,1.0845425096523897,1.1398023559853887,1.2499255112379364,1.3445279742670386,1.3912125891651694,1.445751983543805,1.5069324148820462,1.538427783780337,1.5506551282848582,1.5167079938160748,1.50775747155603,1.4561320575505337,1.4709322838330035,1.4364998766896293,1.3067758521784087,1.1138637277703782,0.9738568529350775,0.9666169183346093,0.8595881301960635,0.8897419057132329,0.809866182561116,0.3584921333698081,0.1687086758269592,0.05973954506967419
11.82,-0.14184699675939247,0.052972485275465026,0.3902121682463206,0.6285318134298403,0.7043110168605353,0.8528157948784243,0.9534084461931308,0.938214513754664,1.123393187344037,1.2447020663154036,1.326097171616839,1.377181058863046,1.4267924459747792,1.4138698623960047,1.4378322769354854,1.4726314198747732,1.4759959399428004,1.5299418605426027,1.5164586210083248,1.4983299211564411,1.408993557736097,1.450989983157837,1.3153027147109893,1.0938305943820585,1.0030732630601835,1.115350044074859,0.9774680969005668,0.8931767157449657,0.7773679002256898,0.4036339672937115,0.17798343566988048,0.12635528996456052
11.830000000000002,-0.07568449734644911,0.11256574736519465,0.4464627540790326,0.5846034750235098,0.6920080917590364,0.8873796168740943,0.9114230821197065,1.0328725308203932,1.1717185377905917,1.237012011761802,1.2925138092011954,1.338866184870052,1.3802568151483028,1.4871948363734702,1.5671244033865286,1.5303057287572723,1.5000240720653115,1.5141028291277967,1.4796105276783234,1.46739270159552,1.4257962287130874,1.4184357574919966,1.3113999090533992,1.1134115039501011,1.0182720179212523,1.0303298038330921,0.9260484709455978,0.8950780909322361,0.7716105045089221,0.3971573919686794,0.1785798285188192,0.1153130695160035
11.84,-0.09265265100985447,0.0899585150652496,0.42078204013777404,0.6073287480111873,0.7439095162481033,0.8688789500145164,0.9355112254166318,0.971094960415338,1.1015034735976976,1.2351767360649186,1.2644255261822748,1.3450245347491454,1.4099612139617737,1.4771305410844382,1.5135876338926444,1.5145323718279204,1.5046479904003809,1.4700389245141767,1.4677978166549448,1.4846336486065816,1.4585825588298185,1.461058601757636,1.2867940502365562,1.1562741590894725,1.0179262715769892,1.007459708106589,0.8780387147808726,0.9321302658617139,0.7754229454691652,0.36899307114737845,0.23407449032307517,0.13740293185362878
11.850000000000001,-0.10634760704607435,0.07959534901995981,0.4497346520414912,0.6366523445316657,0.6989771524743984,0.8584468700595398,0.9063066990765644,0.9785839977113906,1.114788083724165,1.2128477369505868,1.3002476360576227,1.3518312279096962,1.4020521075396415,1.4271170033594058,1.4774196824012065,1.4930201456389212,1.525317896162879,1.5205896195193698,1.550117521144154,1.5102053880990955,1.3884984429338008,1.4431793621992386,1.3095353540110395,1.1158568197481546,0.9372930073962152,1.0671187584977964,0.9341466357147116,0.96681462001039,0.8167226092179755,0.3932789601343261,0.2586169673377154,0.14629563085407676
11.86,-0.13402398764409457,0.06428581735444885,0.4392032988479406,0.5334548098799305,0.6947464154688454,0.8303169347755884,0.9386865639670326,1.0188375151318907,1.1513875697185243,1.1915118588353326,1.3140849020412793,1.4123123660064958,1.4296666098161916,1.5047546004438548,1.4747639754318658,1.4973143039745092,1.5352280154173754,1.5592863684327578,1.5191032496871653,1.442576046587341,1.4402636764249273,1.4429008967557126,1.2442397461217058,1.161208411159985,1.0414690993239044,1.097365604523944,0.9863173846071334,0.978244508300471,0.759792103799621,0.3976692318641655,0.21164167104764586,0.11817262726444128
11.870000000000001,-0.07158818192820897,0.11667795636839157,0.38196523376306235,0.6059237862441016,0.7000141014204078,0.8462024268527133,0.9336638029384823,0.9951834202026556,1.0859186195482677,1.1995661593005615,1.2962939006498893,1.3622860598314004,1.4056598539894825,1.440768421915579,1.5268667374922558,1.4995153919447648,1.4844443059694954,1.5134330111452445,1.5568051376630927,1.4588432428437499,1.4676420323682358,1.4504797574052757,1.2952850031658685,1.1384421410530126,1.024865421168681,1.143028318193512,0.9156329522270298,0.9420085582445409,0.797755011393399,0.41967091547462476,0.24061615898326014,0.2320686818427081
11.879999999999999,-0.020503854898331144,0.028373148758384162,0.38058558957063504,0.5233437541597808,0.6764784646209404,0.7839414212944664,0.9117463900062447,1.0619401878881247,1.1536489033904762,1.2031121110878384,1.3070925154974442,1.3713699384211173,1.4209111831471533,1.4983161920859205,1.545555258043097,1.5140106377446383,1.4946972723403082,1.4922711351070552,1.557967481685947,1.4204684985070744,1.3974843861388404,1.413145493592925,1.2528174237411254,1.107488390486186,1.1242175904075185,1.0904445454928715,0.9079692780904056,0.981867416481207,0.796862780678655,0.3848485647688666,0.23578199102804376,0.23827891989096028
11.89,-0.1145789110412164,0.1185591453631275,0.32584234502254417,0.48349983814274544,0.6599977558098999,0.7789339191962463,0.8913064743063164,1.001959781397677,1.1136659013117973,1.232449575319469,1.324725940205685,1.4076253743867333,1.3794756282746856,1.466125531976652,1.451541995751389,1.4810282582774508,1.5132615790714814,1.4864536555513284,1.5667768334174048,1.4188331086597001,1.4466720957876125,1.3726975851903753,1.2474569233459485,1.1419884768646027,1.0093802980685525,1.1468168754965884,0.9242524099396288,0.9001298438217827,0.7661297853716277,0.444072154921981,0.26337464338220173,0.2685373529551038
11.900000000000002,-0.06074358771378456,0.06571830944120531,0.37690165586565566,0.5200921813750402,0.6851513831790954,0.7789256027857461,0.8519575348388034,1.0268466513766612,1.1700954251237226,1.222048514406136,1.3396526982086325,1.4507591169231602,1.425180815849978,1.4694034094553017,1.4755015644220044,1.4974775036196104,1.5296944020486465,1.5211104435558562,1.5884683398138595,1.425048189090798,1.4133476963418925,1.4204654441427496,1.2654052137660543,1.1832382111292736,1.0842836674400154,1.1486496800688522,0.900256003316545,0.882813345343664,0.7358003014477393,0.44261019374892563,0.23142281257464586,0.22399578173712184
11.91,-0.059301611900947945,0.08235070506932675,0.3724441190259524,0.5355965576690549,0.7102811253172028,0.862191142764275,0.8883740849649202,1.0301113503837347,1.1621786061361277,1.1886523081001115,1.3274895342596271,1.3294604358041224,1.3477427794477839,1.5085690083195973,1.4693566115478842,1.5231225930663312,1.5508363767550943,1.535038867794063,1.584689477168944,1.4618717738735885,1.3638666800185306,1.419952133957352,1.2719979128255638,1.1975170951777658,1.0868014040414513,1.1394221993490883,0.9651423975054652,0.8472810814052796,0.7537717614757028,0.47732241925944036,0.1819694473875465,0.20026154412504169
11.920000000000002,-0.06272659307172956,0.07956370651557682,0.2745499819577652,0.5006785316691065,0.6738520911595327,0.7777880973162091,0.8697204079818817,1.0216697142862543,1.1905110421297442,1.2596438100974425,1.3485775933006776,1.4094786094315381,1.4705962186818604,1.4552993044948592,1.4538653812029516,1.4999296335409824,1.5279267434936106,1.5167446953341495,1.5399126360933875,1.436396525250039,1.3676248435460587,1.4606384816478695,1.27673512829505,1.1888273066912605,1.110916192342529,1.1132596330608693,0.8882835956499266,0.8590517199059238,0.7401511579821117,0.42773830624626025,0.23155389734518877,0.25732460608023583
11.93,-0.08521407864722398,0.08384287756534468,0.3144315510038109,0.4921559360670198,0.7357548883437713,0.8232074069324818,0.9329199393393894,1.0525110191730742,1.157258850948429,1.2718626373627357,1.2687646414510758,1.3401069237896965,1.4334910886611008,1.5215882506397282,1.5072107016182492,1.4722698378506405,1.488249655997656,1.4768415048123855,1.5661119271542323,1.4494369517015213,1.4109820025844266,1.401347551810734,1.2772491509790258,1.2096566780975493,1.0857726468026465,1.1395899974615726,0.9084178648553269,0.9035070028540229,0.7045223304743528,0.4742712215648146,0.2499354353853041,0.29290970087185586
11.940000000000001,-0.014904779380220919,0.054174729517862175,0.363512811383628,0.4877073543410468,0.7466861290328135,0.7270555665718073,0.9229520564340415,1.0845422689530844,1.1775199979889093,1.218915032890438,1.3649899130163818,1.3333596064408548,1.3403649530802784,1.4331034092113553,1.4770900478561864,1.4746887518974772,1.6156623040558271,1.463115456864209,1.4784722606763927,1.375804249075326,1.437381079327573,1.4002335521702065,1.2813040638913653,1.2317024995998354,1.0901023670323717,1.1480378915447318,0.9363794832162584,0.8548563361834682,0.6595954357943367,0.39009434798448567,0.32712332541407196,0.27420343158254584
11.95,-0.01960500496017612,0.11560841778835991,0.3391866425141829,0.45679655952118275,0.6849535408460569,0.7897827754996641,0.8360965751331316,1.054292864225055,1.2456987182341597,1.2946638133704678,1.3289131975856205,1.359771805775565,1.356736650366533,1.4663173192459,1.5272532401901489,1.4716028278057982,1.5484270963652904,1.537801900773996,1.5472726665158756,1.4122445772961316,1.4366069548052514,1.4005208091642412,1.207487356096309,1.2117236334794603,1.1197344773079212,1.1316991965036038,0.9063577210363181,0.8758979922473228,0.7024047894857173,0.4756382052085034,0.3508752673726725,0.29371437394944455
11.96,-0.06477438728349955,0.10527702164167946,0.3482429136369471,0.477220000424346,0.7254800959113727,0.7452720571394331,0.8726996735503698,1.053547777308879,1.1653557068907634,1.2638975199687446,1.3366073980462423,1.3588251572024403,1.3917635905777246,1.409252591194603,1.4950121907525231,1.5101439325444166,1.5697197618643832,1.5261780658607647,1.5423964313920455,1.471586624435032,1.4595796928505536,1.4275189475559849,1.2397793159236015,1.1992387887637481,1.1251308135551013,1.186817843500789,0.9149525328707612,0.8431782475067875,0.6761870353599249,0.5544620463335175,0.27553840348400904,0.29814057335387784
11.969999999999999,-0.021488641466068586,0.08708956073343764,0.33372712367786267,0.4292488788491664,0.7248239099785891,0.7658335494659988,0.8839730242978335,1.0998378673468736,1.1743312334459408,1.2481797845139602,1.3213503544279135,1.42027103130043,1.385479491368736,1.4253184564864447,1.5023183143077097,1.4527569689644462,1.495328680105526,1.4890909464196411,1.5174173013393182,1.3743736918093346,1.415794086003102,1.3810304696616678,1.2594254234295994,1.295826371619957,1.1530343028306387,1.1597973980461593,0.9041473842372125,0.8177309316010545,0.6620572395940167,0.494215129253158,0.38408662421568396,0.31087830279755835
11.98,-0.04968330404410631,0.12695782729990412,0.3652040011274902,0.4420892624208731,0.7763098807169941,0.8251943940569587,0.8853127523684804,1.088260956308048,1.19350947082409,1.2513392840955844,1.3170280277819555,1.3556342146481566,1.4225785159731321,1.4427929293145254,1.454190330569252,1.4712683737795045,1.5369650214906545,1.461098709900771,1.5114086610891435,1.3548738178842663,1.4109533806943146,1.3885952684205152,1.2167324515994755,1.297106778328288,1.180708856240641,1.1705598984280479,0.9477885819566859,0.8200943730125141,0.6700403780818194,0.5019159611537288,0.35184405081519654,0.27511902777684094
11.990000000000002,-0.02393428296058666,0.0386209039910805,0.28397843861146077,0.44321469080171766,0.7560295399230568,0.7536459908794939,0.8863696087802007,1.0283423430304812,1.176990454905719,1.2593784427132015,1.3197183578089566,1.3685710975407102,1.398298328084122,1.4868058362369412,1.475867973495516,1.4555875359202546,1.5263497438298714,1.4876113584005506,1.511253614535994,1.4283901873043505,1.4292810666147264,1.379701473474896,1.1949042013286688,1.306642763477262,1.1894985998863559,1.1818541300496892,0.9597299621074178,0.8627488263497317,0.5506242581143733,0.56934385799017,0.335207446072574,0.32110153088839244
12.0,-0.04211926221200224,0.07179330016726199,0.28910059373210345,0.439094947442892,0.6661657551944404,0.755676538998505,0.8369259749693999,1.0761917649693753,1.1490958478688973,1.2559911892988755,1.289522698730098,1.433312741519219,1.435427112421866,1.4498182379081497,1.4827137854812673,1.4528869747151845,1.5660027186900618,1.5039125445455226,1.476424934536087,1.447952805161625,1.4190804310391403,1.3227023838045773,1.1832707959021833,1.2244526766195223,1.1847520007928762,1.1149288073414125,0.976987030833133,0.8649028085675897,0.598091119872539,0.5713677130883702,0.4048266515129358,0.2759804838208819
12.010000000000002,-0.043201360622325644,0.08024375215931784,0.3420678168965448,0.4190074509866054,0.6213914366676379,0.7575768324097784,0.8930345435200328,1.0232671389862014,1.159839311783346,1.2657432264231245,1.3276809554095166,1.4208055550639684,1.378256036169679,1.4115197144607285,1.5238587435932844,1.4984405145357853,1.489764624377857,1.4859335244031886,1.5147231486926955,1.4134879928228836,1.432286746903063,1.4156462599559194,1.1729102337205561,1.3082263359303148,1.2015327837962537,1.1722556133182245,0.9611708982305446,0.8685638030087908,0.6244806236079117,0.5962844973063549,0.4298941366985397,0.3186934074558367
12.02,-0.02857836388316778,0.052397491187428355,0.23520732736228142,0.4275664776487439,0.687009005494437,0.8142950689189581,0.8842159354096426,1.032659509296628,1.1337144734890574,1.195584125629507,1.2897838046117027,1.3642452067491229,1.340612447612187,1.374672432003246,1.490629203311403,1.5125140345994401,1.5452785886656821,1.4755007807255507,1.4607892086935939,1.3582131324266973,1.465944003712812,1.341491714106933,1.1836822170101449,1.3190169553603763,1.2823373604631634,1.1188777833819556,1.0024058391766963,0.7762644004455101,0.5992436056752964,0.6207192226185434,0.46093841334876556,0.27980756912506327
12.030000000000001,-0.11339061131541833,0.05351348946175968,0.2596511714602366,0.47479664633776614,0.6381448669630522,0.7257152551026352,0.869350850616032,1.0859965903936097,1.0732943213755257,1.2506896224250994,1.2921623073609265,1.4240849455073745,1.3667310218087874,1.421070539726177,1.4509894777628434,1.4925535496973836,1.4957986390348916,1.4815032577200071,1.4522961051594685,1.4178644634274413,1.4860489046210548,1.3473530727921221,1.1388146348470611,1.3486280218370081,1.2736194372882852,1.1710903821228373,1.0635141775397725,0.7565885617986444,0.5590331239604334,0.628956898126046,0.47458067794579223,0.2616481549881181
12.04,-0.06597332357967611,0.06054421301531055,0.27803261588158157,0.4911810170233629,0.7542508979508702,0.7498951923207263,0.8477572001810537,1.0210119341183794,1.1236302004623189,1.2662249610592915,1.3013616528626406,1.3373597327099433,1.3909662012326094,1.427850192962593,1.4383599563062768,1.4452329944503552,1.5434055000193063,1.5314492030767461,1.4694400911405807,1.342997935575321,1.4607030408083754,1.3819484232896795,1.1751884308210818,1.4108017138317999,1.2383782942494668,1.1094595519829464,1.0318177673501314,0.7932068858857928,0.6080483767171299,0.6851208147047458,0.4811942843697521,0.2500305492950043
12.05,-0.011650869142325297,0.07445167063300759,0.28872551304164223,0.46243445214353684,0.629072797395896,0.6735338868128282,0.8656805012369255,1.118159933248938,1.1179868724847126,1.2204352309099276,1.2591422281403621,1.3137787566597776,1.4249470303144012,1.3887893236806201,1.4139829859461281,1.477104058686329,1.4812212843085801,1.464701674703277,1.443747346684784,1.377050950438863,1.4731417986251722,1.4289413064091037,1.1734215991302346,1.2847055596413204,1.2110900923128083,1.122205849888854,1.0599717296351283,0.6963542516376393,0.5404716359378463,0.6674704391589592,0.40109332345316695,0.22866255021738188
12.059999999999999,-0.02092192830026276,0.05892668828339814,0.2449667853925914,0.41464441099294386,0.5668294274756654,0.6974135183150887,0.8573918474727446,1.080945045999965,1.067802876102288,1.2385500646767833,1.2996558670364204,1.3544792561198913,1.3708183035624193,1.4500675541638235,1.4632447665172206,1.4613216295000284,1.4300206279236367,1.5063359293742153,1.4587920844614775,1.452930164412413,1.393780705895637,1.44067605927696,1.20703408428779,1.3912487850799051,1.2444072646149666,1.1248455939359394,1.0634986079440847,0.7183907742809047,0.553446597976281,0.7079196655532419,0.494085494422989,0.20786855384014394
12.07,-0.08725766561883651,0.05583670449536057,0.15391868838068767,0.4209934463039786,0.5930944635492149,0.8012704639653677,0.8081472652549255,1.054266448071301,1.075013358874113,1.1497761640823403,1.2521119034121615,1.2573974513579145,1.3764090154403168,1.501942251422954,1.4664186703196753,1.4943408668475808,1.5111358970642659,1.4698733396336483,1.4402393788235588,1.391930192797314,1.4806333083394243,1.3984023898189222,1.1948341171418817,1.3368467572757952,1.2831901092213112,1.0272644250018508,1.0599833348435215,0.7342163685109464,0.5253275405088583,0.6467655252169618,0.5022114758628675,0.19942891765044166
12.080000000000002,-0.16996055586694067,-0.04321184012261745,0.20760496457766692,0.47055393855966615,0.6406553035978614,0.6915869276884339,0.8261368781314816,1.0356522259585401,1.1566809139672707,1.2247188499208403,1.3314874655864248,1.3576598556659092,1.3965513228930482,1.4316232512049756,1.4509858914197515,1.471927353276791,1.5084552330968675,1.500901286856513,1.4410462993899111,1.405921764379742,1.4795488051503336,1.4321401575112511,1.2115533340498472,1.347802352768571,1.3018510327335884,1.0755363739900263,1.037149334003421,0.7030069668195301,0.5272368382567443,0.6722999914729778,0.5213601880910725,0.12069475622985551
12.09,-0.0909365794437062,0.019962512598707245,0.2009856329611848,0.4159924224649589,0.6148317919085124,0.6600292613072085,0.8606006986250834,0.9712937016050608,1.0788577444203267,1.1640733487416715,1.2524008767055983,1.357205694566048,1.3555992009668363,1.4310787925121229,1.4550427350018424,1.446922380238787,1.459467195948836,1.4695117150996952,1.5126271633708148,1.3961894281851945,1.510922455360781,1.4328235197006671,1.224352471897927,1.3211892040573059,1.2608461340437511,1.0744882199463028,1.094166669809461,0.6739166355172682,0.5666149573469387,0.6459426725725307,0.5749906877385593,0.1997092036596383
12.100000000000001,-0.13418364972842378,-0.009875053687200569,0.19228820339823363,0.41290099241515554,0.5467752268888675,0.7281017770298917,0.8119990675405062,0.9662585432987078,1.1159852083208457,1.1527725641234823,1.3099895817402687,1.3895010697932029,1.3932547688248433,1.4235671800348828,1.4629033197185581,1.4368141108294274,1.5017562688583257,1.5273918043167227,1.439412430646714,1.3948321099966412,1.4682342656598095,1.4224264735561576,1.2579227205270613,1.333638168705946,1.1660613062234786,0.9965302186419408,1.1187333060744278,0.6561964400876457,0.5401424798259993,0.6234529119624679,0.4517943458443097,0.08949836382466428
12.11,-0.0954918624576947,0.06233828615477478,0.24241634610288312,0.41880727027664155,0.6186827423163248,0.7373439610546806,0.8804130719554034,0.941266405967715,1.079574101155071,1.158439228338288,1.338949287452432,1.343148440232955,1.3793682673000272,1.438684173205842,1.476220704156858,1.4736780467467003,1.5208676603442302,1.5245134241286424,1.4572875289979659,1.414853702538815,1.4976305656328615,1.4491056933499717,1.232108212897278,1.331981048516309,1.2362905844313883,1.029888436989156,1.0602045628537506,0.6743022401104073,0.552556360907001,0.6429738866899148,0.46779747574036484,0.07449003967089206
12.120000000000001,-0.11905530714268318,-0.04120059058111894,0.20907884723662779,0.3806333919419833,0.5963677056901021,0.6841143410422474,0.8235210433951116,1.0349015563960204,1.1197142414786596,1.2178470433816293,1.2597287160344943,1.4143449616789665,1.4068445702411867,1.49669694107155,1.4393410423284823,1.4860572770336646,1.503557728612391,1.5128281690339795,1.4054253285630653,1.4674209532725448,1.5019482919086018,1.4097707899035317,1.2133544659014905,1.2571584276142664,1.247576184946607,1.0113982020591645,1.108378675419489,0.672866220163217,0.5332522005509429,0.6251730262908919,0.4653058373575857,0.10507382677100675
12.129999999999999,-0.1228143489317234,0.06984545228519747,0.18564766016687181,0.43012550874019545,0.5562828125203405,0.7253136155329398,0.8262821082100524,0.9443833447775549,1.0960719349417483,1.2505561442625284,1.3082232370398224,1.2812247883456176,1.402843805177082,1.4105978459504642,1.4996266500574083,1.489891144350748,1.5056461109487762,1.4686259375758175,1.4454946613266149,1.454564376285932,1.5607843710273057,1.4156023161841367,1.2302000401793545,1.2940437393069022,1.2105206585493073,0.9522218333831535,1.0262998095935418,0.6190263888880274,0.49765324019424,0.6023366244140974,0.44556354706609386,0.06503654692079346
12.14,-0.11581106424351273,0.0551255033542982,0.21794105948991963,0.45287462034783427,0.5394203437834625,0.7653695587608159,0.8940194709062584,0.9832657077471592,1.0848308585594064,1.1805244593285484,1.2836044910087978,1.335655884089707,1.428891477792056,1.4455860137639804,1.4686507769419161,1.4517484527156819,1.4566406908767071,1.4763984523747942,1.4587267881193506,1.4753441463528902,1.5110230183589144,1.3923787182942151,1.1940145967441482,1.306839837416254,1.2234414450097528,0.9139462355038743,1.0625186642835343,0.6603936494400079,0.5129509016532227,0.6276472108140226,0.4984883910628626,0.029909677395711008
12.150000000000002,-0.027721399690662563,0.08279028710632012,0.25009610195008913,0.3869795104194138,0.5717111156696336,0.7416060312862632,0.9185683983250725,0.9779934009319495,1.0885682754983281,1.256017488575116,1.2986284317007366,1.3525272351020916,1.3883678393704495,1.425881434237735,1.4368356800535707,1.4829793742024346,1.48082940769549,1.5084574289426107,1.4727651746346098,1.4284870193073014,1.485460522952893,1.3468903238985053,1.2223652803415834,1.280237904585974,1.174956662149453,0.8438794659113613,1.037782430788611,0.6633519680750708,0.5866021737694805,0.6025264437313209,0.40143825944663786,0.033514446510505363
12.16,-0.04837714358167388,0.10023148746163288,0.209198233324692,0.38303576009475115,0.5407796488771681,0.7818723774068136,0.884632837492516,0.8992020350189451,1.0741942080106262,1.148301930535411,1.2698793821339867,1.3151423728436744,1.4447350777940426,1.4062606442389045,1.4437767978802074,1.5035636475596472,1.5959378705100915,1.5135907248546412,1.4103444808442276,1.3812293884559503,1.5092242484642495,1.4064794553998379,1.2413400633309477,1.2684660545080377,1.111551652177196,0.8957784941321717,0.9974001053697381,0.6697153491283594,0.508277435099119,0.569168087299041,0.4165531888378644,-0.01498727889907335
12.170000000000002,-0.027468691363481654,0.06039718638620099,0.2901945632829256,0.4500840914968348,0.6122012471973495,0.7758920226303168,0.8768158244045148,1.0169716977773724,1.0730131706876649,1.1740064588751113,1.282431167954486,1.3702986478425256,1.3937516066999627,1.3862240722704489,1.4351204045125818,1.5283271883207992,1.4735155183663868,1.4849049991704915,1.434699941555243,1.4344857780060172,1.470720489381246,1.4342628497031722,1.2791173947026464,1.2143708371191535,1.146641823400568,0.8963950170190548,0.9756513816554953,0.63241249168323,0.508586468032648,0.556028067608661,0.37405853545983503,0.050565997070195386
12.18,-0.01860274964310011,0.050929945718565475,0.28636230025582976,0.4080934492840645,0.5693700328967808,0.720969417478876,0.9278948537332334,0.959169886719921,1.041624918417062,1.12489729712095,1.308881519843553,1.3858056641529894,1.4144327594492,1.4203703254439217,1.4619744161846469,1.4749631754156813,1.4872356241462987,1.5278323388208435,1.4587868527536667,1.3791983353497452,1.461320933334961,1.4307189468783308,1.2766999352420978,1.216066041047379,1.1011216364316005,0.894625635983581,1.002208590244228,0.7599045316109923,0.6035998098718577,0.5538760960949076,0.38107792910709354,0.018096466617445312
12.190000000000001,-0.043795783961913456,0.09680763127009256,0.29775297910074594,0.4243053289109506,0.5517151662212065,0.7399527305116886,0.9475467582866864,0.9939735050342425,1.0598623214585574,1.2013474942728883,1.2457666277400208,1.4024174509648875,1.3966125704124854,1.4558963700132233,1.5141253430335686,1.426665662501187,1.471391556860114,1.4946090770531848,1.4827389298787057,1.3539077423185846,1.4282064480590952,1.3521060564544491,1.2847249233374183,1.1622161360197085,1.157203088174704,0.8818950989089387,0.9606371876285255,0.666152380521372,0.6401090190017515,0.519828839543885,0.41738717908642736,0.06423677483153481
12.2,-0.027662179360867928,0.18179561569947714,0.24822501311457457,0.4537090594994425,0.5954064430096756,0.72659064607054,0.9122755535162923,1.0362745788567551,1.1595469036011221,1.1900740415135476,1.2739062185442993,1.3358132783352243,1.400086518954744,1.4876464362713222,1.4659106566896567,1.4692584608161432,1.4593931175705723,1.4520480721871307,1.4804352613679477,1.4346225050686907,1.455444944908626,1.3874757716739863,1.272202182934877,1.2451017305707832,1.1204383671087659,0.8255333783115099,0.9640176674931257,0.694155582497681,0.657920931735877,0.515386338964628,0.360387589488104,0.034031489366945854
12.21,-0.04158621752743845,0.17087239059191686,0.3057166870081305,0.5118674515750264,0.592962646949562,0.7359078019012356,0.8957379477844057,1.011552707479159,1.114922845344565,1.1972986753622474,1.2538095973805878,1.3056501914121674,1.3842441670711025,1.434341533445902,1.4210827839469917,1.4695943965893608,1.4422681009583398,1.4931691531660811,1.4114212681906366,1.3958275158975215,1.3890581746847965,1.4053467685721042,1.2439506098482902,1.1215816860541952,1.0798161367182688,0.9147474657957126,0.9980829235739538,0.7805126066777244,0.6722672034096231,0.5809673911985676,0.389377929704702,0.03729824441051754
12.219999999999999,0.04948053337284596,0.1490133312592602,0.25569505535328513,0.4976285171073631,0.6130179935217306,0.7807477424996672,0.9220326759548686,1.016286162997869,1.1008203694605623,1.1670300438814594,1.2754620101834395,1.3165983730134765,1.449154358366136,1.447411914613708,1.4752591576326823,1.50505727654652,1.4629600075243203,1.4486407904712466,1.3974373600830976,1.4131059893991222,1.4563622242799228,1.3588744207226613,1.2205206685662742,1.1748247647052064,1.1125326458750406,0.9810746201763786,0.9859537205156577,0.7564285892507792,0.6521161203642271,0.5143175519985798,0.3969021832604953,0.05808007415633122
12.23,0.07557605306710256,0.1784295907355472,0.253732323965413,0.4490932102586231,0.6319455858994956,0.781844057568173,0.90030416595825,0.9637219253355551,1.1338212260938156,1.182377483606822,1.2307536511218218,1.2991932559725172,1.4119381617458808,1.4337759672719348,1.3732894917782594,1.4600236526155081,1.4867825943986406,1.5222295987659147,1.4278997543935517,1.4295464201300856,1.3990902907147933,1.3356170259814621,1.2179392910924418,1.2058200257831868,1.129184152972216,0.9494391606042121,1.010297967385541,0.8230717887079828,0.717574891037471,0.566148333836471,0.46821485989120937,0.11686036746677467
12.240000000000002,0.03938702111180912,0.19983641544631603,0.22556569396828552,0.460332886571671,0.6457360032244547,0.7198259937586517,0.896035373364684,0.9685356799217878,1.0548645666916425,1.1982446921993215,1.2654561579589958,1.2643051265847027,1.3663838075990395,1.4067974192361934,1.4310222392575858,1.4865517670947892,1.4937433353571772,1.430041908147135,1.474690574543671,1.413536643244755,1.4082268963389208,1.3152450201063883,1.2034112027357664,1.2054701939454002,1.1018290936491895,0.967430321682746,0.9273515803333652,0.7959812912447438,0.8064917282783655,0.5199935520747376,0.4023959273126791,0.17088984674977095
12.25,0.08040601434219181,0.24030664782804895,0.28275429486384207,0.425628096670695,0.5868493219163318,0.7251317465736504,0.8880915720867308,1.0032828943319922,1.112643651689905,1.2274454037832827,1.3004926522389215,1.3634468585610868,1.3709316617896892,1.420731135527996,1.4926735715348702,1.4779673085297251,1.4886119495950787,1.4565011124318672,1.4723121399995305,1.369952238926003,1.4342559937938983,1.2914948222656348,1.2364637406909278,1.1964042095885281,1.1664412051355735,0.9820330802787767,0.99931892539788,0.909399188724907,0.8107229024597274,0.6164274757110101,0.461582578208969,0.17371049388845888
12.260000000000002,0.12499441363767408,0.26023844729382534,0.28804875914658085,0.4399785609270662,0.6385580473381183,0.7241135575031045,0.9652131401555316,0.9773689264831852,1.102848026925949,1.2006675403343539,1.2608764039221703,1.3432316862403024,1.3728394203913583,1.4469633906832906,1.4585280420751174,1.4445144314520009,1.4119893430211876,1.4953320707022495,1.4771847940548426,1.440296099660547,1.4342181236577007,1.3044848609764221,1.239102368401565,1.1584748644837055,1.1457815418323647,0.9089492499853038,0.9380887822261276,0.8671850577697325,0.7982827367678775,0.568879911005437,0.4279073965655546,0.20783504128297708
12.27,0.059962963305937464,0.1912732169552058,0.26924455011796505,0.5006590251432796,0.6676497193828721,0.7976146978487488,0.9147294022765499,1.0127864522858614,1.1105837030958574,1.2541549307701676,1.2429697266451507,1.3485925185218066,1.3968637699832487,1.3455617749416626,1.4714250818728027,1.4981753815210281,1.5111315220055965,1.4840398345986865,1.415920646617149,1.3795329234634126,1.4314209519956536,1.302305842943663,1.1973292960495967,1.1405050708689768,1.14904308297794,1.0070880688253028,0.9928329410342832,0.9295435964909285,0.8317463645844555,0.5479683403901077,0.4442478613182693,0.25858172034097243
12.280000000000001,0.11427883368382619,0.16093272371579648,0.24017061333414577,0.5087910856018414,0.6264516732602601,0.732902921618792,0.9360436655173648,1.029309828938491,1.1761845175870769,1.1777076474262722,1.266660995615238,1.3104632715855546,1.3947904374591409,1.4512653105725772,1.499093517555753,1.4413005549438125,1.4722553743878002,1.4419748785289457,1.4419089031560197,1.30630933274439,1.480252825074561,1.3379581997090353,1.1915713677615607,1.1742210629344683,1.1080142085963596,1.01910565248996,1.0133740062629848,0.9846363613909714,0.834044509530595,0.5990239035865637,0.4607056468170998,0.21921064296140824
12.29,0.04319736277502394,0.18879998029301703,0.22006496761988983,0.484133363712783,0.6337028684465403,0.7938442949945831,0.9445225153445378,0.9996270246015253,1.0980937071643049,1.2093718072800088,1.311703073416313,1.378218191217316,1.4263141293323878,1.4129699982005663,1.4901277720972175,1.4585277308482059,1.4324669854307641,1.4481505469344178,1.4030352130845418,1.4404094924396458,1.4121074573976171,1.309678050770112,1.2416772513322607,1.1884602235681616,1.1061165173579453,1.013332215153432,1.027081994279267,1.007677896194252,0.8775174656121247,0.5857026918507743,0.48024093213598906,0.19053586897298325
12.3,0.09477606976450838,0.17908187628103087,0.24379999737794925,0.47683530408830516,0.714895234317921,0.7629945032504518,0.8895692037421362,1.028580619800908,1.168620335376826,1.1515357471145224,1.1899149871970496,1.3583226403452242,1.4018322394521872,1.4318891339866295,1.456610375177056,1.480250413810835,1.4871457663566634,1.498869733716226,1.4733119583435084,1.423610683594883,1.3971505890124107,1.3369507001929966,1.1808999679841659,1.1832265704973595,1.1017966602715294,1.0676678545611806,1.064468614963122,0.906997927146501,0.8122468386391356,0.5688979846100352,0.4933608190608536,0.27710379822691183
12.309999999999999,0.11731791843464395,0.21279564240297308,0.23018187880767332,0.5144200941379574,0.6789315054328688,0.7687370955336384,0.9070473465005662,1.0339148952667727,1.1510072470270267,1.2070963304441098,1.2859599673235684,1.3855507121291517,1.4417586178527935,1.4813318646107503,1.4688388412672555,1.4896805663460462,1.4632288860927776,1.4436679795799332,1.475646485766678,1.413654721996861,1.4867021347753107,1.3237234051323008,1.2260860891540715,1.2189682731892537,1.210692680107099,1.0338565720581379,1.0113501551216728,0.951129667231187,0.8401686124631824,0.6129355256435413,0.4590593606817003,0.28021869514684333
12.32,0.04859699523098991,0.1611783508802708,0.19237976161275208,0.4864764978174075,0.7115262903529705,0.8065501737469305,0.8899665444963085,1.0192182405240562,1.2234216930996644,1.1866330382269283,1.2290911291458952,1.3225019855017772,1.4122037886335945,1.417830365940035,1.4711658694640655,1.5012495513753097,1.5511129435407545,1.452468216459223,1.4610775499205952,1.4244862136418612,1.376918706077287,1.285574749651656,1.2759166175913481,1.177341458707216,1.1283742570142496,1.0343240323296987,1.0289143364198547,1.0478696033945376,0.807585277521283,0.4573117199919374,0.48891989728777285,0.2827867152606695
12.330000000000002,0.05131577630276794,0.15050297522565922,0.22090712757020142,0.5531897144846849,0.7173882574537513,0.7604982622638762,0.9044126401107506,1.093910278952316,1.215286476580079,1.2549323992406793,1.2823641130963805,1.4043241655594914,1.3831753966904865,1.4273772754039713,1.4635167254694803,1.4643133707786864,1.4689164864740896,1.4658308633099235,1.4520479948710039,1.3792000461396723,1.437544737522917,1.296625073790441,1.1714164950660844,1.073174228849918,1.074105370880892,1.0880011373256504,0.9792263365722839,0.9293296632068976,0.8306727337132754,0.5225914786860476,0.4844480761113147,0.2633931545393018
12.34,0.06508608642022237,0.15916790998267136,0.25028288738947435,0.49788858519955687,0.6853533607466246,0.7963405106206626,0.9042722989407262,1.0436631624987576,1.1768945655554024,1.2310494169673314,1.2875663152539967,1.295931767056442,1.388428227498667,1.4475896184388388,1.5035769250793913,1.4829966809143154,1.506845375278133,1.471327396011688,1.4455284497504646,1.4053474956614975,1.472570760409433,1.3493075270194468,1.2046919408848864,1.201218723481765,1.0938126754248156,1.0828981806521782,1.0486322900547222,0.9607515020982527,0.8065267268369907,0.5317141546506726,0.440753454925515,0.3128271048452124
12.350000000000001,0.05421977869693683,0.12160476035015268,0.17527160442952566,0.5148490475910661,0.724078346148975,0.8015801934017622,0.9005221623318611,1.049016726690383,1.128470858958338,1.2226051812492678,1.3127883712122608,1.3435175434339928,1.4197006280421112,1.4246824338891155,1.5211639173780516,1.4821523072004295,1.4580448690868428,1.3999034930966512,1.454471457897463,1.402092810363671,1.3957879366339843,1.3096232006226944,1.2348287988444735,1.2324962284322347,1.0887926951902687,1.0791583598674004,0.9935660935289913,0.9219403861469583,0.7354817105101008,0.5779884649288526,0.41036003278570576,0.28540623077050165
12.36,0.04246269785009236,0.08507390876745863,0.16506540657507382,0.5031627938866693,0.7114693395177335,0.7872991036876849,0.9628915386959382,1.1220347166921736,1.2297697731979667,1.2718692873970485,1.3400937875531538,1.3029814021843016,1.3918179689526142,1.4231002929992045,1.5285036091797002,1.5083722419620784,1.5011433385658142,1.4486472965806103,1.4616253646626634,1.3776954815013929,1.3732249642498586,1.328302088516206,1.1975056299206066,1.0971681869433287,1.0872041070624938,1.056877542069603,1.0626563960204805,0.9683945575977561,0.7529819710594797,0.48571152539282203,0.4377295970454813,0.2012552723890452
12.370000000000001,-0.019671653397092807,0.1560306566953549,0.23843488131112522,0.534514986369333,0.7328733655198386,0.7952924122880113,0.9536653427855846,1.141604556155219,1.1820200444292972,1.2661720342953833,1.3304868150375837,1.359413071195936,1.3546323016895931,1.3779763302048085,1.4703990526923671,1.4167306251913918,1.5194047395380903,1.480787675742461,1.4523809139468384,1.4411172967263277,1.4910924134079513,1.2876009801186652,1.1738880472462965,1.1235791105023858,1.083494243558438,1.0973992567696345,0.9859801337944453,0.9124161702830963,0.7480745834522342,0.4710096750088508,0.4076350150271641,0.3058344507318769
12.379999999999999,0.06168041745137272,0.13876676887176348,0.23764115473156383,0.5612191552038661,0.7480404236895214,0.7904828421585096,0.9906426699060837,1.1128956348022312,1.210797027809084,1.2683100404044445,1.3005476319366025,1.374657629428214,1.3841374233916859,1.444287147628814,1.477162972560475,1.4921903959842735,1.46804960375318,1.4660031903026356,1.5228222298858562,1.4440881827837029,1.463537975231451,1.308914417797717,1.2067490255682256,1.122241970204264,1.1095979393903332,1.1335071212375654,0.9289502901236423,0.9159861616649085,0.7184227232930548,0.46905232563987004,0.3857233835039876,0.24273281351523193
12.39,0.051713893241808195,0.17952644498371334,0.2909966009442982,0.5730008970612012,0.7763949142092956,0.8492064541366694,1.0058064927056305,1.1030529950091075,1.131716369257249,1.2314084245350354,1.274966115489856,1.3866251517846997,1.3905559497966538,1.4473563164369159,1.5240964612306995,1.4928294943348719,1.489080260657531,1.46060540675494,1.4430459919189147,1.4634608214848672,1.4122744824961864,1.3051188987969147,1.2533963133725385,1.1387287191992779,1.1009008932404383,1.0783405872690064,0.9813903970216835,0.9054769552441548,0.691483937561544,0.491012346310576,0.3112422122517618,0.24892845881709752
12.400000000000002,-0.03270358373188276,0.1478415785119484,0.31905732083544336,0.5847818311315511,0.7895593243487962,0.902402531539454,0.9778510971678112,1.0678028397224424,1.1732979965554575,1.2426217574107508,1.2719997169681374,1.4018642187142465,1.4296562426363126,1.4644836315826821,1.4788110619049317,1.4855530482262147,1.5306615504378933,1.5099804850857605,1.514885016228987,1.424191205473762,1.4620216358013618,1.2639388595349488,1.243275341964235,1.1368360178105859,1.0577864184524413,1.0734783403569241,1.0117788891720023,0.849767727253336,0.6403115166785708,0.4026229295052124,0.3480841488048179,0.18261650125684498
12.41,0.04646287336933022,0.14230927562694975,0.23338549581866555,0.5763606166629427,0.7804359012806594,0.872747473599836,1.0131242846281259,1.1470441457799585,1.2139456528185817,1.2895109181203026,1.2848901010485676,1.3965200329326282,1.4346735366999093,1.4487843402843976,1.5304709890573234,1.483590232304164,1.4606531937596308,1.4682789717590343,1.4713043396465162,1.41629456607628,1.4086404526899412,1.3061286812562067,1.1920941754342707,1.171430104951841,0.9892639078786304,1.1387799445215523,0.9506524219608125,0.7879544739951145,0.6214721389330089,0.4468491095620931,0.3533308270465192,0.24507441370650201
12.420000000000002,-0.0222426436134027,0.15192999114188996,0.26537476392140114,0.6782456713758778,0.7701916850787041,0.8578566701228565,0.9820552672218801,1.141240843686043,1.1795712116803272,1.2336803839234844,1.274658228573055,1.3808013781705855,1.4068805496442838,1.424248306086087,1.5276572930494803,1.457877134331285,1.4787630227260904,1.4647444670788206,1.515264416032334,1.3682108051857094,1.4630181919511775,1.3093184241357774,1.2525549470986148,1.0883995532438833,0.9862773817993563,1.109165238214123,1.0225904987173073,0.7903340796703877,0.5883354088025287,0.3606557415244853,0.3321978178801402,0.2215017587465491
12.43,0.01808494375295265,0.15965714806784118,0.34809943187916514,0.6322927994547738,0.7075780541827905,0.8383393479685917,0.9948357877612611,1.128139840495943,1.1619781398930804,1.247496854171436,1.2455092898361175,1.3279572534938031,1.4692935637369178,1.5014375826335808,1.5121500636021934,1.4638237271983205,1.4799280838990772,1.4434471647712535,1.443276865887194,1.4274042480933273,1.4164295554102153,1.2937795773546972,1.225416536966252,1.097051830267505,1.0297146781689241,1.130096219773217,0.926400541247783,0.824220502146945,0.5429408443619368,0.4202648341119565,0.32995558941538405,0.23211573338465175
12.440000000000001,0.04355647637864238,0.17671690147378868,0.3281215769763433,0.6320363531511802,0.7390871892787312,0.9227846734883912,1.0018939628622434,1.074026553074323,1.1484139826162467,1.2870787615432326,1.325147368957775,1.3924049086277122,1.3845989738566498,1.4803401217317613,1.4857720887738233,1.489837092201167,1.484564194558166,1.4123658689528633,1.4783574830530009,1.429012172389757,1.4549984925388009,1.3440922821428227,1.2257265934142996,1.1802586877312087,1.032491181516757,1.0778922233849377,0.9679413089843515,0.7388882213262593,0.5619988105459358,0.3758697600279139,0.2595508112311709,0.19758050788227363
12.45,0.05029656606024462,0.20352123726638688,0.33340759436721445,0.6024076350580927,0.6815642788058484,0.836296440347775,0.9667786288628981,1.1149521930689699,1.1643050001738333,1.177324529461402,1.2562526612762117,1.3721478901510935,1.4165035138195419,1.5134415099805416,1.4617100048266434,1.5081294789515813,1.551219270860573,1.4558856486451615,1.4984846679179076,1.4686607217863077,1.3547857034569077,1.330536096954721,1.2530892436657024,1.139467484250783,1.0238136802703781,1.097179949773108,0.9118599976679396,0.7392097189411772,0.48529479509830664,0.3222103982038238,0.2744896552024507,0.24625555691509582
12.46,0.12405351463668801,0.22293706728912122,0.2964439226895656,0.6383360035627205,0.6836406179256931,0.8900810681893327,0.9936815229512868,1.0984250095484431,1.171054284996114,1.223236785194038,1.3062161176192728,1.376228818747841,1.3986440647467666,1.472322537853984,1.5105804597917807,1.5240297719608409,1.4695575616704273,1.409742224343622,1.4226276171554044,1.4436359662270224,1.3586424833317765,1.3572296627063583,1.2402925533278804,1.1691252307014384,1.0557458098429604,1.1091349571359987,0.886874531038917,0.663412615269776,0.4793177411184913,0.35894345649451237,0.2715960585660127,0.2363901131702016
12.469999999999999,0.07688319898869984,0.19392934640737722,0.3194803518855705,0.6536532813400376,0.6903539837833734,0.8305973372814565,0.992082633010597,1.0297577635149375,1.1777470396098997,1.1974621165690924,1.291758129786076,1.3644507311957625,1.429661809334334,1.4576658942484317,1.4986762456560747,1.4885390666981244,1.5005947629257015,1.5221812157802972,1.4384179330522755,1.376868864447997,1.4434588354302529,1.3247643991742037,1.3053851490005581,1.1188330111312896,0.9623057365511075,1.121268532267298,1.0037392261578864,0.6472863206666545,0.5048420374227808,0.3508731766794635,0.21897172646338112,0.19642187300233616
12.48,0.06612347728191355,0.16879497735145851,0.41148042542982644,0.6864828252100005,0.6389724074355934,0.9068080639502238,1.0120307812422786,1.0967369527328128,1.0900809400858056,1.2426368115958055,1.3255654613138814,1.366591756456695,1.4233666600752104,1.455473581828489,1.4568222012068215,1.437859141052259,1.4801462441560829,1.4818568947868727,1.5050000200186155,1.4984109481410184,1.4526512850646964,1.3443871576559783,1.3050418042588958,1.1826748632994024,1.0275994725650073,1.0740572922267166,0.9407895721682464,0.6590398330566457,0.5028504961131243,0.35726306200066493,0.20895064971856475,0.2627526861003549
12.490000000000002,0.11667084446924114,0.18326263430502673,0.3922707094617565,0.6521428531196741,0.6828151605845572,0.9213543298426634,0.9453870028834418,1.0195716764122245,1.1249512206445613,1.225145944059733,1.2512124609231077,1.3386210891963222,1.4359717649713826,1.4266905180536202,1.4543410162575172,1.508383477899921,1.5330025986033207,1.4993290937592805,1.5562540704670822,1.4845455880563314,1.3820769408120055,1.3954431482663647,1.2811387018250244,1.1662049168427377,0.986623149455748,1.0856451035841321,0.9374698601703604,0.6277197106183411,0.4532106032719066,0.3374690268786117,0.20020070854460548,0.20728297718313907
12.5,0.07399596819147844,0.23370072917961146,0.4022531748275707,0.6697426966825074,0.6058241041819251,0.8579136803023371,0.9853698407399509,1.0482601352471916,1.1077884550230823,1.1855057573438919,1.3385752006569815,1.388920612914982,1.4279373886589433,1.4414735965424956,1.4859731052443887,1.5354018577621742,1.4699998725739998,1.4937049790962507,1.5034451193396505,1.4715129761584456,1.3897833868204514,1.2892096473450299,1.2875846340167572,1.1969698135856182,1.111174801864841,1.0595899755558187,0.8165275682772744,0.6595726553546027,0.4637828392817681,0.38786461587659204,0.18114225964905642,0.17944606602826074
12.510000000000002,0.15591544828384185,0.28531511084551175,0.49472273049697274,0.6132325301643042,0.6154975102169209,0.8976559151470258,0.9182059152945801,1.0494993400295458,1.1164709275663092,1.2360978095384467,1.2853789485886504,1.3671807585066136,1.4396694049909982,1.4852618735573928,1.4679685177865356,1.4915261156183255,1.5123900529423775,1.4300514440230054,1.4352737544186538,1.3798969651638342,1.4147566338384778,1.289619486126068,1.2304068281623535,1.1584891718076107,1.0546399877849923,1.0666814979524182,0.9147371680040808,0.6650867288220266,0.513252853118514,0.4102380870357345,0.26236779270618993,0.2114706956726186
12.52,0.07543103068716055,0.2520051656618793,0.3587402204764366,0.5837275929625398,0.5596846133330633,0.8691353746245425,0.922491068617218,0.981879598117792,1.1036972269587502,1.1508969280852341,1.2379555869697938,1.3607327665934772,1.432150589091503,1.43183089531722,1.4521854531564689,1.5200890288336826,1.5414279097679322,1.4806729036039183,1.528827973532456,1.465699085993355,1.4154052313521224,1.3264189515424558,1.2998339953621423,1.2003281825289336,1.076156963279527,1.084605628148299,0.956533649467151,0.6484502309487289,0.4818205569443431,0.4055587801248975,0.23624007657728285,0.08928815627260056
12.530000000000001,0.09787852835917728,0.28704125296260213,0.46615736247873746,0.5692380180112642,0.5706046668933132,0.8596432956550539,0.9706521199981155,1.0074095441714634,1.0243286933869062,1.1891364453178332,1.201629887841052,1.338991178608078,1.419838084308677,1.5111944797079455,1.4758295881795938,1.4953288237316302,1.465614303349576,1.4184884910357292,1.4650332027185957,1.4537373434837373,1.3859788638239878,1.2747515050537774,1.3011153297879412,1.2360009600597763,1.0395300025809548,1.0616327378565136,0.905514157126173,0.6183226965586129,0.4605411090848297,0.35680954101465795,0.19419370074991862,0.12158076427909917
12.54,0.08686865427070511,0.24478140467339946,0.46020984872619264,0.605668071193052,0.49982284214149464,0.8430529418697222,1.0018058037415642,0.9706427564432436,1.053714395479606,1.1660069449125565,1.268335715511875,1.341495523727077,1.3926298815883515,1.3698228137498794,1.4125678985714734,1.5932862618460126,1.5316886218370813,1.4775200177110202,1.5430028760867731,1.4313651083391437,1.3512760221226188,1.3378033427546692,1.3227725961516463,1.2959259541104633,1.0875127370512911,1.0186303689394762,0.876828493266507,0.678970071870633,0.5245998198410844,0.4151458182748829,0.22429883767440448,0.1789406232982461
12.55,0.1508839686406607,0.33828624924671075,0.48110009062301506,0.5661488229108189,0.4921966463751815,0.8607900253074197,0.8539664108048425,0.9775234434989805,1.0535077961733719,1.13355377476954,1.2550794151660976,1.3820219900698179,1.4128933160762425,1.4334415122545854,1.4888280817097825,1.52391741846077,1.5800101741427248,1.5147538796716533,1.5622507487498198,1.5025831718878815,1.4109035460517012,1.2991297332035427,1.2932766713220636,1.2191293287778453,1.1242819889350981,1.0138135751117434,0.8530305982313162,0.6450921618339978,0.5057600914714766,0.4319984290609217,0.1997199910897866,0.08192449929506362
12.559999999999999,0.14830453350956083,0.25614430947392947,0.39159768476341916,0.5627617236437706,0.5895197709749296,0.8518132511943967,0.8891709172648857,0.9255754969045049,1.022943523081875,1.205259916978426,1.27527015495693,1.3285758595657184,1.42428513190476,1.4322318468001014,1.3987698770112162,1.4731347697319521,1.5051648005881253,1.5278936049134777,1.5117420096420457,1.4565833158863943,1.33213232111068,1.3579068910787973,1.339786557364699,1.268541932685034,1.060787664194691,0.9913346463358176,0.8354473369322709,0.6900264243891747,0.5489805402668426,0.4027067659352337,0.21055301564439557,0.11585591267282708
12.57,0.11003027538151605,0.2632284249648574,0.4608294491864699,0.5466502551463304,0.5360628607568445,0.7865028085709465,0.8761082125140542,0.985733263054088,1.0488817359566525,1.1349751266563928,1.3273854655006487,1.4094490116344847,1.4156897343510049,1.4287406020181237,1.4570773679820823,1.5221266258616344,1.551208536083335,1.4957159238778361,1.527945487860727,1.4830108145700347,1.3472535382063386,1.2647297195574976,1.3172852637246095,1.351697270404113,1.1072340683806834,0.9954039836855394,0.8263043733240941,0.625510690395932,0.6241310758259316,0.4984799445026686,0.22145059472260478,0.09824894983737771
12.580000000000002,0.20181086122696842,0.32032731223823885,0.4215838552266838,0.5274006291483568,0.4896432007713254,0.8082186859004503,0.862302400492742,0.9956452509287126,1.1139313991788329,1.1498069287351418,1.2939278904254106,1.3624617919338107,1.4743024297621083,1.4140097765476147,1.4456088442995616,1.5724934925662393,1.5317374610449335,1.5277434270412296,1.5055410417651203,1.4652240360362316,1.3793283972637909,1.3016643215306878,1.3683506261443683,1.223381500737998,1.1264414883683511,0.9641240226171471,0.8085923618311163,0.7040195757266254,0.5774001404848994,0.4198008701536711,0.20101670481151318,0.0804532657376027
12.59,0.1302666904050306,0.3199379204070748,0.40241649869542007,0.4578087622068105,0.5246331091833728,0.8089318280065436,0.8879844130965479,0.9473412180821082,1.0768959313881166,1.1866083235527536,1.2933777261314197,1.37157836624242,1.394486812341081,1.4691183270962545,1.4835624227379438,1.5476949095638475,1.5674521106073847,1.4879330189007993,1.5394238874914288,1.538872403537349,1.371309928413877,1.2700845360109319,1.3003141809045198,1.2828652904172912,1.15349309508106,1.0083037999559898,0.8289019826624927,0.6628102031902937,0.6165240713606075,0.4714199953699199,0.1602310741679024,0.02575762040017736
12.600000000000001,0.1620522680797813,0.32869617801551654,0.44208880393337674,0.46322069460280496,0.5367726238168175,0.7804983875268855,0.8495031954682978,0.9795183444905124,1.039778100468616,1.142785132088019,1.3185489690031813,1.3741509011605832,1.4292303120582113,1.472944037295386,1.4693536037699029,1.4870619106116412,1.5509459081078514,1.4893778832978286,1.5357056569766732,1.4869513257174494,1.3325597217797243,1.3293411150689103,1.3716187116335674,1.2942456467189283,1.1434231627477272,0.9132875968815766,0.7707776504809251,0.6378458771950114,0.5930067683880472,0.41491824121736304,0.21289306844615058,0.040420832529406994
12.61,0.17211221195137605,0.34628451878337513,0.5272314051541414,0.5360058272711218,0.5476495906023678,0.8147229803214862,0.8224857838157397,1.0350856722096922,1.065089242717759,1.133090294708983,1.3191324506204491,1.39965485284985,1.4675069443477418,1.431752568523725,1.5192382509539644,1.5276263965171204,1.5192480245306352,1.4392604940285878,1.5337741548067154,1.5463698193669517,1.3499313022165862,1.2455179581671256,1.2959485369946562,1.2677323305067614,1.1381776735023603,0.9087231629043454,0.7601283111781991,0.6688040945893251,0.6114142363468205,0.5065670634370406,0.23869911703497804,0.09221574007331804
12.620000000000001,0.15288763251314463,0.21679874270501354,0.40802972771446155,0.5452886856111965,0.5873373812252555,0.8008936532819206,0.8183173848162022,1.001990924331703,1.1186586558965343,1.186456953365392,1.2996171091275561,1.38429651439368,1.3917126952626087,1.4296625527299478,1.473966561322502,1.5526107795125186,1.5378291545234637,1.5040673756157839,1.5546337472393774,1.5033206893545203,1.342334270331775,1.2865846979234303,1.2915924274074493,1.2625356128299632,1.1326948929949578,0.929205028659153,0.7301732723031888,0.68390563595097,0.6780075485144678,0.496769494701678,0.22657594397179726,0.08050417651079085
12.629999999999999,0.17157050596716542,0.3592631984226455,0.4655839883160932,0.46235253404654186,0.5655129519970871,0.7245438366864048,0.7850387647270466,1.0050201157660141,1.0782676197050456,1.1847998541692093,1.28882363499999,1.3585703530963185,1.396124518965767,1.4708428105889502,1.5038112471073526,1.4881619489219708,1.5052177285386859,1.4689951856659742,1.5159950946317777,1.447975880203357,1.327258180401403,1.2292647572908502,1.3065454693422887,1.2778487186934913,1.1866320549717677,0.9668289938530921,0.7650300819460073,0.7472473811955498,0.6332012045590707,0.5559390654032239,0.24330199337846412,0.08630640361642586
12.64,0.17518886719063367,0.26602026239445364,0.4840925107478828,0.4087051221265353,0.6601706782430099,0.7901649944236379,0.8245654087846264,0.9870372796389731,1.1193973535977437,1.1888671342359343,1.3746997252584374,1.4388230566778102,1.4919111251998198,1.47794140112738,1.464917061307504,1.5192391943585888,1.5334286101116725,1.4591947238748744,1.516971755636109,1.3519111175316556,1.304598133483912,1.255274998515874,1.3024087409450633,1.3398872955052004,1.2111035527247123,0.9661025506137085,0.7663374087343935,0.7347802223621217,0.7416404259771308,0.584906748612179,0.20905889353585247,0.03488961256689667
12.650000000000002,0.12080584143059503,0.3038697964760216,0.46804432560701836,0.40512580889026945,0.6102715787828643,0.6985348336930859,0.8575324937216854,1.0185675219200925,1.0887789733679774,1.1851522370908558,1.3040356368162083,1.3783708171806013,1.4356242392484475,1.455836422764969,1.4781825399728847,1.5629352989547127,1.5175762371507604,1.456509435977744,1.5043621577694637,1.4202547713711868,1.2504600701940964,1.2308703334733766,1.3283258491102863,1.2827862125905405,1.1946747640156434,0.8946441418413904,0.742325992464254,0.8227684198109144,0.7351208382084908,0.6329211714750725,0.3065673925455998,0.12329389221503546
12.66,0.14169137397187523,0.2990447450364619,0.419240005283744,0.4232400498489937,0.6622769327541989,0.7641064617101797,0.8219024855355972,0.9540893984214388,1.1520819160825166,1.251363516466813,1.3432318311380704,1.3786134192180675,1.4023818638399144,1.422323492985547,1.4710917242957595,1.5419189078964397,1.5091004900238936,1.4136291709881295,1.4632912053821228,1.5086457087822742,1.321191871068424,1.2837913267657297,1.2999815230505924,1.3540622938696312,1.2263463221706923,0.9523326617167074,0.7173160239672578,0.7968302058133606,0.7258286678085768,0.564965275363882,0.2885113247887112,0.05886657675681513
12.670000000000002,0.11207887926230992,0.3142476559171279,0.46881330947627153,0.43778586614017195,0.6244065055792543,0.7105738050699432,0.8561883226339512,0.9515683947111926,1.0861721203577421,1.2361042639384157,1.329923204925748,1.332412771385133,1.3841881841719061,1.4233147512460051,1.466515097095381,1.509675033260805,1.4616090978001555,1.4464449274955697,1.5655169416685837,1.455294859290543,1.3293127940019909,1.2631584392166353,1.2577106499914963,1.287724074474019,1.1537921421142816,0.8936182676188276,0.7498583427004031,0.8041663665521207,0.7542643190080691,0.6604071273492486,0.32458699344343445,0.0443968751926049
12.68,0.1856955284621539,0.2867110262632571,0.39216411997830164,0.4387408451578441,0.6282106798341764,0.7030059940594302,0.795963862218145,1.0013592477042101,1.1453280239732513,1.183185004835531,1.307234662697094,1.3938182711379228,1.4494937004298687,1.478259159308052,1.464430927798894,1.5431085937313616,1.5243550651145301,1.4482241877204118,1.5028767715817755,1.459866489813995,1.3517560174150571,1.2946946018822196,1.3177108461910645,1.2833116234681627,1.2672878675063433,0.9112035558650519,0.7549086760449814,0.8585850080418466,0.7300883359109328,0.6104060774831228,0.3119781043874735,0.1563507758271928
12.690000000000001,0.1823410026244345,0.30597176950431443,0.43546386056729386,0.43214140292258857,0.6763235586237729,0.6977699060600724,0.7954989977113167,1.0042768595803027,1.1238585442941318,1.260073543896194,1.3401731477538033,1.3759002942620269,1.4411143684973868,1.463017241932345,1.4935920965889025,1.502349826043884,1.481451238274938,1.5052013003866915,1.5361580579403755,1.4386966365532605,1.312434244361933,1.2470110297002914,1.2786450132483171,1.315318981957419,1.27342086060058,0.9387959127141403,0.7628790985604577,0.8797297795046125,0.8306702908815218,0.6159870417100473,0.3389263973757355,0.17548366356485934
12.7,0.11926318937362028,0.2874580875304698,0.42690825623974027,0.39066471845970535,0.6643296282778813,0.6958499986691672,0.9031994063619184,1.0200340754762587,1.0943071851494415,1.1843869071775115,1.267533077723538,1.3682104002248834,1.4446271529430472,1.441469201452076,1.4606099978499192,1.5281679315185899,1.5333608675449637,1.474555324050285,1.5041261403472255,1.4724850189487613,1.3579018490307935,1.2871457394057464,1.3538854538616876,1.330483392597057,1.2892173186519396,0.9584780219841296,0.8250114976977233,0.8783457128786389,0.8176450761406631,0.7148221319316954,0.4571686602674526,0.11790743644938655
12.71,0.1419359002348204,0.2921432131562815,0.4509559617182193,0.4691987184335111,0.7094930289717176,0.6965137699284356,0.86779754789872,0.960404322339566,1.1430860095074795,1.2457192830449664,1.3612460186492177,1.3736249367714783,1.4448938768712734,1.4426907538113978,1.4565926832700966,1.5092162671497735,1.5346584910075318,1.4600391492188374,1.4808812758681764,1.3974121470254859,1.382476390694117,1.219359638418011,1.2560183804024914,1.3096611269805127,1.2588601599639682,0.9717497428443587,0.7698721905790167,0.876395772252782,0.7532946063000215,0.734329439530121,0.4195618923676812,0.22753113487790505
12.719999999999999,0.14454837418760924,0.2756007033910649,0.426321597957917,0.44432814683657484,0.6748359124140817,0.7615780208991662,0.9341289898856009,1.0144484362788768,1.1110246822107528,1.3015351788873148,1.2764092975142327,1.3658147296913665,1.4224818750367743,1.501883959029449,1.4410726877609046,1.499549754123933,1.5001394384338957,1.472408311510521,1.5121847751564237,1.4315818348173348,1.2917790625835928,1.2331998846408836,1.3749636535016216,1.3076377556811407,1.2234490841152812,0.9688892280334587,0.7973392382055463,0.8991188003523408,0.8811742909738346,0.7734708046755074,0.48113308051383735,0.18891641466510736
12.73,0.13047197202845118,0.29679969148631574,0.37693034962758176,0.4167774957558019,0.7029734987769325,0.7168502688041096,0.8814544425087278,1.0448074009310502,1.135048526532101,1.2560769383639334,1.3033878608022846,1.3543132202172472,1.432335468855035,1.5359745457291363,1.4996494739206412,1.5683333657403762,1.5355655599788935,1.4876582014188289,1.471988831894576,1.4142337329261712,1.2941100911735957,1.2855911111656861,1.305851867603832,1.246347962571498,1.3171781403718494,0.9566427853791069,0.775957355007936,0.926919877638228,0.8969120239320212,0.7584078059689133,0.45079980104459794,0.1889007687465121
12.740000000000002,0.14469859512301397,0.31417944916482565,0.41372190272291093,0.4535139143703861,0.7095273512392638,0.7376495968698251,0.9038880603879279,0.9771832101520048,1.1279907103318965,1.298224347191388,1.322910563554246,1.3302965285437147,1.4000106954328995,1.4301111753807692,1.493490994217982,1.502306743146635,1.4680707361985792,1.4169204239064273,1.4570060041276474,1.4502494258380967,1.345438288663897,1.2711305652164104,1.2903964392758926,1.268385030474189,1.2853431775238735,0.960063039129079,0.7921136196416713,0.9198852501526582,0.8420850181995005,0.7670280738343322,0.4936653149014177,0.26381672349325463
12.75,0.13722794868725258,0.2263119593393629,0.3493765445239837,0.4375488489783682,0.7408651519911188,0.7621741282952552,0.9011320624146641,1.0852117118261244,1.1366824075795587,1.2220144210508421,1.2699757775459133,1.3194254085474109,1.4031423549310547,1.4915255169246546,1.5155801479851376,1.512506486502618,1.4613263069308846,1.4746448031291914,1.4393196252664557,1.4077346742666572,1.3503174077414293,1.2648143377414518,1.3198676135933773,1.2729641656849997,1.2604099201864412,1.0368471645094663,0.8393770606298785,0.9493874234036174,0.78240716268412,0.6897031669024172,0.5298549694085026,0.22486590256900588
12.760000000000002,0.11349520339613609,0.3019141451392306,0.3737064853080939,0.4437565697345698,0.7557311106862354,0.7426364028594723,0.8933842810544346,0.9937135159399539,1.1302885417095938,1.2976437917836268,1.2905608038360141,1.379942390968124,1.4011436223805152,1.408461854255572,1.5059457005507138,1.4985468385218235,1.4960454920596646,1.4935542948647338,1.4816858184723993,1.4570494270646923,1.3122015788445904,1.2751411099420054,1.305726803125332,1.2154266838303953,1.238379916846553,1.0497463556596813,0.8374271737471559,0.9201915487930058,0.7452623475737671,0.7500259700051871,0.5218705399752298,0.2212743193324281
12.77,0.08170475479717812,0.2057269917036158,0.31891853196299597,0.470949970037996,0.7305055631672684,0.7503721127374882,0.8800864916896467,1.033865520199973,1.1546199106865755,1.2420830802762115,1.3113778262894948,1.3446672963303892,1.3969735420960299,1.4668570544488395,1.518215788760787,1.51235906182743,1.538013214799974,1.445392575651796,1.4642517106871817,1.4719194787081378,1.3564927082890708,1.3360115460649593,1.3585096060307378,1.2349170954095274,1.1944923493475053,1.0629974467158732,0.8995042555043594,0.8555443070988202,0.7265804009493232,0.6674886567823467,0.527082179722359,0.24101394148996258
12.780000000000001,0.1380123013542499,0.22277921710074342,0.33941413413860483,0.4424826917084888,0.7541390669213123,0.7916132137056536,0.9539562579152352,1.0378515248461169,1.1346009582179335,1.1812466024971209,1.2494920844236694,1.3176096377506823,1.3940958576178846,1.4020350321060102,1.4922776121542203,1.4702462853670022,1.4917203298566573,1.5308835404521615,1.4397176757018944,1.5019971507919,1.38641512514741,1.3194853652218383,1.3119256450349954,1.2251830937766324,1.226022819946794,1.0741576911397261,0.8690742912493323,0.9721955568336671,0.7445560417508511,0.6448234954359996,0.5330167296834011,0.31770546459585375
12.79,0.06261837043615373,0.2769283010890359,0.40631281108787043,0.5160131099359314,0.7113867218069567,0.7734505728963623,1.0000968803802963,1.075157838417117,1.1663672006144299,1.2516915372045097,1.2919490074575402,1.324122077512785,1.403829303048556,1.4657968648137571,1.5314071423474633,1.4712656336665502,1.5197818289375904,1.5241121204676082,1.499062638164036,1.4798464239298463,1.358798164401008,1.2770487898883789,1.3656378124384105,1.2124153060115366,1.2887476882906796,1.0386131681165354,0.821732905094435,0.8592544037911275,0.7328650832040787,0.6695581151447045,0.4927251301153734,0.27072214572153225
12.8,0.09703416341456611,0.2698770072851246,0.3671059329416657,0.5240890659101519,0.7486648700184452,0.7940623784034814,0.9400630914048295,1.0554727408933648,1.160583839897653,1.2563971971527281,1.3434754029561813,1.311070251337181,1.452426399288199,1.4364052818394086,1.4805369297146038,1.5916895430785853,1.466642661641495,1.4973984503439954,1.5355580335790264,1.508843628130104,1.3781178136186778,1.3639682266555966,1.3684604285104638,1.134714153412845,1.1857967456726053,1.0639788610886618,0.8292796334345945,0.8581131893005279,0.6418230348296953,0.6013446557621647,0.5284251701371666,0.2580143435307226
12.809999999999999,0.05656000094734203,0.2268485537072176,0.31630654305783423,0.4486203216161799,0.7230834165204014,0.709752588864991,0.9146492605607311,1.0707189820869158,1.1654854815686935,1.252631505787008,1.268106468844576,1.4088071830510438,1.4593052079762763,1.4565994537507538,1.4408106186768355,1.5381745891784555,1.398757365145849,1.4751415831365384,1.4427730923082025,1.461681452032227,1.347053814099025,1.2862411897343888,1.3084636324822336,1.0944963230772433,1.1941031688367112,1.0641225833295453,0.9156773092214888,0.8436413652031051,0.6483272148681132,0.6240708638108302,0.48957376593273677,0.2732377739055239
12.82,0.05448494968006254,0.16832553842991554,0.3436096632261937,0.5372289870097819,0.6738798940019383,0.7924602152207882,0.9359259231759073,1.0492688854582402,1.216176022330519,1.2654365272372148,1.2961534646667645,1.337976970298908,1.4347440241186917,1.4573779557954578,1.4893558755167218,1.5071200322884803,1.4706736403247282,1.4501036456828889,1.5128495717972836,1.4521982305702141,1.3670209333839731,1.357571201163979,1.3313630519471131,1.117177177782205,1.1365460201073594,1.0371036811381318,0.8890677449801524,0.8196925311959016,0.620035273671155,0.6025595154889869,0.508526444518036,0.2805875067882256
12.830000000000002,-0.0017355542127499221,0.2532851625475889,0.4094914399919891,0.5299136344902621,0.684614660443604,0.8182902904436814,0.9406449255099918,1.099635625563465,1.1834494913143054,1.2591583823256116,1.3224102430184004,1.3218715588033068,1.3751082542420083,1.4669751778908269,1.5171026844176878,1.5584760887471623,1.444062086184804,1.433376437458809,1.4917008481940661,1.4979427928063787,1.3237910954930279,1.3132724816006545,1.3951350520104657,1.1063723679702029,1.0670944036055154,1.0630779726960866,0.9467702923592908,0.8386901873504424,0.597902447335896,0.5166581061476683,0.4766500924089601,0.2687698309307106
12.84,0.10767398834726569,0.21820410604665916,0.35498413332535844,0.5833672749704403,0.6935327729525766,0.8363114851614485,0.9607662949645593,1.0801560781780366,1.1734622175872937,1.172402261800304,1.2964686109812957,1.3312459313357194,1.4263830511785889,1.4540650525540386,1.576134588385917,1.5331854619799867,1.476255199968513,1.4421194142333382,1.4598383462133286,1.4708102467366397,1.391820567972139,1.3177959115303257,1.3627580372694865,1.1584404781574027,1.10358122588059,1.0922030165622256,0.8762175845265292,0.853970147658457,0.5692752320299772,0.515057020097072,0.46191920284854576,0.27869086907464047
12.850000000000001,0.039775843239967155,0.2511904061050568,0.37910878909881185,0.5469000395624727,0.677328905410442,0.7976092454784224,0.9465109507344922,1.0709902823987214,1.134456190346489,1.2107418530133918,1.2638907468610823,1.3288024740885727,1.3779709721944493,1.3945601828955287,1.4609752376029865,1.5136337421465138,1.5077736759282772,1.5267789482257714,1.492421938821135,1.5072431823451897,1.4145298872259104,1.321727919115454,1.4456292696775093,1.1169069514302197,1.0568825548082708,1.088139107444905,0.8776345479711914,0.7472582581739275,0.5913187741883773,0.5010573726923002,0.4889377074517842,0.30500971481772876
12.86,0.09763607803863514,0.2717611223848248,0.36924260881960214,0.5722899495856183,0.7158286882894724,0.8133669767067795,0.9776231984867791,1.0206024064320927,1.183965797889006,1.2222732560445762,1.2953101912265108,1.3692383196066118,1.4647975173677734,1.457248506447219,1.4462187933531823,1.5521169395686911,1.4560390621437016,1.48232326007661,1.444319166344596,1.512448061728586,1.306725824858254,1.3129110759382046,1.3409858860016235,1.0417451194651526,1.056720442082449,1.0263326700532982,0.8661670885138986,0.7528239826913286,0.5057669822846987,0.4523553329038153,0.43751400725951595,0.27277992501742554
12.870000000000001,0.08092339850193166,0.2715552509774342,0.35493393605342394,0.5723969765996166,0.6744269572842068,0.8943082505559204,1.0605081919838129,1.0374504761239463,1.2246504408217058,1.190328412105785,1.292375884675587,1.3310303812160926,1.425320529013474,1.427159853062129,1.478909686402815,1.526822472320261,1.497172022926769,1.458704434826798,1.4849924665469103,1.5309571980794283,1.363595799845363,1.3014420703441618,1.395408096489175,1.052269359833062,0.9961650395428749,1.1031982248867536,0.8719059485257398,0.707263817710331,0.46754371741047646,0.44140365981775,0.4168124225132567,0.2947607509071124
12.879999999999999,0.08667599386968178,0.2771801081659037,0.3838803013773555,0.5904397228836592,0.6548188768774655,0.8020680536030284,1.0348508742133986,1.0523156378944625,1.1269012348621188,1.208405464703291,1.2844766148653841,1.3432323553260623,1.4195144903867072,1.4143800571440677,1.455870142726372,1.4710072526999871,1.4908725188674112,1.4830632047189443,1.4247409263303559,1.5108352242160976,1.3601104848173504,1.2986530597433927,1.3820551503300744,1.0753978492930982,1.0033373669106955,1.0183190205746748,0.8228822962113378,0.709642637053369,0.49886868338417434,0.391037974955439,0.450170416858987,0.3243829926512434
12.89,0.1400923967228467,0.2857017538210044,0.3341967199174717,0.5860183924466128,0.6574035396620848,0.8338912339118619,0.9728569186438812,1.0658170610711994,1.161206241812299,1.223164935617795,1.3341179205262228,1.332387288016393,1.4232214537478647,1.4415549147922049,1.442510532624127,1.5641182805742528,1.5431131928927475,1.5220999791851508,1.4651667902264036,1.5292250318918439,1.406849596170045,1.2759749388917,1.3245365738930255,1.0850942277764966,0.9750858440447145,1.0007458285575792,0.8482038340184168,0.6674176927841565,0.49222707230618756,0.40555167991546676,0.35624735773227345,0.27662701410036494
12.900000000000002,0.09965134973026729,0.26713501770230186,0.3573286376496051,0.5672677133392968,0.6153124337091328,0.9056633660049338,0.9868134885575982,1.0765185654395584,1.1419294269768956,1.2110237610244436,1.3157664594209322,1.3156443615331677,1.421108558688904,1.4771238328453,1.487668994950006,1.490346309871275,1.4891405667372124,1.4705837044211973,1.4855883069845646,1.5039294330528397,1.3637543297704875,1.3536131545573933,1.3924021216020182,1.0931324433618015,0.9809866395863481,1.0875364336105913,0.850108446619409,0.6725369767454995,0.4591545771237939,0.3738142828790858,0.4162475824401123,0.2450217993837038
12.91,0.12910099661160793,0.2772021085039597,0.3330830063875193,0.5728386048513819,0.6153016687886812,0.8471970749056366,1.006664619098664,1.0742657124670942,1.1626532728410506,1.238978740828725,1.2230710021142515,1.3903346110557722,1.3636023321419481,1.378978766785426,1.4983572006939447,1.4720658912533242,1.4833202758803188,1.4814752500318473,1.5176164428529553,1.4577212203155914,1.3251991541826365,1.2960955422045186,1.3245163889852265,1.0771442692067825,0.9356881501638137,1.0660510531729201,0.8364366577439654,0.6976454951514086,0.5149514840315519,0.36565160052291684,0.35211770688013905,0.2652019517164618
12.920000000000002,0.13464466361518423,0.27041816088277276,0.3931327923057707,0.5955444534102446,0.6135708329931174,0.8735691945767605,0.9458272293957825,1.1103027122752933,1.155008520568793,1.195370183257937,1.263698238739856,1.3318139670487896,1.4167041172183863,1.4397978847439679,1.4265982195909261,1.5613267215055693,1.5375707041564852,1.5041969831369035,1.4592555833855683,1.4775337479934059,1.3641572061001637,1.319911634659802,1.3867024536195898,1.0873080901651746,1.0406928114884375,1.1133358257528563,0.8342715304570041,0.6664227012460933,0.47076097909509523,0.3122312557516457,0.3807523936212002,0.23616269985404537
12.93,0.08162397463292385,0.2763307386528978,0.27272595838000124,0.6138634306886865,0.6373328620807432,0.889825387080408,1.0152477897315784,1.1056334923121236,1.125500626817785,1.209796670143651,1.2357633012694855,1.373128122042671,1.41233088840654,1.4786158879133502,1.4588464334118962,1.499503287559128,1.4441127802665845,1.4623609963316067,1.4731493390704504,1.4777483480528248,1.3759195632800267,1.3271566221280588,1.3560237022792785,1.1391068420041153,0.9728198129917098,1.0490356259647982,0.8516118172505307,0.7258812683282025,0.4900153076746051,0.3145775329510834,0.32338277364147716,0.25808463011718685
12.940000000000001,0.08876901366395937,0.26574560558072635,0.3379868140581813,0.6310227443908091,0.5877812158377467,0.8810188363967649,0.9349876753203984,1.0085288775779409,1.106765836107266,1.1729529482995646,1.291695292868152,1.3743817390673625,1.430358701698858,1.4558566108595994,1.4431511482683919,1.4866589703731359,1.4367910111121305,1.4641423885145952,1.4235292206345886,1.4812270680942832,1.3867530912035964,1.327937233938473,1.3418605987030383,1.1470197798017123,1.0352969768940896,1.0787028647528927,0.8421679276239156,0.6347499557785821,0.5206906404253783,0.39066871653023355,0.37648225579954553,0.2878150917893355
12.95,0.10584320131392311,0.2824643052297359,0.322690742609982,0.5865954725682252,0.6239742175224449,0.9360271351799905,1.0837612403354793,1.0451140095670566,1.1932127482826198,1.1769514813110775,1.2460179990712863,1.3247112511186065,1.4037811024495224,1.402783651646364,1.4683147061911657,1.4990387762313384,1.4465888826563786,1.5007268211831257,1.404865895322033,1.4935681767858402,1.3512852245684541,1.272362588387462,1.3280150118832483,1.141720124155318,0.983891923680892,1.0630818920345204,0.9068887416975404,0.7522455810761829,0.5337983882391084,0.3483973549596644,0.34145781205561443,0.21555834201879667
12.96,0.12025745859328243,0.2677397678964654,0.28378834544587367,0.5973087373653216,0.6092869742361974,0.8544350309913219,0.9150655695481209,1.0637386765975163,1.1655439400817502,1.1936505706230442,1.2576310599204443,1.3755699719313546,1.4303799941349489,1.433101109188271,1.557279068663649,1.5416233729093374,1.4769629601740806,1.4552973515308585,1.4511202329457724,1.4827624932590544,1.3854939923938834,1.3179164361267834,1.3343758629262978,1.2107508026129672,1.0279425797818238,1.0181521689517086,0.8678840947116231,0.7257793417650098,0.603914429206298,0.3531848731348832,0.3172362594011635,0.2644932306943496
12.969999999999999,0.08520299329699184,0.33945868172963145,0.30402105064712553,0.5868474971029753,0.5423896535905003,0.8268961633852688,0.8717529204703576,0.9816646868060792,1.132398841448084,1.2043495787020413,1.258117965630043,1.3879655387730427,1.4911772017238891,1.4395463838470273,1.4821571195120005,1.5033276502031634,1.474171281121957,1.500861701144324,1.4509549052174502,1.45029731778336,1.492989816324597,1.339639814446217,1.3486641989977672,1.2153498297315537,1.0901454449891643,1.0518910258580467,0.9445148400052608,0.6885023474395889,0.5651525033565374,0.42626102868576776,0.3088667132875544,0.18810067660172797
12.98,0.1369335563622544,0.25596896324540847,0.24705732556786641,0.5317493499778663,0.5781540572322399,0.8969473362753081,0.8900921175223055,1.0907260879910474,1.1169381750980736,1.1660345415352042,1.3121270761856434,1.3300668966261635,1.3856169772923297,1.4666524976911666,1.4818380359352787,1.5482694288989025,1.5104641449952574,1.513479427677048,1.5420577172111143,1.480145644918815,1.348248032871493,1.362428685774207,1.3768806322727853,1.1646025480778361,1.0453519734056953,1.089887501046086,0.9391032577354338,0.7209626917257889,0.6205926263393812,0.39207841920466646,0.2720541362016136,0.19900320127295656
12.990000000000002,0.06615411167281132,0.23034195118714304,0.27160849588882474,0.5482821314005999,0.5530946470415076,0.8281490849600155,0.8800219204963707,1.0668137344890025,1.1250473275192927,1.1835952432104027,1.2408805432853436,1.3187554693402384,1.472289099431473,1.451292146030426,1.3973431939227483,1.5137982778367503,1.4854643159937684,1.513748926076599,1.460103765243072,1.450407312567985,1.3772373686266688,1.3707730264975198,1.4015673478867696,1.2134872372599976,1.1225690696618646,1.0471312922984883,0.9105453677865311,0.7921151769970813,0.6582668214100806,0.4086737000605966,0.29709662674875914,0.17743288963128956
13.0,0.08758157644712275,0.254175224401283,0.23287526915463552,0.5121373784741277,0.6121739481474746,0.8540409057187208,0.8608424556062351,1.0670167922939604,1.1544966806575783,1.2111292394276447,1.3007108309767061,1.4002861835223572,1.3951379718571342,1.4160152480128811,1.4446533584429184,1.5107990698678926,1.502799143615358,1.4757083153363277,1.4314428798082364,1.4822683699577184,1.434743286360378,1.350902433109597,1.3710139751831554,1.2861543612900175,1.1057275606320398,1.0667538566806247,1.0131347698675357,0.721057005668676,0.6242391924184999,0.4303273648516662,0.2828752721971568,0.15650093924982106
13.010000000000002,0.015542448015593749,0.21639419422704964,0.2567866629749237,0.5235368484428891,0.5404674305467813,0.8507087506666452,0.9123301852692967,1.0880298486660507,1.0896395907987444,1.1569692081455372,1.2846025765547298,1.3876637573969528,1.4446313752559732,1.4412268269104016,1.481797109122687,1.5136617190580037,1.5015133178687547,1.4375633608727665,1.502391872986583,1.4972905268404137,1.3771630088249047,1.3393705614092766,1.3915819847769102,1.2735724718733488,1.0967355304439366,1.0104962576794334,1.009265901935651,0.7311149645309596,0.6358098012733449,0.45702567939833283,0.28377053416518877,0.1308973639699157
13.02,0.0841565330450994,0.19932255027065235,0.24600620911971552,0.529116130586339,0.59120932137196,0.8342226490487075,0.8597124912231141,1.0899247165279777,1.1098088811030096,1.1832751531496741,1.334846104429721,1.396865705305138,1.4192545556712042,1.4278338381776075,1.4508389098763592,1.456960060784589,1.5143606244320025,1.4999469335404598,1.4049593211511717,1.4551285109695486,1.4684483765127678,1.363048837782891,1.358916391473748,1.3249258598044014,1.1077681659234098,1.0485919222091367,1.0556923383206442,0.6945458917408297,0.635005135916794,0.41230661015453657,0.27274451423683604,0.10743255942085342
13.030000000000001,0.040579883635709274,0.1536598674271146,0.24042606661555257,0.47289704806048233,0.5903571542267272,0.8184471424698173,0.8618374650817946,1.0449941480037819,1.1298513174094396,1.1464246727377558,1.29641255166623,1.39580034662612,1.4103501766696722,1.4477179060978516,1.450014051768143,1.519315683446405,1.560569065743158,1.522497545828252,1.4661216211896801,1.4241564296579434,1.4810044652835637,1.3744963703315813,1.3944380758807597,1.3321713695339257,1.11255883672379,0.9685328918621574,1.0274757624186743,0.7274404938482877,0.7161613286564742,0.4695620504429808,0.29652187684169684,0.09215707205445604
13.04,-0.005127709449178782,0.19228485908124754,0.22730325697826725,0.4626043598536721,0.6247663380460328,0.8343089234457188,0.8626084762183729,1.0779079474209814,1.1418542303884576,1.2054479574885508,1.2874722122242122,1.3394485415066932,1.3702199391181866,1.4857686575231384,1.5153380014650033,1.484064501832129,1.5208987343663867,1.501453642153676,1.482559836448607,1.479872782985341,1.4592321071617307,1.3671407916461171,1.4047470622411606,1.3309390669186651,1.157198546194501,1.0263654823436608,1.0618109434827492,0.7727902929298155,0.6652179410154742,0.5356676922747833,0.2818502438789816,0.02201963476114488
13.05,-0.034926363077912706,0.11856682155849291,0.26695525208991633,0.43980556279349226,0.6252229483816607,0.8359092851627159,0.8542710280897013,1.0651159559425045,1.0937858865703556,1.1810108921902724,1.2862127206917986,1.3381887275716395,1.4276513503168902,1.4721186172785536,1.4399724397043638,1.4803329667564578,1.4765374568598217,1.4882495941259204,1.390431993448862,1.477717487180209,1.4442390971964334,1.330302373254098,1.3914598139333336,1.3404095334370947,1.1805455463906451,1.0261891369340586,1.0128702708606978,0.8018502187296652,0.6977602342585087,0.5506784408402093,0.3243687207721721,0.055149378292947145
13.059999999999999,-0.05330954165510658,0.14763096900331774,0.19732977877446772,0.41542567532399,0.5881058537845538,0.754316475545178,0.8568185971631834,1.0694030306159108,1.1115443971511212,1.1508260040470288,1.264902842836778,1.308371693208112,1.4736068962766604,1.4286590820660772,1.460543585101659,1.5458018794855635,1.4974608820474866,1.4563327354555338,1.4757228095182042,1.5180450953863354,1.4464870947398492,1.3022518834932268,1.3820024298082694,1.3009822543682086,1.199694664120864,0.9543844313872183,1.054310837822291,0.7862515929847834,0.7096309365652441,0.5457066034713149,0.274319214530261,0.027240932087427366
13.07,-0.0442840412336523,0.038290470115373156,0.2494466838647227,0.4210027035225391,0.5978496020681804,0.711739988603984,0.8984210847676806,0.9955627186904707,1.096290053614069,1.1887376147003013,1.2594139572752385,1.3565731986364227,1.4475983439182596,1.400259921565047,1.4973801572832035,1.5135585372993068,1.4805710482564218,1.474963202799776,1.4538517887716065,1.4765824863444048,1.4538195147483826,1.403904277912015,1.3782348631025911,1.3376128982098867,1.19295962173473,0.9586786538601261,1.0149220665804877,0.8095892916221261,0.7105699926281303,0.557158819351153,0.2832825885240105,0.006269814156375456
13.080000000000002,-0.10134444598325551,0.0679943654799215,0.2632698692839613,0.4412713364635452,0.6093695695610594,0.7019629530116764,0.8754616322281366,1.0339266201564807,1.1230980341694319,1.2369052185865084,1.3224206212552978,1.4351382213130024,1.432842070552784,1.4703724402350167,1.4710748872618387,1.526354195798168,1.5072584533310192,1.4798663164639603,1.4724633628398913,1.526591361060139,1.5005632466309098,1.3362166793069188,1.3797444439203563,1.3320762281898124,1.1829113686328072,0.9397458003246153,0.9639015503637279,0.7873460820819916,0.7129550776772995,0.5636941688994498,0.23572021859371708,-0.015032322762933542
13.09,-0.14047247015176623,0.039739798069027596,0.3369906095751969,0.44320992716910634,0.634518736248909,0.7483822001814109,0.8828318955409211,1.04855164578034,1.0849373335634696,1.2467138568014045,1.278224284225133,1.3825801352380158,1.433911698672797,1.4445833914030062,1.516991544595926,1.577292844988625,1.4651965626388272,1.4806506365537273,1.4808056633709377,1.47906139743112,1.437804761559045,1.3858961769202027,1.3413137476861146,1.2913561783065122,1.1675902445516835,0.9228761875343564,1.0226853793723556,0.8315729286433875,0.7258169395440067,0.6042697885839851,0.22769447684983385,-0.02001201760296182
13.100000000000001,-0.09374632988551332,0.09318825786685403,0.31082305255105597,0.45985381495904404,0.6381528681375686,0.727055611279338,0.8422129343274356,1.0151967498534578,1.1221985822096112,1.2054716100784442,1.203788798405144,1.293029383800059,1.4206450135918383,1.4602416586158888,1.4361323958944199,1.5041513759321599,1.4989841487385684,1.4760803017804198,1.4691252240138637,1.4962554564348594,1.4787390751369434,1.4093299697564257,1.3321513643641658,1.2918728866604168,1.2015682821507419,0.901669340171393,1.1187282374226017,0.8219852656759776,0.7211868091985199,0.5616596181202453,0.3058026477602963,0.0024580277641287783
13.11,-0.07255029794415474,0.02385031958251222,0.32840840674005745,0.506027425256632,0.7463479412345432,0.7535239147077509,0.8501789204687508,0.9837397555565529,1.0990881170499718,1.2167776964197496,1.2698189959115618,1.3471160233787371,1.359037804553913,1.4246507308511016,1.5065768636058432,1.543495424053809,1.4763538366098719,1.4682112286670008,1.4352231106066087,1.536862325754051,1.4925416483834322,1.3807134216284422,1.3829794639724653,1.2793439743852173,1.1355171789288785,0.9069022316172598,1.0668135389889029,0.8033002485726801,0.76511141178264,0.5541099813275625,0.28506743657728556,-0.06035477924629737
13.120000000000001,-0.10804825761595327,0.10585373030951004,0.3465388728098629,0.4952126722826167,0.7817151876981876,0.8115340624247802,0.8944041097452495,1.00143857157607,1.1198897068622942,1.2365462490034937,1.2714608049294067,1.3729580898793365,1.3651286751445377,1.4920397315212561,1.5179102396751851,1.4655987274193971,1.5204617571742924,1.5129847683168816,1.390390069470289,1.45659726943635,1.4175726619352433,1.3397711089601947,1.396412965033833,1.320684713567332,1.2241444168018407,0.9432276201966735,1.0127886113146949,0.8321865696444183,0.7697391755920188,0.65266983934894,0.2492345611451775,0.018737865534577854
13.129999999999999,-0.07346230322837771,0.023275842333437255,0.3149698262690502,0.431625460569042,0.6776483605740562,0.7660078118892036,0.868842133149674,1.006912283461665,1.133299843664451,1.2505009546466508,1.326100668966067,1.3770913561754279,1.414163996133033,1.465750659667945,1.4977788484617194,1.488225209158894,1.4806429681839846,1.488947223235584,1.4307177967017737,1.4808506851848788,1.4771341980951742,1.4318446789279364,1.3649581460879057,1.290529095090883,1.2053821800626503,0.8739649471469868,0.9944861634103201,0.8569701098756289,0.7061635822451278,0.6187434872237124,0.3172071681287894,0.025878177833195022
13.14,-0.05397650944547006,0.050984311330486615,0.3928130492654593,0.4897886795787182,0.7509014362355414,0.7862922372014425,0.8984746740392889,1.0381935954188601,1.1347304228953832,1.3284744436203206,1.3252581977054887,1.3637135150963315,1.4417875913324791,1.4372637315668535,1.5354852676090847,1.4773143386399787,1.5181180132919596,1.4599957105535748,1.4489235504357287,1.5278341144672412,1.5209555641189365,1.3942460183176997,1.3593452516586193,1.2836990215150803,1.1786537131542054,0.8476938363666383,1.0006521017242436,0.8428344344392592,0.7552438685664395,0.6428505218098011,0.2533589946642149,0.057634452624584116
13.150000000000002,-0.08644215601201707,0.08080186286006973,0.38930034114231793,0.5167595643373443,0.7476246797579053,0.7816396433552465,0.9177199288061114,0.9778184182553615,1.0855948284897579,1.2128033171884414,1.2390338398881433,1.3307456526255936,1.3908798123745378,1.4128211827656345,1.4342089599805725,1.4196801595720447,1.4735343943792745,1.4854912652808892,1.4551971849422094,1.4858273622697238,1.3934016238624394,1.479006021603747,1.3673358080428024,1.2975763629073986,1.2182005533868407,0.8968445952991145,1.013001675653067,0.855488994733674,0.6979253412224871,0.6116169762686569,0.2757921322602127,0.06762625498938983
13.16,-0.10532231821586487,0.030715738180101874,0.41520527870161894,0.4804677013406343,0.759452247542064,0.7652162870874325,0.866946491353587,1.0095815411356477,1.0998993345165664,1.16921827092711,1.280892546089405,1.3468359411540913,1.4285699795363842,1.430595998775441,1.4393355337025142,1.5065789140801868,1.4354382204873268,1.4598468361006132,1.4786156169126157,1.5040627388521763,1.4283496333739933,1.422443841567399,1.3895248536459697,1.2368420364621833,1.140246617920774,0.9811186649678603,1.0237582748357203,0.8028283424361424,0.7250966339855085,0.6342863386470262,0.3525278424259605,0.011906199933630908
13.170000000000002,-0.11161614055761417,0.04123797687456819,0.4044961968266131,0.5190519223412955,0.7340437728576243,0.7576780545887158,0.9739971548583278,0.9964829203768493,1.1312240995291634,1.2497424412449762,1.2718678705428625,1.3925698576778514,1.4227905028280852,1.4616816762778044,1.4487181113904568,1.4768733389377309,1.4408831938461115,1.5066417854884788,1.4155394839392814,1.4631382754511773,1.4906202409551486,1.3943919395581121,1.3594281785070257,1.1728037335208576,1.2057118591368146,0.9645292512761955,0.9983720005354347,0.8589302898112916,0.6733488405263142,0.5708348966119113,0.30018665084983026,0.14221168901918343
13.18,-0.09951229317924626,0.08796289578124444,0.4075135608998081,0.4410885915790846,0.7094639330545555,0.7561561966844724,0.9006588601260421,0.9450072584485797,1.0864638935911475,1.2146743825232122,1.2617525809758534,1.3659870455372645,1.3597240060319444,1.410973412156439,1.4890203642864266,1.5396602594711097,1.4571093641943462,1.532791377112292,1.4499266743916972,1.5067750362013135,1.4709049197533601,1.436336652931427,1.371455162803422,1.2476271387859732,1.20586543578557,0.9628724803452835,1.0038333523210825,0.8773821393520199,0.7061722216756662,0.6178710905002925,0.3342619405791149,0.12876184350585684
13.190000000000001,-0.13959221143741402,0.1037694939702386,0.4564716727845265,0.4183894371976925,0.7652109494551071,0.7904946408414908,0.9153138692925835,1.0228546536543126,1.0763138205867315,1.2446418813393914,1.2440561648767303,1.2894121726075347,1.370771371217071,1.4012418959057367,1.5112507424622406,1.4867801337823405,1.5038194743225637,1.492083736904732,1.4341526152830066,1.5195105579580888,1.4565015678234305,1.4638395003960254,1.3177994090567176,1.165337000223872,1.1538688279427196,1.0274372751037928,0.9967830787616329,0.9057006834168756,0.7132285504216854,0.5910091823397599,0.3310062379306948,0.17631864942175027
13.2,-0.11341364092500705,0.10100843242259605,0.5061446759215779,0.4836822576724894,0.7452660026015264,0.8019403423367617,0.9483215942940086,0.9660198376791068,1.0626271413188308,1.24544480364796,1.2451014857208,1.3193636427221611,1.4264775454842753,1.438616978631637,1.3814078070380305,1.5582552205868727,1.4534028581446106,1.5822591407658542,1.4520288393289007,1.4999048974619587,1.4277287960583889,1.4775494454840672,1.3754151317374526,1.185460014431583,1.1924978494167282,0.9816015932716878,0.9593791691620769,0.9068649730686466,0.7488221511958862,0.650955953265986,0.3765172009600121,0.20238340027445564
13.21,-0.07380121132602648,0.022195375074919862,0.46404091509062273,0.4806706406236323,0.7313478894566064,0.7453511044885387,0.9640368759111415,0.9508351307815099,1.0363507248398665,1.2230799973414357,1.3456291540838081,1.3383542455876432,1.436037025762225,1.4310084193606372,1.4175785915765085,1.4821179518473842,1.4282857058438863,1.4671838150269685,1.4174664150548004,1.4668006167616126,1.4636920998189291,1.4786896531259108,1.325728318249964,1.1843176445729213,1.223090107756196,0.9849848110879419,0.9637279422008275,0.879676520999224,0.7392786458664128,0.5871132137907434,0.3587381002250577,0.24982065144690035
13.219999999999999,-0.09389109089778258,0.06259391005601872,0.4660226898015048,0.5248061188759403,0.7395235436037857,0.7761366754361673,0.9329729499810426,0.9424328862213069,1.0867231142208527,1.2620998542705386,1.2904206299192729,1.3548353037701713,1.4009489569549578,1.4926832096897733,1.4075403663383506,1.5018041459494178,1.4622815070014,1.5681049822793343,1.4070790652172616,1.4781468937638214,1.4940147604145508,1.4023545277418468,1.374142354119483,1.1589864672714432,1.1361391612167677,1.0144689358230268,0.944171890433544,0.9007644358236316,0.6664216449904352,0.5919167256306489,0.41203216471036286,0.22220650609464387
13.23,-0.060929886691119886,0.07912763441191165,0.4811592525897388,0.47670099625875884,0.7044791145691393,0.7596052026938673,0.9294789287892334,0.9827469037698735,1.0324883372121425,1.1914288770724264,1.259266893721204,1.3501068046728746,1.3617797209920541,1.4027679550412928,1.4841827664833969,1.474126015050467,1.5034735935594332,1.558182244570231,1.4476780306403214,1.513550898951145,1.4514616625814254,1.4577682156432168,1.364659187968363,1.14690773618092,1.116735090813764,0.9741769241265194,0.9369091855505912,0.9033101178041846,0.7121068648162304,0.6152011636572193,0.383846936804036,0.2507797891369858
13.240000000000002,-0.03895849548689657,0.11670909369980838,0.46306186391494747,0.44651899474158263,0.6891880336762167,0.7468546358818351,0.9307675866470874,0.9182733224612764,1.084550578620424,1.2363861589051022,1.2830384179963195,1.3416742253657659,1.4329612814947792,1.422934476651923,1.472394800366564,1.4980994804913537,1.4766872621649154,1.5409260061316925,1.5081950724864,1.4862419256357535,1.4110430813540151,1.50354389063888,1.3885317120529295,1.131759637563163,1.1442889689025397,1.0395849151683578,0.9345333390453554,0.8666365780862483,0.5901844014491879,0.5787443563092877,0.4057713066971241,0.2593796383602958
13.25,-0.058143091652437744,0.12255705864515158,0.5224939433240166,0.527683405284976,0.6838997356526342,0.7812945354717947,0.9594943987369199,0.9612096134052391,1.08681470706228,1.2061281464760325,1.2985620967291716,1.3400343232629406,1.4264305032326214,1.456936213237069,1.4953020327073747,1.5806329101644525,1.4904834250531398,1.536184507134486,1.4499952146472948,1.506946950450954,1.3886086846738717,1.472541147409444,1.3520647371905925,1.1432250159378032,1.1024465623013315,1.1025786702687028,0.9162319459283798,0.854777678498988,0.6904365340586559,0.5452007556463168,0.4085528660720198,0.24478971783749764
13.260000000000002,-0.05092165237041336,0.06424621374526843,0.4398235628231407,0.5238615698292779,0.6718949182228406,0.7477625024759542,0.9258780171636875,0.9152565636140889,1.0790332591131484,1.2536411764882593,1.2858828300449863,1.4035946799515846,1.3393368522403,1.384718550616789,1.4396164401569924,1.5293834901586172,1.4628330893570296,1.5118778906521522,1.4352110089935197,1.4677589104011561,1.4476547352588147,1.4216782481548116,1.3969987295805808,1.104541205480314,1.0935204766159072,1.079750424508056,0.8637506450232925,0.8748755598508676,0.636934682449107,0.49508417896616475,0.4196527266130946,0.3357311581126822
13.27,-0.0975057142990716,0.10440709036282436,0.4299770344627411,0.4864299884099488,0.6704056462617337,0.771736925060894,0.8901199393582888,0.9907330088523008,1.1461158864574628,1.2342502880979505,1.2834184619757452,1.268966403498125,1.4319299209546563,1.4497721060498754,1.4739417904172758,1.4906376095821716,1.490496293972919,1.5032381496584972,1.4701308209623465,1.5630520835754353,1.3951311699073947,1.3853740366765228,1.3739534410495078,1.1053059955157,1.1021885984324082,1.1193111044683826,0.8886803183167896,0.8110460510656559,0.5994197353881229,0.4829783992093955,0.364717565260854,0.2945505142947507
13.280000000000001,-0.08114657233325799,0.07030344442216327,0.46810737628086735,0.4879086348336897,0.6865295231984946,0.7668302602942827,0.9589703047936172,1.0075766566515085,1.122733788056231,1.1815322336280774,1.313325709126155,1.376721076715028,1.404183476062882,1.4272829681128754,1.4496441917873049,1.5329866203824598,1.4969936099148844,1.546359698601188,1.4609176775243298,1.472909792088401,1.4283613629980616,1.3811495923977102,1.362403889333478,1.0560523361411684,1.066086011768752,1.064334946584477,0.8290911434040894,0.7570338301475805,0.6032916914191668,0.5083461225094312,0.4631135039930009,0.3187023260950016
13.29,-0.08775196776278245,0.045813089261230296,0.5069898051972952,0.5632994451159905,0.6668840970035883,0.7057126558189029,0.9253171306484901,0.9792847724647826,1.126806737424364,1.2201766893384183,1.257483862565541,1.3183380516153456,1.4442381133091668,1.4946301037735479,1.438836648753314,1.4964153118488195,1.5721876120851794,1.512438065148569,1.5262963331266264,1.531689296229688,1.386855914164119,1.4344988823329206,1.3875724845817643,1.084484500371214,1.0484445417292456,1.0904307754178333,0.8542601432755446,0.7489900098459117,0.5783548615108792,0.4309545937428592,0.45092640940484974,0.3401845017287679
13.3,-0.05724178744703172,0.10988192709909197,0.4444729359181909,0.5313412335582666,0.6394156945593076,0.8015875387300491,1.0230558059774757,1.0238172099684164,1.1381250617148482,1.239996838743346,1.2977193842588963,1.3475964074902949,1.4210163557162505,1.4659976292077532,1.480642933013116,1.4695476857305076,1.5316513336910658,1.5592094828680785,1.4538930847461426,1.515260490671561,1.3082908321691304,1.3941624507925878,1.3638926677895307,1.1024349153758741,1.0446023762138978,1.0579657112021081,0.8380957948009808,0.772051858307824,0.5942662606874946,0.4391908042666423,0.4461276539429748,0.33413488404360014
13.309999999999999,-0.10421450141321237,0.10012558548197567,0.42896162687974926,0.48362279700430794,0.7300348245144371,0.7688177769808276,0.9066220634772076,1.0706886484844764,1.1043944629366134,1.2420423688871671,1.2921334981126786,1.3468115085285737,1.3923200051972926,1.4891539037891592,1.4531288086673348,1.516990520702668,1.5119817835853873,1.5941552375316317,1.4796214224142885,1.4748319818381648,1.3870398663218688,1.443493463398052,1.3712781888574008,1.1049710051425192,1.0303206400251954,1.1755353781063247,0.7928385677550934,0.7004645253425408,0.5072462129932086,0.45223639391571613,0.49363522180034913,0.31700966078052106
13.32,-0.06978607614142689,0.1226695061348425,0.42768707940329076,0.5420101363824247,0.6402868792362868,0.7968909983251219,0.91671383805221,0.9785897540205766,1.1252898173504278,1.1914783730168677,1.356479722120136,1.427357296354821,1.4201055270390492,1.4851806073942284,1.4645028969962142,1.561768068814847,1.5562932841546788,1.5179218844825653,1.4351857045983112,1.4961971869537907,1.3356077035058476,1.4060737311076428,1.3330496002259924,1.1082833819817477,1.0159654090119565,1.1100568426636603,0.8421846537167601,0.7609268960741843,0.5821264938312415,0.4510659972903428,0.4259694949782946,0.27157757849970204
13.330000000000002,-0.04811011140833256,0.1216114279418217,0.3520617736414672,0.5005426297585389,0.6753022040324556,0.8175663390291843,0.9592942474716671,1.025215808906431,1.1129086241335167,1.1930881051990523,1.3221089872630072,1.3600980651800747,1.4162274246509208,1.4838611554472385,1.463986626388258,1.49558737362292,1.5040855832261517,1.469204137736998,1.4149240456158105,1.5153079570002377,1.319289255540348,1.3795384538581732,1.3807444519631613,1.1093339368016761,0.9983968798656339,1.0661504691874892,0.7296848064301252,0.7232359502719768,0.5548264256670384,0.4021804740751477,0.42932344622888496,0.3628964664166157
13.34,-0.06913387988676149,0.059973412106302304,0.3695052308882497,0.5666474216791811,0.6470568449302856,0.7794098289422036,0.9779997360955528,1.0735303812882713,1.0801194452623502,1.2212308286290947,1.2989199382016772,1.339128847061321,1.4419280632761102,1.4330940980172688,1.462278041924655,1.4778807728023007,1.4686535061917871,1.5377524813165158,1.445277600058429,1.4888215626122487,1.3547459771067756,1.3379036082561742,1.3349341971502264,1.1058564285284307,1.0306475370125099,1.042287172643496,0.743938095346245,0.735562883521557,0.5390540501609885,0.4130794120283825,0.460956444542784,0.29880821786665157
13.350000000000001,-0.03752344014721865,0.14508762790009633,0.38009640445212195,0.5761413298701785,0.6829362206201994,0.8037156595279996,0.9061102143196852,1.0530369995796052,1.1841678444151802,1.1679949697572634,1.278780794415273,1.3336471365267866,1.4142433899502707,1.4415799554523143,1.4869011880750704,1.50858332183672,1.4991549373929471,1.5465945102618002,1.4667467161983985,1.4456277694688238,1.3594818622924092,1.3989175436048087,1.2812006360965897,1.135200725794925,0.9452379368094164,1.0773275070418857,0.7984950561011793,0.7337970428056957,0.5739188326972013,0.35810547469755494,0.39118346143329985,0.3349734263706237
13.36,-0.07734412504213889,0.17300975306695646,0.39336725567437225,0.5932528401188354,0.5942296684572893,0.7957156237049141,0.9474641832606774,1.063995250376718,1.1620054144272276,1.217639353476589,1.293861634388244,1.3805843200049677,1.3967566389695478,1.414377900359086,1.457482981397168,1.477041591651889,1.472689597643544,1.5365326229076988,1.4912959042063654,1.4149326626043222,1.2755435776032398,1.378286074929961,1.3463929202307752,1.16635114414362,1.0135972868445324,1.026409601100479,0.7350168120609479,0.6683503799862202,0.5277537577953912,0.4481189045537854,0.5242309084362697,0.2944802127471214
13.370000000000001,-0.07889233490138714,0.1425089427628126,0.34606809178302833,0.6039915004232945,0.6707818462290466,0.8470694754826975,0.9831780135405949,1.0559783585227405,1.1595964604539402,1.147930274673266,1.264285558898394,1.374815619798212,1.4427240302425444,1.4482013024289258,1.4948308141917814,1.498417148157833,1.4832145330355024,1.5418442381746826,1.4639763203790728,1.4127550445850987,1.3169676552342358,1.355329404586198,1.3191250296992243,1.1240212482640128,1.008341403809332,1.0870307949810372,0.7681059740902692,0.6923011192562929,0.5167163171710786,0.3550856567101032,0.4484532599495055,0.31980308156823267
13.379999999999999,0.017058872085532396,0.1416854779141798,0.3451125635723508,0.571552730986134,0.6542509227466321,0.8072075354804251,0.9117172294423866,1.0639549388671263,1.1363068885066256,1.2005080743298955,1.3286450530294354,1.3433378403318192,1.338007609939442,1.4325846043925685,1.4527455462521182,1.4957919423276218,1.5019738836234375,1.4810118243964545,1.473008542054681,1.4093065740994921,1.2631569551640598,1.2714683803201505,1.2548248189151865,1.1602351040226917,1.0330723396723327,1.0470264832146325,0.7376045553237423,0.619339481221734,0.5467284599898342,0.3858126162509738,0.4389986391843743,0.31698253889320727
13.39,-0.01943604722186152,0.12899970754649745,0.31713573739073575,0.5627387773287991,0.6776050546720037,0.8558439674532292,0.9368934901789941,1.0505276467223301,1.150385144464421,1.209071717094216,1.330022977413481,1.4283732042476824,1.35243824059687,1.4155215835153774,1.4627408294721935,1.485681680910307,1.4613117868506749,1.5049700294018042,1.5234625499526078,1.4148247125857807,1.3150332048990554,1.3692602421636368,1.2766832297392372,1.1947752049160931,1.0564622454065011,1.092043610186284,0.7560080640999431,0.7015021187695483,0.5217559590556434,0.38612756184268265,0.4157847471160336,0.3622425665996866
13.400000000000002,-0.002506542607285979,0.13851319482905916,0.3504278689457304,0.5652398467917152,0.616503873525436,0.8862222410810545,0.9204469103369753,1.0814338307985198,1.1610782597661813,1.2255875351251877,1.2965570513110927,1.3488884688573823,1.4157650580940953,1.445201456304472,1.4534930180764623,1.5185724944205299,1.5193018533924139,1.546952654261279,1.4583150653899009,1.4429527611123443,1.3146343742745732,1.3260744854976783,1.2779907706747684,1.2333735378197663,1.055801819810189,1.0653657076311487,0.7899493355062567,0.6461244901434102,0.5425426179668443,0.4368915743667664,0.3952848112098646,0.27772259534516525
13.41,0.016522400003175106,0.1419213759066714,0.2773630466663376,0.5249092539513301,0.6089171582921713,0.8231862077018771,0.8674367479307385,0.9858620041187802,1.1698550557183975,1.2471307537502216,1.2973881814324473,1.3540351257604688,1.407514375501326,1.4044873663852566,1.5181131024857375,1.483264648586782,1.4631867745828793,1.4908025634941955,1.4388544645291457,1.4221267043985149,1.3253624211579904,1.3296783369990508,1.278774727206979,1.1967982398140338,1.0778498432146717,1.0621641090888296,0.7879516466996632,0.6550433933963191,0.5792636178324803,0.46229477200299723,0.42023557558486263,0.25445450203349657
13.420000000000002,0.023771035241301162,0.13438135270857737,0.23435271857779316,0.564478463066739,0.6436658249976595,0.86713147149312,0.946981783157093,1.0525295960053473,1.1843933267224982,1.2272116426874917,1.285314123244749,1.3141879141131647,1.4440414042101897,1.4279228886912119,1.5009173109975782,1.4879954191792395,1.4716595462530224,1.465981290209919,1.4317894633417305,1.4237073154944704,1.4092068667299504,1.3419852575537112,1.2054739567469905,1.2856455359447707,1.1260044371965319,0.9621475301835383,0.7897198277324802,0.6300388539881324,0.5733866607069834,0.4365421416784354,0.3506726782363538,0.2403941485499027
13.43,-0.02055114650159742,0.10103613457828169,0.24958647583553092,0.48077581473327113,0.5493118116921408,0.8024607968382851,0.8791323128202575,1.0580380232039988,1.2089821786123411,1.1857533898312458,1.2642010363154217,1.3358577985415272,1.4291078741177596,1.387659053274992,1.4188194005647752,1.4815159982790334,1.5366856166572942,1.578988108867312,1.4662193093476854,1.4243485248288297,1.3520512841359686,1.3340490271228667,1.2407121931990535,1.264763123018654,1.0737603468241452,1.044713475336308,0.792487692654854,0.7161215073551219,0.6280926822453347,0.4664169563469397,0.3981006448826871,0.27292979573423504
13.440000000000001,0.02007687089845113,0.19758448799125167,0.27512412471251657,0.5976386884937189,0.6022070474603625,0.777848698689631,0.8807625359125766,1.0666607406440995,1.1953206302395554,1.1216459096779734,1.2651710064123258,1.356030330897642,1.4214820030300253,1.4243299316681926,1.5142942222446862,1.5125079610598915,1.5001972221061415,1.5265512582533352,1.4427939785845767,1.4933748397674824,1.391926169353967,1.323346670276392,1.2709425160198848,1.3117808676892362,1.099622666058333,0.9963025143990366,0.8477244692785506,0.7287324800675035,0.6095048550397514,0.4740982449983822,0.34342992556145785,0.24700071063625767
13.45,0.02598551460659626,0.14138796018148217,0.2451981585181387,0.5308525248563871,0.6125141693921866,0.817069345004475,0.8566366349193841,1.0654796819411048,1.1571943966288192,1.2463546346989862,1.2968703561639128,1.4110593886423322,1.3972302221307384,1.4638972950733373,1.523397733158502,1.4828039555030594,1.4783736374820515,1.456532895654065,1.4345798118818758,1.414273511797799,1.3905211881517785,1.4118388403271767,1.2598917805365693,1.2874347440927663,1.092257903456024,0.9165532747390458,0.9097601692178467,0.6900832381608552,0.6011775406649327,0.4825167874618333,0.3987035855984686,0.23359251380205595
13.46,-0.0518976877224913,0.1243844043774924,0.20908794467312578,0.5211836582081274,0.5779696177093245,0.798061746269987,0.8541332206413881,1.0535068783228438,1.1550774953360916,1.1616916975775098,1.2730461436766596,1.3563241243754784,1.4206535096561599,1.5210647060412048,1.5284958233837398,1.5063528244215652,1.4781141739146182,1.4928396094365657,1.4460802967733573,1.4635306424832764,1.3701670832997364,1.3381831909759447,1.2588666324882394,1.291038758933906,1.154312683392654,1.0358160981519644,0.9163991516874122,0.7250026851938057,0.5899315816353847,0.49596925996839214,0.3185338228808329,0.1701857556283035
13.469999999999999,0.043422887309952675,0.1794782095484106,0.18486616705717843,0.4467819455826209,0.5720922107287962,0.7991919305311118,0.8446270505925081,1.0241513755773668,1.1399701767683825,1.2065339420235524,1.28678160738499,1.3743543837685828,1.3697052216289327,1.494248993779355,1.4645895912039941,1.551500318381112,1.460479819404433,1.5358392061084374,1.4140863921195974,1.3706918565066037,1.3548240368987705,1.3145022961804969,1.2657470767186232,1.3284369927489934,1.1844026629781836,0.917217276470677,0.8858725072576993,0.7226913191694175,0.7050401577772543,0.5164280146168959,0.32852765190275574,0.16614885270661373
13.48,0.05882606278375618,0.19366336299702286,0.19692132065813434,0.4643078298426149,0.5949933103917414,0.8155452412934651,0.8483038164583778,1.070983653502493,1.1308425064558587,1.253238929353699,1.346404396847848,1.3305972577414316,1.374563927144018,1.4358022999655782,1.46641273223194,1.4317849725025493,1.4603932129172899,1.5255201204609634,1.448261206738378,1.419055805532328,1.4065836066369104,1.3549993534139464,1.3231291797578655,1.2449378910290523,1.10749033411528,0.9215969191852289,0.8867307242207098,0.7254592609602636,0.6671466137528766,0.5160553878017595,0.259684934148943,0.09902861240392269
13.490000000000002,0.05228773885278562,0.16394317968590139,0.27626619556019444,0.5040780284169433,0.6684785081254472,0.7920367912741584,0.7927443405645821,1.0300995940771218,1.1576718094929739,1.2022149074177035,1.267971862284062,1.3545761053380252,1.3643679145599326,1.447972216536631,1.508519173899644,1.520892822392226,1.5124734196020067,1.5420725800402102,1.4134822053038036,1.4414017442518123,1.3911738763298402,1.3777991181314246,1.3321735083351072,1.306943801843796,1.1693793263473755,0.9054494006509654,0.9338897674076205,0.754483418642024,0.6959509859927079,0.5275075236045993,0.34316634581798366,0.13027715074397764
13.5,0.0007098436554258455,0.19580438873237652,0.21455706900222954,0.43253653568503453,0.6003224636359126,0.8095088481807926,0.849939956124555,1.1119035680511606,1.1700901837406659,1.1383330622596288,1.27041116230401,1.319925169913788,1.3950658384103056,1.4134064296781266,1.4743004206771022,1.4903563282085177,1.4812844248192603,1.4792456601650577,1.4913710845399142,1.4206813527820688,1.4042769437870835,1.3328709743660936,1.2272687940395104,1.2859448870262882,1.1651353333761223,0.9053292171180003,0.9333183742967465,0.7490648720916826,0.6177797097440552,0.5851651586665803,0.28000144830282375,0.0652267323014793
13.510000000000002,0.04760429624236387,0.16059821144376324,0.2972597667094837,0.4661242789769326,0.5252405221850471,0.7316838226962562,0.8324296867303527,1.0431743877882906,1.1829399897994501,1.2021266699298887,1.3259802621277081,1.3749347311451308,1.36434909773321,1.4418693649952556,1.4923332354518744,1.519828572911709,1.4810294732917757,1.4544750162296864,1.4107943060877666,1.4949250970369583,1.4372894108448833,1.2933989043180565,1.2643895201921094,1.2562749577525654,1.164624936336645,0.8592960174895051,0.9871477968853868,0.8204233309957224,0.6736780573964722,0.5303202739500947,0.32885551352707176,0.10533546185711562
13.52,0.010245522192897915,0.18298066208767869,0.28854163156301643,0.47449987753631806,0.596153542271059,0.7953024961050393,0.9087334531044122,1.0640283776899564,1.1069611677789486,1.1896519747569028,1.3256823663235506,1.3539615346599552,1.4224122885976989,1.437517572105727,1.4342086769191325,1.4505037883433616,1.5095684118814918,1.5175662051734926,1.5038357550484198,1.477031990300625,1.431954685480652,1.3580611407256247,1.3130868712275086,1.3279732620125893,1.2009276747848827,0.9409319855459947,1.0192491412433669,0.7888248103063049,0.6832408781571929,0.5002547744672623,0.1914206814615281,0.056637195439516556
13.530000000000001,0.004251785384530661,0.1794674787326522,0.2818097615769288,0.4236770357470816,0.6001226233425971,0.7836409719727105,0.9049388142618383,1.0383072843949235,1.1847384623692916,1.219860719100573,1.3076295052944664,1.3507813538064686,1.3813863411215852,1.4581573629334625,1.455509334731641,1.4245430960476757,1.4331832172067396,1.525087028054931,1.4857413594298945,1.4424672859222716,1.4027156763406416,1.3699544567397344,1.3605189744135977,1.3046004022222997,1.1967067862460734,0.8507477944977946,0.9721291976022796,0.7214153448082824,0.7063696700897133,0.5247441945931703,0.24867878603140475,-0.007479788828519965
13.54,0.050476838939596105,0.23467123183739774,0.20110588608100308,0.4339891164603949,0.5954065092886521,0.7612419079489927,0.9074104600035199,1.0834285302857178,1.1096263130863637,1.246026805719922,1.3055709327425573,1.3985857147834795,1.4150977639607116,1.4105834727432396,1.5133837799287344,1.5853389397625726,1.4534066276016933,1.497767919119935,1.4520586060098002,1.4373950832123719,1.4414477360741575,1.3734516179434364,1.3119630194111591,1.2343715589440554,1.1568199718201373,0.8817817111556816,0.9645526861630064,0.7608507290400672,0.7594014852596674,0.575379976596711,0.2510440879599556,0.03354817638892664
13.55,0.05001846277111426,0.2151635025445419,0.31749458775765743,0.46053542403898146,0.6387993318302205,0.8184131890426132,0.8733490620030224,1.050147548830136,1.1455127099604958,1.2698292175985275,1.2760822134518688,1.3846680426092837,1.384360390958182,1.4086983177709824,1.4368929015537413,1.3785276961743702,1.4743648980104795,1.478652624669719,1.442454880137079,1.4516646042067687,1.4271616770155842,1.3316030659455338,1.2750725080588579,1.234200994301308,1.2144884781968217,0.8909856549578883,0.9863241620672046,0.8607600201171502,0.7306995958109893,0.5830163915625796,0.21140683237588342,0.04681202613342332
13.559999999999999,0.09713174168651639,0.2616108058304826,0.32893467805010757,0.3703431875903867,0.6164991112851745,0.7772469002520888,0.893902349170113,1.0202334829850699,1.1621745192411164,1.2404243030936029,1.244123704052357,1.3018627125330342,1.4093670564652256,1.4587452058267572,1.4691591087823763,1.4740934268499744,1.5561469373422125,1.526165577840343,1.488547230819933,1.4301612982374905,1.4436952335286604,1.318308876974183,1.3178973970948098,1.1977732198564146,1.1698360035032083,0.9358715356672169,0.9987825475597834,0.8463933807763738,0.7297066983111381,0.5664906446692978,0.19195397564282962,0.07734640640015077
13.57,0.11503947730843644,0.2750131654470677,0.33379271831306784,0.42526676918158896,0.6837354679818634,0.7239277764319259,0.9130211103459422,1.0881141234873386,1.1168093860222927,1.2243099811560645,1.2288351283966688,1.365041934413968,1.401442954041594,1.4528727114155122,1.4828251699356647,1.5003317915085221,1.5337907110613849,1.507993117416113,1.4017133966765805,1.405962743136389,1.4247901547413846,1.3663197802980502,1.2883545553923628,1.2350926849549912,1.2022782622374328,0.8739193277704601,1.053635435548563,0.8270377681774934,0.6881015159436579,0.4896596734756309,0.1981476534034774,0.10235120283053971
13.580000000000002,0.08113964645488755,0.32078771815849244,0.3601533974203125,0.42438991978945884,0.6389543467669231,0.748027316486924,0.869915370270125,1.0696234792428583,1.18332403208071,1.2152732456404096,1.2879317758322268,1.2961696716701119,1.3965382077991908,1.4293751994110804,1.463881649416747,1.5185306571975121,1.4566305520104275,1.4409683022470283,1.4914684146000998,1.4607264549618042,1.459628883506792,1.3027434795984343,1.2301272234567386,1.1829112601505412,1.1801227237515977,0.9381283115307413,0.9865243041579407,0.849590197398739,0.7123353859174548,0.588053952776975,0.22487504838570935,0.09010993609401176
13.59,0.1386569891051058,0.30566998365571374,0.3858369202242884,0.44546902550420214,0.6434178313891431,0.7386652675225238,0.8706971032695515,1.1023352169969431,1.1035952046901014,1.1991863762535742,1.297585827487262,1.315785844832928,1.4023628946631927,1.4460044931303122,1.4445324301355198,1.4846517091010376,1.5324025879647454,1.514219519359661,1.4642547611204466,1.429726312195427,1.4632797847885115,1.2705993013571375,1.289325709439086,1.2259947684277366,1.1945551301345807,0.9397428790067376,0.9600522215601544,0.8522789816501057,0.7698575453696894,0.5476401974981848,0.20834156012540214,0.12436206993660417
13.600000000000001,0.18328532250550833,0.3365147095729239,0.3737059630159007,0.42183593991092433,0.6253938360189492,0.6997647757374452,0.8711021957693996,1.0289371701852947,1.1813563649962633,1.2159006048718384,1.2819832765235386,1.3616166532064633,1.4367825423345721,1.4362840417481677,1.4793947626500608,1.4988467676223203,1.4836904111691465,1.5042276747896743,1.557462887082868,1.3993240329457124,1.4780715123237556,1.2548387299043533,1.208771121738036,1.1672999296229358,1.150227649887677,0.9192815993840437,0.985253526618996,0.9629438577543515,0.7867186555997117,0.5983580859178921,0.19788391449506434,0.09466017479055612
13.61,0.1876752153970211,0.3168927183174962,0.38648644656083936,0.4862172748184167,0.6456210883817181,0.7392794905770597,0.8651076179440778,1.0412879773267687,1.1442174880838845,1.1989484450227104,1.3401428641925053,1.3362593354353576,1.3651016169987944,1.4352070211456767,1.5319234423717423,1.504672548870775,1.5271161053228155,1.4587182979986497,1.5190520930254974,1.4407901777108925,1.4263104265625781,1.2811314823620616,1.2529423151211792,1.1529602114533422,1.138684961033225,1.045188410504454,1.0285146303205315,0.8875403361122151,0.792498338747166,0.5785768206619234,0.2319279295063872,0.14350021344243097
13.620000000000001,0.17252874067860174,0.372259788490279,0.44186902471766876,0.5335782614368875,0.6678790492792401,0.7867789334833748,0.9580213020870155,1.0756406184859215,1.143258962628207,1.2376572835987583,1.301203457440386,1.4347268200461247,1.407194418477613,1.4127706720355828,1.4855275292043313,1.4758041021532244,1.5455701496451812,1.501022515862168,1.4654917655116402,1.41885102531142,1.397702241836286,1.2624368259559757,1.2078283440705624,1.131187706222138,1.1467819938449988,1.0074178829060532,1.0163728940561927,0.8988047241179515,0.748116066715885,0.5788891691708188,0.24635502957551497,0.1293426927062205
13.629999999999999,0.22381663182031952,0.3026370375064704,0.40200879954708846,0.46155310705584973,0.6909672828391878,0.7607746320385932,0.9435992152140591,1.062321450821805,1.1072410531251289,1.196751928086908,1.3275757648459612,1.36627117071674,1.406467845709252,1.3885795404743342,1.4909897178172287,1.4786724847012516,1.5018554337899963,1.518347344804982,1.4516493873090737,1.415067442736077,1.409451100377768,1.3076500431739468,1.2374676534234479,1.1359427644346287,1.137013026339143,1.021166149083323,1.054585984078015,0.9874989242468204,0.7751523175907736,0.5849658806354019,0.2804663334528696,0.10492986803536836
13.64,0.19771946887160927,0.34667014190940915,0.4778026946404921,0.488420647954496,0.6318123874751712,0.7410082634099173,0.9410487376494635,1.0315225259998777,1.1489849550324323,1.2431468846301508,1.3218795001553343,1.3833854460448922,1.3746227644541564,1.4257222900591324,1.4664426501019778,1.4774041431593736,1.5299007498778556,1.4565823870477943,1.5137575291603136,1.429652051755039,1.431531970541993,1.310283279896197,1.2574117605752317,1.1138316683324432,1.158309103152556,1.089310100085334,0.9924597751266699,0.9534748243048456,0.7540510484067147,0.5625388035559807,0.34019729825999273,0.1788673832931017
13.650000000000002,0.27350275348511044,0.38475175560706476,0.4502570715692855,0.4891711652951334,0.6919974111090125,0.7155192549830833,0.9296170012451845,1.0357278124565537,1.1373087837887221,1.2047995018251503,1.284614763431072,1.3457664580175204,1.3853092040626036,1.5152988938161016,1.4837705005867794,1.482103974026081,1.5565263022587337,1.453341626908045,1.4324883398231771,1.4006756864038559,1.4740564092908204,1.3179257663758392,1.2528554485057581,1.163354257499443,1.1108923013757461,1.0725338298982854,0.9717306017438567,0.9384761073700034,0.8080530555305647,0.6296025257956781,0.4064302436002851,0.17248328319836245
13.66,0.21513715053160304,0.36530153433806933,0.4919113341820461,0.4421466827518683,0.7088721342380998,0.8003218806233925,0.9507076767891602,1.053337408282308,1.1277941644333143,1.2261782768238234,1.3187952645996264,1.3505202708309672,1.4397278717156954,1.470169818012433,1.488927490784775,1.5425006718722523,1.5288118143747882,1.445618823129414,1.505385364916829,1.4269567506664331,1.423596943295345,1.2832536079367753,1.2582703665673458,1.1277367804289373,1.1525244731701156,1.1290500327866582,0.9641620186382955,0.9215762425906299,0.7977994352081359,0.5510273711243876,0.3222416424886579,0.0920067926467757
13.670000000000002,0.17731999712808988,0.3173700950051985,0.45036574360111675,0.5049722197374621,0.6703770827310447,0.7444099563327822,0.8383755430938875,1.039444854312636,1.155583265074832,1.175407078992749,1.2931205557882173,1.3964992511174625,1.4448750446847085,1.4528696020248346,1.4851777792207441,1.4938058608297757,1.5218820968320526,1.4499702871467883,1.4888317706360947,1.3866956433799345,1.427933077886431,1.2831929840889702,1.1520101719540583,1.1405140907274411,1.0839604731350192,1.1235407263172221,0.9794391122434135,0.9810832736297699,0.7740139178627076,0.4898201374658171,0.4632578148076437,0.2152092365385688
13.68,0.1800401101414878,0.3012580813408174,0.41677503132066973,0.4202973192978502,0.7030958285487656,0.7134785113860402,0.9418621129961035,1.077057862251717,1.1048415034316326,1.1846852346243497,1.338065614896561,1.401753053557045,1.420600731035871,1.4593565513106213,1.5147690075680063,1.460408880342773,1.5360835769928067,1.5034792923655513,1.4814047528574916,1.4373541226643856,1.4216715009214866,1.3069088450078148,1.2355556018522151,1.1433065955858248,1.1044556816070963,1.1662638099654554,1.0158340181762524,0.9225864311103498,0.7991518525874136,0.5805531225920215,0.4697600283900245,0.14761576932713502
13.690000000000001,0.2075687757869169,0.25097898302243515,0.4647583267048631,0.45673383527409905,0.7560955119552032,0.7582431101584769,0.8984167221166277,1.0482471347981126,1.075747997434778,1.2392003942349987,1.3006224002405673,1.3756895305572152,1.3814420236064338,1.470809942707368,1.4565762513640899,1.496250503621075,1.5483006123693104,1.4327738209758905,1.5203320055507106,1.4273152135479923,1.471718258824826,1.3048919515461908,1.1738343772712951,1.0737550833516596,1.0383436063158726,1.1349959350157561,1.0005018417400477,0.9238629085467107,0.7965638527836475,0.5808115896091782,0.4411025433248301,0.13377707273284922
13.7,0.1576387134823958,0.25466894120631534,0.4799003082119196,0.4701501739795137,0.7663704407400238,0.7352220406992214,0.9117380614061754,1.0827131998600934,1.1437378413677162,1.2505666449646222,1.3246454660831615,1.3871101573873945,1.4308161567206175,1.4524841881499235,1.4345088614798711,1.4023580533217164,1.4544677645168822,1.4442051831511367,1.5083029235704442,1.416719747046539,1.40293088212518,1.3445300996598881,1.2429021780641487,1.1450750471995352,1.1115504489386765,1.1803054412399392,1.0341505491148502,0.9743837696486151,0.7552427442205625,0.5592063832333305,0.47732542126085314,0.16109683648608542
13.71,0.11101522985334915,0.22687456486752397,0.4275901057694173,0.464391423600222,0.7201770537285985,0.6996921029791142,0.8780881607635841,1.055162933067493,1.1821635938705717,1.2635560640606962,1.360177864478202,1.344037338651702,1.3711499804978873,1.4554822677458057,1.488461478778989,1.4941251597174423,1.5121119863662162,1.453459298200035,1.5035323978189516,1.4044320420601593,1.4755399969197158,1.3255584801087867,1.150947423378086,1.1495882693140926,1.077283400128203,1.167330438945103,0.9910548169465156,0.9069907910200335,0.6752725150237452,0.5568142624395569,0.5207157203783483,0.15276871678602735
13.719999999999999,0.10572256902548623,0.19136185758595325,0.4079154411285619,0.5075266352306851,0.7312188113371475,0.6809808695065955,0.954666110918608,1.0646175983898571,1.1569124854682553,1.2287815691165833,1.2781326490406966,1.409259855575299,1.3781209210691565,1.4363486080751249,1.480387323186293,1.425159477296166,1.506567742559141,1.4723285531752281,1.513458565218997,1.3511276916181938,1.3907981729903527,1.2979631135505165,1.2385748202754328,1.1857376851879051,1.092599315351068,1.1877121013833147,1.0099048370289125,0.9586997751005866,0.723625751023343,0.541454006660809,0.48312164388822715,0.191557827537737
13.73,0.05379017061325827,0.21457325712913938,0.4205543228131169,0.5054470681854837,0.7552737228023898,0.7566249932858972,0.9523992151262792,1.0379618211404413,1.1948332598962559,1.267539473320256,1.3322299720083368,1.3947618910868451,1.4035802498426015,1.4750543364020006,1.4552544963258356,1.4497999064832248,1.5367032908485256,1.4434730301805092,1.5169639833553572,1.402499588649532,1.4746734497645402,1.2793058045068773,1.149254062390979,1.1111257229509117,1.0372764112351458,1.192194365185426,0.9980715264223229,0.9666233651268006,0.7117165811123254,0.4323834110743937,0.5547839203665319,0.11767341892980536
13.740000000000002,0.04278701127043716,0.20705455849444285,0.35322722080009056,0.5319376708936976,0.7624305961391173,0.7578397620433835,0.9572877503812963,1.0379117490039018,1.1265949321285054,1.2548639177598462,1.3373894122291874,1.393693252374229,1.4560510269480988,1.4087007671623575,1.436980638183687,1.5029420598045822,1.508904160146534,1.4710962761895903,1.4808992659453417,1.411868810714568,1.4094516885442383,1.332387974714743,1.1909451298481843,1.1747501448995206,1.088884305738146,1.1874358510306402,0.9702929849872697,0.9291946036912786,0.6643314629501118,0.47725015945818766,0.4882805503758009,0.12948604351406548
13.75,0.07774432182383721,0.18407988987244228,0.42984004966686823,0.5688253049485749,0.7460450610258009,0.833836559673244,0.954730964228425,1.0636378868060083,1.1518102961228651,1.2695105557372321,1.3120832417048753,1.3306925750583736,1.3671016682912283,1.4570464238624317,1.5314684476051945,1.4769314865769751,1.5211868235143438,1.4962734838710277,1.5187990467272683,1.394578596257821,1.4467703437470376,1.332551790237228,1.1746349234503104,1.1733752165214706,1.1024159590936313,1.1793263443558202,0.9691648245264494,0.8196969985810061,0.6061457535723974,0.46290702219067104,0.51328042438858,0.11701083069283795
13.760000000000002,-0.019644144425802673,0.10223156546145257,0.3897923240937328,0.6120059481067595,0.7266792253674065,0.7477461112513208,0.9573656586546153,1.0446545580679443,1.075636764779964,1.253503144030223,1.3546785450457177,1.4037827809978944,1.342569471315489,1.4491631605428754,1.4155471396545742,1.4303825655512368,1.4551060466157018,1.4706573036245212,1.5435093894708365,1.3513807042544155,1.4190710374189033,1.320288561316661,1.2054717724048647,1.1747071365830963,1.072696675397328,1.0897170181479736,0.8966915714659556,0.8232402685279435,0.6468274492512069,0.4134458517857375,0.4624976381851065,0.14641314200068706
13.77,-0.022973833024890478,0.1873939265703003,0.35188350303122756,0.5735899649480459,0.7131724097753214,0.8015071793354477,0.9201126907480677,1.037934519405393,1.0812369877386925,1.2304619881596814,1.3101181804895023,1.3868449164375205,1.4080782717247864,1.401233306926491,1.4409339623497968,1.448466899232825,1.5448860034320662,1.4204619111292696,1.501240669456464,1.4190050259869367,1.4213093220183488,1.3102123008441058,1.2140974691470408,1.1223599003939742,1.0133632724959536,1.1316747853952633,0.8765959096963769,0.8328182232034653,0.6053212708046662,0.436735068358592,0.5044658473081594,0.0985683026437407
13.780000000000001,-0.051293052687397464,0.10072889167916844,0.33141405185883066,0.5897322976125314,0.7939364765944571,0.8531499055213813,0.9386479394683068,1.0486479590698465,1.2171599264882524,1.1977380167365166,1.2826670776635287,1.3353872682677184,1.430297002805932,1.4399568358707735,1.4807695500403302,1.4500458544837784,1.5417281252339583,1.4919791185223952,1.4777690280216222,1.3531759060607047,1.4016958767220815,1.3108606678588444,1.2026607108998724,1.2133263920328345,1.0077133294385632,1.0869523739236955,0.8558707101425462,0.711674900624059,0.5532951318638547,0.46612474543146915,0.469272596483987,0.11892415620250335
13.79,-0.042864666943544294,0.09691546976598789,0.32924230682587263,0.5291247095256272,0.7416378961744612,0.7968830557942216,0.8822656210902177,1.0522755533147625,1.0840990638913632,1.2047442562415578,1.2764135355507265,1.3817384431977873,1.4515759133599364,1.4241633188461964,1.4901819870187794,1.4623215958449147,1.5016105443540133,1.4696180852720904,1.4664941285124633,1.3926624280998572,1.3385080475215059,1.3711363783505228,1.2193670541168022,1.1669706864199756,1.032899347772251,1.1050612707915777,0.89854881007708,0.6932838052244564,0.5613720832130566,0.3820584223168186,0.4552434259000358,0.14492669441587686
13.8,-0.05617573863802276,0.11340433431544539,0.3909368457283249,0.6476172108522024,0.7318423961041012,0.8793502441277543,0.9507158329255233,1.038808049242351,1.1667526500084064,1.2619980747522832,1.3040430485936432,1.3255252173172232,1.4392433145031744,1.4542483371675983,1.4718694350573944,1.4737813216591913,1.5537664045664186,1.4498841562565516,1.4844070392089936,1.358509803519326,1.4060225178054138,1.308236829356647,1.1472530345541365,1.1824113103424048,1.0394473131387303,1.036882391290174,0.8291512387625836,0.6978096278813227,0.512703387301199,0.40288580103273663,0.36600705663169814,0.14692882689805895
13.809999999999999,-0.10643758518187318,0.067791600352317,0.3136540153873682,0.6567775726649586,0.7962521051475182,0.8624664247979946,0.9903522953840462,1.054527603694031,1.1550683849961578,1.2561085918864057,1.366607660589253,1.426947296367799,1.382316917267097,1.4505036639560251,1.4666800042135946,1.4955486578184904,1.5217155878022972,1.4841248626749555,1.4795108848954897,1.4053236117904622,1.3854229344357782,1.3190529862443237,1.175362643908918,1.2102425501090643,1.078940545913796,1.0506548766830706,0.8422125950408401,0.6730254088654262,0.4484421608216983,0.33146259448564763,0.3972036677269862,0.1576745386012346
13.82,-0.12655863147944593,0.08780429626773097,0.3224527942365423,0.6115116157134027,0.7626827606004201,0.939517437332621,0.9939034806796869,1.0338859265238214,1.0984499338035842,1.174957842144362,1.304316745691122,1.3691264439709152,1.3913453977500163,1.4042527008788461,1.4489232518268818,1.504831190935026,1.5637828790145254,1.4307049037899024,1.4265355649399596,1.376156742953707,1.3890682285546576,1.3393315604654823,1.2335926462411786,1.191088093161326,1.0808904759300992,1.0625428136858406,0.8750036377653776,0.6095312325791995,0.4080287024693511,0.40114506513026116,0.3673242014334105,0.13407460740504754
13.830000000000002,-0.11818072955419273,0.058923366829794876,0.3035935760472414,0.6303553831488489,0.7754120191357367,0.8779844998252966,0.9272867576289457,0.991843437344177,1.0423240040363462,1.2238336321732215,1.31445927041114,1.3498434055145763,1.3941016848830814,1.433891997846891,1.5037195259535854,1.4925854440533757,1.5238275119680895,1.4760143393062377,1.4582336761435832,1.3778051484060136,1.3946598739498173,1.4000881665533609,1.2004882034132858,1.2372264234820358,1.0708651195111782,0.9899268238201798,0.8586027097278632,0.7003047227619843,0.5165444744523056,0.38621876572985125,0.3434415419297787,0.18403617661312696
13.84,-0.07323631859360764,0.08176144719224476,0.3952315475700987,0.6547377347112883,0.7880279574232278,0.9189266378481675,0.9058000188674924,0.9934624772430947,1.1273716047308207,1.2495063903455321,1.3035186241391563,1.3625813902733603,1.3831569614428723,1.4162635491258269,1.4583292499965095,1.500706382910034,1.4729616281714968,1.5423362860342114,1.5367710738364149,1.4181598189317621,1.3568045553183454,1.4329584747317177,1.1756419693974256,1.2122569312403673,0.9896276630562209,1.001583302144581,0.7698206805596144,0.6322739898094695,0.44019046598019884,0.3669780613570269,0.29500674136137073,0.20454033991324894
13.850000000000001,-0.10670260240107904,0.06218112471228564,0.25038100877364494,0.5626754152589502,0.7046318076148441,0.8790443306410882,0.9365128803537749,1.0012127706976461,1.1483576738402026,1.258723341890219,1.291647128618771,1.3736216329157729,1.3986459368455582,1.4497182726841003,1.5037711524491642,1.466992778780676,1.5119399058056264,1.5053612337067983,1.4772896481140874,1.418736528095236,1.3728069799715967,1.4338981669318422,1.1395356253963351,1.2672115490157057,1.0742310045490913,0.9657068477359589,0.7848393132288437,0.6375561178631148,0.4539094928564051,0.3566649648527249,0.3543596374850246,0.1786175070228436
13.86,-0.06191557561816728,0.020804710434907475,0.27773397730832633,0.5647347481449881,0.7416421805516997,0.9109470166511682,0.9115682489008804,0.9423377816118155,1.1367565089181246,1.2069623469172068,1.319808914435838,1.3276695268704293,1.415135706404007,1.4404549983248753,1.4899903961512755,1.481383107465662,1.4814391494947279,1.514359665759096,1.4786317614558304,1.4065711849594378,1.2920899242222,1.4283869138896512,1.263940371418648,1.2829682721013174,1.059947120548175,0.889402364434573,0.8197268473178251,0.6448880814553897,0.43293623730702907,0.3399807658408481,0.26971247171213564,0.22301192256107574
13.870000000000001,-0.12779481008223692,0.09348837297426554,0.3568990750489794,0.6134378417805151,0.7056032632459549,0.9155080120325734,0.9324091446096117,0.9867864461858704,1.0579685705533224,1.2456675004134132,1.3245095157397673,1.3615344387285777,1.39735775651054,1.4399086389287417,1.4870956356420126,1.4849874799702616,1.511140827034408,1.4949384876170158,1.5455421938212166,1.4045951899002027,1.3899280790334467,1.4262578300284736,1.193020703833208,1.260134265786089,1.0424457373850355,0.9508275264325646,0.8240678668714398,0.6538819473897461,0.5346778684460477,0.41430223501519853,0.25147819038277425,0.22082998877694668
13.879999999999999,-0.08323418040819675,0.05765761729219804,0.2543860678249769,0.6245257323699316,0.7424733708699337,0.8553199589813376,0.9101861439615543,0.9601854320145087,1.0577805069062913,1.1900656907823677,1.3789186475780921,1.3567333657363017,1.3545030989099205,1.3964082695201825,1.4030873464615596,1.4498114082508187,1.5893170614438277,1.505427830529578,1.4937171615880467,1.370115799877924,1.308602913268283,1.405745972922274,1.225156045828692,1.2571988472753775,1.142617719666472,0.9631697886511831,0.7921427327973625,0.6647999551913555,0.422807207619219,0.37915586168078935,0.2694016281133934,0.28520014524852055
13.89,-0.10437444916415688,0.07265234990198705,0.25556803367913195,0.5178973714725303,0.647572446568363,0.8576164387494606,0.8681272054326218,0.9535277808487723,1.0718160815637343,1.2143804661547561,1.2685527664947622,1.3036461047054433,1.3373655151992139,1.4184592665548212,1.4033683888180217,1.4531488163934307,1.4771205474667843,1.5112496712291066,1.4723910598459888,1.3591808797753735,1.3297705442859846,1.4043363355364584,1.2014357770814268,1.248811802768716,1.1340745019096798,0.9117846786839238,0.7663255478139119,0.6191260180271562,0.5208565621944455,0.4191367063687823,0.245361275958344,0.258716711361858
13.900000000000002,-0.03676916157808118,0.04460414032245498,0.24880715294333652,0.5246449422654925,0.5863188946252735,0.7852383934191686,0.8392930070114546,0.9618076135847407,1.1299619428598824,1.1437991929483398,1.2819144597472847,1.3570608138343536,1.3645084309443085,1.4813637904891468,1.4636078357026918,1.5141387734594796,1.4916397123786498,1.498460333412371,1.438835025199959,1.3857374762070942,1.3428416360749698,1.4012638120353629,1.18233289323536,1.2651913949330393,1.155363283523097,1.003519178455026,0.87193389804462,0.7081351612188584,0.5717742977144534,0.3779776060094294,0.22953248702160287,0.25910550581162595
13.91,-0.022912456673070018,0.07274293601353689,0.2613823208215637,0.5241159506218314,0.6523966587838506,0.7761582518059771,0.9092216183240148,0.9249441098652609,1.043977985811555,1.194150417901821,1.25835657502111,1.3426702545126878,1.408912342622121,1.4953921914401316,1.4277393832808536,1.4027289263320029,1.4808652732896748,1.489903335460121,1.474575068655435,1.458149959046525,1.3761801591972505,1.4666005114184972,1.2555604391105448,1.2785113939884105,1.1342314547524617,0.9129833610129986,0.8003101102062912,0.6163524448442543,0.5139866905208843,0.4771863265513862,0.25158505988153973,0.3487149410849743
13.920000000000002,-0.098714362279858,0.061707972845104,0.29629440227364695,0.5293861758889906,0.6068801782332965,0.7834701064263344,0.8345590482642212,0.9348469161055574,1.0604103200365596,1.184017922229226,1.3133254751644095,1.3994352826433751,1.3777472906280575,1.4558243392264796,1.4593523036902918,1.4499809479181038,1.5037743582364393,1.4490666531236853,1.4862648917544172,1.402884493578333,1.3565284568259846,1.408000160262677,1.2513831011003056,1.2677382486577444,1.128090856728997,0.9186334657964782,0.8162784300881455,0.6680357555821413,0.5346521799063131,0.48741449064823184,0.2194454636666632,0.3183550518067354
13.93,-0.04477589363624305,0.08288729182872043,0.2877399724028442,0.46195341404632095,0.5741229182957434,0.7566378893260814,0.8555520714446998,0.9703196426489088,1.0094556901947362,1.1760012593114368,1.3258075284509971,1.3375452233444003,1.4045908331345731,1.4460781818995951,1.4128367873740706,1.4777577161970097,1.5231093466912222,1.480041113605458,1.4928561098571798,1.3602646215819014,1.3487044933576835,1.412466783101484,1.2571449694437942,1.3138646006321006,1.168370909674973,0.9481672508937802,0.8581486477647932,0.7165340787058964,0.5914598722864379,0.5191315239941544,0.19391755751891387,0.24925164230234031
