{
  "case_id": "square_Re100_p01",
  "backend": "synthetic",
  "shape": "square",
  "Re": 100,
  "dy": 0.0348580911280677,
  "eps": 0.009519317863666478,
  "seed": 85231306,
  "geometry": {
    "H": 1.0,
    "d": 0.2,
    "x0": 3.0,
    "y0_nominal": 0.5,
    "y0_actual": 0.5348580911280677,
    "L_in": 5.0,
    "L_out": 5.0,
    "L_total": 10.0
  },
  "probes": {
    "count": 32,
    "x": 10.0,
    "y": [
      0.015625,
      0.046875,
      0.078125,
      0.109375,
      0.140625,
      0.171875,
      0.203125,
      0.234375,
      0.265625,
      0.296875,
      0.328125,
      0.359375,
      0.390625,
      0.421875,
      0.453125,
      0.484375,
      0.515625,
      0.546875,
      0.578125,
      0.609375,
      0.640625,
      0.671875,
      0.703125,
      0.734375,
      0.765625,
      0.796875,
      0.828125,
      0.859375,
      0.890625,
      0.921875,
      0.953125,
      0.984375
    ],
    "components": [
      "u"
    ]
  },
  "sampling": {
    "dt": 0.01,
    "n_samples": 2716,
    "t_start": 0.0,
    "t_end": 27.150000000000002,
    "transient_steps": 1087,
    "f0_est": 0.7364816469361471
  },
  "synthetic_profile": {
    "challenge_enabled": true,
    "noise_std": 0.0684
  },
  "files": {
    "probes_csv": "probes.csv"
  }
}